date,gen_mwh,gen_hours,peak_mw,min_mw,mean_mw,demand_peak_mw,demand_mwh,ls_mwh,ls_max_mw,ls_hours,gas_mwh,liquid_fuel_mwh,coal_mwh,hydro_mwh,solar_mwh,wind_mwh,india_bheramara_hvdc_mwh,india_tripura_mwh,india_adani_mwh,nepal_mwh,load_factor,censored
2015-04-22,117551.83333333333,24,6811.0,3153.0,4897.993055555556,6811.0,117551.83333333333,0.0,0.0,0,87520.66666666667,14702.833333333334,3782.6666666666665,948.5,0.0,0.0,10434.166666666666,0.0,0.0,0.0,0.7191297982022545,0
2015-04-23,113261.66666666667,24,6821.0,3326.0,4719.236111111111,6821.0,113261.66666666667,0.0,0.0,0,86247.33333333333,11875.666666666666,3879.3333333333335,725.0,0.0,0.0,10554.333333333334,0.0,0.0,0.0,0.6918686572512991,0
2015-04-24,105878.5,24,6790.0,3167.0,4411.604166666667,6790.0,105818.5,0.0,0.0,0,84091.5,8084.0,3796.5,522.0,0.0,0.0,9384.5,0.0,0.0,0.0,0.6497207903780069,0
2015-04-25,114355.02,24,6248.0,3624.0,4764.7925000000005,6248.0,113390.02,0.0,0.0,0,94952.36,5313.04,3722.48,829.26,0.0,0.0,9537.88,0.0,0.0,0.0,0.7626108354673496,0
2015-04-27,127777.5,24,6323.0,4470.0,5324.0625,6323.0,127777.5,0.0,0.0,0,103913.0,7646.5,3835.0,989.0,0.0,0.0,11005.5,0.0,0.0,0.0,0.8420152617428436,0
2015-04-28,124738.5,24,6718.0,4288.0,5197.4375,6718.0,124738.5,0.0,0.0,0,100855.5,8153.5,3744.5,877.0,0.0,0.0,11058.0,0.0,0.0,0.0,0.7736584548972909,0
2015-04-29,135200.0,24,7111.0,4552.0,5633.333333333333,7111.0,135200.0,0.0,0.0,0,104607.0,15000.5,3826.5,926.0,0.0,0.0,10445.0,0.0,0.0,0.0,0.7921998781230957,0
2015-04-30,142020.0,24,6889.0,4986.0,5917.5,6889.0,142020.0,0.0,0.0,0,110203.0,16216.5,3722.5,1030.0,0.0,0.0,10848.0,0.0,0.0,0.0,0.8589780809986935,0
2015-05-01,122740.5,24,6727.0,3978.0,5114.1875,6727.0,122740.5,0.0,0.0,0,96406.0,10729.0,3740.0,958.0,0.0,0.0,10907.5,0.0,0.0,0.0,0.7602478816708785,0
2015-05-02,137309.5,24,7037.0,4663.0,5721.229166666667,7037.0,137309.5,0.0,0.0,0,105451.0,16093.5,3659.0,1077.0,0.0,0.0,11129.0,0.0,0.0,0.0,0.8130210553739757,0
2015-05-03,140337.0,24,7304.0,4668.0,5847.375,7304.0,140337.0,0.0,0.0,0,105832.0,18784.0,3647.0,916.0,0.0,0.0,11181.0,0.0,0.0,0.0,0.800571604600219,0
2015-05-04,150065.5,24,7658.0,4954.0,6252.729166666667,7658.0,150065.5,0.0,0.0,0,109181.0,24955.5,3733.0,1026.0,0.0,0.0,11170.0,0.0,0.0,0.0,0.8164963654566032,0
2015-05-05,157449.0,24,7657.0,5572.0,6560.375,7657.0,157417.5,0.0,0.0,0,114713.5,27059.0,3641.5,914.5,0.0,0.0,11119.5,0.0,0.0,0.0,0.8567813765182186,0
2015-05-06,156070.5,24,7712.0,5369.0,6502.9375,7712.0,156070.5,0.0,0.0,0,112406.5,27792.5,3615.0,803.5,0.0,0.0,11160.5,0.0,0.0,0.0,0.8432232235477178,0
2015-05-07,150562.5,24,7235.5,5382.0,6273.4375,7235.5,150562.5,0.0,0.0,0,112156.0,22891.0,3662.5,1022.0,0.0,0.0,10822.0,0.0,0.0,0.0,0.8670357957293898,0
2015-05-08,115518.5,24,6727.0,3569.0,4813.270833333333,6727.0,115435.0,0.0,0.0,0,92691.33333333333,7321.5,3868.6666666666665,867.6666666666666,0.0,0.0,10766.333333333334,0.0,0.0,0.0,0.7155152123284276,0
2015-05-09,130095.85714285714,21,7543.0,4897.0,6195.040816326531,7543.0,130095.85714285714,0.0,0.0,0,98576.52380952382,17271.714285714286,3352.4761904761904,950.6190476190476,0.0,0.0,9544.52380952381,0.0,0.0,0.0,0.8212966745759686,0
2015-05-10,147417.0,24,7489.0,4806.0,6142.375,7489.0,147417.0,0.0,0.0,0,107652.5,23905.0,3701.5,974.5,0.0,0.0,10999.5,0.0,0.0,0.0,0.8201862732006944,0
2015-05-11,134949.0,24,7178.0,3328.0,5622.875,7178.0,134949.0,0.0,0.0,0,102418.5,17359.5,3696.0,1254.0,0.0,0.0,10121.0,0.0,0.0,0.0,0.7833484257453329,0
2015-05-12,131425.5,24,6844.0,3655.0,5476.0625,6844.0,131425.5,0.0,0.0,0,101271.5,16207.0,1872.0,1310.0,0.0,0.0,10765.0,0.0,0.0,0.0,0.8001260227936879,0
2015-05-13,126638.0,21,7551.0,4787.0,6030.380952380952,7551.0,126638.0,0.0,0.0,0,91653.07142857143,23154.857142857145,1276.642857142857,1191.0,0.0,0.0,9358.42857142857,0.0,0.0,0.0,0.7986201764509273,0
2015-05-14,156000.0,24,7692.0,5401.0,6500.0,7692.0,154199.0,0.0,0.0,0,107365.68181818182,34159.818181818184,2131.1363636363635,1648.8181818181818,0.0,0.0,10695.545454545454,0.0,0.0,0.0,0.8450338013520541,0
2015-05-17,150557.0,24,7338.0,5184.0,6273.208333333333,7338.0,150557.0,0.0,0.0,0,104322.0,30189.5,3604.0,1115.0,0.0,0.0,10980.0,0.0,0.0,0.0,0.85489347687835,0
2015-05-18,151375.0,24,7686.0,5182.0,6307.291666666667,7686.0,151375.0,0.0,0.0,0,104588.0,31147.0,3673.0,1101.0,0.0,0.0,10869.0,0.0,0.0,0.0,0.8206208257437766,0
2015-05-19,156034.5,24,7570.0,5304.0,6501.4375,7570.0,156034.5,0.0,0.0,0,108155.0,32150.5,3560.0,1404.0,0.0,0.0,10763.0,0.0,0.0,0.0,0.8588424702774108,0
2015-05-20,160124.5,24,7747.0,4957.0,6671.854166666667,7747.0,160216.5,0.0,0.0,0,106915.0,36756.0,3628.0,1984.0,0.0,0.0,10962.5,0.0,0.0,0.0,0.8612177832279162,0
2015-05-21,161847.5,24,7454.0,5812.0,6743.645833333333,7454.0,161847.5,0.0,0.0,0,109702.5,36118.5,3596.5,1784.5,0.0,0.0,10845.5,0.0,0.0,0.0,0.9047016143457651,0
2015-05-22,151316.0,24,7508.0,5412.0,6304.833333333333,7508.0,151338.0,20.0,20.0,1,107847.5,29519.5,2148.5,1054.5,0.0,0.0,10768.0,0.0,0.0,0.0,0.8397487124844609,1
2015-05-23,154460.5,24,7533.0,5602.0,6435.854166666667,7533.0,154460.5,0.0,0.0,0,101770.0,38431.5,2050.5,1366.5,0.0,0.0,10843.0,0.0,0.0,0.0,0.8543547280853135,0
2015-05-24,128179.0,24,6987.0,3966.0,5340.791666666667,6987.0,128179.0,0.0,0.0,0,86950.0,28096.5,1518.5,871.0,0.0,0.0,10744.0,0.0,0.0,0.0,0.7643898191880159,0
2015-05-25,141948.0,24,7161.0,4684.0,5914.5,7161.0,143948.0,1810.0,1810.0,1,98401.0,29752.0,2170.0,1013.0,0.0,0.0,10611.0,0.0,0.0,0.0,0.8259321323837453,1
2015-05-26,146514.5,24,7455.0,4752.0,6104.770833333333,7455.0,146514.5,0.0,0.0,0,95353.0,36621.0,2152.5,1634.5,0.0,0.0,10753.5,0.0,0.0,0.0,0.8188827408897831,0
2015-05-27,150502.5,24,7384.0,5214.0,6270.9375,7384.0,150502.5,0.0,0.0,0,96749.5,39424.0,2226.0,1368.0,0.0,0.0,10735.0,0.0,0.0,0.0,0.8492602248104009,0
2015-05-28,147525.0,24,7171.0,5060.0,6146.875,7171.0,147525.0,0.0,0.0,0,94583.5,38799.5,2196.5,1286.5,0.0,0.0,10659.0,0.0,0.0,0.0,0.8571851903500209,0
2015-05-29,137999.5,24,6820.0,4864.0,5749.979166666667,6820.0,138879.5,796.0,362.0,3,94362.0,28622.5,3715.0,1369.5,0.0,0.0,10229.0,0.0,0.0,0.0,0.843105449657869,1
2015-05-30,145977.0,24,7439.0,4910.0,6082.375,7439.0,145977.0,0.0,0.0,0,97593.5,32296.5,4324.0,1315.0,0.0,0.0,10448.0,0.0,0.0,0.0,0.8176334184702245,0
2015-05-31,158728.0,24,7817.0,5623.0,6613.666666666667,7817.0,158728.0,0.0,0.0,0,101843.0,40295.5,4095.5,1853.0,0.0,0.0,10641.0,0.0,0.0,0.0,0.8460620016204,0
2015-06-01,158884.0,24,7782.0,5838.0,6620.166666666667,7782.0,158884.0,0.0,0.0,0,101181.0,41053.0,4132.0,1771.0,0.0,0.0,10747.0,0.0,0.0,0.0,0.850702475798852,0
2015-06-02,151176.5,24,6869.0,5167.0,6299.020833333333,6869.0,151176.5,0.0,0.0,0,97868.5,37186.0,4270.0,1830.0,0.0,0.0,10092.0,0.0,0.0,0.0,0.9170215218129761,0
2015-06-03,147261.5,24,7558.0,4975.0,6135.895833333333,7558.0,147072.5,0.0,0.0,0,103595.0,26912.0,4154.5,1768.0,0.0,0.0,10805.0,0.0,0.0,0.0,0.8118412057863632,0
2015-06-04,165136.5,24,7752.0,6017.0,6880.6875,7752.0,165136.5,0.0,0.0,0,102701.0,46054.5,3934.0,1695.5,0.0,0.0,10842.5,0.0,0.0,0.0,0.8876015866873065,0
2015-06-05,159752.0,24,7598.0,5878.0,6656.333333333333,7598.0,159752.0,0.0,0.0,0,101435.5,41170.5,4209.5,2040.5,0.0,0.0,10896.0,0.0,0.0,0.0,0.8760638764587172,0
2015-06-06,162547.5,24,7401.0,6060.0,6772.8125,7401.0,162547.5,0.0,0.0,0,103850.0,42249.0,4146.0,1360.5,0.0,0.0,10856.0,0.0,0.0,0.0,0.9151212673962978,0
2015-06-07,165232.5,24,7496.0,6092.0,6884.6875,7496.0,165232.5,0.0,0.0,0,102593.5,46049.0,4189.5,1567.5,0.0,0.0,10833.0,0.0,0.0,0.0,0.9184481723585912,0
2015-06-08,166292.5,24,7704.0,6197.0,6928.854166666667,7704.0,166292.5,0.0,0.0,0,99580.5,49884.5,4275.0,1805.0,0.0,0.0,10747.0,0.0,0.0,0.0,0.8993839780200762,0
2015-06-09,167347.0,24,7653.0,5957.0,6972.791666666667,7704.0,167435.5,0.0,0.0,0,104064.5,47643.0,3843.5,1299.5,0.0,0.0,10504.5,0.0,0.0,0.0,0.9111187333943116,0
2015-06-10,157104.5,24,7453.5,5843.0,6546.020833333333,7453.5,157104.5,0.0,0.0,0,96470.0,44417.5,4064.5,1461.0,0.0,0.0,10691.5,0.0,0.0,0.0,0.8782479148498468,0
2015-06-11,128529.5,24,6800.5,4084.0,5355.395833333333,6800.5,128529.5,0.0,0.0,0,88210.5,24752.5,4093.0,821.5,0.0,0.0,10649.0,0.0,0.0,0.0,0.7875003063500232,0
2015-06-12,126362.0,24,6748.0,4120.0,5265.083333333333,6748.0,126362.0,0.0,0.0,0,88521.0,22537.5,4047.5,804.0,0.0,0.0,10450.5,0.0,0.0,0.0,0.7802435289468485,0
2015-06-13,134382.0,24,6966.0,4476.0,5599.25,6966.0,134382.0,0.0,0.0,0,89786.5,28839.5,4130.5,1072.5,0.0,0.0,10558.0,0.0,0.0,0.0,0.8037970140683319,0
2015-06-14,140357.5,24,6869.0,4722.0,5848.229166666667,6869.0,140357.5,0.0,0.0,0,95212.5,29141.0,4296.0,1082.0,0.0,0.0,10632.0,0.0,0.0,0.0,0.8513945503954967,0
2015-06-15,147158.0,24,7208.0,5036.0,6131.583333333333,7208.0,147158.0,0.0,0.0,0,96041.0,35224.0,4257.5,1056.5,0.0,0.0,10579.0,0.0,0.0,0.0,0.8506636145024047,0
2015-06-16,146606.5,24,7085.0,4988.0,6108.604166666667,7300.0,146821.5,195.0,195.0,1,95571.5,35313.5,3973.5,1207.0,0.0,0.0,10535.0,0.0,0.0,0.0,0.8621883086332628,1
2015-06-17,150300.5,24,7297.0,5431.0,6262.520833333333,7297.0,150300.5,0.0,0.0,0,94741.5,41916.0,3749.0,1302.5,0.0,0.0,8591.5,0.0,0.0,0.0,0.8582322644008953,0
2015-06-18,153900.5,24,7348.0,5586.0,6412.520833333333,7501.0,154400.5,453.0,252.0,2,99519.5,38318.0,3619.0,1769.0,0.0,0.0,10675.0,0.0,0.0,0.0,0.8726892805298494,1
2015-06-19,154356.5,24,7407.0,5627.0,6431.520833333333,7650.0,154599.5,220.0,220.0,1,100944.0,37962.5,3721.5,1087.5,0.0,0.0,10641.0,0.0,0.0,0.0,0.8683030691688043,1
2015-06-20,159664.0,24,7407.0,5992.0,6652.666666666667,7700.0,160264.0,543.0,278.0,2,100319.5,44130.0,3495.0,1263.5,0.0,0.0,10455.0,0.0,0.0,0.0,0.8981593987669322,1
2015-06-21,159312.5,24,7472.0,5964.0,6638.020833333333,7600.0,159667.5,497.0,197.0,3,103424.0,42498.5,2357.0,1209.5,0.0,0.0,10463.5,0.0,0.0,0.0,0.8883860858315489,1
2015-06-22,149444.0,24,7365.0,5420.0,6226.833333333333,7365.0,149125.0,0.0,0.0,0,102481.0,33146.0,1691.5,1136.0,0.0,0.0,10544.0,0.0,0.0,0.0,0.8454627743833446,0
2015-06-23,147481.5,24,7513.0,4918.0,6145.0625,7513.0,147481.5,0.0,0.0,0,106782.5,26428.0,2164.0,1542.0,0.0,0.0,10589.0,0.0,0.0,0.0,0.8179239318514575,0
2015-06-24,149550.5,24,7632.0,4973.0,6231.270833333333,7632.0,149550.5,0.0,0.0,0,105533.5,28044.0,3812.0,1462.5,0.0,0.0,10680.0,0.0,0.0,0.0,0.8164663041579314,0
2015-06-25,144165.0,24,7343.0,4717.0,6006.875,7343.0,144165.0,0.0,0.0,0,100135.0,28465.0,3748.0,852.0,0.0,0.0,10665.0,0.0,0.0,0.0,0.8180409914204004,0
2015-06-26,132563.5,24,7212.0,4420.0,5523.479166666667,7212.0,132563.5,0.0,0.0,0,92777.0,24047.0,3781.5,1408.0,0.0,0.0,10530.0,0.0,0.0,0.0,0.7658734285450176,0
2015-06-27,133754.0,24,7121.0,4552.0,5573.083333333333,7121.0,133754.0,0.0,0.0,0,94301.0,23697.5,3860.5,1361.0,0.0,0.0,10535.0,0.0,0.0,0.0,0.7826265037681973,0
2015-06-28,138534.0,24,7475.0,4557.0,5772.25,7475.0,138534.0,0.0,0.0,0,99277.0,24795.0,2159.5,1806.0,0.0,0.0,10519.5,0.0,0.0,0.0,0.7722073578595318,0
2015-06-29,148590.5,24,7719.0,4857.0,6191.270833333333,7719.0,148450.0,0.0,0.0,0,105721.0,28688.5,2169.5,1442.0,0.0,0.0,10569.5,0.0,0.0,0.0,0.802081983849376,0
2015-06-30,154405.5,24,7802.0,5184.0,6433.5625,7802.0,154405.5,0.0,0.0,0,108945.0,31087.5,2104.0,1741.0,0.0,0.0,10528.0,0.0,0.0,0.0,0.8246042681363753,0
2015-07-01,161112.0,24,7923.0,5675.0,6713.0,7923.0,161112.0,0.0,0.0,0,113385.0,33512.0,2106.5,1570.0,0.0,0.0,10538.5,0.0,0.0,0.0,0.8472800706802979,0
2015-07-02,161797.5,24,7858.0,5784.0,6741.5625,7858.0,161797.5,0.0,0.0,0,109929.5,36941.5,2136.5,1955.5,0.0,0.0,10834.5,0.0,0.0,0.0,0.8579234538050394,0
2015-07-03,152047.5,24,7810.0,5345.0,6335.3125,7810.0,152047.5,0.0,0.0,0,111427.0,25841.5,2134.5,1815.5,0.0,0.0,10829.0,0.0,0.0,0.0,0.8111795774647887,0
2015-07-04,162754.0,24,7744.0,5723.0,6781.416666666667,7744.0,162654.0,0.0,0.0,0,116151.0,31711.5,2142.5,1757.0,0.0,0.0,10896.0,0.0,0.0,0.0,0.8756994662534435,0
2015-07-05,163215.0,24,8032.0,5645.0,6800.625,8032.0,163215.0,0.0,0.0,0,111516.0,36811.5,2078.5,2029.0,0.0,0.0,10780.0,0.0,0.0,0.0,0.846691359561753,0
2015-07-06,168137.5,24,8122.0,5942.0,7005.729166666667,8122.0,168128.0,0.0,0.0,0,115813.5,36427.0,3275.0,1771.5,0.0,0.0,10850.5,0.0,0.0,0.0,0.8625620742017566,0
2015-07-07,169013.0,24,8041.0,6025.0,7042.208333333333,8041.0,169013.0,0.0,0.0,0,109071.0,43174.5,3748.5,2208.0,0.0,0.0,10811.0,0.0,0.0,0.0,0.8757876300625959,0
2015-07-08,159727.0,24,7711.0,5561.0,6655.291666666667,7711.0,159727.0,0.0,0.0,0,108878.0,34620.5,3758.0,2038.0,0.0,0.0,10432.5,0.0,0.0,0.0,0.8630906064928889,0
2015-07-09,143436.5,24,7348.0,4668.0,5976.520833333333,7348.0,143436.5,0.0,0.0,0,107429.5,21527.0,2179.5,1403.0,0.0,0.0,10977.5,0.0,0.0,0.0,0.8133534068227182,0
2015-07-10,139156.5,24,7400.0,4749.0,5798.1875,7400.0,139156.5,0.0,0.0,0,103211.5,22176.0,2128.0,2160.0,0.0,0.0,9481.0,0.0,0.0,0.0,0.7835388513513514,0
2015-07-11,154887.5,24,7632.0,5237.0,6453.645833333333,7632.0,154887.5,0.0,0.0,0,109156.0,30163.0,2323.0,2697.0,0.0,0.0,10578.5,0.0,0.0,0.0,0.8456034896925226,0
2015-07-12,166529.5,24,7972.0,5995.0,6938.729166666667,7972.0,166529.5,0.0,0.0,0,110665.0,40481.0,2119.0,2518.5,0.0,0.0,10726.0,0.0,0.0,0.0,0.8703875020906506,0
2015-07-13,172350.5,24,8027.0,6252.0,7181.270833333333,8027.0,172450.5,91.0,91.0,1,109495.0,46579.5,2141.0,3751.5,0.0,0.0,10493.5,0.0,0.0,0.0,0.8946394460362941,1
2015-07-14,171028.5,24,7884.0,6457.0,7126.1875,7884.0,171028.5,0.0,0.0,0,109855.5,44977.5,2576.5,3004.5,0.0,0.0,10610.5,0.0,0.0,0.0,0.9038796930492136,0
2015-07-15,151392.0,24,7556.0,5308.0,6308.0,7556.0,151392.0,0.0,0.0,0,108560.5,26339.5,4196.5,1647.0,0.0,0.0,10648.5,0.0,0.0,0.0,0.8348332451032292,0
2015-07-16,143857.0,24,7189.0,5099.0,5994.041666666667,7189.0,143857.0,0.0,0.0,0,108249.0,19290.5,4169.0,1499.5,0.0,0.0,10632.0,0.0,0.0,0.0,0.8337796170074652,0
2015-07-17,129197.5,24,6762.0,4159.0,5383.229166666667,6762.0,129197.5,0.0,0.0,0,97417.0,15784.0,4163.0,1153.0,0.0,0.0,10680.5,0.0,0.0,0.0,0.7961001429557331,0
2015-07-18,121833.0,24,6335.0,4214.0,5076.375,6287.0,121689.0,0.0,0.0,0,97375.0,10960.0,3797.0,1306.0,0.0,0.0,8395.0,0.0,0.0,0.0,0.8013220205209155,0
2015-07-19,107533.0,24,5997.0,3544.0,4480.541666666667,5997.0,107533.0,0.0,0.0,0,87820.5,8158.0,2789.0,1553.0,0.0,0.0,7174.5,0.0,0.0,0.0,0.7471305096992942,0
2015-07-20,111861.5,24,6293.0,3725.0,4660.895833333333,6293.0,111861.5,0.0,0.0,0,91597.5,8983.5,2132.5,1954.0,0.0,0.0,7194.0,0.0,0.0,0.0,0.740647677313417,0
2015-07-21,118313.5,24,6547.0,3769.0,4929.729166666667,6547.0,118313.5,0.0,0.0,0,94323.5,12023.0,2431.0,2349.0,0.0,0.0,7187.0,0.0,0.0,0.0,0.7529752812993229,0
2015-07-22,124574.0,24,6522.0,4303.0,5190.583333333333,6522.0,124574.0,0.0,0.0,0,98753.0,10495.5,4215.5,2222.0,0.0,0.0,8887.0,0.0,0.0,0.0,0.7958576101400388,0
2015-07-23,129988.5,24,6782.0,4378.0,5416.1875,6782.0,129988.5,0.0,0.0,0,99890.0,12555.5,4302.0,2691.5,0.0,0.0,10549.5,0.0,0.0,0.0,0.7986121350634031,0
2015-07-24,126076.0,24,6508.0,4342.0,5253.166666666667,6508.0,126076.0,0.0,0.0,0,93375.5,15181.0,4225.5,2948.0,0.0,0.0,10347.0,0.0,0.0,0.0,0.8071860274533907,0
2015-07-25,128545.5,24,7031.0,4118.0,5356.0625,7031.0,128545.5,0.0,0.0,0,95936.0,15288.0,4134.5,2959.0,0.0,0.0,10228.0,0.0,0.0,0.0,0.7617781965580999,0
2015-07-26,124490.5,24,6238.0,4318.0,5187.104166666667,6238.0,124490.5,0.0,0.0,0,98148.0,8055.0,4144.0,3833.5,0.0,0.0,10310.0,0.0,0.0,0.0,0.8315332104306936,0
2015-07-27,124691.5,24,6737.0,4155.0,5195.479166666667,6737.0,124691.5,0.0,0.0,0,97265.0,8097.5,4065.0,4726.0,0.0,0.0,10505.0,0.0,0.0,0.0,0.7711858641333927,0
2015-07-28,136407.0,24,6966.0,4448.0,5683.625,6966.0,136407.0,0.0,0.0,0,102689.5,17082.5,1205.0,4891.5,0.0,0.0,10533.5,0.0,0.0,0.0,0.8159094171691071,0
2015-07-29,146534.0,24,7396.0,5082.0,6105.583333333333,7396.0,146534.0,0.0,0.0,0,108678.5,19965.0,2070.5,5384.5,0.0,0.0,10435.5,0.0,0.0,0.0,0.825525058590229,0
2015-07-30,142789.0,24,7028.0,5102.0,5949.541666666667,7028.0,142789.0,0.0,0.0,0,106522.5,18266.5,2860.5,5329.5,0.0,0.0,10254.0,0.0,0.0,0.0,0.8465483304875736,0
2015-07-31,113985.0,24,6288.0,3649.0,4749.375,6288.0,113985.0,0.0,0.0,0,89536.0,6532.5,4294.5,5395.0,0.0,0.0,8282.0,0.0,0.0,0.0,0.7553077290076335,0
2015-08-01,113102.0,24,6066.0,3888.0,4712.583333333333,6066.0,113102.0,0.0,0.0,0,90610.0,5322.5,4230.5,5597.0,0.0,0.0,7342.0,0.0,0.0,0.0,0.7768848225079679,0
2015-08-02,133342.0,24,7414.0,4296.0,5555.916666666667,7414.0,133398.5,0.0,0.0,0,99500.0,13677.5,4232.5,5648.0,0.0,0.0,10290.5,0.0,0.0,0.0,0.749381800197824,0
2015-08-03,148735.0,24,7419.0,5095.0,6197.291666666667,7419.0,148735.0,0.0,0.0,0,109126.5,19285.0,4283.5,5626.5,0.0,0.0,10413.5,0.0,0.0,0.0,0.8353270881071124,0
2015-08-04,155258.5,24,7792.0,5269.0,6469.104166666667,7792.0,155258.5,0.0,0.0,0,109320.5,25766.5,4200.0,5653.5,0.0,0.0,10318.0,0.0,0.0,0.0,0.8302238406913074,0
2015-08-05,160223.5,24,7845.0,5650.0,6675.979166666667,7845.0,160223.5,0.0,0.0,0,113108.5,27143.0,3923.5,5688.5,0.0,0.0,10363.0,0.0,0.0,0.0,0.8509852347567453,0
2015-08-06,164480.5,24,8029.0,5841.0,6853.354166666667,8029.0,164486.5,0.0,0.0,0,112251.5,31852.0,4075.5,5684.0,0.0,0.0,10613.5,0.0,0.0,0.0,0.8535750612363516,0
2015-08-07,154672.0,24,7569.0,5536.0,6444.666666666667,7569.0,154672.0,0.0,0.0,0,108927.0,25843.0,4249.5,4978.5,0.0,0.0,10674.0,0.0,0.0,0.0,0.8514554983044876,0
2015-08-08,159558.0,24,7952.0,5673.0,6648.25,7952.0,159558.0,0.0,0.0,0,108862.5,31391.0,4306.5,4792.0,0.0,0.0,10381.0,0.0,0.0,0.0,0.8360475352112676,0
2015-08-09,165114.5,24,8089.0,5884.0,6879.770833333333,8089.0,162469.5,0.0,0.0,0,106733.5,38218.5,3993.0,5684.5,0.0,0.0,10484.5,0.0,0.0,0.0,0.850509436683562,0
2015-08-10,166674.0,24,8017.0,6063.0,6944.75,8017.0,166674.0,0.0,0.0,0,104360.5,42334.0,3934.5,5578.0,0.0,0.0,10467.0,0.0,0.0,0.0,0.8662529624547836,0
2015-08-11,167524.5,24,8126.0,6038.0,6980.1875,8126.0,167524.5,0.0,0.0,0,106258.5,42427.0,2855.0,5636.5,0.0,0.0,10347.5,0.0,0.0,0.0,0.8589942776273689,0
2015-08-12,168446.0,24,8015.0,6053.0,7018.583333333333,8015.0,168445.0,0.0,0.0,0,105375.0,44880.0,2075.5,5685.0,0.0,0.0,10429.5,0.0,0.0,0.0,0.8756810147639842,0
2015-08-13,168789.0,24,8177.0,6261.0,7032.875,8177.0,168789.0,0.0,0.0,0,109012.0,42037.5,2057.0,5662.0,0.0,0.0,10032.5,0.0,0.0,0.0,0.8600801027271615,0
2015-08-14,155850.5,24,7773.0,5568.0,6493.770833333333,7773.0,155850.5,0.0,0.0,0,102013.5,36183.0,2168.5,5237.5,0.0,0.0,10049.0,0.0,0.0,0.0,0.8354265834727046,0
2015-08-15,153468.5,24,7796.0,5438.0,6394.520833333333,7796.0,153468.5,0.0,0.0,0,109516.5,23364.0,4154.5,5704.5,0.0,0.0,10629.0,0.0,0.0,0.0,0.8202309945271079,0
2015-08-16,159016.0,24,7992.0,5552.0,6625.666666666667,7992.0,159016.0,0.0,0.0,0,111730.5,26735.0,4076.0,5734.0,0.0,0.0,10720.5,0.0,0.0,0.0,0.8290373707040374,0
2015-08-17,154593.5,24,7859.0,5534.0,6441.395833333333,7859.0,154593.5,0.0,0.0,0,109430.0,24907.5,4078.0,5648.0,0.0,0.0,10530.0,0.0,0.0,0.0,0.8196202867201086,0
2015-08-18,154258.0,24,7685.0,5535.0,6427.416666666667,7685.0,154258.0,0.0,0.0,0,109921.0,24231.5,4151.5,5418.0,0.0,0.0,10533.0,0.0,0.0,0.0,0.8363587074387335,0
2015-08-19,153927.0,24,7840.0,5431.0,6413.625,7840.0,153927.0,0.0,0.0,0,110414.0,22977.0,4170.0,5587.5,0.0,0.0,10680.5,0.0,0.0,0.0,0.8180644132653061,0
2015-08-20,149667.0,24,7404.0,5257.0,6236.125,7404.0,149667.0,0.0,0.0,0,108883.5,21690.0,3042.5,5562.0,0.0,0.0,10470.0,0.0,0.0,0.0,0.8422643165856294,0
2015-08-21,134665.5,24,7215.0,4458.0,5611.0625,7215.0,134665.5,0.0,0.0,0,98981.5,17528.0,2095.5,5471.5,0.0,0.0,10591.0,0.0,0.0,0.0,0.7776940401940402,0
2015-08-22,149948.0,24,7973.0,5077.0,6247.833333333333,7973.0,149948.0,0.0,0.0,0,107123.5,24038.5,2757.5,5379.0,0.0,0.0,10649.5,0.0,0.0,0.0,0.783623897320122,0
2015-08-23,159713.0,24,8118.0,5583.0,6654.708333333333,8118.0,159713.0,0.0,0.0,0,109999.5,29657.5,4192.5,5373.0,0.0,0.0,10490.5,0.0,0.0,0.0,0.8197472694423914,0
2015-08-24,160973.5,24,7926.0,5687.0,6707.229166666667,7926.0,160973.5,0.0,0.0,0,109733.5,31109.5,4162.0,5451.5,0.0,0.0,10472.0,0.0,0.0,0.0,0.8462312852216335,0
2015-08-25,165220.5,24,8008.0,5784.0,6884.1875,8008.0,165220.5,0.0,0.0,0,107365.5,37944.5,3980.5,5299.0,0.0,0.0,10609.0,0.0,0.0,0.0,0.8596637737262737,0
2015-08-26,165377.0,24,7941.0,5933.0,6890.708333333333,7941.0,165377.0,0.0,0.0,0,106568.0,38786.5,4111.5,5069.0,0.0,0.0,10842.0,0.0,0.0,0.0,0.86773811022961,0
2015-08-27,163867.5,24,7879.0,5795.0,6827.8125,7879.0,163867.5,0.0,0.0,0,103735.0,39792.0,4144.0,5370.5,0.0,0.0,10826.0,0.0,0.0,0.0,0.8665836400558447,0
2015-08-28,150453.5,24,7493.0,5301.0,6268.895833333333,7493.0,150453.5,0.0,0.0,0,104174.0,25963.5,4198.5,5153.5,0.0,0.0,10864.0,0.0,0.0,0.0,0.8366336358378931,0
2015-08-29,154573.0,24,7909.0,5329.0,6440.541666666667,7909.0,154573.0,0.0,0.0,0,105274.5,30423.5,4176.0,5598.0,0.0,0.0,9099.0,0.0,0.0,0.0,0.8143307202764783,0
2015-08-30,159744.0,24,7911.0,5624.0,6656.0,7911.0,159744.0,0.0,0.0,0,108218.5,30786.0,4150.0,5618.0,0.0,0.0,10939.5,0.0,0.0,0.0,0.8413601314625205,0
2015-08-31,150883.0,24,7574.0,5316.0,6286.791666666667,7574.0,150883.0,0.0,0.0,0,100643.5,29881.5,4178.5,5134.5,0.0,0.0,10986.0,0.0,0.0,0.0,0.8300490713845613,0
2015-09-01,150271.5,24,7486.0,5230.0,6261.3125,7486.0,150271.5,0.0,0.0,0,104050.5,27620.5,2175.5,5672.0,0.0,0.0,10751.0,0.0,0.0,0.0,0.8364029521773978,0
2015-09-02,150157.0,24,7743.0,5039.0,6256.541666666667,7743.0,149468.0,0.0,0.0,0,110287.5,21251.5,2013.0,5609.5,0.0,0.0,10545.5,0.0,0.0,0.0,0.8080255284342848,0
2015-09-03,151867.5,24,7843.0,5194.0,6327.8125,7843.0,151867.5,0.0,0.0,0,110824.5,23386.0,2028.0,5548.0,0.0,0.0,10101.0,0.0,0.0,0.0,0.8068102129287262,0
2015-09-04,139850.0,24,7350.0,4847.0,5827.083333333333,7350.0,139828.5,0.0,0.0,0,104415.0,17258.5,2001.0,5620.5,0.0,0.0,10442.0,0.0,0.0,0.0,0.7928004535147392,0
2015-09-05,151357.0,24,7724.0,5188.0,6306.541666666667,7724.0,151357.0,0.0,0.0,0,108239.5,26273.5,1968.5,5557.5,0.0,0.0,9278.0,0.0,0.0,0.0,0.8164864923183153,0
2015-09-06,158838.0,24,7761.0,5515.0,6618.25,7761.0,158838.0,0.0,0.0,0,110675.5,29900.5,1717.0,5721.5,0.0,0.0,10855.0,0.0,0.0,0.0,0.8527573766267234,0
2015-09-07,163140.0,24,7879.0,5750.0,6797.5,7879.0,163140.0,0.0,0.0,0,109604.5,35895.5,1499.5,5677.0,0.0,0.0,10465.5,0.0,0.0,0.0,0.8627363878664805,0
2015-09-08,162696.0,24,7787.0,5843.0,6779.0,7787.0,162696.0,0.0,0.0,0,106912.0,37583.0,2126.0,5713.0,0.0,0.0,10362.0,0.0,0.0,0.0,0.8705534865801977,0
2015-09-09,167276.0,24,7862.0,5977.0,6969.833333333333,7862.0,167276.0,0.0,0.0,0,108478.5,40477.5,2105.5,5667.0,0.0,0.0,10546.5,0.0,0.0,0.0,0.8865216653947257,0
2015-09-10,167450.0,24,7910.0,6222.0,6977.083333333333,7910.0,167450.0,0.0,0.0,0,108064.5,41129.0,2123.0,5593.5,0.0,0.0,10540.0,0.0,0.0,0.0,0.8820585756426464,0
2015-09-11,157468.5,24,7646.0,5664.0,6561.1875,7646.0,157468.5,0.0,0.0,0,104848.5,34180.5,2154.0,5710.5,0.0,0.0,10575.0,0.0,0.0,0.0,0.8581202589589327,0
2015-09-12,161324.0,24,7659.0,5798.0,6721.833333333333,7659.0,161324.0,0.0,0.0,0,104928.5,37833.0,2138.5,5734.0,0.0,0.0,10591.0,0.0,0.0,0.0,0.8776385080732907,0
2015-09-13,165087.5,24,7714.0,6192.0,6878.645833333333,7714.0,165087.5,0.0,0.0,0,101055.5,44969.0,2859.0,5644.0,0.0,0.0,10560.0,0.0,0.0,0.0,0.8917093380001728,0
2015-09-14,168082.5,24,7894.0,5983.0,7003.4375,7894.0,168088.0,0.0,0.0,0,105664.5,41923.5,4086.0,5602.0,0.0,0.0,10754.5,0.0,0.0,0.0,0.8871848872561439,0
2015-09-15,164475.0,24,7686.0,5998.0,6853.125,7686.0,164475.0,0.0,0.0,0,101826.0,44253.0,2357.5,5497.0,0.0,0.0,10562.5,0.0,0.0,0.0,0.8916373926619828,0
2015-09-16,169035.0,24,7861.0,6060.0,7043.125,7861.0,169035.0,0.0,0.0,0,103089.5,47999.0,2086.0,5556.5,0.0,0.0,10254.0,0.0,0.0,0.0,0.8959578933977865,0
2015-09-17,171233.5,24,7883.0,6393.0,7134.729166666667,7883.0,171233.5,0.0,0.0,0,104122.5,48899.0,2213.0,5390.0,0.0,0.0,10250.0,0.0,0.0,0.0,0.9050779102710474,0
2015-09-18,165464.5,24,7803.0,6234.0,6894.354166666667,7850.0,167524.5,1865.0,753.0,4,99788.5,45885.0,3730.5,5462.0,0.0,0.0,10527.5,0.0,0.0,0.0,0.8835517322397369,1
2015-09-19,161242.5,24,7704.0,5795.0,6718.4375,7850.0,161812.0,515.5,260.0,3,100383.5,41269.5,3144.5,5714.0,0.0,0.0,10742.0,0.0,0.0,0.0,0.872071326583593,1
2015-09-20,148903.0,24,7494.0,4998.0,6204.291666666667,7494.0,148903.0,0.0,0.0,0,99361.0,29511.5,3760.5,5634.5,0.0,0.0,10635.5,0.0,0.0,0.0,0.8279012098567744,0
2015-09-21,147267.0,24,7700.0,4697.0,6136.125,7700.0,147267.0,0.0,0.0,0,99163.0,27659.5,4018.5,5670.0,0.0,0.0,10756.0,0.0,0.0,0.0,0.7968993506493507,0
2015-09-22,150571.0,24,7553.0,5029.0,6273.791666666667,7553.0,150571.0,0.0,0.0,0,104253.5,28114.5,1967.5,5550.5,0.0,0.0,10689.0,0.0,0.0,0.0,0.8306357297321153,0
2015-09-23,136484.5,24,6621.0,4764.0,5686.854166666667,6621.0,136484.5,0.0,0.0,0,100160.0,17938.0,2003.0,5734.5,0.0,0.0,10649.0,0.0,0.0,0.0,0.8589116699390827,0
2015-09-24,124707.0,24,6654.0,4073.0,5196.125,6654.0,124707.0,0.0,0.0,0,93585.5,11936.5,2935.5,5722.5,0.0,0.0,10527.0,0.0,0.0,0.0,0.7809024646828975,0
2015-09-25,125928.5,24,6840.0,4010.0,5247.020833333333,6840.0,125928.5,0.0,0.0,0,92508.5,15036.5,2108.5,5592.0,0.0,0.0,10683.0,0.0,0.0,0.0,0.7671083089668616,0
2015-09-26,130085.5,24,6750.0,4367.0,5420.229166666667,6750.0,129748.0,0.0,0.0,0,85434.5,24885.0,3465.5,5589.5,0.0,0.0,10946.0,0.0,0.0,0.0,0.8029969135802469,0
2015-09-27,131411.5,24,6827.0,4391.0,5475.479166666667,6827.0,131411.5,0.0,0.0,0,90735.0,20501.5,3868.0,5540.0,0.0,0.0,10817.0,0.0,0.0,0.0,0.8020329817879986,0
2015-09-28,135947.5,24,7003.0,4532.0,5664.479166666667,7003.0,135947.5,0.0,0.0,0,97152.0,19655.0,3550.5,5632.0,0.0,0.0,10813.0,0.0,0.0,0.0,0.8088646532438479,0
2015-09-29,144044.0,24,7284.0,4826.0,6001.833333333333,7284.0,144044.0,0.0,0.0,0,98200.5,27938.5,1674.0,5633.0,0.0,0.0,10599.0,0.0,0.0,0.0,0.8239749222039172,0
2015-09-30,154261.5,24,7675.0,5223.0,6427.5625,7675.0,154261.5,0.0,0.0,0,102630.0,32074.5,3346.5,5638.0,0.0,0.0,10572.5,0.0,0.0,0.0,0.8374674267100978,0
2015-10-01,158456.0,24,7740.0,5312.0,6602.333333333333,7740.0,158347.5,0.0,0.0,0,102788.5,36762.5,2475.5,5640.0,0.0,0.0,10789.5,0.0,0.0,0.0,0.8530146425495262,0
2015-10-02,152321.5,24,7393.0,5371.0,6346.729166666667,7393.0,152321.5,0.0,0.0,0,109209.0,24634.0,2010.5,5520.0,0.0,0.0,10948.0,0.0,0.0,0.0,0.8584781775553452,0
2015-10-03,154637.5,24,7795.0,5354.0,6443.229166666667,7795.0,154637.5,0.0,0.0,0,106443.5,29878.0,2057.0,5582.5,0.0,0.0,10865.5,0.0,0.0,0.0,0.8265848834723114,0
2015-10-04,161685.0,24,7883.0,5491.0,6736.875,7883.0,161685.0,0.0,0.0,0,102797.5,38753.0,3945.5,5534.0,0.0,0.0,10655.0,0.0,0.0,0.0,0.854608017252315,0
2015-10-05,163327.0,24,7956.0,5712.0,6805.291666666667,7956.0,163327.0,0.0,0.0,0,104449.0,40008.5,4107.5,5361.0,0.0,0.0,9506.0,0.0,0.0,0.0,0.8553659711747947,0
2015-10-06,163294.0,24,8162.0,5551.0,6803.916666666667,8162.0,163294.0,0.0,0.0,0,108486.5,34907.5,4142.5,5364.5,0.0,0.0,10393.0,0.0,0.0,0.0,0.8336090010618313,0
2015-10-07,164219.0,24,8010.0,5614.0,6842.458333333333,8010.0,164219.0,0.0,0.0,0,107446.0,36578.5,3826.0,5542.0,0.0,0.0,10826.5,0.0,0.0,0.0,0.85423949230129,0
2015-10-08,156005.0,24,7742.0,5466.0,6500.208333333333,7742.0,156005.0,0.0,0.0,0,105015.0,30981.0,3734.5,5590.0,0.0,0.0,10680.5,0.0,0.0,0.0,0.8396032463618358,0
2015-10-09,143568.0,24,7587.0,4751.0,5982.0,7587.0,143568.0,0.0,0.0,0,97495.0,25765.5,4028.5,5388.5,0.0,0.0,10889.5,0.0,0.0,0.0,0.7884539343614076,0
2015-10-10,153375.5,24,7901.0,4945.0,6390.645833333333,7901.0,153375.5,0.0,0.0,0,94284.0,38677.0,3991.0,5341.0,0.0,0.0,11080.5,0.0,0.0,0.0,0.8088401257224823,0
2015-10-11,156004.5,24,8002.0,5220.0,6500.1875,8002.0,156004.5,0.0,0.0,0,102327.0,33030.5,4042.0,5635.5,0.0,0.0,11069.5,0.0,0.0,0.0,0.8123203574106473,0
2015-10-12,153137.5,24,7562.0,5206.0,6380.729166666667,7562.0,153137.5,0.0,0.0,0,103942.0,28411.5,4043.0,5668.0,0.0,0.0,11073.0,0.0,0.0,0.0,0.8437885700431985,0
2015-10-13,145191.0,24,7379.0,5033.0,6049.625,7379.0,145191.0,0.0,0.0,0,103249.5,23565.5,4043.5,5433.0,0.0,0.0,8900.5,0.0,0.0,0.0,0.8198434747255726,0
2015-10-14,143837.0,24,7560.0,4833.0,5993.208333333333,7560.0,143837.0,0.0,0.0,0,98475.0,25241.0,4098.0,5157.0,0.0,0.0,10863.0,0.0,0.0,0.0,0.7927524250440917,0
2015-10-15,145532.0,24,7597.0,4862.0,6063.833333333333,7597.0,145532.0,0.0,0.0,0,92223.5,33491.0,3914.0,5220.5,0.0,0.0,10683.0,0.0,0.0,0.0,0.798187881181168,0
2015-10-16,136753.5,24,7293.0,4634.0,5698.0625,7293.0,136753.5,0.0,0.0,0,95920.5,21611.5,3135.0,5223.0,0.0,0.0,10863.5,0.0,0.0,0.0,0.7813057040998217,0
2015-10-17,147616.5,24,7834.0,4782.0,6150.6875,7834.0,146239.0,0.0,0.0,0,102072.5,25790.5,3312.5,5541.0,0.0,0.0,10927.0,0.0,0.0,0.0,0.7851273295889711,0
2015-10-18,155279.0,24,7994.0,5188.0,6469.958333333333,7994.0,155279.0,0.0,0.0,0,105390.5,31483.0,1759.5,5667.0,0.0,0.0,10979.0,0.0,0.0,0.0,0.8093518055208072,0
2015-10-19,155872.5,24,7728.0,5185.0,6494.6875,7728.0,155872.5,0.0,0.0,0,102095.5,35295.0,1894.0,5386.0,0.0,0.0,11184.0,0.0,0.0,0.0,0.8404098731884058,0
2015-10-20,156287.5,24,7802.0,5265.0,6511.979166666667,7802.0,156287.5,0.0,0.0,0,100352.5,37325.0,2168.5,5435.0,0.0,0.0,11046.5,0.0,0.0,0.0,0.8346551098009057,0
2015-10-21,158708.5,24,7849.0,5212.0,6612.854166666667,7849.0,158708.5,0.0,0.0,0,102376.0,35650.5,4121.5,5409.5,0.0,0.0,11151.0,0.0,0.0,0.0,0.8425091306748206,0
2015-10-22,154865.5,24,7839.0,5263.0,6452.729166666667,7839.0,154865.5,0.0,0.0,0,103464.0,31624.0,4055.0,5185.0,0.0,0.0,10737.5,0.0,0.0,0.0,0.8231571841646469,0
2015-10-23,139673.5,24,7240.0,4822.0,5819.729166666667,7240.0,139673.5,0.0,0.0,0,96895.0,22883.0,3852.0,5141.0,0.0,0.0,10902.5,0.0,0.0,0.0,0.8038299953959485,0
2015-10-24,138557.0,24,7348.0,4558.0,5773.208333333333,7348.0,138557.0,0.0,0.0,0,105302.0,14943.5,3280.0,4166.5,0.0,0.0,10865.0,0.0,0.0,0.0,0.7856843131917982,0
2015-10-25,144841.0,24,7661.0,4691.0,6035.041666666667,7661.0,144841.0,0.0,0.0,0,103644.0,22048.5,2981.0,5265.5,0.0,0.0,10853.0,0.0,0.0,0.0,0.787761606404734,0
2015-10-26,143835.5,24,7586.0,4812.0,5993.145833333333,7586.0,143835.5,0.0,0.0,0,102937.0,21639.0,3237.0,5108.5,0.0,0.0,10907.0,0.0,0.0,0.0,0.790027133315757,0
2015-10-27,142290.5,24,7596.0,4763.0,5928.770833333333,7596.0,142290.5,0.0,0.0,0,102202.0,21113.5,3521.0,4437.0,0.0,0.0,11013.0,0.0,0.0,0.0,0.7805122213445673,0
2015-10-28,142767.5,24,7610.0,4811.0,5948.645833333333,7610.0,142767.5,0.0,0.0,0,101026.0,21782.5,3481.0,5466.5,0.0,0.0,11011.5,0.0,0.0,0.0,0.7816880201489268,0
2015-10-29,142802.0,24,7431.0,4872.0,5950.083333333333,7431.0,142802.0,0.0,0.0,0,101657.5,21498.5,3566.0,4714.0,0.0,0.0,11006.0,0.0,0.0,0.0,0.8007109855111469,0
2015-10-30,128485.0,24,6886.0,4518.0,5353.541666666667,6886.0,128485.0,0.0,0.0,0,100570.0,10191.0,3471.0,4812.0,0.0,0.0,9441.0,0.0,0.0,0.0,0.7774530448252494,0
2015-10-31,130880.5,24,7261.0,4484.0,5453.354166666667,7261.0,130880.5,0.0,0.0,0,97473.5,15897.5,3562.0,4638.5,0.0,0.0,9312.0,0.0,0.0,0.0,0.7510472616260387,0
2015-11-01,131861.5,24,7132.0,4541.0,5494.229166666667,7132.0,131861.5,0.0,0.0,0,99535.0,16620.0,3406.5,4302.0,0.0,0.0,7998.0,0.0,0.0,0.0,0.7703630351467564,0
2015-11-02,132372.0,24,7462.0,4340.0,5515.5,7462.0,132372.0,0.0,0.0,0,98528.0,19572.5,1376.0,3630.0,0.0,0.0,9365.5,0.0,0.0,0.0,0.7391450013401233,0
2015-11-03,136240.0,24,7379.0,4463.0,5676.666666666667,7379.0,136240.0,0.0,0.0,0,99722.0,21933.5,1543.5,3793.5,0.0,0.0,9247.5,0.0,0.0,0.0,0.7693002665221124,0
2015-11-04,139763.5,24,7212.0,4715.0,5823.479166666667,7212.0,139763.5,0.0,0.0,0,100584.0,24767.5,1428.0,3605.5,0.0,0.0,9378.5,0.0,0.0,0.0,0.8074707663154003,0
2015-11-05,139005.0,24,7228.0,4702.0,5791.875,7228.0,139005.0,0.0,0.0,0,100046.0,24972.0,737.0,3917.0,0.0,0.0,9333.0,0.0,0.0,0.0,0.8013108743774211,0
2015-11-06,122942.5,24,6746.0,4314.0,5122.604166666667,6746.0,122912.5,0.0,0.0,0,95977.0,13354.5,932.0,3337.5,0.0,0.0,9441.5,0.0,0.0,0.0,0.7593543087261587,0
2015-11-07,127765.0,24,7259.0,4280.0,5323.541666666667,7259.0,127765.0,0.0,0.0,0,99594.5,15542.0,0.0,3084.0,0.0,0.0,9444.5,0.0,0.0,0.0,0.7333712173393948,0
2015-11-08,131138.5,24,7077.0,4365.0,5464.104166666667,7077.0,131138.5,0.0,0.0,0,99992.0,19411.0,428.0,1975.5,0.0,0.0,9110.0,0.0,0.0,0.0,0.7720932834063399,0
2015-11-09,129912.5,24,7325.0,4219.0,5413.020833333333,7325.0,129912.5,0.0,0.0,0,98423.5,18086.0,1895.5,2168.0,0.0,0.0,9339.5,0.0,0.0,0.0,0.7389789533560864,0
2015-11-10,127441.5,24,7201.0,4200.0,5310.0625,7201.0,127441.5,0.0,0.0,0,95237.5,17825.5,2066.0,2985.0,0.0,0.0,9327.5,0.0,0.0,0.0,0.7374062630190251,0
2015-11-11,129071.5,24,7272.0,4272.0,5377.979166666667,7272.0,129071.5,0.0,0.0,0,99485.5,16453.5,2045.5,1991.0,0.0,0.0,9049.0,0.0,0.0,0.0,0.7395460900256693,0
2015-11-12,129454.0,24,7199.0,4265.0,5393.916666666667,7199.0,129454.0,0.0,0.0,0,98307.0,17626.0,2045.5,2201.0,0.0,0.0,9274.5,0.0,0.0,0.0,0.74925915636431,0
2015-11-13,113229.0,24,6470.0,4012.0,4717.875,6470.0,113229.0,0.0,0.0,0,91625.5,8275.0,2086.5,1882.0,0.0,0.0,9360.0,0.0,0.0,0.0,0.7291924265842349,0
2015-11-14,121941.0,24,6962.0,3903.0,5080.875,6962.0,121941.0,0.0,0.0,0,94456.0,14107.5,2089.0,2030.0,0.0,0.0,9258.5,0.0,0.0,0.0,0.7298010629129561,0
2015-11-15,128583.0,24,7289.0,4308.0,5357.625,7289.0,128583.0,0.0,0.0,0,97486.0,17575.5,2027.5,2370.0,0.0,0.0,9131.0,0.0,0.0,0.0,0.7350288105364248,0
2015-11-16,128073.5,24,7246.0,4234.0,5336.395833333333,7246.0,128073.5,0.0,0.0,0,100328.5,15118.0,1820.5,1993.0,0.0,0.0,9238.5,0.0,0.0,0.0,0.7364609209678903,0
2015-11-17,127124.0,24,7060.0,4231.0,5296.833333333333,7060.0,127124.0,0.0,0.0,0,98110.5,15755.0,2080.5,1863.5,0.0,0.0,9314.5,0.0,0.0,0.0,0.7502596789423984,0
2015-11-18,126337.0,24,7072.0,4070.0,5264.041666666667,7072.0,126337.0,0.0,0.0,0,96576.5,16069.0,1944.0,2234.5,0.0,0.0,9514.0,0.0,0.0,0.0,0.7443497831825038,0
2015-11-19,124201.0,24,6995.0,4055.0,5175.041666666667,6995.0,124201.0,0.0,0.0,0,98382.5,12626.5,1782.0,2025.0,0.0,0.0,9385.0,0.0,0.0,0.0,0.7398201096020968,0
2015-11-20,109808.0,24,6310.0,3916.0,4575.333333333333,6310.0,109808.0,0.0,0.0,0,88378.5,9820.5,2118.5,1749.5,0.0,0.0,7741.0,0.0,0.0,0.0,0.7250924458531431,0
2015-11-21,119487.0,24,6898.0,3761.0,4978.625,6898.0,119487.0,0.0,0.0,0,93378.5,14217.0,2034.0,2052.0,0.0,0.0,7805.5,0.0,0.0,0.0,0.7217490576978834,0
2015-11-22,124476.5,24,7005.0,4129.0,5186.520833333333,7005.0,124502.0,0.0,0.0,0,97031.5,14563.0,2120.5,1957.5,0.0,0.0,8832.0,0.0,0.0,0.0,0.7404026885557934,0
2015-11-23,123068.5,24,7002.0,4001.0,5127.854166666667,7002.0,123068.5,0.0,0.0,0,97448.5,12335.0,2134.0,1938.0,0.0,0.0,9213.0,0.0,0.0,0.0,0.732341354850995,0
2015-11-24,121849.0,24,6934.0,4013.0,5077.041666666667,6934.0,121849.0,0.0,0.0,0,94928.0,13647.5,2112.5,2035.5,0.0,0.0,9125.5,0.0,0.0,0.0,0.7321952216133064,0
2015-11-25,121375.0,24,6915.0,3895.0,5057.291666666667,6915.0,121375.0,0.0,0.0,0,94259.5,14077.5,2063.5,2030.5,0.0,0.0,8743.0,0.0,0.0,0.0,0.7313509279344421,0
2015-11-26,121326.5,24,6871.0,4000.0,5055.270833333333,6871.0,121326.5,0.0,0.0,0,92972.5,16988.0,665.0,1840.0,0.0,0.0,8809.0,0.0,0.0,0.0,0.7357401882307282,0
2015-11-27,106450.0,24,6053.0,3829.0,4435.416666666667,6053.0,106450.0,0.0,0.0,0,90432.5,6901.5,0.0,1826.0,0.0,0.0,7590.0,0.0,0.0,0.0,0.7327633680268738,0
2015-11-28,113766.5,24,6672.0,3558.0,4740.270833333333,6672.0,113766.5,0.0,0.0,0,90589.0,13281.5,0.0,2062.0,0.0,0.0,7834.0,0.0,0.0,0.0,0.7104722472022381,0
2015-11-29,119905.5,24,6888.0,3860.0,4996.0625,6888.0,119905.5,0.0,0.0,0,94408.5,14222.0,0.0,2022.0,0.0,0.0,9253.0,0.0,0.0,0.0,0.7253284698025552,0
2015-11-30,120575.5,24,6894.0,3906.0,5023.979166666667,6894.0,120575.5,0.0,0.0,0,90914.0,16112.0,1986.0,2251.0,0.0,0.0,9312.5,0.0,0.0,0.0,0.72874661541437,0
2015-12-01,122094.5,24,6886.0,3842.0,5087.270833333333,6886.0,122094.5,0.0,0.0,0,91261.0,17549.5,1982.5,2107.5,0.0,0.0,9174.0,0.0,0.0,0.0,0.7387846112886048,0
2015-12-02,122871.5,24,6905.0,3918.0,5119.645833333333,6905.0,122871.5,0.0,0.0,0,87958.0,21482.0,1991.0,2281.0,0.0,0.0,9138.5,0.0,0.0,0.0,0.7414403813661598,0
2015-12-03,120583.5,24,6804.0,3940.0,5024.3125,6804.0,120583.5,0.0,0.0,0,88609.0,18816.0,1988.0,1903.5,0.0,0.0,9267.0,0.0,0.0,0.0,0.7384351116990006,0
2015-12-04,106247.0,24,6076.0,3741.0,4426.958333333333,6076.0,106247.0,0.0,0.0,0,85443.0,14566.5,1986.5,2233.0,0.0,0.0,2016.0,0.0,0.0,0.0,0.7285974873820495,0
2015-12-05,112718.5,24,6571.0,3659.0,4696.604166666667,6571.0,112718.5,0.0,0.0,0,89887.5,18537.5,1974.5,2318.0,0.0,0.0,0.0,0.0,0.0,0.0,0.7147472480089282,0
2015-12-06,117061.16666666667,24,6655.0,3786.0,4877.548611111111,6655.0,117055.5,0.0,0.0,0,92801.66666666667,16846.333333333332,1967.3333333333333,2207.5,0.0,0.0,3286.3333333333335,0.0,0.0,0.0,0.7329148927289424,0
2015-12-07,118600.33333333333,24,6733.0,3806.0,4941.680555555556,6733.0,118597.5,0.0,0.0,0,89872.33333333333,15937.666666666666,1931.6666666666667,2035.0,0.0,0.0,9124.666666666666,0.0,0.0,0.0,0.7339492879185439,0
2015-12-08,117974.0,24,6677.0,3817.0,4915.583333333333,6677.0,117974.0,0.0,0.0,0,89371.5,17270.0,0.0,2168.0,0.0,0.0,9116.5,0.0,0.0,0.0,0.7361963955868404,0
2015-12-09,117997.5,24,6685.0,3816.0,4916.5625,6685.0,117997.5,0.0,0.0,0,92250.5,14636.5,0.0,1832.0,0.0,0.0,9067.5,0.0,0.0,0.0,0.7354618548990277,0
2015-12-10,117929.0,24,6655.0,3726.0,4913.708333333333,6655.0,117929.0,0.0,0.0,0,90832.0,16251.0,0.0,1699.0,0.0,0.0,9147.0,0.0,0.0,0.0,0.7383483596293513,0
2015-12-11,106021.5,24,6003.0,3651.0,4417.5625,6003.0,106021.5,0.0,0.0,0,88169.0,8197.0,0.0,1610.0,0.0,0.0,8042.5,0.0,0.0,0.0,0.7358924704314509,0
2015-12-12,113777.0,24,6647.0,3533.0,4740.708333333333,6647.0,113777.0,0.0,0.0,0,94517.0,9939.5,0.0,1305.0,0.0,0.0,8050.5,0.0,0.0,0.0,0.7132102201494408,0
2015-12-13,119281.5,24,6706.0,3734.0,4970.0625,6706.0,119281.5,0.0,0.0,0,98875.0,10090.5,0.0,1295.0,0.0,0.0,9031.5,0.0,0.0,0.0,0.7411366686549359,0
2015-12-14,118154.0,24,6676.0,3763.0,4923.083333333333,6676.0,118154.0,0.0,0.0,0,92512.0,15453.0,0.0,1068.0,0.0,0.0,9121.0,0.0,0.0,0.0,0.7374300978629917,0
2015-12-15,116765.0,24,6736.0,3730.0,4865.208333333333,6736.0,116765.0,0.0,0.0,0,87242.5,18965.5,0.0,1250.5,0.0,0.0,9064.5,0.0,0.0,0.0,0.7222696456848773,0
2015-12-16,102413.0,24,5772.0,3498.0,4267.208333333333,5772.0,102413.0,0.0,0.0,0,86963.0,6804.0,0.0,1115.0,0.0,0.0,7535.0,0.0,0.0,0.0,0.739294583044583,0
2015-12-17,107134.5,24,6278.0,3235.0,4463.9375,6278.0,107134.5,0.0,0.0,0,86807.0,10797.0,0.0,852.0,0.0,0.0,8678.5,0.0,0.0,0.0,0.7110445205479452,0
2015-12-18,99675.0,24,5795.0,3410.0,4153.125,5795.0,99675.0,0.0,0.0,0,83654.0,7468.0,0.0,874.0,0.0,0.0,7728.0,0.0,0.0,0.0,0.7166738567730803,0
2015-12-19,108547.0,24,6493.0,3303.0,4522.791666666667,6493.0,108547.0,0.0,0.0,0,90241.5,9689.0,0.0,863.0,0.0,0.0,7773.5,0.0,0.0,0.0,0.6965642486780637,0
2015-12-20,110908.0,24,6335.0,3487.0,4621.166666666667,6335.0,110908.0,0.0,0.0,0,93778.0,8403.5,0.0,953.0,0.0,0.0,7772.5,0.0,0.0,0.0,0.7294659300184163,0
2015-12-21,112697.0,24,6538.0,3528.0,4695.708333333333,6538.0,112697.0,0.0,0.0,0,94041.5,8524.5,0.0,1085.0,0.0,0.0,9042.0,0.0,0.0,0.0,0.7182178545936575,0
2015-12-22,113481.0,24,6557.0,3546.0,4728.375,6557.0,113481.0,0.0,0.0,0,93818.0,9780.5,0.0,904.0,0.0,0.0,8778.5,0.0,0.0,0.0,0.7211186518224798,0
2015-12-23,114499.0,24,6519.0,3582.0,4770.791666666667,6519.0,114499.0,0.0,0.0,0,95570.5,9109.5,0.0,869.0,0.0,0.0,8949.0,0.0,0.0,0.0,0.731828756966815,0
2015-12-24,114163.5,24,6426.0,3607.0,4756.8125,6426.0,114163.5,0.0,0.0,0,92505.5,11736.5,0.0,900.0,0.0,0.0,9011.0,0.0,0.0,0.0,0.740244708994709,0
2015-12-25,101038.5,24,5870.0,3471.0,4209.9375,5870.0,101886.5,767.0,767.0,1,85100.5,6989.0,0.0,921.0,0.0,0.0,8021.0,0.0,0.0,0.0,0.7171954855195911,1
2015-12-26,107958.0,24,6489.0,3259.0,4498.25,6489.0,107958.0,0.0,0.0,0,87474.0,11700.0,0.0,920.0,0.0,0.0,7864.0,0.0,0.0,0.0,0.6932115888426568,0
2015-12-27,113265.5,24,6602.0,3309.0,4719.395833333333,6602.0,113265.5,0.0,0.0,0,90060.5,13209.5,0.0,855.0,0.0,0.0,9139.5,0.0,0.0,0.0,0.7148433555488235,0
2015-12-28,114842.0,24,6636.0,3574.0,4785.083333333333,6636.0,114842.0,0.0,0.0,0,91303.5,13347.5,0.0,1062.0,0.0,0.0,9136.0,0.0,0.0,0.0,0.7210794655414908,0
2015-12-29,114832.5,24,6617.0,3538.0,4784.6875,6617.0,114790.0,0.0,0.0,0,90211.5,15854.0,0.0,900.0,0.0,0.0,7867.0,0.0,0.0,0.0,0.7230901465921112,0
2015-12-30,114850.0,24,6514.0,3543.0,4785.416666666667,6514.0,114850.0,0.0,0.0,0,90043.0,14500.5,0.0,1004.0,0.0,0.0,8672.5,0.0,0.0,0.0,0.7346356565346434,0
2015-12-31,115800.5,24,6553.0,3451.0,4825.020833333333,6553.0,115800.5,0.0,0.0,0,88274.5,17819.0,0.0,1040.0,0.0,0.0,8667.0,0.0,0.0,0.0,0.7363071621140445,0
2016-01-01,103867.5,24,5880.0,3590.0,4327.8125,5880.0,103867.5,0.0,0.0,0,87163.5,7846.0,0.0,918.0,0.0,0.0,7940.0,0.0,0.0,0.0,0.7360225340136054,0
2016-01-02,111558.5,24,6526.0,3399.0,4648.270833333333,6526.0,111558.5,0.0,0.0,0,89462.0,13097.5,0.0,926.5,0.0,0.0,8072.5,0.0,0.0,0.0,0.7122695116968025,0
2016-01-03,115667.5,24,6614.0,3586.0,4819.479166666667,6614.0,115667.5,0.0,0.0,0,90139.5,15463.0,0.0,1017.0,0.0,0.0,9048.0,0.0,0.0,0.0,0.7286784346336055,0
2016-01-04,116597.0,24,6630.0,3647.0,4858.208333333333,6630.0,116597.0,0.0,0.0,0,89108.5,15704.5,1746.0,913.0,0.0,0.0,9159.0,0.0,0.0,0.0,0.7327614379084967,0
2016-01-05,117449.5,24,6636.0,3716.0,4893.729166666667,6636.0,117449.5,0.0,0.0,0,88272.5,17016.0,1913.5,1025.0,0.0,0.0,9222.5,0.0,0.0,0.0,0.7374516526019691,0
2016-01-06,118149.5,24,6707.0,3732.0,4922.895833333333,6707.0,118149.5,0.0,0.0,0,86630.0,19353.0,1891.0,1113.5,0.0,0.0,9217.0,0.0,0.0,0.0,0.7339937130361314,0
2016-01-07,118162.5,24,6754.0,3649.0,4923.4375,6754.0,118162.5,0.0,0.0,0,89292.0,16734.5,1948.5,993.0,0.0,0.0,9194.5,0.0,0.0,0.0,0.7289661681966242,0
2016-01-08,108020.5,24,6152.0,3779.0,4500.854166666667,6152.0,108020.5,0.0,0.0,0,88219.0,8870.0,2015.0,989.0,0.0,0.0,7966.5,0.0,0.0,0.0,0.731608284568704,0
2016-01-09,115063.5,24,6731.0,3512.0,4794.3125,6731.0,115063.5,0.0,0.0,0,91426.5,12638.5,2070.5,933.5,0.0,0.0,7981.5,0.0,0.0,0.0,0.7122734363393255,0
2016-01-10,117009.5,24,6568.0,3786.0,4875.395833333333,6568.0,117009.5,0.0,0.0,0,92912.5,11776.0,2149.0,1005.0,0.0,0.0,9165.0,0.0,0.0,0.0,0.7422953461226146,0
2016-01-11,119107.0,24,6766.0,3685.0,4962.791666666667,6766.0,119107.0,0.0,0.0,0,92442.0,14467.5,2103.0,953.5,0.0,0.0,9141.0,0.0,0.0,0.0,0.7334897526849936,0
2016-01-12,119842.0,24,6778.0,3722.0,4993.416666666667,6778.0,119842.0,0.0,0.0,0,94168.0,13829.0,2199.0,871.0,0.0,0.0,9075.0,0.0,0.0,0.0,0.7367094521491099,0
2016-01-13,120899.5,24,6883.0,3766.0,5037.479166666667,6883.0,120899.5,0.0,0.0,0,96425.0,12170.5,2222.0,965.0,0.0,0.0,9177.0,0.0,0.0,0.0,0.7318726088430433,0
2016-01-14,123632.0,24,6794.0,3869.0,5151.333333333333,6794.0,123632.0,0.0,0.0,0,96744.5,14668.0,2119.5,993.5,0.0,0.0,9189.5,0.0,0.0,0.0,0.7582180355215385,0
2016-01-15,112970.5,24,6288.0,3859.0,4707.104166666667,6288.0,112970.5,0.0,0.0,0,90472.0,11740.5,1911.0,892.0,0.0,0.0,8042.0,0.0,0.0,0.0,0.7485852682357931,0
2016-01-16,118644.5,24,6844.0,3493.0,4943.520833333333,6844.0,118644.5,0.0,0.0,0,93249.0,14247.0,2198.5,926.5,0.0,0.0,8023.5,0.0,0.0,0.0,0.7223145577634911,0
2016-01-17,122924.5,24,6983.0,3871.0,5121.854166666667,6983.0,122924.5,0.0,0.0,0,92499.0,18085.5,2153.0,1083.5,0.0,0.0,9112.5,0.0,0.0,0.0,0.7334747481980047,0
2016-01-18,123660.5,24,6946.0,3902.0,5152.520833333333,6946.0,123660.5,0.0,0.0,0,92455.5,19565.5,2097.5,991.0,0.0,0.0,8851.0,0.0,0.0,0.0,0.7417968375083981,0
2016-01-19,124938.0,24,6937.0,3917.0,5205.75,6937.0,124938.0,0.0,0.0,0,91023.0,22207.5,2032.0,1124.0,0.0,0.0,8701.5,0.0,0.0,0.0,0.7504324636009803,0
2016-01-20,116029.5,24,6484.0,3305.0,4834.5625,6484.0,116029.5,0.0,0.0,0,86085.0,18230.0,1978.5,1032.0,0.0,0.0,8704.0,0.0,0.0,0.0,0.7456142041949414,0
2016-01-21,123552.5,24,6840.0,3725.0,5148.020833333333,6840.0,123552.5,0.0,0.0,0,91799.0,19803.5,1950.0,1118.5,0.0,0.0,8871.5,0.0,0.0,0.0,0.7526346247563352,0
2016-01-22,113294.5,24,6230.0,3891.0,4720.604166666667,6230.0,113294.5,0.0,0.0,0,92524.0,10097.5,2010.0,889.0,0.0,0.0,7774.0,0.0,0.0,0.0,0.7577213750668808,0
2016-01-23,120609.5,24,6927.0,3594.0,5025.395833333333,6927.0,120609.5,0.0,0.0,0,96749.5,13400.0,2023.5,885.0,0.0,0.0,7561.5,0.0,0.0,0.0,0.7254794042635099,0
2016-01-24,125555.0,24,6854.0,3883.0,5231.458333333333,6854.0,125555.0,0.0,0.0,0,93021.5,20706.0,2031.5,1194.0,0.0,0.0,8602.0,0.0,0.0,0.0,0.7632708394125085,0
2016-01-25,125702.0,24,7080.0,3801.0,5237.583333333333,7080.0,126004.0,0.0,0.0,0,89855.5,23504.5,2005.0,1249.5,0.0,0.0,9086.0,0.0,0.0,0.0,0.7397716572504708,0
2016-01-26,125871.83333333333,24,6796.0,3993.0,5244.659722222222,6796.0,125690.5,0.0,0.0,0,87808.0,25637.0,1983.8333333333333,1354.8333333333333,0.0,0.0,9088.166666666666,0.0,0.0,0.0,0.7717274458831992,0
2016-01-27,127598.66666666667,24,6870.0,3993.0,5316.611111111111,6870.0,127508.0,0.0,0.0,0,88746.0,26367.0,1998.6666666666667,1194.6666666666667,0.0,0.0,9292.333333333334,0.0,0.0,0.0,0.773888080219958,0
2016-01-28,128291.5,24,7065.0,3855.0,5345.479166666667,7065.0,128291.5,0.0,0.0,0,85978.0,28688.5,2472.5,1748.5,0.0,0.0,9404.0,0.0,0.0,0.0,0.7566141778721397,0
2016-01-29,118256.5,24,6454.0,4091.0,4927.354166666667,6454.0,117773.0,0.0,0.0,0,87364.5,18208.0,3963.5,1258.0,0.0,0.0,7462.5,0.0,0.0,0.0,0.7634574165891954,0
2016-01-30,123742.5,24,6891.0,3882.0,5155.9375,6891.0,123742.5,0.0,0.0,0,87629.5,22144.5,3957.0,809.0,0.0,0.0,9202.5,0.0,0.0,0.0,0.7482132491655783,0
2016-01-31,128759.0,24,6925.0,3970.0,5364.958333333333,6925.0,128759.0,0.0,0.0,0,91514.5,22784.0,4102.5,1163.0,0.0,0.0,9195.0,0.0,0.0,0.0,0.7747232250300842,0
2016-02-01,129745.5,24,6943.0,4007.0,5406.0625,6943.0,129745.5,0.0,0.0,0,86296.0,29292.5,3952.5,1308.0,0.0,0.0,8896.5,0.0,0.0,0.0,0.7786349560708627,0
2016-02-02,130585.5,24,7017.0,4039.0,5441.0625,7017.0,130585.5,0.0,0.0,0,86156.5,29963.0,4102.5,1443.0,0.0,0.0,8920.5,0.0,0.0,0.0,0.7754115006412997,0
2016-02-03,131336.5,24,7024.0,4160.0,5472.354166666667,7024.0,131336.5,0.0,0.0,0,87543.0,29165.0,4133.5,1540.0,0.0,0.0,8905.0,0.0,0.0,0.0,0.7790937025436598,0
2016-02-04,128850.0,24,6881.0,4114.0,5368.75,6881.0,128850.0,0.0,0.0,0,88484.0,25905.0,4103.0,965.0,0.0,0.0,9373.0,0.0,0.0,0.0,0.7802281645109722,0
2016-02-05,115755.0,24,6300.0,4053.0,4823.125,6300.0,115755.0,0.0,0.0,0,82153.0,22543.5,1994.5,951.0,0.0,0.0,8118.0,0.0,0.0,0.0,0.7655753968253968,0
2016-02-06,124105.0,24,7074.0,3727.0,5171.041666666667,7074.0,124105.0,0.0,0.0,0,84999.0,26761.5,1684.0,1271.0,0.0,0.0,9389.5,0.0,0.0,0.0,0.7309926020167751,0
2016-02-07,131024.5,24,7127.0,4101.0,5459.354166666667,7127.0,131024.5,0.0,0.0,0,93647.5,25075.0,1668.5,1065.0,0.0,0.0,9460.5,0.0,0.0,0.0,0.7660101258126374,0
2016-02-08,130241.0,24,7155.0,4079.0,5426.708333333333,7155.0,130241.0,0.0,0.0,0,90437.5,26739.0,2807.0,1189.5,0.0,0.0,9468.0,0.0,0.0,0.0,0.7584498020032611,0
2016-02-09,130196.5,24,7214.0,3820.0,5424.854166666667,7214.0,130196.5,0.0,0.0,0,91009.0,25363.0,3517.5,1002.5,0.0,0.0,9344.5,0.0,0.0,0.0,0.751989765271232,0
2016-02-10,131635.0,24,7194.0,4210.0,5484.791666666667,7194.0,131635.0,0.0,0.0,0,97887.5,19491.5,3785.5,1047.5,0.0,0.0,9539.0,0.0,0.0,0.0,0.7624119636734316,0
2016-02-11,134156.5,24,7101.0,4192.0,5589.854166666667,7101.0,134156.5,0.0,0.0,0,98850.5,21176.0,3657.5,964.0,0.0,0.0,9508.5,0.0,0.0,0.0,0.7871925315683238,0
2016-02-12,118174.0,24,6584.0,3746.0,4923.916666666667,6584.0,118174.0,0.0,0.0,0,94217.0,12658.5,2075.0,963.0,0.0,0.0,8260.5,0.0,0.0,0.0,0.7478609761036857,0
2016-02-13,129029.0,24,7160.0,3976.0,5376.208333333333,7160.0,129029.0,0.0,0.0,0,99643.0,15982.0,2931.5,865.5,0.0,0.0,9577.0,0.0,0.0,0.0,0.7508670856610801,0
2016-02-14,135485.0,24,7314.0,4323.0,5645.208333333333,7314.0,135485.0,0.0,0.0,0,100579.5,20399.0,4028.5,875.0,0.0,0.0,9602.0,0.0,0.0,0.0,0.7718359766657551,0
2016-02-15,138953.0,24,7402.0,4423.0,5789.708333333333,7402.0,138953.0,0.0,0.0,0,101405.0,23863.5,2942.5,1346.0,0.0,0.0,9495.0,0.0,0.0,0.0,0.7821816175808339,0
2016-02-16,141702.5,24,7521.0,4583.0,5904.270833333333,7521.0,141702.5,0.0,0.0,0,101748.0,26735.5,1979.0,1785.0,0.0,0.0,9472.0,0.0,0.0,0.0,0.7850380046979568,0
2016-02-17,140166.0,24,7446.0,4653.0,5840.25,7446.0,140166.0,0.0,0.0,0,99734.5,27461.0,1995.0,1581.0,0.0,0.0,9395.5,0.0,0.0,0.0,0.7843473005640612,0
2016-02-18,144036.0,24,7474.0,4784.0,6001.5,7474.0,144036.0,0.0,0.0,0,98925.5,30873.0,2835.5,1807.0,0.0,0.0,9371.0,0.0,0.0,0.0,0.802983676746053,0
2016-02-19,135534.5,24,7055.0,4795.0,5647.270833333333,7055.0,135534.5,0.0,0.0,0,98060.5,24616.0,2358.5,1879.5,0.0,0.0,8620.0,0.0,0.0,0.0,0.8004636191826128,0
2016-02-20,141146.0,24,7458.0,4734.0,5881.083333333333,7458.0,141146.0,0.0,0.0,0,100888.0,26056.5,1900.0,2822.0,0.0,0.0,9481.5,0.0,0.0,0.0,0.7885603825869312,0
2016-02-21,137838.0,24,7128.0,5099.0,5743.25,7128.0,137880.0,0.0,0.0,0,99924.5,24877.5,1904.5,2792.0,0.0,0.0,8339.5,0.0,0.0,0.0,0.8057309203142536,0
2016-02-22,146125.0,24,7679.0,5095.0,6088.541666666667,7679.0,146125.0,0.0,0.0,0,106470.5,23419.0,2797.5,2891.0,0.0,0.0,10727.0,0.0,0.0,0.0,0.7928821027043452,0
2016-02-23,150814.5,24,7628.0,5136.0,6283.9375,7628.0,150814.5,0.0,0.0,0,101527.0,32129.5,3365.0,2754.0,0.0,0.0,11039.0,0.0,0.0,0.0,0.8237988332459361,0
2016-02-24,132976.0,24,7147.0,4554.0,5540.666666666667,7147.0,132976.0,0.0,0.0,0,94198.0,22754.5,2095.0,2789.5,0.0,0.0,11033.0,0.0,0.0,0.0,0.7752436919919781,0
2016-02-25,134923.5,24,7475.0,4093.0,5621.8125,7475.0,134923.5,0.0,0.0,0,96580.0,23271.0,2105.5,2969.0,0.0,0.0,9900.0,0.0,0.0,0.0,0.7520819397993311,0
2016-02-26,129208.5,24,6944.0,4771.0,5383.6875,6944.0,129208.5,0.0,0.0,0,96562.5,15522.5,3798.5,2257.5,0.0,0.0,11067.5,0.0,0.0,0.0,0.7753006192396313,0
2016-02-27,142049.5,24,7614.0,4650.0,5918.729166666667,7614.0,142050.5,1.0,1.0,1,100678.0,23582.0,4137.0,2642.0,0.0,0.0,11085.5,0.0,0.0,0.0,0.7773481963050521,1
2016-02-28,149331.0,24,7617.0,5036.0,6222.125,7617.0,149331.0,0.0,0.0,0,98374.0,33142.0,4110.0,2933.0,0.0,0.0,10826.0,0.0,0.0,0.0,0.8168734409872653,0
2016-02-29,149563.5,24,7694.0,5125.0,6231.8125,7694.0,149382.5,0.0,0.0,0,97363.5,34461.0,4057.0,2579.0,0.0,0.0,11103.0,0.0,0.0,0.0,0.8099574343644398,0
2016-03-01,151205.0,24,7881.0,5103.0,6300.208333333333,7881.0,151205.0,0.0,0.0,0,96105.5,37448.5,4146.0,2576.0,0.0,0.0,10928.0,0.0,0.0,0.0,0.7994173751216004,0
2016-03-02,151788.5,24,7784.0,5127.0,6324.520833333333,7784.0,151788.5,0.0,0.0,0,96297.0,37953.5,4214.5,2227.5,0.0,0.0,11097.0,0.0,0.0,0.0,0.8125026764302843,0
2016-03-03,152335.5,24,7752.0,5212.0,6347.3125,7752.0,152335.5,0.0,0.0,0,98212.5,36809.5,4135.5,2109.5,0.0,0.0,11068.5,0.0,0.0,0.0,0.818796762125903,0
2016-03-04,140465.0,24,7413.0,5149.0,5852.708333333333,7413.0,140465.0,0.0,0.0,0,95255.5,28185.5,4181.0,1734.0,0.0,0.0,11109.0,0.0,0.0,0.0,0.7895195377489994,0
2016-03-05,150276.0,24,8002.0,5125.0,6261.5,8002.0,150276.0,0.0,0.0,0,101721.0,33181.0,2320.5,2032.5,0.0,0.0,11021.0,0.0,0.0,0.0,0.7824918770307423,0
2016-03-06,144626.0,24,7130.0,3615.0,6026.083333333333,7130.0,144626.0,0.0,0.0,0,94253.0,35402.0,2071.0,2632.0,0.0,0.0,10268.0,0.0,0.0,0.0,0.8451729780271154,0
2016-03-07,137859.0,24,7485.0,4352.0,5744.125,7485.0,137859.0,0.0,0.0,0,93709.5,28742.0,2287.5,2395.0,0.0,0.0,10721.0,0.0,0.0,0.0,0.7674181696726787,0
2016-03-08,155461.5,24,7957.0,5315.0,6477.5625,7957.0,155461.5,0.0,0.0,0,101146.0,36885.0,3944.5,2460.0,0.0,0.0,11176.0,0.0,0.0,0.0,0.8140709438230489,0
2016-03-09,158448.0,24,7953.0,5400.0,6602.0,7953.0,159787.0,0.0,0.0,0,99989.0,41841.0,4076.0,2765.0,0.0,0.0,9777.0,0.0,0.0,0.0,0.8301269961020998,0
2016-03-10,167656.5,24,7931.0,6104.0,6985.6875,7931.0,167656.5,0.0,0.0,0,99929.0,48336.0,4142.5,4103.0,0.0,0.0,10906.0,0.0,0.0,0.0,0.8808079056865464,0
2016-03-11,157149.0,24,7777.0,5837.0,6547.875,7777.0,157149.0,0.0,0.0,0,98760.5,39712.0,4155.0,3399.0,0.0,0.0,11122.5,0.0,0.0,0.0,0.8419538382409669,0
2016-03-12,163477.0,24,7995.0,6122.0,6811.541666666667,7995.0,163477.0,0.0,0.0,0,101601.5,43614.0,4080.5,3036.5,0.0,0.0,11096.5,0.0,0.0,0.0,0.8519751928288514,0
2016-03-13,164834.0,24,7781.0,6342.0,6868.083333333333,8000.0,165482.0,586.0,235.0,3,99530.5,47357.5,4106.0,2786.0,0.0,0.0,11054.0,0.0,0.0,0.0,0.8826736066486741,1
2016-03-14,161159.5,24,7824.0,5890.0,6714.979166666667,7824.0,161159.5,0.0,0.0,0,97193.0,46590.0,4110.5,2225.0,0.0,0.0,11041.0,0.0,0.0,0.0,0.858253983469666,0
2016-03-15,159982.5,24,7572.0,5747.0,6665.9375,8000.0,161500.5,1374.0,387.0,4,99618.0,42507.5,4119.0,2674.0,0.0,0.0,11064.0,0.0,0.0,0.0,0.8803403988378236,1
2016-03-16,163668.5,24,7814.0,5655.0,6819.520833333333,8000.0,164301.5,573.0,211.0,3,99160.0,46420.0,4121.0,3147.0,0.0,0.0,10820.5,0.0,0.0,0.0,0.8727311022950259,1
2016-03-17,161012.0,24,7801.0,5835.0,6708.833333333333,7801.0,161012.0,0.0,0.0,0,99761.0,42529.5,3812.5,2731.5,0.0,0.0,11354.5,0.0,0.0,0.0,0.8599965816348331,0
2016-03-18,148477.5,24,7588.0,5493.0,6186.5625,7588.0,148477.5,0.0,0.0,0,100702.5,30985.0,2081.0,1962.0,0.0,0.0,11582.0,0.0,0.0,0.0,0.8153087111228255,0
2016-03-19,151010.0,24,7711.0,4820.0,6292.083333333333,7711.0,151010.0,0.0,0.0,0,94115.0,38139.5,3811.0,2219.0,0.0,0.0,12187.5,0.0,0.0,0.0,0.8159879825357713,0
2016-03-20,157134.0,24,7711.0,5599.0,6547.25,7900.0,157535.0,363.0,187.0,2,95581.0,42792.5,4054.5,2163.5,0.0,0.0,11470.5,1270.0,0.0,0.0,0.8490792374529892,1
2016-03-21,160502.0,24,7584.0,5816.0,6687.583333333333,7950.0,162137.0,1479.0,368.0,5,94480.0,46223.0,4116.5,2937.0,0.0,0.0,10998.5,1537.0,0.0,0.0,0.881801599859353,1
2016-03-22,159135.5,24,7634.0,5408.0,6630.645833333333,7900.0,160294.0,998.0,302.0,5,95475.0,44765.0,3932.0,2358.5,0.0,0.0,11035.0,1433.0,0.0,0.0,0.868567701510785,1
2016-03-23,166913.0,24,8025.0,6221.0,6954.708333333333,8025.0,166913.0,0.0,0.0,0,99566.0,48420.0,3305.0,2773.5,0.0,0.0,11054.5,1837.0,0.0,0.0,0.8666303219106957,0
2016-03-24,164650.5,24,7923.0,5805.0,6860.4375,8050.0,164951.5,271.0,157.0,2,102393.0,43237.5,3279.0,2726.5,0.0,0.0,11243.5,1852.0,0.0,0.0,0.8658888678530859,1
2016-03-25,155144.0,24,7788.0,5758.0,6464.333333333333,7788.0,155048.5,0.0,0.0,0,102017.0,35231.0,3156.0,1676.0,0.0,0.0,11376.5,1843.0,0.0,0.0,0.8300376647834274,0
2016-03-26,159330.0,24,7825.0,5819.0,6638.75,7825.0,159330.0,0.0,0.0,0,107616.5,33585.0,2959.0,1807.0,0.0,0.0,11285.5,2139.0,0.0,0.0,0.8484025559105431,0
2016-03-27,168291.5,24,8088.0,6198.0,7012.145833333333,8088.0,168415.5,112.0,112.0,1,104123.5,45619.0,2997.0,2497.5,0.0,0.0,11087.0,2060.0,0.0,0.0,0.8669814333992746,1
2016-03-28,147291.0,24,7454.0,5039.0,6137.125,7454.0,147291.0,0.0,0.0,0,93981.0,36541.5,3336.0,1261.0,0.0,0.0,10952.0,1362.0,0.0,0.0,0.8233331097397371,0
2016-03-29,137055.0,24,7005.0,4610.0,5710.625,7005.0,137055.0,0.0,0.0,0,91639.0,29360.5,3323.0,996.0,0.0,0.0,10336.5,1423.0,0.0,0.0,0.8152212705210564,0
2016-03-30,143999.0,24,7352.0,4992.0,5999.958333333333,7352.0,143999.0,0.0,0.0,0,94838.5,34732.5,1165.0,1068.0,0.0,0.0,10579.5,1686.0,0.0,0.0,0.8160987939789626,0
2016-03-31,131837.0,24,6427.0,4773.0,5493.208333333333,6427.0,131837.0,0.0,0.0,0,88680.5,27851.0,2029.5,1065.0,0.0,0.0,10605.5,1269.0,0.0,0.0,0.8547080026969555,0
2016-04-01,87528.5,24,6227.0,1759.0,3647.0208333333335,6227.0,87528.5,0.0,0.0,0,74047.0,6518.5,1814.5,890.5,0.0,0.0,3495.0,996.0,0.0,0.0,0.5856786306942884,0
2016-04-02,126683.5,24,7256.0,4107.0,5278.479166666667,7256.0,126683.5,0.0,0.0,0,99880.0,14051.0,2055.5,963.0,0.0,0.0,8747.5,1241.0,0.0,0.0,0.727464052737964,0
2016-04-03,137679.0,24,7125.0,4733.0,5736.625,7125.0,137679.0,0.0,0.0,0,99269.0,23532.0,1988.0,1118.0,0.0,0.0,10465.0,1407.0,0.0,0.0,0.8051403508771929,0
2016-04-04,142922.5,24,7572.0,4285.0,5955.104166666667,7572.0,142922.5,0.0,0.0,0,91235.5,36014.5,2070.0,1438.0,0.0,0.0,10427.5,1627.0,0.0,0.0,0.7864638360626871,0
2016-04-05,149782.5,24,6889.0,5614.0,6240.9375,6889.0,149782.5,0.0,0.0,0,94809.5,38352.5,3883.5,1000.0,0.0,0.0,10400.0,1683.0,0.0,0.0,0.905927928581797,0
2016-04-06,152585.5,24,7879.0,5152.0,6357.729166666667,7879.0,152585.5,0.0,0.0,0,103959.0,31889.5,3769.5,961.0,0.0,0.0,10378.5,1764.0,0.0,0.0,0.806920823285527,0
2016-04-07,167476.0,24,8152.0,6002.0,6978.166666666667,8152.0,167476.0,0.0,0.0,0,108520.0,43186.5,1984.5,1770.0,0.0,0.0,10339.0,1809.0,0.0,0.0,0.8560067059208375,0
2016-04-08,159469.0,24,8002.0,5529.0,6644.541666666667,8002.0,159469.0,0.0,0.0,0,106245.0,37675.0,1948.0,1741.0,0.0,0.0,10389.5,1554.0,0.0,0.0,0.8303601183037574,0
2016-04-09,170145.0,24,8348.0,6045.0,7089.375,8348.0,170145.0,0.0,0.0,0,105807.5,47931.0,2871.5,1775.5,0.0,0.0,10267.0,1602.5,0.0,0.0,0.8492303545759463,0
2016-04-10,179350.5,24,8329.0,6563.0,7472.9375,8358.0,179584.5,210.0,70.0,3,105916.5,55294.0,3946.5,2339.0,0.0,0.0,10249.5,1711.5,0.0,0.0,0.8972190539080321,1
2016-04-11,178280.0,24,8077.0,6539.0,7428.333333333333,8350.0,179633.0,1218.0,361.0,4,105851.5,54088.5,3739.0,2484.5,0.0,0.0,10301.5,1943.0,0.0,0.0,0.9196896537493293,1
2016-04-12,179323.0,24,8099.0,6601.0,7471.791666666667,8099.0,179323.0,0.0,0.0,0,106901.0,54013.0,3909.0,2265.0,0.0,0.0,10432.0,1924.0,0.0,0.0,0.9225573116022555,0
2016-04-13,177694.0,24,8048.0,6742.0,7403.916666666667,8048.0,177694.0,0.0,0.0,0,106052.0,52781.5,3979.0,2701.5,0.0,0.0,10549.0,1736.0,0.0,0.0,0.9199697647448641,0
2016-04-14,169915.5,24,7840.5,6196.0,7079.8125,7840.5,169915.5,0.0,0.0,0,110286.5,44043.5,1993.5,1256.5,0.0,0.0,10559.5,1887.0,0.0,0.0,0.902979720681079,0
2016-04-15,165179.0,24,7976.0,6064.0,6882.458333333333,7976.0,165179.0,0.0,0.0,0,114637.5,35361.0,1857.5,867.5,0.0,0.0,10562.0,2007.0,0.0,0.0,0.862895979605483,0
2016-04-16,168363.5,24,7655.5,6209.0,7015.145833333333,7655.5,168363.5,0.0,0.0,0,109525.5,43569.5,2653.0,1251.0,0.0,0.0,10567.5,968.0,0.0,0.0,0.9163537108397013,0
2016-04-17,172815.5,24,8083.0,6385.0,7200.645833333333,8083.0,172800.0,0.0,0.0,0,107449.0,48040.5,4099.0,1538.5,0.0,0.0,10418.0,1374.0,0.0,0.0,0.8908382819910099,0
2016-04-18,175884.0,24,7991.0,6576.0,7328.5,7991.0,175884.0,0.0,0.0,0,110577.5,48547.0,2148.5,1885.0,0.0,0.0,10560.0,2192.0,0.0,0.0,0.9170942310098861,0
2016-04-19,177038.0,24,7958.0,6548.0,7376.583333333333,7958.0,177038.0,0.0,0.0,0,109671.0,50702.5,2042.0,1994.5,0.0,0.0,10560.0,2252.0,0.0,0.0,0.9269393482449526,0
2016-04-20,177372.5,24,8057.0,6650.0,7390.520833333333,8057.0,177372.5,0.0,0.0,0,109688.0,51533.5,2096.0,1614.0,0.0,0.0,10432.5,2119.0,0.0,0.0,0.9172794878159778,0
2016-04-21,175601.0,24,7948.0,6574.0,7316.708333333333,7948.0,175601.0,0.0,0.0,0,109835.0,49648.0,2072.0,1508.0,0.0,0.0,10534.0,2128.0,0.0,0.0,0.9205722613655427,0
2016-04-22,167988.0,24,8087.0,5959.0,6999.5,8087.0,167988.0,0.0,0.0,0,111408.0,40446.0,2059.0,1757.0,0.0,0.0,10412.0,2016.0,0.0,0.0,0.8655249165327068,0
2016-04-23,174308.5,24,7865.0,6516.0,7262.854166666667,7865.0,174308.5,0.0,0.0,0,114392.0,43474.5,2047.0,1741.5,0.0,0.0,10548.0,2203.0,0.0,0.0,0.9234398177579997,0
2016-04-24,174433.0,24,7752.0,6387.0,7268.041666666667,7752.0,174433.0,0.0,0.0,0,108647.0,47233.5,3731.5,2173.0,0.0,0.0,10517.5,2268.0,0.0,0.0,0.9375698744410045,0
2016-04-25,171503.0,24,7599.0,6770.0,7145.958333333333,7599.0,171503.0,0.0,0.0,0,108070.5,44754.0,3721.0,2515.5,0.0,0.0,10534.0,2038.0,0.0,0.0,0.9403814098346274,0
2016-04-26,165215.0,24,7406.0,6527.0,6883.958333333333,7406.0,165215.0,0.0,0.0,0,107946.0,39003.0,3752.5,2145.5,0.0,0.0,10489.0,1973.0,0.0,0.0,0.9295109820865964,0
2016-04-27,167194.5,24,7573.0,6583.0,6966.4375,7573.0,166970.5,0.0,0.0,0,106464.0,42096.0,3688.5,2497.0,0.0,0.0,10480.0,2048.0,0.0,0.0,0.9199045952726792,0
2016-04-28,174157.5,24,7990.0,6820.0,7256.5625,7990.0,174157.5,0.0,0.0,0,108259.0,47870.5,3674.0,1898.5,0.0,0.0,10652.0,2027.0,0.0,0.0,0.9082055694618273,0
2016-04-29,173296.5,24,8098.0,6391.0,7220.6875,8098.0,173296.5,0.0,0.0,0,109485.0,47976.0,2127.0,1271.0,0.0,0.0,10786.0,1919.0,0.0,0.0,0.8916630649543097,0
2016-04-30,173050.0,24,7934.0,6658.0,7210.416666666667,7934.0,173050.0,0.0,0.0,0,100132.0,55938.0,2096.0,2145.5,0.0,0.0,10865.5,2012.0,0.0,0.0,0.908799680699101,0
2016-05-01,144385.5,24,7283.5,3504.0,6016.0625,7283.5,144385.5,0.0,0.0,0,89378.5,39838.5,1661.0,1686.0,0.0,0.0,10489.0,1519.0,0.0,0.0,0.8259851033157136,0
2016-05-02,128195.5,24,6665.0,3965.0,5341.479166666667,6665.0,128195.5,0.0,0.0,0,90373.5,23538.0,3422.0,1177.0,0.0,0.0,9358.5,602.0,0.0,0.0,0.8014222305576395,0
2016-05-03,147540.0,24,7434.0,4832.0,6147.5,7434.0,147540.0,0.0,0.0,0,90873.0,39232.0,4042.5,1223.5,0.0,0.0,10711.5,1503.0,0.0,0.0,0.8269437718590261,0
2016-05-04,153737.5,24,7967.0,4613.0,6405.729166666667,7967.0,153737.5,0.0,0.0,0,95174.0,42491.5,2138.5,1100.0,0.0,0.0,10634.0,1975.0,0.0,0.0,0.804032781055186,0
2016-05-05,162372.5,24,8006.0,5473.0,6765.520833333333,8006.0,162372.5,0.0,0.0,0,101496.0,45349.0,2127.0,1068.0,0.0,0.0,10838.0,1654.0,0.0,0.0,0.8450563119327171,0
2016-05-06,147667.5,24,7514.0,5056.0,6152.8125,7514.0,147667.5,0.0,0.0,0,107188.0,25359.0,2118.0,799.5,0.0,0.0,10939.0,1361.0,0.0,0.0,0.8188464865584243,0
2016-05-07,140707.5,24,6917.0,5116.0,5862.8125,6917.0,140707.5,0.0,0.0,0,101572.0,23799.0,2138.5,837.0,0.0,0.0,10915.0,1474.0,0.0,0.0,0.8475946942316033,0
2016-05-08,149116.0,24,8271.0,4438.0,6213.166666666667,8271.0,149223.0,0.0,0.0,0,101319.0,33691.5,2112.5,969.0,0.0,0.0,9504.0,1543.0,0.0,0.0,0.751198968282755,0
2016-05-09,171430.5,24,8026.0,5968.0,7142.9375,8026.0,171430.5,0.0,0.0,0,105773.5,49828.5,2099.5,1023.0,0.0,0.0,10954.0,1817.0,0.0,0.0,0.8899747694991278,0
2016-05-10,172189.0,24,7927.0,6089.0,7174.541666666667,7927.0,172127.0,0.0,0.0,0,104821.5,51122.0,2095.5,1042.0,0.0,0.0,10959.0,2154.0,0.0,0.0,0.9050765316849586,0
2016-05-11,166827.0,24,7940.0,5809.0,6951.125,7940.0,166827.0,0.0,0.0,0,102298.5,48213.0,2088.5,1119.0,0.0,0.0,10944.0,2250.0,0.0,0.0,0.8754565491183879,0
2016-05-12,167417.5,24,7774.5,5891.0,6975.729166666667,7774.5,167417.5,0.0,0.0,0,102356.5,49476.0,2122.5,866.5,0.0,0.0,10926.0,1796.0,0.0,0.0,0.8972575942718718,0
2016-05-13,122710.0,24,6411.0,3761.0,5112.916666666667,6411.0,122710.0,0.0,0.0,0,83571.5,24329.5,2129.0,848.0,0.0,0.0,10727.0,1225.0,0.0,0.0,0.7975224873914626,0
2016-05-14,139317.0,24,7757.0,4174.0,5804.875,7757.0,139317.0,0.0,0.0,0,92703.0,32845.0,2090.0,905.5,0.0,0.0,9209.0,1757.0,0.0,0.0,0.7483402088436251,0
2016-05-15,160721.0,24,7733.0,5635.0,6696.708333333333,7733.0,160721.0,0.0,0.0,0,96390.5,48743.0,2101.5,1047.0,0.0,0.0,10701.0,1834.0,0.0,0.0,0.865990990990991,0
2016-05-16,165015.0,24,7678.0,6045.0,6875.625,7678.0,165015.0,0.0,0.0,0,98402.0,49348.5,3788.5,1064.0,0.0,0.0,10704.0,1948.0,0.0,0.0,0.8954968741859859,0
2016-05-17,168071.0,24,7694.0,6341.0,7002.958333333333,7694.0,168071.0,0.0,0.0,0,98237.5,52342.0,3897.0,855.5,0.0,0.0,11053.5,1879.0,0.0,0.0,0.9101843427779222,0
2016-05-18,155661.0,24,7688.0,5336.0,6485.875,7688.0,155661.0,0.0,0.0,0,95035.0,43367.0,3802.0,758.0,0.0,0.0,11091.5,1760.0,0.0,0.0,0.843636186264308,0
2016-05-19,156457.0,24,7693.0,5334.0,6519.041666666667,7693.0,156489.0,0.0,0.0,0,98053.5,41448.5,3691.5,861.0,0.0,0.0,10961.5,1554.0,0.0,0.0,0.8473991507430998,0
2016-05-20,142807.0,24,7425.0,4918.0,5950.291666666667,7425.0,142807.0,0.0,0.0,0,93822.0,33308.0,3038.5,526.0,0.0,0.0,10965.5,1235.0,0.0,0.0,0.8013860830527497,0
2016-05-21,112827.5,24,6491.5,3554.0,4701.145833333333,6491.5,112827.5,0.0,0.0,0,85115.0,18571.5,1909.0,158.0,0.0,0.0,6765.0,585.0,0.0,0.0,0.724200236206321,0
2016-05-22,141611.5,24,7335.0,4410.0,5900.479166666667,7335.0,141611.5,0.0,0.0,0,98847.0,29362.5,1987.0,520.0,0.0,0.0,9724.0,1329.0,0.0,0.0,0.8044279709157011,0
2016-05-23,149410.0,24,7775.0,4876.0,6225.416666666667,7775.0,149345.0,0.0,0.0,0,102736.5,30941.0,1971.0,1094.5,0.0,0.0,10770.0,1746.0,0.0,0.0,0.8006966773847803,0
2016-05-24,161179.0,24,7666.0,5515.0,6715.791666666667,7666.0,161179.0,0.0,0.0,0,96942.0,47102.5,3872.5,981.0,0.0,0.0,10797.0,1582.0,0.0,0.0,0.8760490042612401,0
2016-05-25,146924.0,24,7217.0,4188.0,6121.833333333333,7217.0,146924.0,0.0,0.0,0,96134.0,33514.5,4009.0,997.5,0.0,0.0,10760.0,1571.0,0.0,0.0,0.848251812849291,0
2016-05-26,151739.0,24,7667.0,4881.0,6322.458333333333,7667.0,151739.0,0.0,0.0,0,101324.0,32900.0,4035.0,1143.5,0.0,0.0,10597.5,1796.0,0.0,0.0,0.8246326246684926,0
2016-05-27,147748.5,24,7748.0,4571.0,6156.1875,7748.0,147748.5,0.0,0.0,0,97767.5,32488.0,4031.0,1025.5,0.0,0.0,10783.5,1701.0,0.0,0.0,0.7945518198244709,0
2016-05-28,153064.5,24,8001.0,5251.0,6377.6875,8001.0,153326.0,0.0,0.0,0,105214.0,30333.5,3983.0,1027.5,0.0,0.0,10967.0,1615.0,0.0,0.0,0.7971112985876765,0
2016-05-29,163748.5,24,8067.0,5601.0,6822.854166666667,8067.0,163748.5,0.0,0.0,0,106894.5,38864.5,3899.5,1124.0,0.0,0.0,11044.5,1887.0,0.0,0.0,0.845773418453783,0
2016-05-30,167954.5,24,7909.0,5842.0,6998.104166666667,7909.0,167954.5,0.0,0.0,0,105564.5,43924.5,4002.0,1496.5,0.0,0.0,11078.0,1979.0,0.0,0.0,0.8848279386353101,0
2016-05-31,167599.0,24,7775.0,6010.0,6983.291666666667,7775.0,167599.0,0.0,0.0,0,105309.5,44337.5,3958.0,955.0,0.0,0.0,11054.5,2025.0,0.0,0.0,0.8981725616291533,0
2016-06-01,164145.0,24,7982.0,5494.0,6839.375,7982.0,164145.0,0.0,0.0,0,104466.0,41377.5,4058.5,1359.0,0.0,0.0,10933.0,2035.0,0.0,0.0,0.8568497870207968,0
2016-06-02,177497.5,24,8236.0,6383.0,7395.729166666667,8236.0,177587.5,0.0,0.0,0,108290.0,50860.5,4027.0,1470.0,0.0,0.0,11047.5,1891.0,0.0,0.0,0.8979758580216934,0
2016-06-03,173167.5,24,8049.0,6358.0,7215.3125,8049.0,173167.5,0.0,0.0,0,102593.5,52287.5,4069.0,1449.5,0.0,0.0,11064.0,1841.0,0.0,0.0,0.8964234687538825,0
2016-06-04,176585.5,24,8098.0,6429.0,7357.729166666667,8098.0,176585.5,0.0,0.0,0,106987.0,51381.5,4121.5,1232.0,0.0,0.0,11077.5,1876.0,0.0,0.0,0.9085859677286573,0
2016-06-05,179943.5,24,8482.0,6605.0,7497.645833333333,8482.0,179943.5,0.0,0.0,0,107378.5,54207.5,4037.0,1384.5,0.0,0.0,11064.0,1900.0,0.0,0.0,0.8839478699992139,0
2016-06-06,182518.0,24,8420.0,6762.0,7604.916666666667,8420.0,182518.0,0.0,0.0,0,112085.5,52371.0,3950.5,1168.0,0.0,0.0,11051.5,1900.0,0.0,0.0,0.9031967537608868,0
2016-06-07,176236.0,24,8357.0,6489.0,7343.166666666667,8357.0,176236.0,0.0,0.0,0,106869.0,51781.0,4040.0,1399.0,0.0,0.0,10632.0,1898.0,0.0,0.0,0.8786845359179929,0
2016-06-08,177051.0,24,8510.0,5921.0,7377.125,8510.0,177051.0,0.0,0.0,0,111852.5,47138.5,4017.5,1512.0,0.0,0.0,11023.5,1612.0,0.0,0.0,0.8668772032902468,0
2016-06-09,179535.5,24,8387.0,6486.0,7480.645833333333,8387.0,179526.5,0.0,0.0,0,110669.5,50387.5,3946.0,1875.5,0.0,0.0,11112.0,1646.0,0.0,0.0,0.8919334485910735,0
2016-06-10,170517.5,24,8402.0,6077.0,7104.895833333333,8402.0,170517.5,0.0,0.0,0,110984.0,42906.0,2521.5,1438.0,0.0,0.0,11065.0,1732.0,0.0,0.0,0.8456195945409822,0
2016-06-11,163874.0,24,8226.0,5066.0,6828.083333333333,8226.0,163874.0,0.0,0.0,0,107932.5,39897.0,2097.0,1358.5,0.0,0.0,11111.0,1584.0,0.0,0.0,0.8300611881027635,0
2016-06-12,150786.0,24,7774.0,4767.0,6282.75,7774.0,150786.0,0.0,0.0,0,103819.5,31312.5,2096.5,1123.5,0.0,0.0,11069.0,1444.0,0.0,0.0,0.8081746848469257,0
2016-06-13,155964.0,24,8285.0,4884.0,6498.5,8285.0,155964.0,0.0,0.0,0,104490.0,35507.0,2061.0,1434.0,0.0,0.0,11052.0,1565.0,0.0,0.0,0.7843693421846711,0
2016-06-14,169000.0,24,8551.0,5614.0,7041.666666666667,8551.0,169000.0,0.0,0.0,0,106659.0,46115.5,2067.5,1608.0,0.0,0.0,10886.0,1720.0,0.0,0.0,0.8234904299692044,0
2016-06-15,175178.5,24,8776.0,6000.0,7299.104166666667,8776.0,175178.5,0.0,0.0,0,108428.0,49996.0,3663.0,2438.0,0.0,0.0,9042.0,1645.0,0.0,0.0,0.8317119606502583,0
2016-06-16,177561.5,24,8711.0,5973.0,7398.395833333333,8711.0,177561.5,0.0,0.0,0,110055.0,49425.0,4052.5,1681.0,0.0,0.0,10700.0,1400.0,0.0,0.0,0.8493164772509854,0
2016-06-17,171188.5,24,8512.0,6105.0,7132.854166666667,8512.0,171188.5,0.0,0.0,0,109432.5,43650.5,4100.5,2025.5,0.0,0.0,10263.5,1865.0,0.0,0.0,0.8379762883771931,0
2016-06-18,176957.5,24,8617.0,6133.0,7373.229166666667,8617.0,176957.5,0.0,0.0,0,110486.0,48870.0,4071.0,1794.0,0.0,0.0,9737.5,2071.0,0.0,0.0,0.8556608061583691,0
2016-06-19,183770.5,24,8671.0,6547.0,7657.104166666667,8671.0,183770.5,0.0,0.0,0,108835.5,55837.0,3846.5,2326.0,0.0,0.0,11087.5,1929.0,0.0,0.0,0.8830704839887749,0
2016-06-20,183283.5,24,8679.0,6646.0,7636.8125,8679.0,183283.5,0.0,0.0,0,108037.0,56072.5,3815.5,2442.0,0.0,0.0,11096.0,1904.0,0.0,0.0,0.8799184813918655,0
2016-06-21,186189.0,24,8647.0,6563.0,7757.875,8647.0,186189.0,0.0,0.0,0,113608.0,53783.0,3943.0,2030.0,0.0,0.0,11044.0,1837.0,0.0,0.0,0.8971753209205505,0
2016-06-22,184632.0,24,8523.0,6623.0,7693.0,8523.0,184632.0,0.0,0.0,0,111091.0,56751.5,2131.5,2261.0,0.0,0.0,10633.5,1864.0,0.0,0.0,0.9026164496069459,0
2016-06-23,183701.5,24,8738.0,6699.0,7654.229166666667,8738.0,183701.5,0.0,0.0,0,110776.0,57842.0,2087.5,2217.0,0.0,0.0,9718.0,2029.0,0.0,0.0,0.875970378423743,0
2016-06-24,176845.0,24,8698.0,6517.0,7368.541666666667,8698.0,176845.0,0.0,0.0,0,110246.5,49936.5,2092.0,1797.0,0.0,0.0,11100.0,1769.0,0.0,0.0,0.8471535602054112,0
2016-06-25,184663.0,24,8942.0,6577.0,7694.291666666667,8942.0,184663.0,0.0,0.0,0,115160.0,50589.5,3710.0,2248.5,0.0,0.0,11075.0,1959.0,0.0,0.0,0.8604665250130471,0
2016-06-26,190096.0,24,8688.0,6792.0,7920.666666666667,8688.0,190096.0,0.0,0.0,0,114487.5,56625.0,4060.0,2421.5,0.0,0.0,11107.0,1918.0,0.0,0.0,0.9116789441375077,0
2016-06-27,190055.0,24,8669.0,7203.0,7918.958333333333,8669.0,190055.0,0.0,0.0,0,112811.0,58113.0,4085.5,2031.0,0.0,0.0,11088.5,2037.0,0.0,0.0,0.9134800246087591,0
2016-06-28,190176.5,24,8749.0,6982.0,7924.020833333333,8749.0,190176.5,0.0,0.0,0,113966.0,56601.0,4144.0,2448.5,0.0,0.0,11064.5,2002.0,0.0,0.0,0.9057058901969749,0
2016-06-29,193117.5,24,8968.0,7196.0,8046.5625,8968.0,193117.5,0.0,0.0,0,116273.0,56690.0,4178.0,3051.5,0.0,0.0,11015.5,1989.0,0.0,0.0,0.8972527319357716,0
2016-06-30,193015.5,24,8921.0,7138.0,8042.3125,9036.0,193275.0,0.0,0.0,0,117699.0,56211.0,4043.0,2215.0,0.0,0.0,10916.0,2032.0,0.0,0.0,0.9015034749467549,0
2016-07-01,184676.5,24,8795.0,6742.0,7694.854166666667,8795.0,184676.5,0.0,0.0,0,113646.5,52210.0,3842.0,2236.5,0.0,0.0,10814.0,1970.0,0.0,0.0,0.8749123555050218,0
2016-07-02,176970.0,24,8454.0,6371.0,7373.75,8454.0,177070.0,90.0,90.0,1,116505.5,42501.0,4084.5,1571.5,0.0,0.0,10577.0,1704.0,0.0,0.0,0.8722202507688668,1
2016-07-03,164530.0,24,8122.0,5781.0,6855.416666666667,8172.0,161893.0,45.0,45.0,1,114199.0,34224.5,4105.0,1353.5,0.0,0.0,8856.0,1738.0,0.0,0.0,0.844055240909464,1
2016-07-04,147965.5,24,7643.0,4960.0,6165.229166666667,7643.0,147965.5,0.0,0.0,0,105272.0,24856.0,4112.5,1117.0,0.0,0.0,11255.0,1563.0,0.0,0.0,0.8066504208644075,0
2016-07-05,134542.5,24,7265.0,4336.0,5605.9375,7265.0,134542.5,0.0,0.0,0,100474.0,16535.5,4023.5,2695.5,0.0,0.0,9395.0,1572.0,0.0,0.0,0.7716362697866483,0
2016-07-06,131925.5,24,7241.0,4237.0,5496.895833333333,7241.0,131946.0,0.0,0.0,0,100249.5,14788.5,4117.5,3103.5,0.0,0.0,8198.0,1584.0,0.0,0.0,0.7591349030980987,0
2016-07-07,139270.5,24,7167.0,4630.0,5802.9375,7167.0,139270.5,0.0,0.0,0,105827.0,17387.5,4070.5,3573.0,0.0,0.0,6584.0,1747.0,0.0,0.0,0.8096745500209293,0
2016-07-08,140273.5,24,7339.0,4908.0,5844.729166666667,7339.0,140273.5,0.0,0.0,0,104405.5,19592.5,4179.5,3874.0,0.0,0.0,6912.5,1744.0,0.0,0.0,0.7963931280374257,0
2016-07-09,143503.5,24,7422.0,5050.0,5979.3125,7422.0,143503.5,0.0,0.0,0,105274.0,19809.5,4181.5,3899.0,0.0,0.0,8873.0,1641.0,0.0,0.0,0.8056201158717327,0
2016-07-10,150677.5,24,7767.0,5277.0,6278.229166666667,7767.0,150677.5,0.0,0.0,0,102746.0,27625.5,4068.5,3840.5,0.0,0.0,10827.5,1698.0,0.0,0.0,0.8083209948070899,0
2016-07-11,159023.0,24,8120.0,5448.0,6625.958333333333,8120.0,159023.0,0.0,0.0,0,110179.0,28120.0,4131.5,4090.5,0.0,0.0,10859.0,1747.0,0.0,0.0,0.8160047208538588,0
2016-07-12,164644.5,24,8197.0,5695.0,6860.1875,8197.0,164644.5,0.0,0.0,0,108783.5,35204.0,4146.5,4020.5,0.0,0.0,10847.5,1802.0,0.0,0.0,0.836914419909723,0
2016-07-13,172629.0,24,8366.0,6089.0,7192.875,8366.0,172629.0,0.0,0.0,0,110744.0,41140.5,4058.5,4110.0,0.0,0.0,10853.5,1854.0,0.0,0.0,0.8597746832416926,0
2016-07-14,178398.0,24,8528.0,6445.0,7433.25,8528.0,178398.0,0.0,0.0,0,111287.0,46210.0,4112.5,4138.5,0.0,0.0,10844.0,1910.0,0.0,0.0,0.8716287523452158,0
2016-07-15,166954.0,24,8319.0,5906.0,6956.416666666667,8319.0,166954.0,0.0,0.0,0,110494.0,35768.0,4095.5,4105.5,0.0,0.0,10856.0,1748.0,0.0,0.0,0.8362082782385704,0
2016-07-16,162150.0,24,7990.0,5459.0,6756.25,7990.0,162150.0,0.0,0.0,0,112203.5,29897.0,3994.0,3822.0,0.0,0.0,10876.0,1502.0,0.0,0.0,0.8455882352941176,0
2016-07-17,162136.5,24,8207.0,5722.0,6755.6875,8207.0,161479.5,0.0,0.0,0,109951.5,31999.5,4010.5,3907.5,0.0,0.0,10872.0,1605.0,0.0,0.0,0.8231616303155842,0
2016-07-18,160613.5,24,8479.0,5132.0,6692.229166666667,8479.0,160613.5,0.0,0.0,0,107411.5,32119.0,4146.5,4109.5,0.0,0.0,10872.0,1563.0,0.0,0.0,0.7892710421826473,0
2016-07-19,168399.0,24,8615.0,5704.0,7016.625,8615.0,168399.0,0.0,0.0,0,110842.0,37037.0,4105.0,4098.0,0.0,0.0,10860.5,1556.0,0.0,0.0,0.8144660475914103,0
2016-07-20,174699.0,24,8477.0,6135.0,7279.125,8477.0,174699.0,0.0,0.0,0,112130.5,42166.0,4046.5,4145.0,0.0,0.0,10554.0,1800.0,0.0,0.0,0.8586911643270024,0
2016-07-21,175082.0,24,8371.0,6430.0,7295.083333333333,8371.0,175082.0,0.0,0.0,0,110417.5,44309.0,3996.5,4127.0,0.0,0.0,10544.0,1807.0,0.0,0.0,0.8714709513001234,0
2016-07-22,160029.0,24,8005.0,5761.0,6667.875,8005.0,160029.0,0.0,0.0,0,105816.5,34002.0,4021.5,4039.0,0.0,0.0,10560.5,1696.0,0.0,0.0,0.8329637726420986,0
2016-07-23,164019.5,24,8263.0,5911.0,6834.145833333333,8263.0,164019.5,0.0,0.0,0,105459.5,38315.5,3970.0,4006.0,0.0,0.0,10538.0,1810.0,0.0,0.0,0.8270780386461737,0
2016-07-24,171464.0,24,8375.0,6086.0,7144.333333333333,8375.0,171464.0,0.0,0.0,0,104771.5,46600.0,3958.0,4123.0,0.0,0.0,10574.5,1554.0,0.0,0.0,0.8530547263681592,0
2016-07-25,168776.5,24,8216.0,6028.0,7032.354166666667,8216.0,168776.5,0.0,0.0,0,104903.5,44214.5,3425.5,4066.5,0.0,0.0,10199.0,1700.0,0.0,0.0,0.8559340514443363,0
2016-07-26,163736.5,24,8260.0,5518.0,6822.354166666667,8260.0,161434.0,0.0,0.0,0,107913.0,37801.5,2019.0,3767.0,0.0,0.0,10572.5,1638.0,0.0,0.0,0.8259508676351897,0
2016-07-27,171542.0,24,8404.0,6010.0,7147.583333333333,8404.0,171542.0,0.0,0.0,0,109700.0,43755.0,2141.5,3510.5,0.0,0.0,10560.0,1848.0,0.0,0.0,0.8504977788354752,0
2016-07-28,179163.0,24,8616.0,6243.0,7465.125,8616.0,179163.0,0.0,0.0,0,113324.0,47875.5,1873.0,3941.0,0.0,0.0,10307.5,1966.0,0.0,0.0,0.8664258356545961,0
2016-07-29,166612.0,24,8277.0,5956.0,6942.166666666667,8277.0,166612.0,0.0,0.0,0,107188.5,41430.0,1885.5,4119.5,0.0,0.0,10272.5,1793.0,0.0,0.0,0.8387298135395272,0
2016-07-30,174040.0,24,8035.0,6304.0,7251.666666666667,8035.0,174040.0,0.0,0.0,0,114594.5,41008.0,1936.5,4019.0,0.0,0.0,10795.0,1771.0,0.0,0.0,0.9025098527276499,0
2016-07-31,173205.5,24,8206.0,6174.0,7216.895833333333,8206.0,173205.5,0.0,0.0,0,106030.0,48452.0,1933.5,4106.5,0.0,0.0,11009.5,1779.0,0.0,0.0,0.8794657364530019,0
2016-08-01,176942.5,24,8472.0,6272.0,7372.604166666667,8472.0,176942.5,0.0,0.0,0,109774.5,49090.5,1947.5,3410.0,0.0,0.0,10874.5,1873.0,0.0,0.0,0.8702318421466793,0
2016-08-02,172892.0,24,8414.0,5960.0,7203.833333333333,8414.0,172892.0,0.0,0.0,0,109292.5,45853.0,1911.0,3091.5,0.0,0.0,10912.5,1938.0,0.0,0.0,0.8561722525948815,0
2016-08-03,180210.5,24,8477.0,6304.0,7508.770833333333,8477.0,180210.5,0.0,0.0,0,107662.0,53712.5,1959.0,4039.0,0.0,0.0,11116.0,1895.0,0.0,0.0,0.8857816247886438,0
2016-08-04,182051.0,24,8312.0,6610.0,7585.458333333333,8312.0,182051.0,0.0,0.0,0,108095.0,55121.0,1914.0,4163.0,0.0,0.0,11057.0,1905.0,0.0,0.0,0.9125912335579082,0
2016-08-05,168986.0,24,8322.0,5929.0,7041.083333333333,8322.0,168986.0,0.0,0.0,0,107061.0,42859.0,1976.5,4153.0,0.0,0.0,11221.0,1836.0,0.0,0.0,0.8460806697108066,0
2016-08-06,172968.0,24,8411.0,5993.0,7207.0,8411.0,172968.0,0.0,0.0,0,109683.0,44718.5,1963.5,3861.5,0.0,0.0,11240.5,1620.0,0.0,0.0,0.8568541196052788,0
2016-08-07,177636.5,24,8501.0,6175.0,7401.520833333333,8501.0,177636.5,0.0,0.0,0,109784.0,49329.0,1974.5,3986.0,0.0,0.0,11141.5,1656.0,0.0,0.0,0.8706647257185429,0
2016-08-08,180459.5,24,8431.0,6602.0,7519.145833333333,8431.0,180459.5,0.0,0.0,0,107841.0,54312.0,1894.5,4082.0,0.0,0.0,10630.0,1879.5,0.0,0.0,0.8918450757126477,0
2016-08-09,177036.0,24,8161.0,6519.0,7376.5,8161.0,177036.0,0.0,0.0,0,107413.0,51215.0,1957.0,4022.0,0.0,0.0,10792.5,1814.0,0.0,0.0,0.903872074500674,0
2016-08-10,150408.0,24,7682.0,4781.0,6267.0,7682.0,150408.0,0.0,0.0,0,99559.5,32732.5,1993.0,3670.5,0.0,0.0,10728.0,1827.0,0.0,0.0,0.8158031762561833,0
2016-08-11,161955.5,24,8165.0,5336.0,6748.145833333333,8165.0,161955.5,0.0,0.0,0,104487.0,38910.0,1840.0,3890.0,0.0,0.0,11010.0,1926.0,0.0,0.0,0.8264722392324964,0
2016-08-12,163360.0,24,8297.0,5658.0,6806.666666666667,8297.0,163360.0,0.0,0.0,0,104898.5,40297.5,1669.0,3931.0,0.0,0.0,10984.0,1733.0,0.0,0.0,0.8203768430356354,0
2016-08-13,179264.5,24,8395.0,6466.0,7469.354166666667,8395.0,179264.5,0.0,0.0,0,108814.0,52339.5,1659.0,3600.0,0.0,0.0,10997.5,1948.0,0.0,0.0,0.8897384355767323,0
2016-08-14,182209.0,24,8418.0,6647.0,7592.041666666667,8418.0,182209.0,0.0,0.0,0,110273.0,53511.0,1652.5,4095.0,0.0,0.0,10563.5,1955.0,0.0,0.0,0.9018818800982022,0
2016-08-15,178205.0,24,8461.0,6425.0,7425.208333333333,8461.0,178205.0,0.0,0.0,0,113695.0,46413.5,1671.5,3964.5,0.0,0.0,10740.5,1850.0,0.0,0.0,0.8775804672418548,0
2016-08-16,175159.0,24,8034.0,6346.0,7298.291666666667,8034.0,175159.0,0.0,0.0,0,112886.5,44810.5,989.5,4004.5,0.0,0.0,10900.5,1629.0,0.0,0.0,0.9084256493237076,0
2016-08-17,169759.5,24,8073.0,6118.0,7073.3125,8073.0,169759.5,0.0,0.0,0,110715.0,42423.5,0.0,4120.0,0.0,0.0,10740.0,1913.0,0.0,0.0,0.8761690201907594,0
2016-08-18,177047.5,24,8572.0,6274.0,7376.979166666667,8572.0,177047.5,0.0,0.0,0,111106.5,47729.0,1666.0,4015.5,0.0,0.0,10765.0,1883.0,0.0,0.0,0.8605901967646602,0
2016-08-19,174814.5,24,8466.0,6384.0,7283.9375,8466.0,174814.5,0.0,0.0,0,103814.0,50731.0,3871.0,4029.5,0.0,0.0,10766.0,1870.0,0.0,0.0,0.8603753248287267,0
2016-08-20,184322.0,24,8504.0,6868.0,7680.083333333333,8504.0,184322.0,0.0,0.0,0,110472.5,53536.5,4048.0,4150.5,0.0,0.0,10092.5,1927.0,0.0,0.0,0.9031142207588585,0
2016-08-21,159405.0,24,8372.0,5134.0,6641.875,8372.0,159405.0,0.0,0.0,0,104353.0,35927.5,4081.5,3679.0,0.0,0.0,10099.0,1279.0,0.0,0.0,0.7933438843764931,0
2016-08-22,157431.5,24,8502.0,4923.0,6559.645833333333,8502.0,157431.5,0.0,0.0,0,100733.0,36938.5,4090.0,3937.0,0.0,0.0,10286.0,1667.0,0.0,0.0,0.7715415000392064,0
2016-08-23,180458.0,24,8680.0,6305.0,7519.083333333333,8680.0,180458.0,0.0,0.0,0,111102.0,49165.0,4034.0,4074.0,0.0,0.0,10204.5,1952.0,0.0,0.0,0.8662538402457757,0
2016-08-24,186713.5,24,8412.5,7014.0,7779.729166666667,8412.5,186713.5,0.0,0.0,0,110676.0,55400.5,4043.0,4275.5,0.0,0.0,10373.5,2019.0,0.0,0.0,0.9247820703318475,0
2016-08-25,178891.0,24,8150.0,6331.0,7453.791666666667,8150.0,178891.0,0.0,0.0,0,101504.5,57654.5,3608.0,3952.0,0.0,0.0,10353.5,1879.0,0.0,0.0,0.9145756646216769,0
2016-08-26,164379.0,24,8477.0,5678.0,6849.125,8477.0,164379.0,0.0,0.0,0,100943.5,46159.0,1627.0,3963.5,0.0,0.0,10207.5,1570.0,0.0,0.0,0.80796567181786,0
2016-08-27,181476.0,24,8569.0,6453.0,7561.5,8569.0,181476.0,0.0,0.0,0,108967.0,54525.0,2020.0,4067.0,0.0,0.0,10468.5,1630.0,0.0,0.0,0.8824250204224531,0
2016-08-28,185130.66666666666,24,8480.0,6615.0,7713.777777777777,8480.0,185130.66666666666,0.0,0.0,0,106282.16666666667,60522.0,2011.8333333333333,3967.8333333333335,0.0,0.0,10706.0,1764.0,0.0,0.0,0.9096436058700209,0
2016-08-29,187227.33333333334,24,8602.0,6824.0,7801.13888888889,8602.0,187227.33333333334,0.0,0.0,0,110034.33333333333,56631.0,3759.6666666666665,4081.6666666666665,0.0,0.0,10755.0,1958.0,0.0,0.0,0.9068982665529981,0
2016-08-30,188363.0,24,8719.0,6881.0,7848.458333333333,8719.0,188363.0,0.0,0.0,0,109640.0,57905.5,4008.0,4099.5,0.0,0.0,10847.0,1988.0,0.0,0.0,0.9001557900370837,0
2016-08-31,187206.0,24,8495.0,6821.0,7800.25,8495.0,187206.0,0.0,0.0,0,109840.5,56291.5,4089.5,4163.5,0.0,0.0,10986.5,1939.0,0.0,0.0,0.9182165979988228,0
2016-09-01,182489.5,24,8482.0,6551.0,7603.729166666667,8482.0,182389.5,0.0,0.0,0,108947.0,52646.5,3993.5,4194.5,0.0,0.0,11058.0,1761.0,0.0,0.0,0.8964547473080249,0
2016-09-02,172978.0,24,8253.0,6117.0,7207.416666666667,8253.0,172978.0,0.0,0.0,0,98600.0,53422.0,3874.0,4197.5,0.0,0.0,11046.0,1926.0,0.0,0.0,0.8733086958277798,0
2016-09-03,176842.5,24,8220.0,6089.0,7368.4375,8220.0,176842.5,0.0,0.0,0,104863.5,51106.0,4065.5,4124.0,0.0,0.0,10913.0,1827.0,0.0,0.0,0.8964035888077859,0
2016-09-04,180421.0,24,8224.0,6606.0,7517.541666666667,8224.0,180421.0,0.0,0.0,0,106751.5,52884.0,4052.0,4256.5,0.0,0.0,10990.0,1818.0,0.0,0.0,0.914097965304799,0
2016-09-05,179884.5,24,8409.0,6528.0,7495.1875,8409.0,179884.5,0.0,0.0,0,105598.5,53646.5,4054.5,3905.5,0.0,0.0,10992.0,1841.0,0.0,0.0,0.8913292305862766,0
2016-09-06,179915.0,24,8325.0,6342.0,7496.458333333333,8325.0,179915.0,0.0,0.0,0,106305.0,52728.0,4075.0,4192.0,0.0,0.0,10942.5,1839.0,0.0,0.0,0.9004754754754755,0
2016-09-07,181663.0,24,8566.0,6695.0,7569.291666666667,8566.0,181663.0,0.0,0.0,0,105690.5,54681.0,4060.5,4175.0,0.0,0.0,11034.5,2132.0,0.0,0.0,0.8836436687679975,0
2016-09-08,186451.0,24,8890.0,6664.0,7768.791666666667,8890.0,186451.0,0.0,0.0,0,112864.5,52618.5,3955.0,3997.0,0.0,0.0,10736.5,1975.0,0.0,0.0,0.8738798275215598,0
2016-09-09,178518.5,24,8653.0,6429.0,7438.270833333333,8653.0,178518.5,0.0,0.0,0,106240.0,51266.0,4021.5,4209.0,0.0,0.0,11245.5,1826.0,0.0,0.0,0.8596175700142532,0
2016-09-10,176646.5,24,8313.5,6496.0,7360.270833333333,8313.5,176646.5,0.0,0.0,0,111495.0,44111.0,3998.5,4189.0,0.0,0.0,11104.0,1854.0,0.0,0.0,0.885339608267677,0
2016-09-11,166481.0,24,8121.0,6120.0,6936.708333333333,8121.0,166481.0,0.0,0.0,0,115693.5,29736.5,4002.0,4094.5,0.0,0.0,11106.5,1902.0,0.0,0.0,0.8541692320321799,0
2016-09-12,149295.5,24,7593.0,5234.0,6220.645833333333,7593.0,149295.5,0.0,0.0,0,109369.5,19700.0,3956.5,4015.5,0.0,0.0,11148.0,1713.0,0.0,0.0,0.8192606128451644,0
2016-09-13,135864.5,24,7345.0,4317.0,5661.020833333333,7345.0,135864.5,0.0,0.0,0,100504.0,15376.0,4015.0,4116.0,0.0,0.0,10352.0,1838.0,0.0,0.0,0.7707312230542319,0
2016-09-14,143629.0,24,7461.0,5046.0,5984.541666666667,7461.0,143629.0,0.0,0.0,0,105795.0,17470.0,4014.0,4051.0,0.0,0.0,10513.0,1844.0,0.0,0.0,0.8021098601617299,0
2016-09-15,153285.0,24,7679.0,5316.0,6386.875,7679.0,153285.0,0.0,0.0,0,108645.5,24058.5,4082.5,3647.5,0.0,0.0,11091.5,1881.0,0.0,0.0,0.8317326474801406,0
2016-09-16,147768.6,23,7716.0,5368.0,6424.721739130435,7716.0,142588.5,0.0,0.0,0,103464.5,24536.8,3831.4,3579.1,0.0,0.0,10581.2,1887.2,0.0,0.0,0.832649266346609,0
2016-09-17,161973.5,24,7945.0,5916.0,6748.895833333333,7945.0,161973.5,0.0,0.0,0,110450.0,30813.5,3925.0,3801.0,0.0,0.0,11100.5,1984.0,0.0,0.0,0.8494519614013005,0
2016-09-18,167873.5,24,8082.0,5908.0,6994.729166666667,8082.0,167873.5,0.0,0.0,0,109356.5,37894.5,3919.0,3792.0,0.0,0.0,11313.0,1838.0,0.0,0.0,0.8654700775385631,0
2016-09-19,170707.5,24,8204.0,6031.0,7112.8125,8204.0,170707.5,0.0,0.0,0,108727.0,41004.0,4077.5,3972.0,0.0,0.0,11022.0,2055.0,0.0,0.0,0.8669932350073135,0
2016-09-20,168035.5,24,8285.0,5196.0,7001.479166666667,8285.0,168108.5,0.0,0.0,0,105156.5,42643.5,3948.5,3356.0,0.0,0.0,11126.0,2018.0,0.0,0.0,0.8450789579561456,0
2016-09-21,173106.5,24,8210.0,6101.0,7212.770833333333,8210.0,170300.0,0.0,0.0,0,104830.0,47489.5,3937.0,4063.0,0.0,0.0,10857.0,1997.0,0.0,0.0,0.8785348152659358,0
2016-09-22,174201.5,24,8401.0,6094.0,7258.395833333333,8401.0,174201.5,0.0,0.0,0,113450.5,39934.5,3888.5,4014.0,0.0,0.0,11022.0,1988.0,0.0,0.0,0.8639918858866008,0
2016-09-23,165622.0,24,8085.0,5918.0,6900.916666666667,8085.0,165622.0,0.0,0.0,0,108523.0,36672.0,3509.5,3880.5,0.0,0.0,10931.5,1916.0,0.0,0.0,0.8535456606885179,0
2016-09-24,174361.5,24,8790.0,6206.0,7265.0625,8790.0,174361.5,0.0,0.0,0,118532.0,35525.5,3223.5,4199.0,0.0,0.0,11003.5,1965.0,0.0,0.0,0.8265145051194539,0
2016-09-25,176752.5,24,8484.0,6374.0,7364.6875,8484.0,176752.5,0.0,0.0,0,121530.0,34524.0,3948.5,3893.5,0.0,0.0,11001.5,1953.0,0.0,0.0,0.8680678335690712,0
2016-09-26,174367.0,24,8660.0,6174.0,7265.291666666667,8660.0,174367.0,0.0,0.0,0,112165.0,41434.0,3956.5,3987.5,0.0,0.0,10989.5,1971.0,0.0,0.0,0.8389482294072363,0
2016-09-27,181020.0,24,8700.0,6306.0,7542.5,8700.0,181020.0,0.0,0.0,0,116384.5,43676.0,3925.0,4065.0,0.0,0.0,10956.0,2006.0,0.0,0.0,0.8669540229885058,0
2016-09-28,182530.5,24,8628.0,6306.0,7605.4375,8628.0,182530.5,0.0,0.0,0,111522.5,50649.5,4044.5,4110.0,0.0,0.0,10439.0,1765.0,0.0,0.0,0.8814832522021326,0
2016-09-29,182487.5,24,8855.0,6441.0,7603.645833333333,8855.0,182487.5,0.0,0.0,0,106959.0,55885.5,4047.0,3688.5,0.0,0.0,9822.5,2030.0,0.0,0.0,0.8586838885751928,0
2016-09-30,177693.5,24,8694.0,6210.0,7403.895833333333,8694.0,177693.5,0.0,0.0,0,120198.5,40639.0,4014.5,4002.0,0.0,0.0,7050.5,1870.0,0.0,0.0,0.8516098267004064,0
2016-10-01,182261.0,24,8606.0,6305.0,7594.208333333333,8606.0,182293.0,0.0,0.0,0,111116.0,50765.0,4022.5,4500.5,0.0,0.0,10174.0,2105.0,0.0,0.0,0.8824318305058486,0
2016-10-02,189686.0,24,8789.0,6975.0,7903.583333333333,8789.0,189686.0,0.0,0.0,0,113851.0,54595.5,3903.5,4895.5,0.0,0.0,10125.0,2017.0,0.0,0.0,0.8992585428755642,0
2016-10-03,188500.5,24,8692.0,6754.0,7854.1875,8692.0,188500.5,0.0,0.0,0,115633.0,51959.5,3659.5,5041.5,0.0,0.0,10297.0,2033.0,0.0,0.0,0.9036110791532443,0
2016-10-04,186640.5,24,8681.0,6860.0,7776.6875,8681.0,186576.5,0.0,0.0,0,113608.5,51087.5,4041.5,4930.0,0.0,0.0,10536.5,1963.0,0.0,0.0,0.8958285335790808,0
2016-10-05,185016.5,24,8784.0,6528.0,7709.020833333333,8784.0,185016.5,0.0,0.0,0,113857.5,49309.5,3992.5,5045.5,0.0,0.0,11004.0,1933.0,0.0,0.0,0.8776207688221007,0
2016-10-06,185988.0,24,8704.0,6651.0,7749.5,8704.0,185988.0,0.0,0.0,0,117337.5,47101.5,3827.5,4622.0,0.0,0.0,11163.0,2033.0,0.0,0.0,0.8903377757352942,0
2016-10-07,173408.0,24,8614.0,6000.0,7225.333333333333,8614.0,173408.0,0.0,0.0,0,114226.5,39895.0,3759.0,4361.5,0.0,0.0,9432.0,1868.0,0.0,0.0,0.8387895673709465,0
2016-10-08,181108.0,24,8804.0,6380.0,7546.166666666667,8804.0,181108.0,0.0,0.0,0,123079.0,39606.0,3651.5,3708.5,0.0,0.0,9216.0,1829.0,0.0,0.0,0.8571293351506891,0
2016-10-09,184332.0,24,8840.0,6414.0,7680.5,8840.0,184373.5,90.0,90.0,1,123278.5,42884.5,3986.5,3284.5,0.0,0.0,9271.0,1931.0,0.0,0.0,0.8688348416289593,1
2016-10-10,178511.5,24,8593.0,6433.0,7437.979166666667,8593.0,178511.5,0.0,0.0,0,119133.5,41250.5,3860.5,3255.0,0.0,0.0,9150.5,1824.0,0.0,0.0,0.8655858450676908,0
2016-10-11,158599.5,24,7833.0,5649.0,6608.3125,7833.0,158599.5,0.0,0.0,0,109374.0,29754.0,3814.5,3226.0,0.0,0.0,11073.0,1471.0,0.0,0.0,0.8436502617132644,0
2016-10-12,153615.5,24,8105.0,5095.0,6400.645833333333,8105.0,153615.5,0.0,0.0,0,105706.0,29370.0,2144.0,4117.0,0.0,0.0,11048.0,1295.0,0.0,0.0,0.78971571046679,0
2016-10-13,166269.5,24,8198.0,5620.0,6927.895833333333,8198.0,166269.5,0.0,0.0,0,110053.5,37076.5,2088.5,4358.0,0.0,0.0,11092.5,1705.0,0.0,0.0,0.8450714605188256,0
2016-10-14,157214.0,24,7993.0,5450.0,6550.583333333333,7993.0,157214.0,0.0,0.0,0,109884.5,28608.5,2074.0,4155.0,0.0,0.0,11055.5,1579.0,0.0,0.0,0.8195400141790733,0
2016-10-15,165100.5,24,8568.0,5570.0,6879.1875,8568.0,165100.5,0.0,0.0,0,112505.0,33541.5,2059.0,4221.5,0.0,0.0,11123.0,1785.0,0.0,0.0,0.8028930322128851,0
2016-10-16,176166.5,24,8630.0,6004.0,7340.270833333333,8630.0,176166.5,0.0,0.0,0,112625.5,43762.5,1754.0,4190.5,0.0,0.0,12002.5,1924.0,0.0,0.0,0.8505528196214754,0
2016-10-17,178158.5,24,8609.0,6204.0,7423.270833333333,8609.0,178158.5,0.0,0.0,0,111482.0,46047.0,2664.0,4075.0,0.0,0.0,11931.5,1965.0,0.0,0.0,0.8622686529600805,0
2016-10-18,183581.5,24,8694.0,6542.0,7649.229166666667,8694.0,183581.5,0.0,0.0,0,112364.0,49240.0,4085.0,4095.0,0.0,0.0,11796.0,2062.0,0.0,0.0,0.879828521585768,0
2016-10-19,184953.0,24,8760.0,6507.0,7706.375,8760.0,184953.0,0.0,0.0,0,113321.5,49598.5,4114.5,4054.0,0.0,0.0,11923.0,2012.0,0.0,0.0,0.8797231735159817,0
2016-10-20,181838.0,24,8640.0,6426.0,7576.583333333333,8640.0,181838.0,0.0,0.0,0,109740.5,50183.0,3927.0,4177.0,0.0,0.0,11969.5,1962.0,0.0,0.0,0.8769193672839506,0
2016-10-21,165082.0,24,8275.0,5686.0,6878.416666666667,8275.0,165082.5,0.0,0.0,0,108788.0,36077.5,3543.0,4204.0,0.0,0.0,10945.0,1658.0,0.0,0.0,0.8312286002014099,0
2016-10-22,168384.5,24,8649.0,5717.0,7016.020833333333,8649.0,168384.5,0.0,0.0,0,112349.0,34525.0,4023.5,3865.0,0.0,0.0,11986.5,1722.0,0.0,0.0,0.8111944540794697,0
2016-10-23,169746.0,24,8544.0,5739.0,7072.75,8544.0,169746.0,0.0,0.0,0,112242.0,35651.5,4071.0,4145.0,0.0,0.0,11998.0,1738.0,0.0,0.0,0.8278031367041199,0
2016-10-24,169321.0,24,8676.0,5733.0,7055.041666666667,8676.0,169212.0,0.0,0.0,0,114287.16666666667,33196.0,4021.5,4051.5,0.0,0.0,12088.333333333334,1640.6666666666667,0.0,0.0,0.8131675503304134,0
2016-10-25,171830.0,24,8720.0,5827.0,7159.583333333333,8720.0,171775.5,0.0,0.0,0,115576.33333333333,34585.0,3770.0,4135.0,0.0,0.0,12219.666666666666,1661.3333333333333,0.0,0.0,0.8210531345565749,0
2016-10-26,176248.0,24,8850.0,6130.0,7343.666666666667,8850.0,176248.0,0.0,0.0,0,115053.0,38985.5,4032.5,4256.0,0.0,0.0,12193.0,1834.0,0.0,0.0,0.8297928436911488,0
2016-10-27,164748.5,24,8214.0,5640.0,6864.520833333333,8214.0,164748.5,0.0,0.0,0,107542.0,35702.0,3994.0,4277.5,0.0,0.0,11670.5,1700.0,0.0,0.0,0.835709865270676,0
2016-10-28,147337.5,24,7527.0,5213.0,6139.0625,7527.0,147337.5,0.0,0.0,0,104125.0,23818.5,3971.0,4132.0,0.0,0.0,10549.0,1225.0,0.0,0.0,0.8156054869137771,0
2016-10-29,156766.0,24,8319.0,5318.0,6531.916666666667,8319.0,156766.0,0.0,0.0,0,105190.5,31007.5,4037.5,4017.5,0.0,0.0,10968.0,1586.0,0.0,0.0,0.7851805104780223,0
2016-10-30,162910.0,24,8398.0,5580.0,6787.916666666667,8398.0,162930.0,18.0,18.0,1,105673.0,36394.5,4053.0,3840.0,0.0,0.0,11345.0,1688.0,0.0,0.0,0.8082777645471144,1
2016-10-31,170049.5,24,8522.0,5766.0,7085.395833333333,8522.0,170049.5,0.0,0.0,0,109375.5,39392.5,4036.5,4122.0,0.0,0.0,11318.0,1791.0,0.0,0.0,0.8314240592975045,0
2016-11-01,173303.5,24,8484.0,6045.0,7220.979166666667,8484.0,173303.5,0.0,0.0,0,108720.0,43736.5,3994.5,3919.0,0.0,0.0,11294.0,1939.0,0.0,0.0,0.8511290861228981,0
2016-11-02,174320.0,24,8468.0,6006.0,7263.333333333333,8468.0,174320.0,0.0,0.0,0,109096.5,43623.0,4076.0,4118.0,0.0,0.0,11282.0,1837.0,0.0,0.0,0.8577389387498031,0
2016-11-03,175481.0,24,8458.0,6149.0,7311.708333333333,8458.0,175481.0,0.0,0.0,0,110354.0,43758.0,4088.5,4043.5,0.0,0.0,11531.0,1799.0,0.0,0.0,0.8644724915267596,0
2016-11-04,146899.0,24,7589.5,4840.0,6120.791666666667,7589.5,144827.5,0.0,0.0,0,100377.0,26114.0,4075.5,3338.0,0.0,0.0,11705.0,1492.0,0.0,0.0,0.8064815424819378,0
2016-11-05,134540.5,24,6583.0,5000.0,5605.854166666667,6583.0,134540.5,0.0,0.0,0,95965.5,18590.0,4065.0,2926.0,0.0,0.0,11321.0,1311.0,0.0,0.0,0.8515652691275508,0
2016-11-07,133716.0,24,7536.0,4360.0,5571.5,7536.0,133716.0,0.0,0.0,0,93832.5,20341.0,4112.0,3306.0,0.0,0.0,10712.0,1340.0,0.0,0.0,0.7393179405520169,0
2016-11-08,137510.5,24,7598.0,4505.0,5729.604166666667,7598.0,137500.5,0.0,0.0,0,96030.0,21497.5,4108.0,3834.0,0.0,0.0,11219.0,1547.0,0.0,0.0,0.7540937308063526,0
2016-11-09,138888.5,24,7630.0,4508.0,5787.020833333333,7630.0,138883.5,0.0,0.0,0,98588.0,21457.5,3221.0,3773.0,0.0,0.0,10685.5,1312.0,0.0,0.0,0.7584562035823503,0
2016-11-10,139759.5,24,7615.0,4698.0,5823.3125,7615.0,139759.5,0.0,0.0,0,99718.0,21511.5,1973.0,3756.5,0.0,0.0,12114.0,1360.0,0.0,0.0,0.7647160210111622,0
2016-11-11,124017.5,24,6791.0,4438.0,5167.395833333333,6791.0,124017.5,0.0,0.0,0,95321.5,13211.0,1953.5,3887.0,0.0,0.0,8516.5,1195.0,0.0,0.0,0.7609182496441368,0
2016-11-12,133039.0,24,7485.0,4390.0,5543.291666666667,7485.0,133039.0,0.0,0.0,0,99799.0,17691.5,2003.5,3831.0,0.0,0.0,8485.5,1304.0,0.0,0.0,0.7405867290135828,0
2016-11-13,137792.5,24,7724.0,4359.0,5741.354166666667,7724.0,137792.5,0.0,0.0,0,100934.5,19472.5,1967.0,3752.5,0.0,0.0,10761.0,1357.0,0.0,0.0,0.7433135896771966,0
2016-11-15,136630.5,24,7555.0,4533.0,5692.9375,7555.0,136630.5,0.0,0.0,0,100961.5,18919.0,1868.5,3407.0,0.0,0.0,10553.0,1275.0,0.0,0.0,0.7535324288550629,0
2016-11-16,136700.5,24,7662.0,4498.0,5695.854166666667,7662.0,136700.5,0.0,0.0,0,99398.5,20413.0,2048.5,3254.5,0.0,0.0,10450.0,1311.0,0.0,0.0,0.7433899982598103,0
2016-11-17,136949.5,24,7572.0,4466.0,5706.229166666667,7572.0,136949.5,0.0,0.0,0,98579.5,19678.0,3920.0,3459.0,0.0,0.0,10470.5,1326.0,0.0,0.0,0.7535960336326819,0
2016-11-18,120519.5,24,6614.0,4312.0,5021.645833333333,6614.0,120519.5,0.0,0.0,0,95714.5,9385.0,3787.5,2248.5,0.0,0.0,8518.5,1086.5,0.0,0.0,0.7592449097873197,0
2016-11-19,130288.5,24,7464.0,4149.0,5428.6875,7464.0,130288.5,0.0,0.0,0,100660.5,13301.5,4175.0,2384.0,0.0,0.0,8860.0,1233.0,0.0,0.0,0.727316117363344,0
2016-11-20,134441.5,24,7462.0,4406.0,5601.729166666667,7462.0,134273.0,0.0,0.0,0,100101.5,16425.5,4085.5,2406.0,0.0,0.0,10828.5,1255.0,0.0,0.0,0.7507007728044314,0
2016-11-21,133993.0,24,7445.0,4365.0,5583.041666666667,7445.0,133993.0,0.0,0.0,0,100829.0,15030.0,4178.5,1942.0,0.0,0.0,10908.5,1256.0,0.0,0.0,0.7499048578464295,0
2016-11-22,133797.0,24,7366.0,4347.0,5574.875,7366.0,133797.0,0.0,0.0,0,101915.5,13361.0,4150.0,2411.0,0.0,0.0,10977.5,1227.0,0.0,0.0,0.7568388541949498,0
2016-11-23,133635.5,24,7418.0,4364.0,5568.145833333333,7418.0,133635.5,0.0,0.0,0,102670.0,13178.5,4144.5,1888.0,0.0,0.0,10552.5,1224.0,0.0,0.0,0.7506262919025792,0
2016-11-24,134742.5,24,7406.0,4418.0,5614.270833333333,7406.0,134742.5,0.0,0.0,0,98419.0,18161.0,4098.0,2328.5,0.0,0.0,11616.0,1232.0,0.0,0.0,0.7580705959132235,0
2016-11-25,119567.0,24,6723.0,4299.0,4981.958333333333,6723.0,119567.0,0.0,0.0,0,93209.5,11215.0,4067.5,1825.0,0.0,0.0,8672.5,1085.0,0.0,0.0,0.7410320293519758,0
2016-11-26,127268.5,24,7253.0,4129.0,5302.854166666667,7253.0,127268.5,0.0,0.0,0,95742.5,16216.5,3907.5,2082.5,0.0,0.0,8490.0,1186.0,0.0,0.0,0.7311256261776736,0
2016-11-27,132208.5,24,7451.0,4286.0,5508.6875,7451.0,132208.5,0.0,0.0,0,97814.0,16273.0,4022.5,2273.0,0.0,0.0,10883.5,1259.0,0.0,0.0,0.739321903100255,0
2016-11-28,132965.5,24,7486.0,4384.0,5540.229166666667,7486.0,132965.5,0.0,0.0,0,100347.5,14950.5,4009.5,1894.0,0.0,0.0,10973.0,1153.0,0.0,0.0,0.740078702466827,0
2016-11-29,134548.5,24,7504.0,4416.0,5606.1875,7504.0,134548.5,0.0,0.0,0,101936.5,15742.0,3044.5,1944.0,0.0,0.0,10976.0,1208.0,0.0,0.0,0.7470932169509595,0
2016-11-30,135870.5,24,7601.0,4341.0,5661.270833333333,7601.0,135870.5,0.0,0.0,0,101656.0,18008.0,2137.0,2143.0,0.0,0.0,10780.5,1274.0,0.0,0.0,0.7448060562206726,0
2016-12-01,134672.0,24,7550.0,4419.0,5611.333333333333,7550.0,134672.0,0.0,0.0,0,101288.5,17298.0,2109.5,2154.5,0.0,0.0,10519.5,1423.0,0.0,0.0,0.7432229580573951,0
2016-12-02,121869.0,24,6759.0,4391.0,5077.875,6759.0,121869.0,0.0,0.0,0,99285.5,9482.5,2107.0,1734.0,0.0,0.0,8208.0,1354.0,0.0,0.0,0.7512760763426543,0
2016-12-03,130867.0,24,7551.0,4200.0,5452.791666666667,7551.0,130867.0,0.0,0.0,0,101562.0,15634.0,2618.5,1793.5,0.0,0.0,7782.0,1450.0,0.0,0.0,0.7221284156623847,0
2016-12-04,135596.0,24,7642.0,4436.0,5649.833333333333,7642.0,135596.0,0.0,0.0,0,102865.0,14814.0,4213.0,1888.0,0.0,0.0,10344.5,1495.0,0.0,0.0,0.7393134432522027,0
2016-12-05,135314.0,24,7557.0,4456.0,5638.083333333333,7557.0,135206.5,0.0,0.0,0,99892.0,17811.5,4121.5,1742.5,0.0,0.0,10652.5,1522.0,0.0,0.0,0.7460742799170746,0
2016-12-06,133467.5,24,7549.0,4266.0,5561.145833333333,7549.0,133467.5,0.0,0.0,0,99836.5,16089.5,4003.5,1634.0,0.0,0.0,10407.5,1486.0,0.0,0.0,0.7366731796705965,0
2016-12-07,134546.5,24,7589.0,4247.0,5606.104166666667,7589.0,134546.5,0.0,0.0,0,97909.0,18635.0,4133.0,1896.0,0.0,0.0,10736.5,1516.0,0.0,0.0,0.7387144770940397,0
2016-12-08,134675.5,24,7499.0,4336.0,5611.479166666667,7499.0,134673.0,0.0,0.0,0,95563.0,21337.0,4151.5,1791.5,0.0,0.0,10548.5,1486.0,0.0,0.0,0.7482969951549095,0
2016-12-09,119908.0,24,6625.0,4244.0,4996.166666666667,6625.0,113220.5,0.0,0.0,0,93829.0,16179.0,4144.0,1784.0,0.0,0.0,2588.5,1405.0,0.0,0.0,0.7541383647798743,0
2016-12-10,125556.0,24,7267.0,3986.0,5231.5,7267.0,125473.5,0.0,0.0,0,97176.5,20933.0,4086.0,1830.5,0.0,0.0,0.0,1490.0,0.0,0.0,0.7198981698087243,0
2016-12-11,131044.0,24,7357.0,4205.0,5460.166666666667,7357.0,131044.0,0.0,0.0,0,97290.5,23211.0,4087.5,1657.0,0.0,0.0,3146.0,1677.0,0.0,0.0,0.7421729871777446,0
2016-12-12,131175.0,24,7459.0,4195.0,5465.625,7459.0,131175.0,0.0,0.0,0,95386.5,17701.5,4152.0,1778.5,0.0,0.0,10544.0,1708.0,0.0,0.0,0.7327557313312777,0
2016-12-13,124322.5,24,7056.0,4114.0,5180.104166666667,7056.0,124322.5,0.0,0.0,0,96772.5,12449.5,4075.5,1798.0,0.0,0.0,7706.5,1560.0,0.0,0.0,0.7341417469765684,0
2016-12-14,128286.0,24,7395.0,3949.0,5345.25,7395.0,128286.0,0.0,0.0,0,95908.5,15029.0,4010.0,1327.5,0.0,0.0,10358.5,1670.0,0.0,0.0,0.7228194726166328,0
2016-12-15,130538.5,24,7431.0,4062.0,5439.104166666667,7431.0,130538.5,0.0,0.0,0,97548.5,15460.0,4154.0,1462.0,0.0,0.0,10039.0,1642.0,0.0,0.0,0.7319478087291975,0
2016-12-16,111052.5,24,6224.0,3873.0,4627.1875,6224.0,111052.5,0.0,0.0,0,88587.5,10059.0,2133.5,1532.0,0.0,0.0,8173.0,1525.0,0.0,0.0,0.743442721722365,0
2016-12-17,121650.5,24,7172.0,3626.0,5068.770833333333,7172.0,121390.5,0.0,0.0,0,98039.0,11693.0,2043.0,1012.0,0.0,0.0,7409.0,1548.0,0.0,0.0,0.7067443995166387,0
2016-12-18,130467.0,24,7258.0,4202.0,5436.125,7258.0,130467.0,0.0,0.0,0,102871.0,12921.0,2031.5,820.0,0.0,0.0,10209.5,1697.0,0.0,0.0,0.7489838798567099,0
2016-12-19,129414.5,24,7304.0,4165.0,5392.270833333333,7304.0,129414.5,0.0,0.0,0,100323.5,14242.0,1990.5,943.0,0.0,0.0,10078.5,1680.0,0.0,0.0,0.7382627099306316,0
2016-12-20,129744.0,24,7362.0,4144.0,5406.0,7362.0,129744.0,0.0,0.0,0,100703.5,14683.0,2060.0,894.0,0.0,0.0,10180.5,1496.0,0.0,0.0,0.7343113284433578,0
2016-12-21,130652.5,24,7324.0,4147.0,5443.854166666667,7324.0,130652.5,0.0,0.0,0,101587.5,13477.5,2978.5,861.0,0.0,0.0,10262.0,1624.0,0.0,0.0,0.7432897551429092,0
2016-12-22,131195.5,24,7401.0,4164.0,5466.479166666667,7401.0,131195.5,0.0,0.0,0,99842.0,14465.5,4086.0,940.0,0.0,0.0,10165.5,1703.0,0.0,0.0,0.7386135882538396,0
2016-12-23,118683.0,24,6494.0,4247.0,4945.125,6494.0,118683.0,0.0,0.0,0,96728.0,7832.5,4103.0,906.0,0.0,0.0,7746.0,1561.0,0.0,0.0,0.7614913766553741,0
2016-12-24,127726.0,24,7305.0,4034.0,5321.916666666667,7305.0,127726.0,0.0,0.0,0,99384.5,14053.5,4134.0,949.0,0.0,0.0,7737.0,1664.0,0.0,0.0,0.7285306867442392,0
2016-12-25,131485.0,24,7371.0,4400.0,5478.541666666667,7371.0,131336.0,0.0,0.0,0,103770.5,13556.5,4076.5,894.0,0.0,0.0,7664.5,1690.0,0.0,0.0,0.7432562293673405,0
2016-12-26,133021.0,24,7405.0,4346.0,5542.541666666667,7405.0,133021.0,0.0,0.0,0,101362.0,14868.5,4040.0,813.0,0.0,0.0,10226.0,1728.0,0.0,0.0,0.7484863830744992,0
2016-12-27,131427.5,24,7385.0,4173.0,5476.145833333333,7385.0,130766.5,0.0,0.0,0,95981.5,18550.5,4059.0,964.0,0.0,0.0,10248.0,1718.0,0.0,0.0,0.7415227939517038,0
2016-12-28,131946.0,24,7495.0,4202.0,5497.75,7495.0,131946.0,0.0,0.0,0,95071.0,20766.5,3611.5,946.0,0.0,0.0,10411.5,1695.0,0.0,0.0,0.7335223482321548,0
2016-12-29,131430.5,24,7427.0,4243.0,5476.270833333333,7427.0,131430.5,0.0,0.0,0,96095.0,19935.0,2099.5,956.5,0.0,0.0,10822.5,1692.0,0.0,0.0,0.7373462815852071,0
2016-12-30,117510.5,24,6545.0,4212.0,4896.270833333333,6545.0,117510.5,0.0,0.0,0,93497.0,11096.0,2026.0,915.0,0.0,0.0,8162.0,1565.0,0.0,0.0,0.748093328240387,0
2016-12-31,125735.0,24,7291.0,3945.0,5238.958333333333,7291.0,125735.0,0.0,0.0,0,94634.0,18537.5,1977.5,997.0,0.0,0.0,8156.0,1639.0,0.0,0.0,0.7185514104146664,0
2017-01-01,129735.5,24,7294.0,4197.0,5405.645833333333,7294.0,129735.5,0.0,0.0,0,99346.0,16946.0,2025.5,902.0,0.0,0.0,9150.5,1694.0,0.0,0.0,0.7411085595466593,0
2017-01-02,129854.5,24,7328.0,4169.0,5410.604166666667,7328.0,129854.5,0.0,0.0,0,100640.0,15777.5,2046.5,965.0,0.0,0.0,8735.0,1703.0,0.0,0.0,0.7383466384643378,0
2017-01-03,131648.5,24,7371.0,4163.0,5485.354166666667,7371.0,131648.5,0.0,0.0,0,101359.0,18138.0,852.0,985.0,0.0,0.0,8869.5,1712.0,0.0,0.0,0.7441804594582373,0
2017-01-04,130615.5,24,7458.0,4210.0,5442.3125,7458.0,130615.5,0.0,0.0,0,102125.5,17343.0,0.0,935.0,0.0,0.0,8553.0,1783.0,0.0,0.0,0.7297281442746044,0
2017-01-05,133712.5,24,7373.0,4248.0,5571.354166666667,7373.0,133712.5,0.0,0.0,0,98672.5,22073.0,1813.0,941.0,0.0,0.0,8769.5,1688.0,0.0,0.0,0.7556427731814278,0
2017-01-06,119718.0,24,6514.0,4200.0,4988.25,6514.0,119075.0,0.0,0.0,0,93183.0,14260.0,2022.5,949.5,0.0,0.0,7674.5,1594.0,0.0,0.0,0.7657737181455327,0
2017-01-07,125537.0,24,7260.0,3771.0,5230.708333333333,7260.0,124971.0,0.0,0.0,0,95224.0,17470.0,3061.0,886.0,0.0,0.0,7684.0,1259.0,0.0,0.0,0.7204832415059688,0
2017-01-08,132355.5,24,7366.0,4191.0,5514.8125,7366.0,132355.5,0.0,0.0,0,98702.0,19493.0,2970.5,986.0,0.0,0.0,8863.0,1620.0,0.0,0.0,0.7486848357317404,0
2017-01-09,133117.5,24,7457.0,4195.0,5546.5625,7457.0,133117.5,0.0,0.0,0,99849.0,19826.5,2053.5,1039.0,0.0,0.0,8830.5,1660.0,0.0,0.0,0.7438061552903312,0
2017-01-10,132490.0,24,7438.0,4202.0,5520.416666666667,7438.0,132556.5,0.0,0.0,0,98138.5,20333.0,2681.0,972.0,0.0,0.0,8837.5,1712.5,0.0,0.0,0.7421910011651878,0
2017-01-11,134594.0,24,7553.0,4190.0,5608.083333333333,7553.0,134694.0,90.0,90.0,1,91294.0,27829.0,4165.0,1074.0,0.0,0.0,8800.0,1717.0,0.0,0.0,0.7424974623769804,1
2017-01-12,133799.0,24,7369.0,4310.0,5574.958333333333,7369.0,133743.5,0.0,0.0,0,99151.5,19291.0,4166.5,917.0,0.0,0.0,8821.0,1687.0,0.0,0.0,0.7565420455059483,0
2017-01-13,120223.5,24,6674.0,4239.0,5009.3125,6674.0,120228.5,0.0,0.0,0,97100.5,11743.0,3992.0,931.5,0.0,0.0,4969.5,1589.0,0.0,0.0,0.7505712466287084,0
2017-01-14,127288.0,24,7353.0,3926.0,5303.666666666667,7353.0,127288.0,0.0,0.0,0,97942.0,15413.5,3815.5,514.5,0.0,0.0,8070.0,1610.0,0.0,0.0,0.7212928963234961,0
2017-01-15,131371.0,24,7223.0,4246.0,5473.791666666667,7223.0,131371.0,0.0,0.0,0,101234.5,16930.5,2104.0,839.0,0.0,0.0,8654.0,1707.0,0.0,0.0,0.7578280031381236,0
2017-01-16,132981.5,24,7303.0,4242.0,5540.895833333333,7303.0,132981.5,0.0,0.0,0,102073.0,17367.0,2014.5,1208.0,0.0,0.0,8853.5,1730.0,0.0,0.0,0.7587150257884887,0
2017-01-17,138636.0,24,7526.0,4359.0,5776.5,7526.0,138964.0,0.0,0.0,0,103011.5,21015.0,2033.5,1780.0,0.0,0.0,9196.0,1823.0,0.0,0.0,0.767539197448844,0
2017-02-09,141776.0,23,7727.0,4861.0,6164.173913043478,7727.0,141776.0,0.0,0.0,0,93521.0,29888.0,3659.0,2230.0,0.0,0.0,10665.0,1930.0,0.0,0.0,0.7977447797390291,0
2017-02-10,131811.5,24,6955.0,4823.0,5492.145833333333,6955.0,131811.5,0.0,0.0,0,94374.5,20162.0,3963.5,1872.0,0.0,0.0,9676.5,1801.0,0.0,0.0,0.7896687035705727,0
2017-02-11,140635.0,24,7616.0,4485.0,5859.791666666667,7616.0,140635.0,0.0,0.0,0,98165.5,23811.5,3870.5,1881.0,0.0,0.0,11160.0,1914.0,0.0,0.0,0.769405418417367,0
2017-02-12,148049.0,24,7751.0,4732.0,6168.708333333333,7751.0,148049.0,0.0,0.0,0,99282.0,29750.5,3898.5,2050.0,0.0,0.0,11149.0,2031.0,0.0,0.0,0.7958596740205565,0
2017-02-13,148982.5,24,7806.0,4833.0,6207.604166666667,7806.0,148982.5,0.0,0.0,0,97584.5,32087.0,3884.0,2408.0,0.0,0.0,11072.0,1987.0,0.0,0.0,0.7952349688273977,0
2017-02-14,148759.0,24,7860.0,4827.0,6198.291666666667,7860.0,148759.0,0.0,0.0,0,98414.5,31099.0,3865.5,2295.0,0.0,0.0,11094.5,2001.0,0.0,0.0,0.7885867260390161,0
2017-02-15,149100.5,24,7806.0,5055.0,6212.520833333333,7806.0,149100.5,0.0,0.0,0,95128.5,36117.0,2939.0,2092.0,0.0,0.0,11021.0,1947.0,0.0,0.0,0.7958648262020668,0
2017-02-16,151230.5,24,7849.0,5020.0,6301.270833333333,7849.0,151230.5,0.0,0.0,0,96818.0,37321.5,1962.0,2241.5,0.0,0.0,10997.0,2023.0,0.0,0.0,0.8028119293328236,0
2017-02-17,137169.0,24,7137.0,5078.0,5715.375,7137.0,137169.0,0.0,0.0,0,91926.5,30107.0,1955.0,1795.5,0.0,0.0,9693.5,1754.0,0.0,0.0,0.8008091635140816,0
2017-02-18,145365.5,24,7775.0,4796.0,6056.895833333333,7775.0,145224.5,0.0,0.0,0,99436.5,28838.5,1965.5,1799.0,0.0,0.0,11861.5,2018.0,0.0,0.0,0.7790219721329046,0
2017-02-19,154870.5,24,8048.0,5178.0,6452.9375,8048.0,154870.5,0.0,0.0,0,103708.5,32926.5,2347.5,2050.5,0.0,0.0,11886.5,2045.0,0.0,0.0,0.8018063494035785,0
2017-02-20,155101.5,24,8042.0,5144.0,6462.5625,8042.0,154649.5,0.0,0.0,0,100096.5,35173.0,3841.5,2111.0,0.0,0.0,11902.5,2075.0,0.0,0.0,0.8036014051231037,0
2017-02-21,140817.5,24,7547.0,5019.0,5867.395833333333,7547.0,140817.5,0.0,0.0,0,100764.0,21079.0,3828.5,1830.0,0.0,0.0,11602.0,1900.0,0.0,0.0,0.7774474404840775,0
2017-02-22,156710.0,24,8285.0,5109.0,6529.583333333333,8285.0,156710.0,0.0,0.0,0,111119.0,27092.0,3834.0,1983.0,0.0,0.0,10673.0,2123.0,0.0,0.0,0.7881211023938844,0
2017-02-23,153357.5,24,8096.0,4808.0,6389.895833333333,8096.0,153357.5,0.0,0.0,0,105779.5,28315.0,3924.5,1926.0,0.0,0.0,11488.0,2046.0,0.0,0.0,0.7892657896903821,0
2017-02-24,139615.0,24,7266.0,5198.0,5817.291666666667,7266.0,139419.5,0.0,0.0,0,102390.5,18543.5,3951.0,2240.0,0.0,0.0,10748.5,1776.0,0.0,0.0,0.8006181759794477,0
2017-02-25,143916.5,24,7921.0,4768.0,5996.520833333333,7921.0,143916.5,0.0,0.0,0,101436.0,23348.0,3810.0,1974.0,0.0,0.0,11597.5,1851.0,0.0,0.0,0.7570408828851576,0
2017-02-26,150632.0,24,7759.0,4886.0,6276.333333333333,7759.0,150632.0,0.0,0.0,0,106989.0,26015.5,1953.0,1871.0,0.0,0.0,11916.0,1974.0,0.0,0.0,0.8089100829144649,0
2017-02-27,153158.0,24,7917.0,5085.0,6381.583333333333,7917.0,153158.0,0.0,0.0,0,109426.0,26256.0,1827.5,1920.0,0.0,0.0,11904.0,2025.0,0.0,0.0,0.8060607974401077,0
2017-02-28,154840.5,24,7912.0,5125.0,6451.6875,7912.0,154840.5,0.0,0.0,0,107380.0,29592.5,2265.5,2118.0,0.0,0.0,11622.5,1953.0,0.0,0.0,0.8154306749241659,0
2017-03-01,154906.5,24,7962.0,5211.0,6454.4375,7962.0,154906.5,0.0,0.0,0,105165.5,30988.0,3485.0,1936.0,0.0,0.0,11408.5,2003.0,0.0,0.0,0.8106553001758352,0
2017-03-02,157041.5,24,8281.0,5168.0,6543.395833333333,8281.0,157041.5,0.0,0.0,0,109918.5,27640.5,3761.0,1858.5,0.0,0.0,11878.0,2079.0,0.0,0.0,0.7901697661313045,0
2017-03-03,146612.0,24,7692.0,5213.0,6108.833333333333,7692.0,146612.0,0.0,0.0,0,107469.0,19952.5,3861.0,2019.0,0.0,0.0,11267.5,2030.0,0.0,0.0,0.7941801005373548,0
2017-03-04,152962.5,24,8139.0,5345.0,6373.4375,8139.0,152962.5,0.0,0.0,0,111427.0,21822.5,3919.5,1885.5,0.0,0.0,11905.0,2132.0,0.0,0.0,0.7830737805627227,0
2017-03-05,153527.5,24,7488.0,5379.0,6396.979166666667,7488.0,153527.5,0.0,0.0,0,106713.5,27261.5,3762.5,1864.0,0.0,0.0,12215.5,1823.0,0.0,0.0,0.854297431445869,0
2017-03-06,141433.5,24,8063.0,4115.0,5893.0625,8063.0,141433.5,0.0,0.0,0,97962.0,24624.5,3882.0,2332.0,0.0,0.0,11471.5,1294.0,0.0,0.0,0.7308771549051222,0
2017-03-07,159872.75,24,8209.0,5495.0,6661.364583333333,8209.0,159872.75,0.0,0.0,0,108496.25,30947.5,3937.5,2266.75,0.0,0.0,12268.25,2020.0,0.0,0.0,0.8114708957648109,0
2017-03-08,154807.75,24,7401.0,5601.0,6450.322916666667,7401.0,154807.75,0.0,0.0,0,106808.75,28258.5,3871.0,2107.75,0.0,0.0,12295.75,1607.0,0.0,0.0,0.8715474823222088,0
2017-03-09,151325.0,24,7904.0,4948.0,6305.208333333333,7904.0,151325.0,0.0,0.0,0,104171.5,26722.0,3787.0,2510.5,0.0,0.0,12267.5,1820.0,0.0,0.0,0.7977237263832658,0
2017-03-10,134102.5,24,6610.5,4503.0,5587.604166666667,6610.5,134102.5,0.0,0.0,0,96993.5,18547.5,3749.0,1978.5,0.0,0.0,11176.0,1742.0,0.0,0.0,0.8452619569876207,0
2017-03-11,124542.0,24,7248.0,3724.0,5189.25,7248.0,124542.0,0.0,0.0,0,90425.0,15389.5,3828.0,1947.5,0.0,0.0,11560.0,1510.0,0.0,0.0,0.7159561258278145,0
2017-03-12,146142.0,24,7983.0,4747.0,6089.25,7983.0,146142.0,0.0,0.0,0,104092.5,21764.0,3929.0,2325.5,0.0,0.0,12327.0,1848.0,0.0,0.0,0.7627771514468245,0
2017-03-13,146909.5,24,7890.0,5013.0,6121.229166666667,7890.0,146909.5,0.0,0.0,0,100793.0,26241.5,3974.0,1993.0,0.0,0.0,12300.5,1775.0,0.0,0.0,0.7758211871567385,0
2017-03-14,148356.5,24,7908.0,4996.0,6181.520833333333,7908.0,147388.5,0.0,0.0,0,104124.0,24487.0,3898.0,2012.0,0.0,0.0,12271.5,1705.0,0.0,0.0,0.7816794174675433,0
2017-03-15,149763.5,24,7780.0,5003.0,6240.145833333333,7780.0,149763.5,0.0,0.0,0,105165.5,26001.5,3144.5,1833.5,0.0,0.0,12005.0,1745.0,0.0,0.0,0.8020752999143101,0
2017-03-16,153379.0,24,7982.0,5059.0,6390.791666666667,7982.0,153930.5,0.0,0.0,0,99576.0,36157.5,1952.0,1886.5,0.0,0.0,12203.0,1756.0,0.0,0.0,0.8006504217823437,0
2017-03-17,143129.5,24,7549.0,5059.0,5963.729166666667,7549.0,142788.5,0.0,0.0,0,105593.0,20662.0,1927.0,1830.0,0.0,0.0,11809.0,1690.0,0.0,0.0,0.7900025389676337,0
2017-03-18,138455.0,24,7174.0,4697.0,5768.958333333333,7174.0,138455.0,0.0,0.0,0,102842.5,19361.5,1887.5,1825.0,0.0,0.0,11317.0,1479.0,0.0,0.0,0.8041480810333612,0
2017-03-19,152111.0,24,8026.0,5069.0,6337.958333333333,8026.0,151523.5,0.0,0.0,0,108525.5,25078.5,2828.0,1962.5,0.0,0.0,12231.0,1628.0,0.0,0.0,0.7896783370711853,0
2017-03-20,142300.5,24,7333.0,5099.0,5929.1875,7333.0,142300.5,0.0,0.0,0,102731.5,20184.5,3777.5,1962.0,0.0,0.0,12192.0,1679.0,0.0,0.0,0.8085623210145916,0
2017-03-21,137802.0,24,7867.0,4118.0,5741.75,7867.0,137802.0,0.0,0.0,0,98680.0,21086.5,3864.5,1850.0,0.0,0.0,11095.0,1583.0,0.0,0.0,0.7298525486208212,0
2017-03-22,153236.0,24,8116.0,5113.0,6384.833333333333,8116.0,153236.0,0.0,0.0,0,108337.0,25340.5,3842.5,1704.0,0.0,0.0,12208.5,1872.0,0.0,0.0,0.7866970593067192,0
2017-03-23,162254.0,24,8375.0,5450.0,6760.583333333333,8375.0,162254.0,0.0,0.0,0,111366.5,30915.0,3857.5,2018.0,0.0,0.0,12252.0,1999.0,0.0,0.0,0.8072338308457712,0
2017-03-24,154508.5,24,8112.0,5593.0,6437.854166666667,8112.0,154508.5,0.0,0.0,0,111573.0,24250.0,3811.0,1835.5,0.0,0.0,11085.5,1958.0,0.0,0.0,0.7936210757725182,0
2017-03-25,139220.5,24,7415.0,3614.0,5800.854166666667,7415.0,139220.5,0.0,0.0,0,101000.0,19975.0,3811.5,1286.0,0.0,0.0,11077.5,1908.0,0.0,0.0,0.7823134412227467,0
2017-03-26,142519.5,24,7868.0,4943.0,5938.3125,7868.0,142667.5,0.0,0.0,0,104457.5,19078.5,3851.5,2113.0,0.0,0.0,11132.5,1926.0,0.0,0.0,0.7547423106253177,0
2017-03-27,163696.0,24,8615.0,5562.0,6820.666666666667,8615.0,163696.0,0.0,0.0,0,113457.5,29733.5,3716.0,2561.0,0.0,0.0,12118.0,2236.0,0.0,0.0,0.7917198684465081,0
2017-03-28,169029.5,24,8737.0,6084.0,7042.895833333333,8737.0,169029.5,0.0,0.0,0,113522.0,34915.0,3794.0,2429.5,0.0,0.0,12052.0,2291.0,0.0,0.0,0.8061000152607684,0
2017-03-29,163329.5,24,8027.0,5819.0,6805.395833333333,8027.0,163329.5,0.0,0.0,0,111446.0,32166.5,3723.5,2109.5,0.0,0.0,11991.0,2133.0,0.0,0.0,0.8478131099206844,0
2017-03-30,160791.0,24,8291.0,5367.0,6699.625,8291.0,160739.5,0.0,0.0,0,107104.0,38099.5,3747.0,2543.5,0.0,0.0,9338.5,2051.0,0.0,0.0,0.8080599445181522,0
2017-03-31,162491.0,24,8183.0,5803.0,6770.458333333333,8394.0,160167.5,0.0,0.0,0,103004.0,43493.5,3795.0,2729.5,0.0,0.0,7295.0,2284.0,0.0,0.0,0.8273809523809523,0
2017-04-02,179674.0,24,8410.0,6579.0,7486.416666666667,8410.0,179674.0,0.0,0.0,0,117718.5,41172.0,3735.5,2389.0,0.0,0.0,12093.5,2643.0,0.0,0.0,0.8901803408640507,0
2017-04-03,165276.5,24,7810.5,5696.0,6886.520833333333,7810.5,165270.5,0.0,0.0,0,109283.0,35654.0,3739.0,2574.5,0.0,0.0,11933.0,2271.0,0.0,0.0,0.8817003819644496,0
2017-04-04,149685.0,24,8165.0,4767.0,6236.875,8165.0,149685.0,0.0,0.0,0,104209.0,26592.5,3838.0,2638.0,0.0,0.0,10991.5,1473.0,0.0,0.0,0.7638548683404777,0
2017-04-05,150995.0,24,7139.5,5007.0,6291.458333333333,7139.5,150943.5,0.0,0.0,0,106549.5,24934.5,3876.0,2474.5,0.0,0.0,11951.0,1341.0,0.0,0.0,0.8812183392861311,0
2017-04-06,158688.0,24,8546.0,5181.0,6612.0,8546.0,158688.0,0.0,0.0,0,106524.0,32343.5,3584.0,2620.5,0.0,0.0,11975.5,1771.0,0.0,0.0,0.7736952960449333,0
2017-04-07,163624.5,24,8263.0,5880.0,6817.6875,8263.0,163600.5,0.0,0.0,0,109613.5,35682.5,1901.5,2458.5,0.0,0.0,11849.0,2143.0,0.0,0.0,0.8250862277623139,0
2017-04-08,181288.0,24,8323.0,6507.0,7553.666666666667,8323.0,181288.0,0.0,0.0,0,112740.0,49928.0,1885.0,2703.5,0.0,0.0,11795.0,2295.0,0.0,0.0,0.9075653810725299,0
2017-04-09,181028.5,24,8685.0,6428.0,7542.854166666667,8685.0,181028.5,0.0,0.0,0,111859.0,50895.0,1672.0,2595.0,0.0,0.0,11857.0,2289.0,0.0,0.0,0.8684921320284015,0
2017-04-10,191794.0,24,8931.0,7181.0,7991.416666666667,8931.0,191794.0,0.0,0.0,0,113779.0,59751.0,1604.0,2617.0,0.0,0.0,11923.5,2232.0,0.0,0.0,0.8947952823498675,0
2017-04-11,190948.5,24,8812.0,7081.0,7956.1875,8812.0,190948.5,0.0,0.0,0,111551.0,60948.5,1737.0,2569.5,0.0,0.0,11850.0,2354.0,0.0,0.0,0.9028810145256468,0
2017-04-12,190912.5,24,8807.0,7053.0,7954.6875,8807.0,190912.5,0.0,0.0,0,113074.5,59404.5,1676.0,2611.0,0.0,0.0,11907.0,2374.0,0.0,0.0,0.9032232882934029,0
2017-04-13,193770.0,24,8834.0,7012.0,8073.75,8834.0,193770.0,0.0,0.0,0,114449.5,60625.0,1630.5,2122.5,0.0,0.0,11962.5,3103.0,0.0,0.0,0.9139404573239756,0
2017-04-14,178634.5,24,8642.5,6563.0,7443.104166666667,8642.5,178634.5,0.0,0.0,0,114116.0,45491.5,1615.0,2832.5,0.0,0.0,11868.0,2869.0,0.0,0.0,0.8612211937132389,0
2017-04-15,174497.0,24,8146.0,6361.0,7270.708333333333,8146.0,174497.0,0.0,0.0,0,112169.5,43990.0,818.0,2867.0,0.0,0.0,11680.5,2977.0,0.0,0.0,0.8925495130534413,0
2017-04-16,158551.5,24,8470.0,5190.0,6606.3125,8470.0,158551.5,0.0,0.0,0,107377.0,33071.0,745.0,2424.5,0.0,0.0,11940.0,2660.0,0.0,0.0,0.7799660566706021,0
2017-04-17,178513.5,24,9100.0,6022.0,7438.0625,9100.0,178513.5,0.0,0.0,0,117594.5,40719.5,3598.5,2430.0,0.0,0.0,11826.5,2746.0,0.0,0.0,0.8173695054945055,0
2017-04-18,191977.5,24,9212.0,6750.0,7999.0625,9212.0,191977.5,0.0,0.0,0,122242.0,48487.5,3796.0,2757.5,0.0,0.0,11715.5,3048.0,0.0,0.0,0.8683307099435519,0
2017-04-19,163154.0,24,8825.0,3320.0,6798.083333333333,8825.0,163154.0,0.0,0.0,0,103649.5,40570.5,3789.0,2814.0,0.0,0.0,10458.0,2386.0,0.0,0.0,0.7703210576015108,0
2017-04-20,136151.5,24,8158.0,3687.0,5672.979166666667,8158.0,136151.5,0.0,0.0,0,90959.0,27391.5,3861.0,1746.0,0.0,0.0,10580.0,1793.0,0.0,0.0,0.6953884734820627,0
2017-04-21,133144.0,24,7009.0,4815.0,5547.666666666667,7009.0,133144.0,0.0,0.0,0,93171.0,20764.0,3751.0,1998.0,0.0,0.0,11660.5,1922.0,0.0,0.0,0.7915061587482761,0
2017-04-22,117135.5,24,6133.0,3695.0,4880.645833333333,6133.0,117135.5,0.0,0.0,0,88271.0,15998.0,1908.5,966.0,0.0,0.0,8652.0,1612.0,0.0,0.0,0.7958007228653731,0
2017-04-23,130194.0,24,7432.0,4190.0,5424.75,7432.0,130318.0,0.0,0.0,0,96584.5,17903.0,1977.0,1828.5,0.0,0.0,10205.0,1837.0,0.0,0.0,0.7299179224973089,0
2017-04-24,116588.5,24,7160.0,3892.0,4857.854166666667,7160.0,116524.0,0.0,0.0,0,86063.0,16481.0,1957.0,1911.0,0.0,0.0,8805.0,1667.0,0.0,0.0,0.6784712523277467,0
2017-04-25,144208.5,24,7921.0,4544.0,6008.6875,7921.0,144208.5,0.0,0.0,0,98523.5,26895.0,2475.0,2356.0,0.0,0.0,11953.5,2121.0,0.0,0.0,0.7585768842317889,0
2017-04-26,161487.5,24,8637.0,5336.0,6728.645833333333,8637.0,161487.5,0.0,0.0,0,101453.0,39560.0,3755.5,2833.0,0.0,0.0,11876.5,2170.0,0.0,0.0,0.7790489560418354,0
2017-04-27,181786.5,24,8654.0,6361.0,7574.4375,8654.0,181786.5,0.0,0.0,0,117164.0,44576.0,2009.0,3219.5,0.0,0.0,11848.5,3048.0,0.0,0.0,0.8752527732840305,0
2017-04-28,169740.5,24,8463.0,6059.0,7072.520833333333,8463.0,169740.5,0.0,0.0,0,115474.0,34389.5,1967.5,3436.0,0.0,0.0,11938.5,2638.0,0.0,0.0,0.8356990231990231,0
2017-04-29,164512.5,24,7976.0,5873.0,6854.6875,7976.0,164512.5,0.0,0.0,0,105901.5,38543.5,2067.5,3633.5,0.0,0.0,11898.0,2734.0,0.0,0.0,0.8594141800401204,0
2017-04-30,164710.5,24,8735.0,4747.0,6862.9375,8735.0,164710.5,0.0,0.0,0,108869.5,33910.5,3806.5,3568.5,0.0,0.0,11932.0,2880.0,0.0,0.0,0.7856825987406983,0
2017-05-01,124250.0,24,6964.0,4141.0,5177.083333333333,6964.0,124250.0,0.0,0.0,0,85312.0,18074.5,3844.0,3074.0,0.0,0.0,11691.0,2613.0,0.0,0.0,0.7434065671070266,0
2017-05-02,130567.5,24,7722.0,3519.0,5440.3125,7722.0,130567.5,0.0,0.0,0,91278.5,26823.5,1925.5,2557.0,0.0,0.0,8405.0,2252.0,0.0,0.0,0.7045211732711733,0
2017-05-03,179375.0,24,8682.0,6257.0,7473.958333333333,8682.0,179375.0,0.0,0.0,0,114808.5,46735.0,317.0,3364.5,0.0,0.0,11305.5,2837.0,0.0,0.0,0.8608567534362281,0
2017-05-05,160419.0,23,8284.0,5854.0,6974.739130434783,8284.0,160419.0,0.0,0.0,0,105580.0,39199.0,3739.0,2427.0,0.0,0.0,7421.0,2296.0,0.0,0.0,0.8419530577540781,0
2017-05-06,176800.5,24,8685.0,6297.0,7366.6875,8685.0,176800.5,0.0,0.0,0,115068.5,40797.0,3856.5,2867.5,0.0,0.0,11447.5,2830.0,0.0,0.0,0.8482081174438687,0
2017-05-07,178054.0,24,8717.0,5884.0,7418.916666666667,8717.0,178054.0,0.0,0.0,0,114091.5,44862.0,1920.5,2980.0,0.0,0.0,11519.5,2763.0,0.0,0.0,0.8510860005353524,0
2017-05-08,188704.0,24,8446.0,6879.0,7862.666666666667,8446.0,188704.0,0.0,0.0,0,113834.5,54824.5,1901.5,3149.5,0.0,0.0,11908.0,2933.0,0.0,0.0,0.930933775357171,0
2017-05-09,170435.0,24,8383.0,5812.0,7101.458333333333,8383.0,170435.0,0.0,0.0,0,104016.5,47196.5,1886.5,3047.0,0.0,0.0,11858.5,2581.0,0.0,0.0,0.8471261282754781,0
2017-05-10,170081.0,24,8598.0,5711.0,7086.708333333333,8598.0,170081.0,0.0,0.0,0,107323.0,43531.5,1913.5,3132.5,0.0,0.0,11779.0,2520.0,0.0,0.0,0.8242275335349306,0
2017-05-11,182285.5,24,8178.5,6865.0,7595.229166666667,8178.5,182285.5,0.0,0.0,0,109971.5,51655.0,2710.5,3123.0,0.0,0.0,11867.0,3149.0,0.0,0.0,0.9286824193515518,0
2017-05-12,161331.5,24,8230.0,5346.0,6722.145833333333,8230.0,161331.5,0.0,0.0,0,104613.0,36022.0,3780.5,2260.0,0.0,0.0,11884.0,2825.0,0.0,0.0,0.8167856419603078,0
2017-05-13,183669.0,24,8759.0,6751.0,7652.875,8759.0,183669.0,0.0,0.0,0,109276.0,53547.0,3747.5,2471.5,0.0,0.0,11814.0,2964.0,0.0,0.0,0.8737156068044297,0
2017-05-14,185686.0,24,8450.0,6548.0,7736.916666666667,8450.0,185686.0,0.0,0.0,0,111102.5,55182.0,2523.5,2223.5,0.0,0.0,11855.0,2903.0,0.0,0.0,0.9156114398422092,0
2017-05-15,162674.0,24,8406.0,4578.0,6778.083333333333,8406.0,162739.0,0.0,0.0,0,97575.0,46399.5,1828.0,2312.5,0.0,0.0,11922.0,2751.0,0.0,0.0,0.8063387263066063,0
2017-05-16,138589.5,24,8137.0,3304.0,5774.5625,8137.0,138589.5,0.0,0.0,0,87206.0,31937.0,3082.0,2324.0,0.0,0.0,12122.5,2140.0,0.0,0.0,0.7096672606611774,0
2017-05-17,167538.0,24,8090.0,4641.0,6980.75,8090.0,167494.0,0.0,0.0,0,96951.5,50548.5,3827.5,1939.5,0.0,0.0,12097.0,2251.0,0.0,0.0,0.8628862793572312,0
2017-05-18,157219.0,24,8277.0,4816.0,6550.791666666667,8277.0,157219.0,0.0,0.0,0,92924.5,44445.0,3861.5,2345.5,0.0,0.0,11336.0,2121.0,0.0,0.0,0.7914451693447707,0
2017-05-19,171564.5,24,8008.5,6241.0,7148.520833333333,8008.5,171564.5,0.0,0.0,0,100517.0,50475.0,3858.5,2317.0,0.0,0.0,11601.0,2801.0,0.0,0.0,0.8926166989240598,0
2017-05-20,179651.0,24,8244.0,6775.0,7485.458333333333,8244.0,179651.0,0.0,0.0,0,102789.0,56023.0,3804.0,2133.0,0.0,0.0,11643.5,3333.0,0.0,0.0,0.9079886382015203,0
2017-05-21,180645.0,24,8482.0,6625.0,7526.875,8482.0,180645.0,0.0,0.0,0,99545.5,61235.5,3784.5,1330.0,0.0,0.0,11707.0,3116.0,0.0,0.0,0.887393892949776,0
2017-05-22,189161.0,24,8259.0,7346.0,7881.708333333333,8259.0,189161.0,0.0,0.0,0,106706.5,63444.0,3808.5,312.0,0.0,0.0,12183.0,3100.0,0.0,0.0,0.9543175122089034,0
2017-05-24,186193.0,23,8748.0,7517.0,8095.347826086957,8748.0,186193.0,0.0,0.0,0,103311.0,64927.0,3603.0,81.0,0.0,0.0,11714.0,2726.0,0.0,0.0,0.925394127353333,0
2017-05-25,198446.0,24,8725.0,7545.0,8268.583333333334,8725.0,198446.0,0.0,0.0,0,112025.0,68344.5,3790.0,390.0,0.0,0.0,11965.0,3073.0,0.0,0.0,0.9476886341929323,0
2017-05-26,178614.5,24,8450.5,5651.0,7442.270833333333,8450.5,178614.5,0.0,0.0,0,102720.5,58686.5,3689.5,885.0,0.0,0.0,9730.5,3029.0,0.0,0.0,0.880689998619411,0
2017-05-27,190688.0,24,9471.0,6689.0,7945.333333333333,9471.0,190688.0,0.0,0.0,0,123033.0,49095.0,3632.0,355.0,0.0,0.0,11958.5,2721.0,0.0,0.0,0.838911765741034,0
2017-05-28,205682.5,24,9264.5,7646.0,8570.104166666666,9264.5,205682.5,0.0,0.0,0,126868.5,59720.5,3509.5,838.0,0.0,0.0,11917.5,3061.0,0.0,0.0,0.9250476730170722,0
2017-05-29,206402.0,24,9154.0,7641.0,8600.083333333334,9154.0,206402.0,0.0,0.0,0,128569.5,59639.5,2588.5,653.5,0.0,0.0,11950.0,3112.0,0.0,0.0,0.9394891122278057,0
2017-05-30,175414.0,24,8813.0,6285.0,7308.916666666667,8813.0,175414.0,0.0,0.0,0,115636.0,42617.0,1886.0,857.5,0.0,0.0,12000.0,2327.0,0.0,0.0,0.8293335602708121,0
2017-05-31,181675.5,24,8334.0,6324.0,7569.8125,8334.0,181675.5,0.0,0.0,0,121866.5,42682.0,1773.0,831.0,0.0,0.0,11989.0,2631.0,0.0,0.0,0.9083048356131509,0
2017-06-01,170800.0,24,7828.0,6213.0,7116.666666666667,7945.0,170985.0,0.0,0.0,0,113780.5,40100.0,1748.5,1058.0,0.0,0.0,11778.0,2395.0,0.0,0.0,0.9091296201669222,0
2017-06-02,156702.5,24,7565.0,5388.0,6529.270833333333,7565.0,156702.5,0.0,0.0,0,109103.5,30018.0,2191.5,1158.0,0.0,0.0,11764.0,2290.0,0.0,0.0,0.8630893368583388,0
2017-06-03,177977.5,24,8792.0,6022.0,7415.729166666667,8792.0,177871.0,0.0,0.0,0,116649.5,40971.5,3568.5,2286.5,0.0,0.0,11707.0,2799.0,0.0,0.0,0.8434632810130422,0
2017-06-04,184954.72727272726,24,8823.0,6777.0,7706.446969696969,8823.0,184954.72727272726,0.0,0.0,0,119725.59090909091,45849.5,2821.5454545454545,2150.318181818182,0.0,0.0,11954.5,2555.090909090909,0.0,0.0,0.8734497302161361,0
2017-06-06,190663.0,24,9276.0,6058.0,7944.291666666667,9276.0,190663.0,0.0,0.0,0,125297.5,46575.0,2325.5,2463.5,0.0,0.0,11307.5,2830.0,0.0,0.0,0.8564350654017536,0
2017-06-07,209022.5,24,9479.0,7804.0,8709.270833333334,9479.0,209022.5,0.0,0.0,0,126728.0,62693.0,2088.5,2590.0,0.0,0.0,11399.5,3291.0,0.0,0.0,0.9187963744417484,0
2017-06-08,208190.5,24,9351.5,7822.0,8674.604166666666,9351.5,208190.5,0.0,0.0,0,125555.5,63730.0,1891.5,2641.0,0.0,0.0,11828.5,2599.0,0.0,0.0,0.9276163360601686,0
2017-06-09,193703.0,24,9048.0,6986.0,8070.958333333333,9048.0,193703.0,0.0,0.0,0,120471.5,54246.5,1871.0,2638.5,0.0,0.0,11821.0,2689.0,0.0,0.0,0.8920157309165929,0
2017-06-10,202334.0,24,9395.0,7307.0,8430.583333333334,9395.0,202334.0,0.0,0.0,0,123397.0,59651.5,1891.0,2638.0,0.0,0.0,11908.5,2964.0,0.0,0.0,0.8973478800780558,0
2017-06-11,197201.0,24,9192.0,7297.0,8216.708333333334,9192.0,197201.0,0.0,0.0,0,121493.0,55791.0,2565.0,2656.0,0.0,0.0,11943.0,2838.0,0.0,0.0,0.8938977734261677,0
2017-06-12,153638.0,24,7784.0,4931.0,6401.583333333333,7784.0,153638.0,0.0,0.0,0,105843.5,28221.0,3639.0,2545.0,0.0,0.0,11925.0,1563.0,0.0,0.0,0.8224027920520726,0
2017-06-13,176469.5,24,9130.0,5446.0,7352.895833333333,9130.0,176469.5,0.0,0.0,0,119759.0,36329.5,3787.5,2553.0,0.0,0.0,11708.0,2461.0,0.0,0.0,0.8053555129609347,0
2017-06-14,193751.5,24,9091.0,6950.0,8072.979166666667,9091.0,193627.5,0.0,0.0,0,125529.0,47809.0,3767.0,2296.5,0.0,0.0,11686.0,2799.0,0.0,0.0,0.888018828145052,0
2017-06-15,195387.0,24,9323.0,6747.0,8141.125,9323.0,195387.0,0.0,0.0,0,123095.0,51781.0,3748.0,2474.0,0.0,0.0,11498.0,2835.0,0.0,0.0,0.8732301834173549,0
2017-06-16,172194.0,24,8895.0,6091.0,7174.75,8895.0,172194.0,0.0,0.0,0,114339.5,37402.5,3769.5,2871.0,0.0,0.0,11693.5,2272.0,0.0,0.0,0.8066048341765036,0
2017-06-17,183208.0,24,9128.0,6368.0,7633.666666666667,9128.0,183208.0,0.0,0.0,0,120036.0,42137.0,3706.0,3064.0,0.0,0.0,11622.5,2700.0,0.0,0.0,0.8362912649722466,0
2017-06-18,194586.0,24,9100.0,6791.0,8107.75,9100.0,194586.0,0.0,0.0,0,120828.0,52124.0,3717.0,3130.5,0.0,0.0,11961.0,2957.0,0.0,0.0,0.8909615384615385,0
2017-06-19,173900.5,24,8496.5,6169.0,7245.854166666667,8496.5,173900.5,0.0,0.0,0,111101.0,41996.0,3653.5,3056.0,0.0,0.0,11858.5,2368.0,0.0,0.0,0.8528045862021617,0
2017-06-20,176348.5,24,9038.0,5630.0,7347.854166666667,9038.0,176348.5,0.0,0.0,0,114451.0,41586.0,3700.0,3005.0,0.0,0.0,11436.0,2240.0,0.0,0.0,0.8129955926827469,0
2017-06-21,186903.5,24,9166.0,6464.0,7787.645833333333,9166.0,186903.5,0.0,0.0,0,114864.0,52483.0,3671.5,3163.0,0.0,0.0,9858.0,2371.0,0.0,0.0,0.8496231544112298,0
2017-06-22,190206.5,24,8961.0,6608.0,7925.270833333333,8961.0,190206.5,0.0,0.0,0,120264.5,48059.0,3591.5,3694.5,0.0,0.0,11654.5,2749.0,0.0,0.0,0.8844181266971691,0
2017-06-23,179463.5,24,8710.0,6088.0,7477.645833333333,8710.0,179463.5,0.0,0.0,0,117245.0,41618.5,2206.0,4008.5,0.0,0.0,11691.0,2766.0,0.0,0.0,0.8585127248373516,0
2017-06-24,176518.5,24,8540.5,6335.0,7354.9375,8540.5,176518.5,0.0,0.0,0,117047.0,39603.0,1674.0,3917.0,0.0,0.0,11599.5,2760.0,0.0,0.0,0.8611834787190445,0
2017-06-25,161577.0,24,8035.0,5505.0,6732.375,8035.0,161577.0,0.0,0.0,0,109990.0,31164.5,2166.0,3902.5,0.0,0.0,11575.0,2761.0,0.0,0.0,0.8378811449906658,0
2017-06-26,156339.0,24,7898.0,5224.0,6514.125,7898.0,156339.0,0.0,0.0,0,110103.0,24609.5,3652.5,4000.5,0.0,0.0,11342.5,2777.0,0.0,0.0,0.8247815902760193,0
2017-06-27,152627.5,24,7877.0,5364.0,6359.479166666667,7877.0,152627.5,0.0,0.0,0,105643.0,25011.0,3682.0,3979.0,0.0,0.0,11725.5,2629.0,0.0,0.0,0.8073478693241929,0
2017-06-28,152024.0,24,7586.0,5332.0,6334.333333333333,7586.0,152024.0,0.0,0.0,0,78883.0,51024.5,3681.5,4048.0,0.0,0.0,12011.5,2514.0,0.0,0.0,0.8350030758414623,0
2017-06-29,156507.0,24,7765.0,5231.0,6521.125,7765.0,156507.0,0.0,0.0,0,101052.5,33255.5,3617.0,4115.5,0.0,0.0,11988.0,2587.0,0.0,0.0,0.8398100450740502,0
2017-06-30,152266.0,24,7576.0,5292.0,6344.416666666667,7576.0,152266.0,0.0,0.0,0,105924.0,24387.5,3562.5,4252.0,0.0,0.0,11996.0,2274.0,0.0,0.0,0.8374362020415347,0
2017-07-01,167569.5,24,8602.0,5897.0,6982.0625,8602.0,167569.5,0.0,0.0,0,116453.0,28658.0,3628.5,4181.5,0.0,0.0,12010.0,2759.5,0.0,0.0,0.8116789700069751,0
2017-07-02,174200.5,24,8457.0,5937.0,7258.354166666667,8457.0,174200.5,0.0,0.0,0,117962.0,34256.0,3344.0,4068.0,0.0,0.0,12035.0,2420.0,0.0,0.0,0.8582658350084743,0
2017-07-03,173190.5,24,8575.0,5821.0,7216.270833333333,8575.0,173190.5,0.0,0.0,0,120640.5,30531.5,3441.5,4267.0,0.0,0.0,12001.0,2669.0,0.0,0.0,0.841547619047619,0
2017-07-04,176675.5,24,8788.0,6016.0,7361.479166666667,8788.0,176675.5,0.0,0.0,0,120181.0,34502.5,3385.5,4084.0,0.0,0.0,11801.5,2828.0,0.0,0.0,0.8376740062206038,0
2017-07-05,178058.5,24,8772.0,6221.0,7419.104166666667,8772.0,178058.5,0.0,0.0,0,114061.5,41904.5,3499.0,3943.5,0.0,0.0,11623.5,2762.0,0.0,0.0,0.8457711088311294,0
2017-07-06,184659.0,24,9039.0,6375.0,7694.125,9039.0,183962.0,0.0,0.0,0,114691.5,47923.0,3438.5,3890.0,0.0,0.0,12049.0,2819.0,0.0,0.0,0.8512141829848434,0
2017-07-07,176900.0,24,8742.0,6344.0,7370.833333333333,8742.0,176900.0,0.0,0.0,0,112459.5,42425.5,3468.5,3903.0,0.0,0.0,12163.5,2623.0,0.0,0.0,0.8431518340578052,0
2017-07-08,186833.0,24,9063.0,6657.0,7784.708333333333,9063.0,186833.0,0.0,0.0,0,116464.0,48664.0,3302.5,3878.0,0.0,0.0,12161.0,2404.0,0.0,0.0,0.8589549082349479,0
2017-07-09,189664.0,24,8966.0,6783.0,7902.666666666667,8966.0,189613.5,0.0,0.0,0,115492.5,52718.0,3296.5,3870.5,0.0,0.0,12144.5,2276.0,0.0,0.0,0.8814038218454904,0
2017-07-10,187711.5,24,8856.0,6830.0,7821.3125,8856.0,187711.5,0.0,0.0,0,110847.0,54867.5,3304.5,3924.0,0.0,0.0,12139.5,2723.0,0.0,0.0,0.8831653681120144,0
2017-07-11,184598.0,24,8813.0,6744.0,7691.583333333333,8855.0,184670.5,0.0,0.0,0,110607.5,52042.0,3481.0,3932.0,0.0,0.0,12205.5,2817.0,0.0,0.0,0.8727542645334543,0
2017-07-12,182313.0,24,9147.0,6158.0,7596.375,9147.0,182313.0,0.0,0.0,0,108592.5,51750.0,3435.0,3770.0,0.0,0.0,12061.5,2838.0,0.0,0.0,0.8304772056411939,0
2017-07-13,187173.0,24,8953.0,6598.0,7798.875,8953.0,187173.0,0.0,0.0,0,111533.0,53370.5,3505.5,3931.5,0.0,0.0,12116.0,2812.0,0.0,0.0,0.8710906958561376,0
2017-07-14,177974.0,24,8923.0,6241.0,7415.583333333333,8923.0,178227.5,0.0,0.0,0,112949.5,42907.0,3462.0,3855.0,0.0,0.0,12167.0,2727.0,0.0,0.0,0.8310639172176771,0
2017-07-15,188734.5,24,9227.0,6701.0,7863.9375,9227.0,188734.5,0.0,0.0,0,112555.0,54183.0,3423.5,3501.5,0.0,0.0,12033.0,3089.0,0.0,0.0,0.852274574617969,0
2017-07-16,200153.0,24,9334.0,7499.0,8339.708333333334,9334.0,200153.0,0.0,0.0,0,116801.5,60501.5,3514.5,4014.0,0.0,0.0,12050.0,3331.0,0.0,0.0,0.8934763588315121,0
2017-07-17,202417.0,24,8951.0,7668.0,8434.041666666666,8951.0,202417.0,0.0,0.0,0,117325.0,62529.5,3392.5,4014.0,0.0,0.0,12145.0,3056.0,0.0,0.0,0.9422457453543365,0
2017-07-18,204425.5,24,9191.0,7779.0,8517.729166666666,9191.0,204425.5,0.0,0.0,0,119464.5,62508.0,3415.0,3985.0,0.0,0.0,11764.5,2972.0,0.0,0.0,0.9267467268704892,0
2017-07-19,190315.0,24,8898.0,7113.0,7929.791666666667,8898.0,190315.0,0.0,0.0,0,113827.5,54265.0,3475.0,4189.0,0.0,0.0,12152.0,2556.0,0.0,0.0,0.8911880947029295,0
2017-07-20,179382.0,24,8560.0,6266.0,7474.25,8560.0,179382.0,0.0,0.0,0,108866.5,48901.5,3495.0,3970.0,0.0,0.0,12077.5,2159.0,0.0,0.0,0.873160046728972,0
2017-07-21,165566.5,24,8575.0,5850.0,6898.604166666667,8575.0,165566.5,0.0,0.0,0,101933.5,41768.0,3412.5,4040.0,0.0,0.0,11988.0,2416.0,0.0,0.0,0.8045019436345967,0
2017-07-22,178772.5,24,8937.0,6298.0,7448.854166666667,8937.0,178772.5,0.0,0.0,0,110524.0,46753.5,3367.5,4051.0,0.0,0.0,11868.5,2729.0,0.0,0.0,0.8334848569616948,0
2017-07-23,183169.0,24,8668.0,6777.0,7632.041666666667,8668.0,183169.0,0.0,0.0,0,113068.5,48252.5,3428.0,3637.5,0.0,0.0,12162.0,2782.0,0.0,0.0,0.8804847331179819,0
2017-07-24,161533.5,24,8149.0,5865.0,6730.5625,8149.0,161426.0,0.0,0.0,0,103794.5,35832.5,3379.0,3989.5,0.0,0.0,12183.0,2469.0,0.0,0.0,0.8259372315621548,0
2017-07-25,158330.5,24,8411.0,5171.0,6597.104166666667,8411.0,158093.0,0.0,0.0,0,102360.0,35105.0,3375.0,3990.5,0.0,0.0,11233.5,2202.0,0.0,0.0,0.7843424285657671,0
2017-07-26,169994.5,24,8771.0,5923.0,7083.104166666667,8771.0,169994.5,0.0,0.0,0,109670.0,39267.5,3477.5,3997.5,0.0,0.0,11214.0,2457.0,0.0,0.0,0.8075594763044883,0
2017-07-27,181669.5,24,8868.0,6380.0,7569.5625,8868.0,181669.5,0.0,0.0,0,110498.5,52599.5,1811.5,3966.0,0.0,0.0,10997.0,2739.0,0.0,0.0,0.853581698240866,0
2017-07-28,174924.5,24,8541.5,6227.0,7288.520833333333,8541.5,174924.5,0.0,0.0,0,109702.0,51697.0,1769.5,3816.0,0.0,0.0,5028.0,2804.0,0.0,0.0,0.8533068937930496,0
2017-07-29,183592.0,24,8870.0,6768.0,7649.666666666667,8870.0,183592.0,0.0,0.0,0,114740.5,48268.0,1762.0,4019.5,0.0,0.0,12028.0,2965.0,0.0,0.0,0.8624201428034574,0
2017-07-30,189670.0,24,8718.0,7077.0,7902.916666666667,8718.0,189670.0,0.0,0.0,0,113124.0,55962.0,1750.0,3952.5,0.0,0.0,11937.0,3021.0,0.0,0.0,0.9065056970253117,0
2017-07-31,194326.5,24,9091.0,7116.0,8096.9375,9091.0,194326.5,0.0,0.0,0,116582.5,56246.0,2572.0,3977.5,0.0,0.0,11972.5,3121.0,0.0,0.0,0.8906542184578154,0
2017-08-01,197851.5,24,9156.0,7371.0,8243.8125,9156.0,197851.5,0.0,0.0,0,116387.0,59731.0,3616.0,3963.0,0.0,0.0,11564.0,3127.0,0.0,0.0,0.9003727064220184,0
2017-08-02,197509.5,24,9266.0,7361.0,8229.5625,9266.0,197509.5,0.0,0.0,0,116396.0,58399.5,3760.5,3958.0,0.0,0.0,12091.5,3034.0,0.0,0.0,0.8881461795812648,0
2017-08-03,194984.5,24,9176.0,7157.0,8124.354166666667,9176.0,194984.5,0.0,0.0,0,117697.0,54469.5,3746.5,3851.0,0.0,0.0,11997.0,3087.0,0.0,0.0,0.8853916920953212,0
2017-08-04,187242.0,24,8911.0,6802.0,7801.75,8911.0,186243.5,0.0,0.0,0,113904.0,50471.0,3758.0,3985.0,0.0,0.0,11921.0,2998.0,0.0,0.0,0.8755190214341825,0
2017-08-05,195154.0,24,9470.0,7073.0,8131.416666666667,9470.0,195154.0,0.0,0.0,0,119914.0,52728.0,3680.0,3963.5,0.0,0.0,11867.5,3062.0,0.0,0.0,0.8586501231960577,0
2017-08-06,197942.0,24,9167.0,7283.0,8247.583333333334,9167.0,197942.0,0.0,0.0,0,118172.0,57294.0,3737.5,4015.0,0.0,0.0,11731.0,3036.0,0.0,0.0,0.8997036471401041,0
2017-08-07,194264.5,24,9166.0,6846.0,8094.354166666667,9166.0,194264.5,0.0,0.0,0,116330.0,55974.5,3769.0,3908.0,0.0,0.0,11426.0,2921.0,0.0,0.0,0.8830846788857372,0
2017-08-08,197004.0,24,9314.0,7214.0,8208.5,9314.0,197004.0,0.0,0.0,0,117897.5,57233.0,3695.0,3954.5,0.0,0.0,11367.5,2951.0,0.0,0.0,0.8813077088254241,0
2017-08-09,196367.0,24,9021.0,7404.0,8181.958333333333,9021.0,196367.0,0.0,0.0,0,117335.0,57851.0,3639.5,3417.5,0.0,0.0,11595.0,2677.0,0.0,0.0,0.9069901710822894,0
2017-08-10,191534.0,24,8981.0,7136.0,7980.583333333333,8981.0,191534.0,0.0,0.0,0,114691.0,55373.5,3688.0,3607.5,0.0,0.0,11594.0,2712.0,0.0,0.0,0.8886074305014289,0
2017-08-11,166308.5,24,8377.0,5752.0,6929.520833333333,8377.0,166308.5,0.0,0.0,0,109367.5,35324.0,3620.0,3916.0,0.0,0.0,11611.0,2553.0,0.0,0.0,0.8272079304444709,0
2017-08-12,168063.0,24,8752.0,5525.0,7002.625,8752.0,168063.0,0.0,0.0,0,112637.0,33855.5,3581.0,3926.5,0.0,0.0,11608.0,2562.0,0.0,0.0,0.8001171160877514,0
2017-08-13,179562.5,24,8800.0,6149.0,7481.770833333333,8800.0,179562.5,0.0,0.0,0,114110.0,43663.5,3690.0,3899.0,0.0,0.0,11316.0,2702.0,0.0,0.0,0.8502012310606061,0
2017-08-14,183972.5,24,8932.0,6421.0,7665.520833333333,8932.0,183972.5,0.0,0.0,0,110042.5,51767.0,3740.0,3900.0,0.0,0.0,11733.0,2918.0,0.0,0.0,0.8582087811613673,0
2017-08-15,179590.0,24,8765.0,6402.0,7482.916666666667,8765.0,179590.0,0.0,0.0,0,115100.0,42658.0,3635.0,3891.5,0.0,0.0,11818.5,2588.0,0.0,0.0,0.853726944285986,0
2017-08-16,187298.0,24,9064.0,6852.0,7804.083333333333,9064.0,187304.0,5.0,5.0,1,117669.0,47620.5,3693.5,3863.0,0.0,0.0,11781.5,2774.0,0.0,0.0,0.8609977199176228,1
2017-08-17,194400.0,24,9318.0,6862.0,8100.0,9318.0,194400.0,0.0,0.0,0,118133.5,54174.0,3687.0,3782.0,0.0,0.0,11683.0,3028.0,0.0,0.0,0.8692852543464262,0
2017-08-18,183607.0,24,8955.0,6654.0,7650.291666666667,8955.0,183607.0,0.0,0.0,0,115529.0,46197.5,3717.0,3862.5,0.0,0.0,11531.5,2808.0,0.0,0.0,0.8543039270426206,0
2017-08-19,189496.0,24,9254.0,6748.0,7895.666666666667,9254.0,189496.0,0.0,0.0,0,116517.0,51173.0,3379.5,3989.5,0.0,0.0,11564.0,2880.0,0.0,0.0,0.8532166270441611,0
2017-08-20,200612.0,24,9284.0,7397.0,8358.833333333334,9284.0,200612.0,0.0,0.0,0,117626.0,60850.0,3267.5,4059.5,0.0,0.0,11806.0,3121.0,0.0,0.0,0.9003482694240988,0
2017-08-21,202132.5,24,9318.0,7693.0,8422.1875,9318.0,202132.5,0.0,0.0,0,115326.5,64937.5,3106.5,4007.0,0.0,0.0,11835.0,3021.0,0.0,0.0,0.9038621485297275,0
2017-08-22,196993.5,24,9227.0,6922.0,8208.0625,9227.0,196993.5,0.0,0.0,0,115862.5,59427.5,3320.5,4023.5,0.0,0.0,11853.5,2653.0,0.0,0.0,0.8895700119215346,0
2017-08-23,193691.5,24,9129.0,6996.0,8070.479166666667,9129.0,193756.5,0.0,0.0,0,111991.5,59483.5,3206.0,4042.5,0.0,0.0,11822.0,3249.0,0.0,0.0,0.8840485449300763,0
2017-08-24,199021.0,24,8986.0,7307.0,8292.541666666666,8986.0,199021.0,0.0,0.0,0,113778.5,63122.0,3308.5,3995.0,0.0,0.0,11834.5,3105.0,0.0,0.0,0.9228290303434972,0
2017-08-25,189745.5,24,8940.0,6769.0,7906.0625,8940.0,189745.5,0.0,0.0,0,115723.5,52113.5,3310.0,4004.5,0.0,0.0,11852.0,2882.0,0.0,0.0,0.8843470357941835,0
2017-08-26,195129.5,24,9253.0,7246.0,8130.395833333333,9253.0,195089.5,0.0,0.0,0,115743.0,57307.5,3302.5,4075.0,0.0,0.0,11878.5,2973.0,0.0,0.0,0.8786767354731798,0
2017-08-27,195010.5,24,9120.0,6692.0,8125.4375,9120.0,195010.5,0.0,0.0,0,117107.0,57201.0,1780.5,3946.5,0.0,0.0,12066.0,3051.0,0.0,0.0,0.8909470942982456,0
2017-08-28,197052.5,24,9084.0,7237.0,8210.520833333334,9084.0,197052.5,0.0,0.0,0,113831.5,62521.0,1744.0,3958.5,0.0,0.0,11941.0,3101.0,0.0,0.0,0.903844213268751,0
2017-08-29,198711.0,24,9059.0,7340.0,8279.625,9059.0,198711.0,0.0,0.0,0,113799.5,64292.5,1716.5,3972.0,0.0,0.0,11952.0,3084.0,0.0,0.0,0.9139667733745447,0
2017-08-30,193589.0,24,8983.0,6879.0,8066.208333333333,8983.0,193589.0,0.0,0.0,0,119934.5,53816.5,3042.0,4021.5,0.0,0.0,10438.5,2777.0,0.0,0.0,0.8979414820587034,0
2017-08-31,179442.0,24,8584.0,6699.0,7476.75,8584.0,179442.0,0.0,0.0,0,115211.0,42202.0,3342.5,4059.0,0.0,0.0,11756.0,2963.0,0.0,0.0,0.871010018639329,0
2017-09-01,159994.5,24,7982.0,5624.0,6666.4375,7982.0,159994.5,0.0,0.0,0,111684.0,27426.5,3359.5,3926.0,0.0,0.0,11638.0,2601.5,0.0,0.0,0.8351838511651215,0
2017-09-02,150933.0,24,7951.0,4900.0,6288.875,7951.0,150933.0,0.0,0.0,0,107896.0,21973.0,2853.0,3930.0,0.0,0.0,11747.0,2650.0,0.0,0.0,0.7909539680543328,0
2017-09-03,153122.5,24,7728.0,5465.0,6380.104166666667,7728.0,153122.5,0.0,0.0,0,108835.5,22321.5,3421.0,3944.5,0.0,0.0,11867.5,2857.0,0.0,0.0,0.8255828373015873,0
2017-09-04,159973.0,24,8079.0,5693.0,6665.541666666667,8079.0,159973.0,0.0,0.0,0,111816.0,26609.0,3273.0,3927.0,0.0,0.0,11631.5,2809.0,0.0,0.0,0.8250453851549284,0
2017-09-05,168745.0,24,8245.0,6091.0,7031.041666666667,8245.0,168745.0,0.0,0.0,0,116422.5,32348.0,3023.5,3902.5,0.0,0.0,10720.5,2588.0,0.0,0.0,0.8527643015969275,0
2017-09-06,174003.5,24,8422.0,6339.0,7250.145833333333,8422.0,174003.5,0.0,0.0,0,118293.5,35193.0,1804.0,3999.5,0.0,0.0,11759.0,3018.0,0.0,0.0,0.8608579711865748,0
2017-09-07,178214.0,24,8449.0,6437.0,7425.583333333333,8449.0,178214.0,0.0,0.0,0,123323.0,34639.5,1675.5,4008.0,0.0,0.0,11647.5,3015.0,0.0,0.0,0.8788712668165858,0
2017-09-08,174799.5,24,8672.0,6238.0,7283.3125,8672.0,174799.5,0.0,0.0,0,117989.5,36827.5,1713.0,3926.5,0.0,0.0,11607.0,2871.0,0.0,0.0,0.8398653713099631,0
2017-09-09,180237.0,24,8804.0,6651.0,7509.875,8804.0,180237.0,0.0,0.0,0,121606.0,38759.0,1772.5,3414.5,0.0,0.0,11658.0,3123.0,0.0,0.0,0.8530071558382554,0
2017-09-10,178225.0,24,8358.0,6480.0,7426.041666666667,8358.0,178225.0,0.0,0.0,0,119834.0,38620.5,1003.5,3965.0,0.0,0.0,11832.0,3126.5,0.0,0.0,0.8884950546382707,0
2017-09-11,171511.5,24,8473.0,5980.0,7146.3125,8473.0,171511.5,0.0,0.0,0,113058.5,38601.0,1285.0,3971.0,0.0,0.0,11878.0,2885.0,0.0,0.0,0.8434217514457689,0
2017-09-12,181440.0,24,9016.0,6214.0,7560.0,9016.0,181440.0,0.0,0.0,0,114653.0,46274.5,1665.0,4016.0,0.0,0.0,11888.0,3062.0,0.0,0.0,0.8385093167701864,0
2017-09-13,191849.5,24,9049.0,6833.0,7993.729166666667,9049.0,191849.5,0.0,0.0,0,115882.5,54204.0,2911.5,4007.5,0.0,0.0,11886.5,3035.0,0.0,0.0,0.8833826021291488,0
2017-09-14,193184.0,24,9194.0,7027.0,8049.333333333333,9194.0,193288.0,0.0,0.0,0,115987.5,54238.0,3370.0,4031.0,0.0,0.0,11852.5,3342.0,0.0,0.0,0.8754985135233123,0
2017-09-15,186462.5,24,8839.0,6829.0,7769.270833333333,8839.0,186462.5,0.0,0.0,0,114336.0,49556.5,3377.5,4088.5,0.0,0.0,11823.0,3224.0,0.0,0.0,0.8789762228004676,0
2017-09-16,195816.5,24,9154.0,7391.0,8159.020833333333,9154.0,195816.5,0.0,0.0,0,115872.0,57728.0,3344.5,3918.0,0.0,0.0,11777.5,3234.0,0.0,0.0,0.8913066236982011,0
2017-09-17,190507.0,24,9094.0,6685.0,7937.791666666667,9094.0,190507.0,0.0,0.0,0,114094.5,55143.0,3407.0,3120.5,0.0,0.0,11245.5,3091.0,0.0,0.0,0.8728603108276519,0
2017-09-18,192772.5,24,8959.0,6767.0,8032.1875,8959.0,192722.5,0.0,0.0,0,116732.5,54027.0,3479.0,3972.5,0.0,0.0,11692.0,2856.0,0.0,0.0,0.8965495591025784,0
2017-09-19,190290.5,24,8976.0,6898.0,7928.770833333333,8976.0,190290.5,0.0,0.0,0,111896.5,56219.5,3317.5,4020.0,0.0,0.0,11610.0,3221.0,0.0,0.0,0.8833300839275103,0
2017-09-20,188977.5,24,9122.0,6852.0,7874.0625,9122.0,188980.5,0.0,0.0,0,110159.0,56633.0,3483.0,4017.0,108.0,0.0,11712.0,3123.0,0.0,0.0,0.8631947489585617,0
2017-09-21,194205.5,24,9215.0,6969.0,8091.895833333333,9215.0,194209.5,0.0,0.0,0,111571.0,60587.0,3466.0,3999.0,4.0,0.0,11767.0,2939.0,0.0,0.0,0.8781221739916802,0
2017-09-22,186804.0,24,8930.0,6674.0,7783.5,8930.0,186806.0,0.0,0.0,0,111800.5,53154.0,3318.5,4030.0,12.0,0.0,11565.0,2997.0,0.0,0.0,0.8716125419932811,0
2017-09-23,196555.0,24,9159.0,7319.0,8189.791666666667,9159.0,196560.0,0.0,0.0,0,112069.0,63025.0,3208.5,3879.5,5.0,0.0,11475.5,2754.0,0.0,0.0,0.8941796775484951,0
2017-09-24,208226.0,24,9281.0,8018.0,8676.083333333334,9281.0,208231.0,0.0,0.0,0,116236.0,70021.5,3274.5,4029.0,6.0,0.0,11835.0,3099.0,0.0,0.0,0.9348220378551163,0
2017-09-25,207985.0,24,9272.0,7965.0,8666.041666666666,9272.0,208020.5,0.0,0.0,0,115357.0,70194.5,3376.5,4026.5,5.0,0.0,11767.5,3316.0,0.0,0.0,0.9346464265171124,0
2017-09-26,210383.0,24,9431.0,7885.0,8765.958333333334,9431.0,210391.0,0.0,0.0,0,118726.5,69343.5,3359.5,3984.5,5.0,0.0,11863.0,3138.0,0.0,0.0,0.9294834411338494,0
2017-09-27,207514.5,24,9251.5,7701.0,8646.4375,9251.5,207516.5,0.0,0.0,0,119828.5,67828.5,1633.0,3988.5,6.0,0.0,11646.5,2672.0,0.0,0.0,0.9345984434956494,0
2017-09-28,200882.0,24,8967.0,7287.0,8370.083333333334,8967.0,200886.0,0.0,0.0,0,115519.0,64788.0,2344.0,3919.0,121.0,0.0,11255.0,2694.0,0.0,0.0,0.9334318426824282,0
2017-09-29,156373.5,24,8187.0,5051.0,6515.5625,8187.0,156377.5,0.0,0.0,0,101794.0,32955.5,3346.5,4101.0,0.0,0.0,11759.5,2290.0,0.0,0.0,0.7958424941981189,0
2017-09-30,176379.0,24,8964.0,6025.0,7349.125,8964.0,176428.5,0.0,0.0,0,115754.5,39050.0,3321.5,4039.5,3.0,0.0,11729.0,2530.0,0.0,0.0,0.8198488398036591,0
2017-10-01,178939.5,24,8874.0,6293.0,7455.8125,8874.0,178942.5,0.0,0.0,0,116750.0,40882.0,3467.0,4049.0,1.0,0.0,11362.0,2787.0,0.0,0.0,0.840186218165427,0
2017-10-02,189588.0,24,9370.0,6460.0,7899.5,9370.0,189593.0,0.0,0.0,0,118333.0,49279.0,3433.0,4017.5,6.0,0.0,11369.0,3270.0,0.0,0.0,0.8430629669156884,0
2017-10-03,197701.5,24,9389.0,6931.0,8237.5625,9389.0,197707.5,0.0,0.0,0,120290.5,54855.0,3422.5,3876.0,168.0,0.0,11742.0,3444.0,0.0,0.0,0.8773631377143466,0
2017-10-04,200584.5,24,9118.5,7347.0,8357.6875,9118.5,200588.5,0.0,0.0,0,118651.0,59324.0,3444.0,3980.5,10.0,0.0,11743.5,3541.0,0.0,0.0,0.9165638537040083,0
2017-10-05,203131.0,24,9198.0,7296.0,8463.791666666666,9198.0,203134.0,0.0,0.0,0,117044.0,65133.0,1890.5,4035.0,112.0,0.0,11594.5,3462.0,0.0,0.0,0.9201773936362977,0
2017-10-06,194199.5,24,9144.5,7047.0,8091.645833333333,9144.5,194205.5,0.0,0.0,0,120323.5,53181.5,1694.0,4000.0,7.0,0.0,11742.0,3281.0,0.0,0.0,0.8848647638835729,0
2017-10-07,192606.5,24,9428.0,6686.0,8025.270833333333,9428.0,192613.5,0.0,0.0,0,119213.5,52595.5,1674.0,4136.5,7.0,0.0,11806.5,3284.0,0.0,0.0,0.85121667727337,0
2017-10-08,194347.0,24,9291.0,6838.0,8097.791666666667,9291.0,194351.0,0.0,0.0,0,117292.0,55050.0,3107.5,4090.0,11.0,0.0,11830.5,3050.0,0.0,0.0,0.8715737452014495,0
2017-10-09,185543.0,24,9251.0,6319.0,7730.958333333333,9251.0,185547.0,0.0,0.0,0,115806.5,51409.0,2112.5,3828.5,361.0,0.0,8956.0,3051.0,0.0,0.0,0.8356889345296004,0
2017-10-10,191144.0,24,9289.0,6626.0,7964.333333333333,9289.0,191136.0,0.0,0.0,0,119587.0,50632.0,1803.0,4054.0,8.0,0.0,12080.0,3092.0,0.0,0.0,0.8573940503104029,0
2017-10-11,194479.0,24,9233.0,7096.0,8103.291666666667,9233.0,194482.0,0.0,0.0,0,121337.0,52873.0,1783.0,3507.0,11.0,0.0,11979.0,3045.0,0.0,0.0,0.8776444998014369,0
2017-10-12,201661.5,24,9261.0,7393.0,8402.5625,9261.0,201665.5,0.0,0.0,0,122310.0,60763.0,1772.0,4097.5,6.0,0.0,11049.0,3144.0,0.0,0.0,0.9073061764388295,0
2017-10-13,188766.5,24,8981.0,6806.0,7865.270833333333,8981.0,188769.5,0.0,0.0,0,119150.5,56729.0,1757.0,4097.0,9.0,0.0,5156.0,2984.0,0.0,0.0,0.8757678246668893,0
2017-10-14,192191.5,24,9214.0,6988.0,8007.979166666667,9214.0,192216.5,18.0,18.0,1,114343.5,59249.0,1781.0,4072.0,5.0,0.0,10132.0,3041.0,0.0,0.0,0.8691099594819478,1
2017-10-15,197139.5,24,9249.0,6789.0,8214.145833333334,9249.0,197145.5,0.0,0.0,0,116106.5,60589.5,1765.5,4110.0,7.0,0.0,12009.5,2670.0,0.0,0.0,0.8881117778498577,0
2017-10-16,199962.5,24,9190.0,7170.0,8331.770833333334,9190.0,192154.0,0.0,0.0,0,116574.5,63153.5,1720.0,4035.0,6.5,0.0,11597.0,2774.0,0.0,0.0,0.9066127130939428,0
2017-10-17,200075.5,24,9200.0,7155.0,8336.479166666666,9200.0,200147.5,7152.0,7152.0,1,114774.0,64811.5,1761.5,4031.0,8.0,0.0,11239.0,3123.0,0.0,0.0,0.9061390398550724,1
2017-10-18,201181.5,24,9495.0,7164.0,8382.5625,9495.0,201188.5,0.0,0.0,0,113462.5,67763.0,1632.0,3852.5,8.0,0.0,11602.0,2953.0,0.0,0.0,0.8828396524486571,0
2017-10-19,188617.0,24,9015.0,6052.0,7859.041666666667,9015.0,188621.0,0.0,0.0,0,110206.0,61275.0,0.0,3392.0,4.0,0.0,11746.0,2411.0,0.0,0.0,0.8717738953595859,0
2017-10-20,145185.5,24,8164.5,4524.0,6049.395833333333,8164.5,145186.5,0.0,0.0,0,100525.0,27197.5,0.0,3739.0,0.0,0.0,11836.0,2044.0,0.0,0.0,0.7409389225712943,0
2017-10-21,100350.5,24,5413.0,3198.0,4181.270833333333,5413.0,100350.5,0.0,0.0,0,76392.0,11390.0,0.0,3659.0,0.0,0.0,8945.5,1329.0,0.0,0.0,0.772449812180553,0
2017-10-22,139452.0,24,8061.0,4207.0,5810.5,8061.0,139457.0,0.0,0.0,0,90404.0,33240.5,421.0,4060.0,5.0,0.0,9407.0,2153.0,0.0,0.0,0.7208162758962908,0
2017-10-23,162688.5,24,9074.0,5160.0,6778.6875,9074.0,162689.5,0.0,0.0,0,103699.0,38851.5,1788.0,3895.0,174.0,0.0,11770.0,2608.0,0.0,0.0,0.7470451289398281,0
2017-10-24,170302.0,24,8859.0,5894.0,7095.916666666667,8859.0,170306.0,0.0,0.0,0,107827.0,42094.5,1805.0,4058.5,1.0,0.0,11784.0,2815.0,0.0,0.0,0.8009839334763141,0
2017-10-25,171358.0,24,9222.0,5870.0,7139.916666666667,9222.0,171361.0,0.0,0.0,0,106142.5,44952.0,1775.0,4137.0,4.0,0.0,11743.0,2689.0,0.0,0.0,0.7742264873852382,0
2017-10-26,171455.5,24,9179.0,5957.0,7143.979166666667,9179.0,171459.5,0.0,0.0,0,108536.5,42863.5,1933.0,4012.0,106.0,0.0,11729.5,2534.0,0.0,0.0,0.7782960199004976,0
2017-10-27,149508.5,24,7899.0,5148.0,6229.520833333333,7899.0,149510.5,0.0,0.0,0,102098.0,27708.0,1830.0,3914.0,4.0,0.0,11968.0,2136.0,0.0,0.0,0.7886467696332868,0
2017-10-28,153983.0,24,8444.0,5275.0,6415.958333333333,8444.0,153986.0,0.0,0.0,0,102413.5,32065.5,1817.5,3711.5,109.0,0.0,11952.0,2120.0,0.0,0.0,0.7598245302384335,0
2017-10-29,158223.0,24,8365.0,5533.0,6592.625,8365.0,158227.0,0.0,0.0,0,103326.0,35763.0,1822.5,3247.5,139.0,0.0,11539.0,2114.0,0.0,0.0,0.7881201434548715,0
2017-10-30,147909.5,24,7644.0,5290.0,6162.895833333333,7644.0,147914.5,0.0,0.0,0,99737.5,28529.5,1808.5,4119.0,0.0,0.0,11834.0,1943.0,0.0,0.0,0.8062396432932147,0
2017-10-31,143145.0,24,8183.0,4538.0,5964.375,8183.0,143150.0,0.0,0.0,0,102051.0,22593.0,1834.0,4108.0,6.0,0.0,10623.0,2074.0,0.0,0.0,0.7288738848832946,0
2017-11-01,149964.0,24,8224.0,4878.0,6248.5,8224.0,149968.0,0.0,0.0,0,101971.0,29132.0,1817.0,4177.5,6.0,0.0,10884.0,2256.0,0.0,0.0,0.7597884241245136,0
2017-11-02,152550.5,24,8407.0,4978.0,6356.270833333333,8407.0,152555.5,0.0,0.0,0,106149.5,27922.0,1769.5,4063.5,6.0,0.0,11769.5,2229.0,0.0,0.0,0.7560688513540303,0
2017-11-03,138658.0,24,7507.0,4765.0,5777.416666666667,7507.0,138663.0,0.0,0.0,0,103479.5,18725.0,1724.0,3352.0,9.0,0.0,9278.5,1951.0,0.0,0.0,0.7696039252253453,0
2017-11-04,152862.5,24,8472.0,5046.0,6369.270833333333,8472.0,152866.5,0.0,0.0,0,107237.0,29410.5,1749.5,3175.5,11.0,0.0,9590.0,2041.0,0.0,0.0,0.751802506295247,0
2017-11-07,163878.0,24,8777.0,5578.0,6828.25,8777.0,163882.0,0.0,0.0,0,110402.5,34921.5,1722.5,4059.0,10.0,0.0,10814.5,2270.0,0.0,0.0,0.7779708328586077,0
2017-11-08,164003.0,24,8622.0,5621.0,6833.458333333333,8622.0,164005.0,0.0,0.0,0,104088.5,41680.0,1763.0,3944.5,11.0,0.0,10595.0,2198.0,0.0,0.0,0.7925606974406556,0
2017-11-09,162879.0,24,8711.0,5596.0,6786.625,8711.0,162883.0,0.0,0.0,0,108460.0,35856.5,1787.0,4061.0,9.0,0.0,10593.5,2188.0,0.0,0.0,0.7790867868212604,0
2017-11-10,141600.2,24,7511.0,5018.0,5900.008333333334,7511.0,141603.2,0.0,0.0,0,100415.8,24079.4,1914.5,4102.0,9.0,0.0,9641.2,2090.8,0.0,0.0,0.7855156881018951,0
2017-11-11,146361.0,23,8560.0,5059.0,6363.521739130435,8560.0,146362.0,0.0,0.0,0,103242.0,27107.0,1943.0,3843.0,12.0,0.0,11289.0,2296.0,0.0,0.0,0.7434020723283219,0
2017-11-12,157449.0,24,8600.0,5311.0,6560.375,8600.0,157451.0,0.0,0.0,0,107039.5,34224.0,1793.5,4088.0,11.0,0.0,8766.5,2509.0,0.0,0.0,0.7628343023255814,0
2017-11-13,159135.5,24,8605.0,5379.0,6630.645833333333,8605.0,159140.5,0.0,0.0,0,100214.0,36463.5,5814.5,3763.0,253.0,0.0,10384.0,2536.0,0.0,0.0,0.7705573310091032,0
2017-11-14,158865.5,24,8637.0,5389.0,6619.395833333333,8637.0,158868.5,0.0,0.0,0,103619.0,33549.5,4440.5,4033.0,8.0,0.0,10695.0,2654.0,0.0,0.0,0.7663998880784223,0
2017-11-15,155214.0,24,7964.0,5510.0,6467.25,7964.0,155315.0,89.0,89.0,1,106323.5,30184.5,1792.0,3972.5,0.0,0.0,10850.0,2382.0,0.0,0.0,0.8120605223505776,1
2017-11-16,148928.0,24,8170.0,4974.0,6205.333333333333,8170.0,148932.0,0.0,0.0,0,101750.0,28884.0,1712.0,4067.0,0.0,0.0,10204.5,2302.0,0.0,0.0,0.7595267237862097,0
2017-11-17,136033.5,24,7524.0,4826.0,5668.0625,7524.0,136036.5,0.0,0.0,0,98190.0,21066.5,1660.5,4117.0,5.0,0.0,9129.0,2114.0,0.0,0.0,0.7533310074428495,0
2017-11-18,152043.5,24,8501.0,4937.0,6335.145833333333,8501.0,152047.5,0.0,0.0,0,102110.5,31759.5,1716.5,4097.0,7.0,0.0,9867.0,2506.0,0.0,0.0,0.7452236011449633,0
2017-11-19,161859.5,24,8693.0,5642.0,6744.145833333333,8693.0,161863.5,0.0,0.0,0,108021.5,35019.5,1735.0,4083.0,10.0,0.0,10484.0,2661.0,0.0,0.0,0.7758133939184785,0
2017-11-20,160156.0,24,8711.0,5556.0,6673.166666666667,8711.0,160161.0,0.0,0.0,0,109929.0,31516.5,1734.0,4070.0,6.0,0.0,10552.5,2516.0,0.0,0.0,0.7660620671182031,0
2017-11-21,153444.5,24,8253.0,5324.0,6393.520833333333,8253.0,153450.5,0.0,0.0,0,105035.0,29835.0,1809.0,4033.0,7.0,0.0,10738.0,2388.0,0.0,0.0,0.7746905165798296,0
2017-11-22,146561.5,24,8009.0,4922.0,6106.729166666667,8009.0,146566.5,0.0,0.0,0,99926.0,28693.0,1837.5,4040.0,6.0,0.0,9826.0,2132.0,0.0,0.0,0.7624833520622634,0
2017-11-23,145698.5,24,7915.0,4937.0,6070.770833333333,7915.0,145703.5,0.0,0.0,0,101715.5,26200.5,1806.0,4140.0,6.0,0.0,10065.0,2142.0,0.0,0.0,0.7669956833017477,0
2017-11-24,127816.5,24,7070.0,4514.0,5325.6875,7070.0,127821.5,0.0,0.0,0,96361.0,15326.5,1805.0,4126.0,6.0,0.0,8160.5,1941.0,0.0,0.0,0.753279702970297,0
2017-11-25,139016.5,24,7751.0,4424.0,5792.354166666667,7751.0,139021.5,0.0,0.0,0,99492.0,22707.5,1801.5,3744.0,6.0,0.0,8952.5,2106.0,0.0,0.0,0.747304111297467,0
2017-11-26,141288.0,24,7836.0,4683.0,5887.0,7836.0,141293.0,0.0,0.0,0,98263.0,25439.0,1701.0,4101.5,6.5,0.0,9806.0,2141.0,0.0,0.0,0.7512761613067892,0
2017-11-27,142318.0,24,7883.0,4718.0,5929.916666666667,7883.0,142324.0,0.0,0.0,0,101169.0,23408.5,1782.5,4145.5,6.0,0.0,9810.5,2144.0,0.0,0.0,0.752241109560658,0
2017-11-28,141736.5,24,7915.0,4637.0,5905.6875,7915.0,141740.5,0.0,0.0,0,97843.5,26652.0,1755.5,3876.5,1.0,0.0,11237.5,2089.0,0.0,0.0,0.7461386607706886,0
2017-11-29,141347.0,24,7919.0,4760.0,5889.458333333333,7919.0,141351.0,0.0,0.0,0,96167.0,24770.5,4522.0,4047.0,0.0,0.0,9752.5,2106.0,0.0,0.0,0.7437123795091972,0
2017-11-30,140357.5,24,7755.0,4598.0,5848.229166666667,7755.0,140358.5,0.0,0.0,0,100346.5,22248.0,1692.0,4052.0,7.0,0.0,9864.5,2119.0,0.0,0.0,0.7541236836449603,0
2017-12-01,127558.5,24,6982.0,4593.0,5314.9375,6982.0,127561.5,0.0,0.0,0,97619.0,15190.5,1523.0,3991.0,8.0,0.0,7701.5,1731.0,0.0,0.0,0.7612342452019478,0
2017-12-02,130613.0,24,7362.0,4303.0,5442.208333333333,7362.0,130617.0,0.0,0.0,0,96941.5,18534.5,1420.5,3655.5,7.0,0.0,8746.0,1735.0,0.0,0.0,0.7392296024630988,0
2017-12-03,137870.0,24,7739.0,4425.0,5744.583333333333,7739.0,137874.0,0.0,0.0,0,97832.0,24709.0,1779.0,1814.0,7.0,0.0,9820.5,2092.0,0.0,0.0,0.742290132230693,0
2017-12-04,140256.5,24,7881.0,4551.0,5844.020833333333,7881.0,140379.5,0.0,0.0,0,102968.0,21815.5,1799.0,1922.0,6.0,0.0,10004.0,2105.5,0.0,0.0,0.7415329061455822,0
2017-12-05,141047.0,24,8015.0,4641.0,5876.958333333333,8015.0,141054.0,0.0,0.0,0,100347.0,18456.5,7384.0,2982.0,6.0,0.0,9948.0,2078.0,0.0,0.0,0.7332449573715949,0
2017-12-06,142018.5,24,7960.0,4581.0,5917.4375,7960.0,142024.5,0.0,0.0,0,100347.0,21456.5,5758.5,2207.0,6.0,0.0,9814.0,2132.0,0.0,0.0,0.7433966708542713,0
2017-12-07,122959.0,21,7826.0,4582.0,5855.190476190476,7826.0,122960.85714285714,0.0,0.0,0,89604.64285714286,17235.928571428572,3962.4285714285716,2283.285714285714,5.0,0.0,8749.142857142857,1872.7142857142858,0.0,0.0,0.7481715405303445,0
2017-12-08,127111.0,24,6920.0,4511.0,5296.291666666667,6920.0,127114.0,0.0,0.0,0,102420.0,14918.5,4536.5,1822.5,2.0,0.0,1654.0,1889.0,0.0,0.0,0.7653600674373796,0
2017-12-09,131113.0,24,7335.0,4019.0,5463.041666666667,7335.0,131114.0,0.0,0.0,0,97367.0,23918.5,6276.5,1705.0,0.0,0.0,0.0,1942.0,0.0,0.0,0.7447909566007725,0
2017-12-10,139872.0,24,7823.0,4232.0,5828.0,7823.0,139875.0,0.0,0.0,0,100266.5,29504.0,5702.5,2341.0,2.0,0.0,0.0,2086.0,0.0,0.0,0.7449827431931484,0
2017-12-11,145671.0,24,8028.0,4577.0,6069.625,8028.0,145674.0,0.0,0.0,0,105444.5,31329.5,4719.0,1932.0,3.0,0.0,0.0,2257.0,0.0,0.0,0.7560569257598405,0
2017-12-12,144692.5,24,8024.0,4790.0,6028.854166666667,8024.0,144695.5,0.0,0.0,0,102664.5,27525.0,7519.0,1826.0,6.0,0.0,2900.0,2260.0,0.0,0.0,0.7513527126952476,0
2017-12-13,145452.5,24,8002.0,4828.0,6060.520833333333,8002.0,145454.5,0.0,0.0,0,98276.5,25700.0,8101.5,1845.0,4.0,0.0,9594.5,2137.0,0.0,0.0,0.75737576022661,0
2017-12-14,145390.5,24,7742.0,4827.0,6057.9375,7742.0,145395.5,0.0,0.0,0,98144.0,26392.5,7412.0,1846.0,6.0,0.0,9561.0,2165.0,0.0,0.0,0.7824770731077241,0
2017-12-15,130219.61111111111,24,7002.0,4567.0,5425.81712962963,7002.0,130223.61111111111,0.0,0.0,0,92401.94444444444,21316.166666666668,5580.666666666667,1800.5555555555557,5.0,0.0,7467.777777777777,1946.111111111111,0.0,0.0,0.7748953341373365,0
2017-12-17,128560.96153846153,23,7627.0,4125.0,5589.607023411371,7627.0,128563.96153846153,0.0,0.0,0,92298.30769230769,22521.076923076922,1544.3461538461538,1747.4615384615386,0.0,0.0,8930.423076923076,1761.923076923077,0.0,0.0,0.7328709877293,0
2017-12-19,139244.0,24,7889.0,4429.0,5801.833333333333,7889.0,139171.5,0.0,0.0,0,100386.0,23722.0,1724.5,1828.0,5.0,0.0,9783.0,2053.5,0.0,0.0,0.7354333037562851,0
2017-12-20,139628.0,24,7894.0,4434.0,5817.833333333333,7894.0,139583.0,0.0,0.0,0,99178.5,23011.5,4302.5,1771.0,6.0,0.0,9507.0,2118.0,0.0,0.0,0.7369943416941136,0
2017-12-21,138533.0,24,7896.0,4508.0,5772.208333333333,7896.0,138455.5,0.0,0.0,0,97672.5,19144.5,8566.5,2049.5,3.0,0.0,9564.5,1974.0,0.0,0.0,0.7310294241810199,0
2017-12-22,125940.5,24,7064.0,4457.0,5247.520833333333,7064.0,125944.5,0.0,0.0,0,92067.5,15535.0,7621.5,1773.0,80.0,0.0,7292.0,1645.0,0.0,0.0,0.7428540251038127,0
2017-12-23,134625.5,24,7829.0,4381.0,5609.395833333333,7829.0,134629.5,0.0,0.0,0,103096.5,14473.0,6171.5,1862.0,5.0,0.0,7274.0,1990.0,0.0,0.0,0.7164894409673436,0
2017-12-24,141339.0,24,7935.0,4614.0,5889.125,7935.0,141342.0,0.0,0.0,0,100295.5,21531.5,6412.0,1677.0,5.0,0.0,9576.0,1995.0,0.0,0.0,0.7421707624448646,0
2017-12-25,137642.5,24,7829.0,4590.0,5735.104166666667,7829.0,137647.5,0.0,0.0,0,102607.0,17989.0,5949.5,2174.0,4.0,0.0,7399.0,1945.0,0.0,0.0,0.7325461957678716,0
2017-12-26,140528.5,24,7957.0,4526.0,5855.354166666667,7957.0,140533.5,0.0,0.0,0,99893.5,21786.0,5554.0,1901.0,5.0,0.0,9645.0,2038.0,0.0,0.0,0.7358745967910855,0
2017-12-27,141467.5,24,7798.0,4547.0,5894.479166666667,7798.0,141472.5,0.0,0.0,0,102511.0,18948.5,6585.0,1822.5,5.0,0.0,11576.0,2073.0,0.0,0.0,0.7558962768231171,0
2017-12-28,142430.5,24,7753.0,4562.0,5934.604166666667,7753.0,142432.5,0.0,0.0,0,103320.16666666667,18716.666666666668,6540.833333333333,1800.1666666666667,3.0,0.0,9897.166666666666,2049.3333333333335,0.0,0.0,0.7654590696074638,0
2017-12-29,127735.0,24,6919.0,4558.0,5322.291666666667,6919.0,127739.0,0.0,0.0,0,97324.33333333333,13237.333333333334,6853.666666666667,1733.3333333333333,5.0,0.0,6934.333333333333,1896.6666666666667,0.0,0.0,0.7692284530519825,0
2017-12-30,136727.0,24,7750.0,4309.0,5696.958333333333,7750.0,136730.0,0.0,0.0,0,99165.0,20140.5,6699.5,1781.0,7.0,0.0,7210.0,2078.0,0.0,0.0,0.7350913978494623,0
2018-01-01,139647.5,24,7651.0,4594.0,5818.645833333333,7651.0,139654.5,0.0,0.0,0,103424.0,18247.0,5636.0,1749.0,5.0,0.0,8929.0,1819.0,0.0,0.0,0.7605078856794318,0
2018-01-02,139276.5,24,7782.0,4472.0,5803.1875,7782.0,139379.5,90.0,90.0,1,103705.0,15546.5,6716.0,1714.0,3.0,0.0,10063.5,1819.0,0.0,0.0,0.7457192881007453,1
2018-01-03,138927.5,24,7704.0,4483.0,5788.645833333333,7704.0,138932.5,0.0,0.0,0,101423.5,17838.0,5786.0,2095.0,3.0,0.0,9994.5,1935.0,0.0,0.0,0.7513818579093111,0
2018-01-04,137320.5,24,7739.0,4336.0,5721.6875,7739.0,130847.0,0.0,0.0,0,101679.5,17450.5,4161.5,2219.5,0.0,0.0,9946.5,2017.0,0.0,0.0,0.7393316319937977,0
2018-01-05,125043.5,24,6967.0,4345.0,5210.145833333333,6967.0,125045.5,0.0,0.0,0,97904.0,13174.5,4063.5,1066.0,2.0,0.0,7460.5,1830.0,0.0,0.0,0.7478320415291134,0
2018-01-06,129736.5,24,7657.0,4098.0,5405.6875,7657.0,129713.0,0.0,0.0,0,99814.5,15442.5,5039.5,1130.0,1.5,0.0,6705.0,1930.5,0.0,0.0,0.705979822384746,0
2018-01-07,136222.5,24,7650.0,4366.0,5675.9375,7650.0,136226.5,0.0,0.0,0,101119.0,16555.0,5858.0,1514.0,73.0,0.0,9257.0,1960.0,0.0,0.0,0.741952614379085,0
2018-01-08,138274.5,24,7868.0,4360.0,5761.4375,7868.0,138277.5,0.0,0.0,0,100153.5,17051.0,8133.5,2034.0,5.0,0.0,9455.0,1985.0,0.0,0.0,0.7322620106761566,0
2018-01-09,140018.0,24,7876.0,4405.0,5834.083333333333,7876.0,140022.0,0.0,0.0,0,100668.5,18402.0,8373.0,1420.5,6.0,0.0,9646.5,1980.0,0.0,0.0,0.740741916370408,0
2018-01-10,139846.5,24,7755.0,4549.0,5826.9375,7755.0,139848.5,0.0,0.0,0,97435.5,21390.5,8504.0,1054.0,2.0,0.0,9478.0,2071.0,0.0,0.0,0.7513781431334623,0
2018-01-12,129752.5,24,6998.0,4532.0,5406.354166666667,6998.0,129755.5,0.0,0.0,0,98015.0,13668.0,8711.0,998.5,4.0,0.0,6888.5,1780.0,0.0,0.0,0.7725570401066972,0
2018-01-13,141483.44444444444,24,7842.0,4237.0,5895.143518518518,7842.0,141485.44444444444,0.0,0.0,0,100945.44444444444,21809.666666666668,8416.111111111111,1649.0555555555557,3.0,0.0,6803.833333333333,1959.888888888889,0.0,0.0,0.751739800882239,0
2018-01-15,143597.0,24,7894.0,4603.0,5983.208333333333,7894.0,143602.0,0.0,0.0,0,101889.5,20008.0,8602.0,1548.0,3.0,0.0,9526.0,2106.0,0.0,0.0,0.7579437969766066,0
2018-01-16,143298.0,24,7784.0,4658.0,5970.75,7784.0,143303.0,0.0,0.0,0,101992.5,19761.0,8860.0,1510.0,4.0,0.0,9530.5,2180.0,0.0,0.0,0.7670542137718397,0
2018-01-17,146255.0,24,8061.0,4748.0,6093.958333333333,8061.0,146259.0,0.0,0.0,0,102989.5,22210.0,7783.0,1736.0,3.0,0.0,9560.5,2244.0,0.0,0.0,0.7559804408055245,0
2018-01-18,147061.5,24,7807.0,4698.0,6127.5625,7807.0,147067.5,0.0,0.0,0,98978.5,26729.5,7730.5,2061.0,6.0,0.0,9561.5,2161.0,0.0,0.0,0.7848805559113616,0
2018-01-19,132369.0,24,7210.0,4686.0,5515.375,7210.0,132374.0,0.0,0.0,0,92890.0,22780.5,6573.0,1476.0,7.0,0.0,6707.0,1995.0,0.0,0.0,0.7649618585298197,0
2018-01-20,137734.0,24,7682.0,4479.0,5738.916666666667,7682.0,137738.0,0.0,0.0,0,92080.5,29437.5,6268.0,1136.0,6.0,0.0,6891.5,2156.0,0.0,0.0,0.7470602273713443,0
2018-01-21,143938.5,24,7841.0,4731.0,5997.4375,7841.0,143942.5,0.0,0.0,0,93696.0,29991.0,6860.0,1567.0,5.0,0.0,9859.0,2217.0,0.0,0.0,0.7648817115163882,0
2018-01-22,146645.5,24,7810.0,4715.0,6110.229166666667,7810.0,146648.5,0.0,0.0,0,101110.0,24409.5,8499.5,777.0,3.0,0.0,9885.5,2226.0,0.0,0.0,0.7823596884336321,0
2018-01-23,147296.0,24,7878.0,4795.0,6137.333333333333,7878.0,147301.0,0.0,0.0,0,101340.0,24000.0,8696.5,1304.0,6.0,0.0,10029.0,2247.0,0.0,0.0,0.779047135482779,0
2018-01-24,149886.5,24,7909.0,4889.0,6245.270833333333,7909.0,149892.5,0.0,0.0,0,106176.5,21560.5,8916.5,1695.0,6.0,0.0,9774.0,2171.0,0.0,0.0,0.7896410207780166,0
2018-01-25,152214.5,24,8183.0,5032.0,6342.270833333333,8183.0,152181.0,0.0,0.0,0,106880.5,22974.0,8909.0,1812.5,8.0,0.0,9666.5,2247.0,0.0,0.0,0.7750544828709927,0
2018-01-26,136563.0,24,7285.0,4907.0,5690.125,7285.0,136838.0,243.0,243.0,1,103353.0,15153.0,8709.0,1004.5,7.0,0.0,6740.0,2095.0,0.0,0.0,0.7810741249142072,1
2018-01-27,143826.0,24,8028.0,4583.0,5992.75,8028.0,143828.0,0.0,0.0,0,100234.5,23969.5,8771.5,1389.0,3.0,0.0,7493.0,2170.0,0.0,0.0,0.7464810662680618,0
2018-01-28,150879.0,24,8144.0,4818.0,6286.625,8144.0,150883.0,0.0,0.0,0,103430.0,24675.0,8609.5,1872.0,5.5,0.0,10222.5,2280.0,0.0,0.0,0.7719333251473477,0
2018-01-29,151011.5,24,8233.0,4811.0,6292.145833333333,8233.0,151016.5,0.0,0.0,0,103339.5,25888.5,8583.5,1238.0,6.0,0.0,9546.0,2239.0,0.0,0.0,0.7642591805336248,0
2018-01-30,152270.0,24,8201.0,4847.0,6344.583333333333,8201.0,152242.5,0.0,0.0,0,102516.5,27754.5,8737.0,1345.5,5.0,0.0,9594.0,2315.0,0.0,0.0,0.7736353290249156,0
2018-01-31,153425.0,24,8186.0,4896.0,6392.708333333333,8186.0,153426.0,0.0,0.0,0,106779.0,24255.5,8393.5,1679.0,5.0,0.0,9908.0,2226.0,0.0,0.0,0.780931875559899,0
2018-02-01,154440.0,24,8162.0,4928.0,6435.0,8162.0,154396.5,0.0,0.0,0,105257.0,26765.5,8689.5,1918.5,5.0,0.0,9485.0,2405.0,0.0,0.0,0.7884097035040432,0
2018-02-02,135470.5,24,7262.0,4415.0,5644.604166666667,7262.0,135474.5,0.0,0.0,0,98527.0,17525.0,8483.0,1486.0,2.0,0.0,7167.0,1975.0,0.0,0.0,0.7772795602680621,0
2018-02-03,148389.5,24,8109.0,4557.0,6182.895833333333,8109.0,148459.5,0.0,0.0,0,104911.0,22089.0,8762.5,2006.0,3.0,0.0,8325.5,2322.0,0.0,0.0,0.7624732807168989,0
2018-02-04,149392.5,24,8119.0,4842.0,6224.6875,8128.0,148696.0,0.0,0.0,0,106064.0,20290.5,8832.5,1965.5,2.5,0.0,9829.0,2373.0,0.0,0.0,0.7666815494519029,0
2018-02-05,153479.0,24,8240.0,4788.0,6394.958333333333,8240.0,153482.0,0.0,0.0,0,104432.5,25668.5,8814.0,1994.5,3.0,0.0,9908.0,2328.0,0.0,0.0,0.7760871763754045,0
2018-02-06,150385.0,24,7976.0,4871.0,6266.041666666667,7976.0,150389.0,0.0,0.0,0,103567.0,25259.0,7457.5,1865.0,6.0,0.0,11145.5,2253.0,0.0,0.0,0.7856120444667336,0
2018-02-07,155751.0,24,8258.0,4989.0,6489.625,8258.0,155756.0,0.0,0.0,0,100063.0,35503.5,5992.0,1923.5,6.0,0.0,10179.5,2405.0,0.0,0.0,0.7858591668684911,0
2018-02-08,157947.5,24,8115.0,5192.0,6581.145833333333,8115.0,157952.5,0.0,0.0,0,97289.0,40787.0,6204.5,1684.5,7.0,0.0,9570.5,2401.0,0.0,0.0,0.8109853152598069,0
2018-02-09,140759.0,24,7449.0,5074.0,5864.958333333333,7449.0,140765.0,0.0,0.0,0,94671.5,29382.5,5779.5,1643.0,8.0,0.0,7065.5,2029.0,0.0,0.0,0.7873484136573141,0
2018-02-10,151807.0,24,8055.0,4943.0,6325.291666666667,8055.0,151813.0,0.0,0.0,0,99590.0,31700.5,8460.0,1682.0,4.0,0.0,8128.0,2339.0,0.0,0.0,0.7852627767432238,0
2018-02-11,154155.0,24,8032.0,5002.0,6423.125,8032.0,154159.0,0.0,0.0,0,101868.0,29773.0,8650.5,1727.0,9.0,0.0,9430.5,2282.0,0.0,0.0,0.7996918575697212,0
2018-02-12,154773.0,24,8165.0,5042.0,6448.875,8165.0,154778.0,0.0,0.0,0,106095.5,26139.0,8704.5,1677.0,9.0,0.0,9735.0,2258.0,0.0,0.0,0.7898193508879363,0
2018-02-13,158518.5,24,8421.0,5083.0,6604.9375,8421.0,158523.5,0.0,0.0,0,110667.0,25076.0,8716.0,1845.0,9.0,0.0,10158.0,2359.0,0.0,0.0,0.7843412302576891,0
2018-02-14,156974.5,24,8419.0,5187.0,6540.604166666667,8419.0,156738.5,0.0,0.0,0,107886.5,26223.5,8707.0,1897.0,2.0,0.0,9714.5,2356.0,0.0,0.0,0.7768861107811696,0
2018-02-15,159440.5,24,8288.0,5267.0,6643.354166666667,8288.0,159472.5,0.0,0.0,0,109830.5,26543.5,8839.5,1931.0,10.0,0.0,9721.5,2383.0,0.0,0.0,0.8015630027348778,0
2018-02-16,140043.0,24,7399.0,5138.0,5835.125,7399.0,140045.0,0.0,0.0,0,104419.5,17113.5,6755.0,1816.0,10.0,0.0,7470.5,2133.0,0.0,0.0,0.788636977969996,0
2018-02-18,158567.5,24,8460.0,5131.0,6606.979166666667,8460.0,158573.5,0.0,0.0,0,109392.0,28036.5,7040.0,1787.0,7.0,0.0,9742.0,2184.5,0.0,0.0,0.780966804570528,0
2018-02-19,161250.5,24,8551.0,5258.0,6718.770833333333,8551.0,161255.5,0.0,0.0,0,110479.5,28759.5,7752.0,1800.0,7.0,0.0,10303.5,2396.0,0.0,0.0,0.7857292519393443,0
2018-02-20,163701.0,24,8553.0,5337.0,6820.875,8553.0,163707.0,0.0,0.0,0,107425.0,32870.5,8724.5,2016.0,6.0,0.0,10293.5,2354.0,0.0,0.0,0.7974833391792353,0
2018-02-21,146370.0,24,7617.0,5303.0,6098.75,7617.0,146447.5,0.0,0.0,0,107564.0,18534.0,8708.0,2035.0,7.0,0.0,7049.5,2370.0,0.0,0.0,0.8006761192070369,0
2018-02-22,157928.5,24,8508.0,4916.0,6580.354166666667,8508.0,157932.5,0.0,0.0,0,107381.0,26846.0,8849.5,2072.0,6.0,0.0,10104.0,2444.0,0.0,0.0,0.7734313783106097,0
2018-02-23,150566.5,24,7980.0,5485.0,6273.604166666667,7980.0,150571.5,0.0,0.0,0,107909.5,21759.0,8791.0,2050.5,6.0,0.0,7698.0,2434.0,0.0,0.0,0.7861659356725147,0
2018-02-24,165375.5,24,8826.0,5323.0,6890.645833333333,8826.0,165377.5,0.0,0.0,0,110386.5,32304.0,8678.0,2286.5,82.0,0.0,8981.5,2616.0,0.0,0.0,0.7807212591585467,0
2018-02-25,172885.5,24,8763.0,5878.0,7203.5625,8763.0,172891.5,0.0,0.0,0,115430.5,33192.0,8765.0,2153.5,6.0,0.0,10533.5,2693.0,0.0,0.0,0.8220429647381033,0
2018-02-26,137835.0,24,7794.0,2515.0,5743.125,7794.0,137837.0,0.0,0.0,0,91956.5,23046.5,7823.0,2065.0,3.0,0.0,10789.0,2340.0,0.0,0.0,0.736864896073903,0
2018-02-27,161586.0,24,8714.0,5181.0,6732.75,8714.0,161590.0,0.0,0.0,0,109343.5,27917.5,8709.0,2268.5,10.0,0.0,11144.0,2514.0,0.0,0.0,0.7726359880651824,0
2018-02-28,170145.0,24,8714.0,5824.0,7089.375,8714.0,170328.5,0.0,0.0,0,113077.5,32957.0,8746.0,1753.0,10.0,0.0,10947.0,2626.0,0.0,0.0,0.8135615102134496,0
2018-03-01,171549.0,24,8805.0,5843.0,7147.875,8805.0,171554.0,0.0,0.0,0,110921.5,36447.0,8853.0,1804.0,9.0,0.0,10795.0,2740.0,0.0,0.0,0.8117972742759796,0
2018-03-02,157546.0,24,8221.0,5870.0,6564.416666666667,8221.0,157553.0,0.0,0.0,0,109142.5,27070.0,8787.0,1779.5,7.0,0.0,8559.5,2625.0,0.0,0.0,0.7984936950087176,0
2018-03-03,171451.5,24,9133.0,5777.0,7143.8125,9133.0,171384.5,0.0,0.0,0,116573.5,31002.0,8699.0,1874.0,10.0,0.0,10059.0,2593.0,0.0,0.0,0.7821977991897514,0
2018-03-04,184599.5,24,8975.0,6553.0,7691.645833333333,8975.0,184603.5,0.0,0.0,0,115398.66666666667,44709.333333333336,8582.0,1808.0,10.0,0.0,10820.0,3118.3333333333335,0.0,0.0,0.8570078922934076,0
2018-03-05,190287.0,24,9015.0,6859.0,7928.625,9015.0,190292.0,0.0,0.0,0,112791.33333333333,53184.666666666664,8564.0,1666.0,5.0,0.0,10608.0,3162.6666666666665,0.0,0.0,0.8794925124792013,0
2018-03-06,187632.0,24,9307.0,6637.0,7818.0,9307.0,187638.0,0.0,0.0,0,111320.5,51976.5,8472.5,2020.5,9.0,0.0,10761.0,3157.0,0.0,0.0,0.8400128935210057,0
2018-03-07,187692.5,24,9364.0,6689.0,7820.520833333333,9364.0,187697.5,0.0,0.0,0,114075.0,49348.5,8429.0,1974.0,11.0,0.0,10522.5,3025.0,0.0,0.0,0.8351688203047131,0
2018-03-08,183680.5,24,9241.0,6391.0,7653.354166666667,9241.0,183684.5,0.0,0.0,0,107131.0,53893.0,7078.0,1887.0,9.0,0.0,10891.0,2862.0,0.0,0.0,0.8281954514302204,0
2018-03-09,162102.5,24,8242.0,5965.0,6754.270833333333,8242.0,162106.5,0.0,0.0,0,102540.0,42583.0,7078.0,1778.5,10.0,0.0,5894.0,2680.0,0.0,0.0,0.8194941559492033,0
2018-03-10,171619.0,24,9115.0,5829.0,7150.791666666667,9115.0,171623.0,0.0,0.0,0,105361.0,43613.0,7040.0,1919.0,10.0,0.0,11076.0,2840.0,0.0,0.0,0.7845081367708905,0
2018-03-11,182211.5,24,9454.0,6256.0,7592.145833333333,9454.0,182217.5,0.0,0.0,0,109449.5,49400.0,7014.5,1930.5,8.0,0.0,11579.0,2938.0,0.0,0.0,0.803061755165362,0
2018-03-12,185613.0,24,9533.0,6309.0,7733.875,9533.0,185669.0,0.0,0.0,0,110847.0,50776.5,7653.5,1694.0,8.5,0.0,11599.0,3064.0,0.0,0.0,0.8112739955942515,0
2018-03-13,189825.0,24,9616.0,6645.0,7909.375,9616.0,189831.0,0.0,0.0,0,107263.0,57519.5,8555.5,1892.0,7.0,0.0,11501.0,3126.0,0.0,0.0,0.8225223585690515,0
2018-03-14,188723.5,24,9494.0,6524.0,7863.479166666667,9494.0,188730.5,0.0,0.0,0,107815.0,57324.5,8150.5,1144.5,4.0,0.0,11255.0,3092.0,0.0,0.0,0.828257759286567,0
2018-03-15,192699.5,24,9715.0,6896.0,8029.145833333333,9715.0,192702.5,0.0,0.0,0,109989.0,59650.0,7717.0,1220.0,5.0,0.0,11127.0,3140.0,0.0,0.0,0.8264689483616401,0
2018-03-16,176004.5,24,8842.0,6415.0,7333.520833333333,8842.0,176011.5,0.0,0.0,0,113063.0,39109.5,8035.5,1672.5,6.0,0.0,11298.0,2958.0,0.0,0.0,0.8293961584860137,0
2018-03-17,186191.0,24,9467.0,6538.0,7757.958333333333,9467.0,186196.0,0.0,0.0,0,121811.5,40558.5,8059.0,1503.5,9.0,0.0,11254.0,3070.6666666666665,0.0,0.0,0.819473786134291,0
2018-03-18,194367.0,24,9939.0,6918.0,8098.625,9939.0,194372.0,0.0,0.0,0,120610.5,50974.5,7160.0,1462.0,9.0,0.0,11314.0,3203.3333333333335,0.0,0.0,0.81483298118523,0
2018-03-19,198626.0,24,10029.0,7140.0,8276.083333333334,10029.0,198631.0,0.0,0.0,0,121696.0,52432.0,8516.5,1427.5,13.0,0.0,11387.5,3123.0,0.0,0.0,0.8252152092265763,0
2018-03-20,196666.5,24,9578.0,7140.0,8194.4375,9578.0,196669.5,0.0,0.0,0,114208.5,57870.0,8435.0,1568.5,2.0,0.0,11391.0,3282.0,0.0,0.0,0.8555478701190228,0
2018-03-21,196051.5,24,9714.0,7029.0,8168.8125,9714.0,196057.5,0.0,0.0,0,111362.5,61430.5,7917.5,840.0,8.0,0.0,11328.0,3128.0,0.0,0.0,0.8409319024088944,0
2018-03-22,200670.5,24,9819.0,7219.0,8361.270833333334,9819.0,200677.5,0.0,0.0,0,114501.5,62434.5,7546.5,1824.0,7.0,0.0,10766.5,3245.0,0.0,0.0,0.851539956546831,0
2018-03-23,186087.5,24,9344.0,6323.0,7753.645833333333,9344.0,186692.5,540.0,540.0,1,112257.0,50681.0,7797.5,1781.0,7.0,0.0,11178.0,3098.0,0.0,0.0,0.8297994256563926,1
2018-03-24,198359.0,24,9470.0,7308.0,8264.958333333334,9470.0,198362.0,0.0,0.0,0,114494.0,59774.5,7628.5,1859.0,9.0,0.0,11496.5,3239.0,0.0,0.0,0.8727516719464978,0
2018-03-25,200363.5,24,9190.0,7716.0,8348.479166666666,9190.0,200367.5,0.0,0.0,0,112843.5,64150.5,6858.0,1920.5,7.0,0.0,11310.5,3322.0,0.0,0.0,0.9084308124773304,0
2018-03-26,181853.5,24,8747.5,6535.0,7577.229166666667,8747.5,181857.5,0.0,0.0,0,100807.5,57282.5,7255.5,1913.0,10.0,0.0,11210.0,3384.0,0.0,0.0,0.866216538058493,0
2018-03-27,185015.0,24,9318.0,6112.0,7708.958333333333,9318.0,185019.0,0.0,0.0,0,104575.0,56106.0,7759.5,1905.5,8.0,0.0,11535.0,3295.0,0.0,0.0,0.8273189883379838,0
2018-03-28,197984.5,24,9282.0,7497.0,8249.354166666666,9282.0,197989.5,0.0,0.0,0,106128.5,68298.0,7186.5,1906.5,7.0,0.0,11131.5,3371.0,0.0,0.0,0.8887474861739567,0
2018-03-29,196839.5,24,9128.0,7250.0,8201.645833333334,9128.0,196842.5,0.0,0.0,0,107887.5,65231.0,7461.0,1890.0,6.0,0.0,11137.5,3332.6666666666665,0.0,0.0,0.8985151000584284,0
2018-03-30,147450.5,24,7992.5,3613.0,6143.770833333333,7992.5,147452.5,0.0,0.0,0,93173.5,32778.0,6952.0,1929.0,5.0,0.0,11156.0,2305.3333333333335,0.0,0.0,0.7686920029194035,0
2018-03-31,128979.5,24,8280.0,1774.0,5374.145833333333,8280.0,128980.5,0.0,0.0,0,86795.5,31826.0,1163.5,1953.5,5.0,0.0,5372.5,2081.0,0.0,0.0,0.6490514291465378,0
2018-04-01,170684.0,24,9147.0,5696.0,7111.833333333333,9147.0,170689.0,0.0,0.0,0,105522.5,47605.0,1614.0,1927.5,9.0,0.0,11308.5,2904.0,0.0,0.0,0.7775044641230275,0
2018-04-02,176828.5,24,9258.0,5910.0,7367.854166666667,9258.0,176966.5,0.0,0.0,0,103133.5,51820.5,5421.0,2099.5,6.0,0.0,11314.0,3081.0,0.0,0.0,0.7958364837617916,0
2018-04-03,189226.0,24,9350.0,6551.0,7884.416666666667,9350.0,189209.5,0.0,0.0,0,108159.0,60038.0,4374.0,2506.0,10.0,0.0,11237.0,2994.0,0.0,0.0,0.84325311942959,0
2018-04-04,191526.0,24,9248.0,7014.0,7980.25,9248.0,191499.5,0.0,0.0,0,109080.0,60214.5,5090.5,2825.5,9.5,0.0,11182.5,3210.0,0.0,0.0,0.8629163062283737,0
2018-04-05,184645.5,24,8616.5,6977.0,7693.5625,8616.5,184650.5,0.0,0.0,0,99943.5,62278.0,5390.5,2592.5,10.0,0.0,11417.5,3211.0,0.0,0.0,0.8928871931758835,0
2018-04-06,154548.5,24,8396.0,5243.0,6439.520833333333,8396.0,154553.0,0.0,0.0,0,99914.0,32159.5,6432.5,2018.0,4.5,0.0,11422.5,2553.0,0.0,0.0,0.7669748491345084,0
2018-04-07,174312.0,24,9255.0,5607.0,7263.0,9255.0,174314.0,0.0,0.0,0,112024.0,39032.5,7177.0,2124.5,95.0,0.0,11547.5,2867.0,0.0,0.0,0.7847649918962722,0
2018-04-08,173054.5,24,9200.0,5953.0,7210.604166666667,9200.0,173368.5,0.0,0.0,0,110010.0,46471.5,7835.5,2169.5,6.0,0.0,3816.0,2779.0,0.0,0.0,0.7837613224637682,0
2018-04-09,189675.0,24,9510.0,6360.0,7903.125,9510.0,189645.0,0.0,0.0,0,120324.0,55797.5,8234.0,2161.0,9.5,0.0,0.0,3149.0,0.0,0.0,0.8310331230283912,0
2018-04-10,183378.0,24,9355.0,5947.0,7640.75,9355.0,183380.0,0.0,0.0,0,116857.0,52724.0,8060.5,2373.5,10.0,0.0,0.0,3356.0,0.0,0.0,0.8167557455905933,0
2018-04-11,190105.0,24,8943.0,7007.0,7921.041666666667,8943.0,190109.0,0.0,0.0,0,115682.0,60292.5,8056.0,2796.5,10.0,0.0,0.0,3254.0,0.0,0.0,0.8857253345260726,0
2018-04-12,168200.5,24,8917.0,5187.0,7008.354166666667,8917.0,168203.5,0.0,0.0,0,106200.5,48482.5,7913.5,2616.0,13.0,0.0,0.0,3080.0,0.0,0.0,0.7859542633920228,0
2018-04-13,161471.0,24,9257.0,5332.0,6727.958333333333,9257.0,161371.5,0.0,0.0,0,108918.0,40455.0,7434.5,2063.5,13.0,0.0,0.0,2582.0,0.0,0.0,0.7267968384285766,0
2018-04-14,176710.5,24,8637.5,5609.0,7362.9375,8637.5,176794.5,0.0,0.0,0,118245.0,45787.5,7843.0,1928.0,10.0,0.0,0.0,2897.0,0.0,0.0,0.852438494934877,0
2018-04-15,184725.5,24,9849.0,5767.0,7696.895833333333,9849.0,184729.5,0.0,0.0,0,121667.0,49654.0,8036.5,2358.0,12.0,0.0,0.0,2968.0,0.0,0.0,0.7814900835956273,0
2018-04-16,205733.5,24,9702.0,7383.0,8572.229166666666,9702.0,205737.5,0.0,0.0,0,124793.5,66841.0,7906.0,2632.0,10.0,0.0,0.0,3461.0,0.0,0.0,0.8835527898027897,0
2018-04-17,175730.5,24,8429.0,6044.0,7322.104166666667,8429.0,175661.0,0.0,0.0,0,114208.5,48176.5,8043.5,2899.0,4.0,0.0,0.0,2419.0,0.0,0.0,0.8686800529916558,0
2018-04-18,164378.5,24,9758.0,4376.0,6849.104166666667,9758.0,164381.5,0.0,0.0,0,108371.0,43640.0,7410.5,2076.0,12.0,0.0,0.0,2610.0,0.0,0.0,0.7018963073034092,0
2018-04-19,171776.0,24,9387.0,5443.0,7157.333333333333,9387.0,171780.0,0.0,0.0,0,116958.5,41710.0,8067.0,2762.5,8.0,0.0,0.0,2321.0,0.0,0.0,0.762472923546749,0
2018-04-20,162434.5,24,8095.0,5826.0,6768.104166666667,8095.0,162438.5,0.0,0.0,0,112751.0,33582.0,7987.5,1838.0,7.0,0.0,4194.0,1982.0,0.0,0.0,0.8360845171916822,0
2018-04-21,171390.0,24,8498.0,6226.0,7141.25,8498.0,171165.5,0.0,0.0,0,110609.5,36882.5,8087.5,1950.5,7.0,0.0,11543.0,2297.0,0.0,0.0,0.840344787008708,0
2018-04-22,179705.0,24,8624.0,6458.0,7487.708333333333,8624.0,179907.0,180.0,180.0,1,112168.5,43842.0,8070.0,1682.0,2.0,0.0,11496.0,2591.0,0.0,0.0,0.8682407622139765,1
2018-04-23,194945.0,24,9744.0,6641.0,8122.708333333333,9744.0,194950.0,0.0,0.0,0,113831.5,56806.0,8003.0,1950.5,3.0,0.0,11544.0,2985.0,0.0,0.0,0.8336112821565408,0
2018-04-24,209075.5,24,10137.0,7223.0,8711.479166666666,10137.0,209081.5,0.0,0.0,0,123113.5,59792.0,8134.0,3136.5,11.0,0.0,11529.5,3523.5,0.0,0.0,0.8593744862056492,0
2018-04-25,189222.0,24,9622.0,5710.0,7884.25,9622.0,189224.0,0.0,0.0,0,116893.0,48190.5,7578.0,2480.0,11.0,0.0,11245.5,3081.0,0.0,0.0,0.8193982540012471,0
2018-04-26,168043.0,24,9245.0,5379.0,7001.791666666667,9245.0,168046.0,0.0,0.0,0,108169.5,38085.0,6715.5,1725.0,4.0,0.0,11303.0,2215.0,0.0,0.0,0.7573598341445827,0
2018-04-27,154919.5,24,8876.0,4793.0,6454.979166666667,8876.0,154922.5,0.0,0.0,0,106047.0,27050.5,6710.0,1605.0,9.0,0.0,11156.5,2509.0,0.0,0.0,0.7272396537479345,0
2018-04-28,185209.5,24,9573.0,6303.0,7717.0625,9573.0,185213.5,0.0,0.0,0,120096.5,40008.0,8101.0,2103.0,10.0,0.0,11802.5,3163.0,0.0,0.0,0.8061279118353704,0
2018-04-29,150495.5,24,7807.0,4197.0,6270.645833333333,7807.0,150497.5,0.0,0.0,0,102138.5,26001.0,6590.0,2122.0,3.0,0.0,11808.0,2507.0,0.0,0.0,0.8032081251867982,0
2018-04-30,138642.0,24,7256.0,3731.0,5776.75,7256.0,138645.0,1.0,1.0,1,99979.0,21597.0,5845.5,1746.0,2.0,0.0,8789.5,1817.0,0.0,0.0,0.7961342337375965,1
2018-05-01,137931.0,24,7770.0,4461.0,5747.125,7770.0,137937.0,0.0,0.0,0,99590.5,20684.0,5904.0,1668.5,3.0,0.0,8148.0,2139.0,0.0,0.0,0.7396557271557271,0
2018-05-02,132032.5,24,6713.5,4062.0,5501.354166666667,6713.5,132033.5,0.0,0.0,0,97301.0,14967.0,6288.0,1617.5,8.0,0.0,10134.5,2060.0,0.0,0.0,0.8194465132444577,0
2018-05-03,163172.0,24,9091.0,4966.0,6798.833333333333,9091.0,163176.0,0.0,0.0,0,115332.5,26908.0,7282.0,1797.0,10.0,0.0,9935.0,2202.0,0.0,0.0,0.7478641880247864,0
2018-05-04,154281.5,24,8061.5,5130.0,6428.395833333333,8061.5,154284.5,0.0,0.0,0,109122.5,24262.0,5543.0,1668.5,5.0,0.0,11778.5,2158.0,0.0,0.0,0.7974193181583246,0
2018-05-05,166669.0,24,8883.0,5506.0,6944.541666666667,8883.0,166678.0,0.0,0.0,0,109058.0,36546.5,4965.0,2143.0,6.0,0.0,11577.0,2553.0,0.0,0.0,0.7817788659987241,0
2018-05-06,185798.5,24,9758.0,5881.0,7741.604166666667,9758.0,185800.5,0.0,0.0,0,113320.0,49994.0,5822.5,1954.0,8.0,0.0,11648.5,3074.0,0.0,0.0,0.7933597219375556,0
2018-05-07,179966.0,24,9532.0,5390.0,7498.583333333333,9532.0,179968.0,0.0,0.0,0,108504.5,49902.0,6695.0,640.0,7.0,0.0,11655.5,2717.0,0.0,0.0,0.7866747097496153,0
2018-05-08,192593.5,24,9517.0,6629.0,8024.729166666667,9517.0,192594.5,0.0,0.0,0,118270.5,52405.0,6870.0,357.0,3.0,0.0,11807.5,2922.0,0.0,0.0,0.8431994501068264,0
2018-05-09,191330.5,24,9446.0,6857.0,7972.104166666667,9446.0,191330.5,0.0,0.0,0,116607.5,53249.5,6311.0,771.0,0.0,0.0,11842.0,2874.0,0.0,0.0,0.8439661408709154,0
2018-05-10,169079.5,24,8790.5,4833.0,7044.979166666667,8790.5,169079.5,0.0,0.0,0,111369.5,36100.0,6571.0,1587.0,5.0,0.0,11918.0,2299.0,0.0,0.0,0.8014309955823522,0
2018-05-11,143390.0,24,7071.0,5165.0,5974.583333333333,7071.0,143395.0,0.0,0.0,0,99720.5,22784.0,5044.5,1996.0,7.0,0.0,11856.5,2137.0,0.0,0.0,0.8449417809833593,0
2018-05-12,165090.0,24,9449.0,4972.0,6878.75,9449.0,165095.0,0.0,0.0,0,106126.0,35877.5,6133.0,2567.0,10.0,0.0,11822.0,2643.0,0.0,0.0,0.7279870885808022,0
2018-05-13,180904.0,24,9160.0,6335.0,7537.666666666667,9160.0,180593.0,0.0,0.0,0,112066.0,43673.5,6666.0,3131.5,9.0,0.0,11760.0,3000.0,0.0,0.0,0.8228893740902475,0
2018-05-14,184233.0,24,9522.0,6254.0,7676.375,9522.0,183935.5,0.0,0.0,0,107398.0,51985.5,6629.0,3365.0,8.0,0.0,11773.5,2743.0,0.0,0.0,0.806172547784079,0
2018-05-15,191034.0,24,9313.0,6748.0,7959.75,9313.0,191034.0,0.0,0.0,0,110645.5,54526.0,8139.0,3223.5,0.0,0.0,11616.0,3032.0,0.0,0.0,0.8546923655105766,0
2018-05-16,162399.0,24,8753.0,4864.0,6766.625,8753.0,162168.5,0.0,0.0,0,107075.0,30585.0,7537.0,3017.0,2.0,0.0,11674.0,2755.0,0.0,0.0,0.7730635210784874,0
2018-05-17,182693.0,24,9726.0,5949.0,7612.208333333333,9726.0,182696.0,0.0,0.0,0,118475.0,41418.5,8599.5,2925.0,12.0,0.0,10230.0,3009.0,0.0,0.0,0.7826658784015353,0
2018-05-18,170359.5,24,9174.5,5611.0,7098.3125,9174.5,170363.5,0.0,0.0,0,111557.0,33914.0,8274.5,2515.0,9.0,0.0,11662.5,2568.0,0.0,0.0,0.7737002016458663,0
2018-05-19,182721.0,24,9917.0,5585.0,7613.375,9917.0,182726.0,0.0,0.0,0,118123.0,39879.5,8336.5,2283.5,12.0,0.0,11536.5,2701.0,0.0,0.0,0.7677094887566804,0
2018-05-20,194600.16666666666,24,9715.0,6781.0,8108.340277777777,9715.0,194543.5,0.0,0.0,0,122305.66666666667,47069.0,8757.0,2241.3333333333335,10.0,0.0,11503.166666666666,2904.3333333333335,0.0,0.0,0.8346207182478412,0
2018-05-21,187866.33333333334,24,9734.0,5639.0,7827.76388888889,9734.0,187839.5,0.0,0.0,0,119534.33333333333,43936.0,8219.0,2050.6666666666665,5.0,0.0,11628.333333333334,2690.6666666666665,0.0,0.0,0.8041672374038309,0
2018-05-22,200323.0,24,10147.0,6880.0,8346.791666666666,10147.0,200326.0,0.0,0.0,0,123948.5,51046.5,8300.5,2253.0,0.0,0.0,11734.5,3138.0,0.0,0.0,0.8225871357708353,0
2018-05-23,197216.0,24,9904.0,7062.0,8217.333333333334,9904.0,197218.0,0.0,0.0,0,120833.0,51231.5,8226.0,2334.5,0.0,0.0,11643.0,3082.0,0.0,0.0,0.829698438341411,0
2018-05-24,198451.5,24,10130.0,6801.0,8268.8125,10130.0,198458.5,0.0,0.0,0,123068.0,50611.0,8179.0,2634.5,39.0,0.0,11398.5,2846.0,0.0,0.0,0.8162697433366239,0
2018-05-25,186785.0,24,9366.5,6535.0,7782.708333333333,9366.5,186790.0,0.0,0.0,0,119204.0,44627.0,6781.5,1793.5,3.0,0.0,11382.5,3208.0,0.0,0.0,0.8309089129699816,0
2018-05-26,205157.5,24,10699.0,6781.0,8548.229166666666,10699.0,205160.5,0.0,0.0,0,124015.5,56247.0,7822.0,2173.0,2.0,0.0,11562.5,3484.0,0.0,0.0,0.7989745926410567,0
2018-05-27,222119.5,24,10825.0,7847.0,9254.979166666666,10825.0,222124.5,0.0,0.0,0,127090.0,70135.5,8120.0,1478.0,6.0,0.0,11581.0,3563.0,0.0,0.0,0.8549634334103156,0
2018-05-28,218550.5,24,10958.0,7198.0,9106.270833333334,10958.0,218522.5,0.0,0.0,0,125849.5,66774.5,8376.0,2340.5,12.0,0.0,11600.0,3813.5,0.0,0.0,0.831015772342885,0
2018-05-29,202226.0,24,10875.0,5950.0,8426.083333333334,10875.0,202230.0,0.0,0.0,0,119007.5,57432.5,8431.0,2582.0,12.0,0.0,11624.5,3349.0,0.0,0.0,0.7748122605363985,0
2018-05-30,221035.0,24,10210.0,7679.0,9209.791666666666,10210.0,221040.0,0.0,0.0,0,127495.5,67766.5,8321.5,2367.0,11.0,0.0,11593.5,3808.0,0.0,0.0,0.9020364022200457,0
2018-05-31,195648.0,24,9887.0,5907.0,8152.0,9887.0,195651.0,0.0,0.0,0,116944.0,54692.0,8171.5,1400.0,5.0,0.0,11583.0,3057.0,0.0,0.0,0.8245170425811672,0
2018-06-01,181521.0,24,9255.0,6160.0,7563.375,9255.0,181521.0,0.0,0.0,0,115584.0,41329.0,8084.5,2146.5,0.0,0.0,11596.0,2997.0,0.0,0.0,0.8172204213938412,0
2018-06-02,199425.5,24,10397.0,6506.0,8309.395833333334,10397.0,199430.5,0.0,0.0,0,127708.5,46887.5,8451.0,2777.0,13.0,0.0,11495.0,3312.0,0.0,0.0,0.7992109101984547,0
2018-06-03,217102.0,24,10602.0,7592.0,9045.916666666666,10602.0,216602.0,0.0,0.0,0,128646.0,62217.5,8166.0,2742.0,7.0,0.0,11384.5,3685.0,0.0,0.0,0.8532273784820473,0
2018-06-04,221826.5,24,10716.0,7662.0,9242.770833333334,10716.0,221830.5,0.0,0.0,0,129301.5,66205.0,8369.0,2709.5,12.0,0.0,11678.0,3786.0,0.0,0.0,0.862520607813861,0
2018-06-05,222911.5,24,10903.0,7744.0,9287.979166666666,10903.0,222912.5,0.0,0.0,0,125752.0,71044.0,8167.0,2709.5,1.0,0.0,11729.0,3694.0,0.0,0.0,0.8518737197713168,0
2018-06-06,228838.0,24,10949.0,8128.0,9534.916666666666,10949.0,228841.0,0.0,0.0,0,124452.5,84185.5,7500.0,2661.0,3.0,0.0,6499.0,3802.0,0.0,0.0,0.8708481748713732,0
2018-06-07,233624.5,24,10909.0,8521.0,9734.354166666666,10909.0,233628.5,0.0,0.0,0,120649.5,90609.0,6165.5,2744.5,3.5,0.0,10865.5,3901.0,0.0,0.0,0.8923232346380664,0
2018-06-08,214039.5,24,10561.0,7425.0,8918.3125,10561.0,214370.0,0.0,0.0,0,122806.5,69941.0,6393.0,2727.0,8.0,0.0,10302.5,3578.0,0.0,0.0,0.8444572010226304,0
2018-06-09,223331.0,24,10218.0,7959.0,9305.458333333334,10218.0,223332.0,0.0,0.0,0,131813.0,67516.5,7702.0,2718.0,1.0,0.0,10668.0,3512.0,0.0,0.0,0.9106927317805181,0
2018-06-10,214546.5,24,10244.0,7708.0,8939.4375,10244.0,214553.5,0.0,0.0,0,126045.0,64137.5,6937.5,2697.0,9.0,0.0,11590.5,3296.0,0.0,0.0,0.8726510640374854,0
2018-06-11,211246.5,24,10480.0,7142.0,8801.9375,10480.0,211354.5,90.0,90.0,1,128908.5,61250.0,6578.0,2699.0,6.0,0.0,9266.0,3317.0,0.0,0.0,0.839879532442748,1
2018-06-12,207530.5,24,9970.5,7447.0,8647.104166666666,9970.5,207532.5,0.0,0.0,0,127194.0,56962.0,7579.5,3267.5,8.0,0.0,9431.5,3254.0,0.0,0.0,0.8672688598030857,0
2018-06-13,201193.0,24,10276.0,6888.0,8383.041666666666,10276.0,201034.5,0.0,0.0,0,123974.0,51772.0,7012.0,3726.5,5.0,0.0,11677.0,3226.0,0.0,0.0,0.8157884066433112,0
2018-06-14,208950.0,24,9997.0,7472.0,8706.25,9997.0,208954.0,0.0,0.0,0,131400.0,53066.0,7406.5,3585.5,5.0,0.0,10104.5,3645.0,0.0,0.0,0.8708862658797639,0
2018-06-15,176169.5,24,9371.0,5720.0,7340.395833333333,9371.0,175942.0,0.0,0.0,0,122904.0,30092.0,7344.0,3795.0,6.0,0.0,9987.0,3194.0,0.0,0.0,0.7833097677231173,0
2018-06-16,146025.5,24,7845.5,4876.0,6084.395833333333,7845.5,146031.5,0.0,0.0,0,105943.5,17817.5,4585.5,3826.0,2.0,0.0,11687.0,2450.0,0.0,0.0,0.7755268412890617,0
2018-06-17,155142.0,24,8503.0,5345.0,6464.25,8503.0,155145.0,0.0,0.0,0,110763.0,20672.0,5370.0,3845.0,4.0,0.0,11805.5,2952.0,0.0,0.0,0.7602316829354345,0
2018-06-18,168226.5,24,9132.0,5620.0,7009.4375,9132.0,168234.5,0.0,0.0,0,109127.0,35324.0,5550.0,3831.0,3.0,0.0,11874.0,2767.0,0.0,0.0,0.7675687144108629,0
2018-06-19,160673.5,24,8920.5,5197.0,6694.729166666667,8920.5,160679.5,0.0,0.0,0,104998.5,32318.0,5561.5,3789.0,4.0,0.0,11715.5,2584.0,0.0,0.0,0.750488107916223,0
2018-06-20,177803.5,24,9209.0,5756.0,7408.479166666667,9209.0,177808.5,0.0,0.0,0,117633.0,37216.0,5495.0,3271.5,10.0,0.0,11359.5,3057.0,0.0,0.0,0.8044824809063598,0
2018-06-21,195972.0,24,9700.0,6780.0,8165.5,9700.0,195891.5,0.0,0.0,0,126731.0,45438.5,5693.5,3742.0,13.5,0.0,11253.5,3224.0,0.0,0.0,0.8418041237113402,0
2018-06-22,193559.0,24,9753.0,6749.0,8064.958333333333,9753.0,193565.0,0.0,0.0,0,125931.5,43740.0,5513.5,3958.0,7.0,0.0,11367.0,3321.0,0.0,0.0,0.8269207765132096,0
2018-06-23,200151.5,24,9925.0,7032.0,8339.645833333334,9925.0,200117.5,0.0,0.0,0,130970.5,45365.5,5443.0,3976.0,4.0,0.0,11424.0,3147.0,0.0,0.0,0.8402665827036104,0
2018-06-24,203889.5,24,9825.0,6921.0,8495.395833333334,9825.0,203893.0,0.0,0.0,0,131488.5,48255.0,5437.5,3968.0,3.5,0.0,11687.5,3242.0,0.0,0.0,0.8646713316369805,0
2018-06-25,200474.0,24,10094.0,6831.0,8353.083333333334,10094.0,200475.0,0.0,0.0,0,128424.5,48084.5,5449.0,4014.5,6.0,0.0,11712.5,3068.0,0.0,0.0,0.8275295555115251,0
2018-06-26,200886.5,24,10337.0,6501.0,8370.270833333334,10337.0,200891.5,0.0,0.0,0,123576.0,53326.5,5590.5,3907.5,3.0,0.0,11618.0,3222.0,0.0,0.0,0.8097388829770082,0
2018-06-27,203852.5,24,10426.0,6928.0,8493.854166666666,10426.0,203860.5,0.0,0.0,0,128696.5,52302.5,4892.0,3604.0,5.0,0.0,11469.5,3184.0,0.0,0.0,0.8146800466781763,0
2018-06-28,205894.0,24,10359.0,6793.0,8578.916666666666,10359.0,205900.0,0.0,0.0,0,131033.0,51708.5,4712.0,3877.0,11.0,0.0,11497.5,3277.0,0.0,0.0,0.8281606976220355,0
2018-06-29,190640.5,24,9575.5,6526.0,7943.354166666667,9575.5,190646.5,0.0,0.0,0,124262.5,46364.0,2916.0,3928.0,10.0,0.0,11284.5,2972.0,0.0,0.0,0.8295498059283241,0
2018-06-30,205029.0,24,10679.0,6748.0,8542.875,10679.0,205030.0,0.0,0.0,0,127006.0,56407.0,3278.0,4030.0,10.0,0.0,11287.5,3184.0,0.0,0.0,0.7999695664388051,0
2018-07-02,210630.5,24,10639.0,7345.0,8776.270833333334,10639.0,210636.5,0.0,0.0,0,120173.0,68950.5,3599.5,3732.5,6.0,0.0,10904.5,3244.0,0.0,0.0,0.8249150139424132,0
2018-07-03,197165.0,24,10022.0,6747.0,8215.208333333334,10022.0,197166.0,0.0,0.0,0,116629.5,58646.5,3655.0,3934.0,1.0,0.0,11423.0,3069.0,0.0,0.0,0.8197174549324819,0
2018-07-04,194624.0,24,10046.0,6881.0,8109.333333333333,10046.0,194624.0,0.0,0.0,0,116184.0,54874.0,3709.5,4250.5,4.0,0.0,11389.5,2867.0,0.0,0.0,0.8072201207777556,0
2018-07-05,206471.0,24,10754.0,6908.0,8602.958333333334,10754.0,206486.0,0.0,0.0,0,120089.0,64313.0,3831.0,3957.0,7.0,0.0,11379.0,3030.0,0.0,0.0,0.7999775277416156,0
2018-07-06,199765.5,24,10426.0,6808.0,8323.5625,10426.0,199770.5,0.0,0.0,0,123059.0,55551.0,3790.5,2967.0,5.0,0.0,11285.0,3174.0,0.0,0.0,0.7983466813734894,0
2018-07-07,217156.5,24,11059.0,7233.0,9048.1875,11059.0,217156.5,0.0,0.0,0,124475.5,70839.5,4242.5,3240.0,1.0,0.0,11108.5,3228.0,0.0,0.0,0.8181741115833258,0
2018-07-08,224340.0,24,10791.0,8019.0,9347.5,10791.0,224344.0,0.0,0.0,0,125529.0,77129.5,3825.5,3862.0,5.0,0.0,11087.5,3028.0,0.0,0.0,0.8662311185246965,0
2018-07-09,221215.5,24,10966.0,7794.0,9217.3125,10966.0,221255.0,0.0,0.0,0,124059.5,75481.0,3767.0,3933.0,6.0,0.0,11319.5,2776.0,0.0,0.0,0.8405355188765274,0
2018-07-10,222421.0,24,10975.0,7971.0,9267.541666666666,10975.0,222423.0,0.0,0.0,0,121478.0,79240.5,3599.0,3946.5,0.0,0.0,11340.0,2993.0,0.0,0.0,0.8444229309035687,0
2018-07-11,227613.5,24,11210.0,7856.0,9483.895833333334,11210.0,227618.5,0.0,0.0,0,122592.5,83342.5,3706.5,3722.5,4.0,0.0,11330.0,3009.0,0.0,0.0,0.8460210377639014,0
2018-07-12,231904.0,24,11149.0,8235.0,9662.666666666666,11149.0,231904.0,0.0,0.0,0,125921.5,86174.0,3428.5,2941.5,0.0,0.0,10374.5,3099.0,0.0,0.0,0.866684605495261,0
2018-07-13,211212.5,24,10650.5,7402.0,8800.520833333334,10650.5,211214.5,0.0,0.0,0,129432.0,61505.0,3422.5,3728.0,5.0,0.0,10402.0,2855.0,0.0,0.0,0.8263011908674085,0
2018-07-14,224593.0,24,11306.0,7901.0,9358.041666666666,11306.0,224599.0,0.0,0.0,0,134443.0,70203.0,3259.0,3692.0,8.0,0.0,9948.0,2790.0,0.0,0.0,0.8277057904357568,0
2018-07-15,230132.5,24,11113.0,8235.0,9588.854166666666,11113.0,229919.0,0.0,0.0,0,132296.5,77351.0,3383.5,3814.0,11.5,0.0,10399.5,3009.0,0.0,0.0,0.8628501904676205,0
2018-07-16,224065.5,24,10978.0,7873.0,9336.0625,10978.0,224068.5,0.0,0.0,0,132073.0,71419.5,3526.0,3815.0,9.0,0.0,10354.5,2731.0,0.0,0.0,0.8504338221898342,0
2018-07-17,225073.0,24,10928.0,7821.0,9378.041666666666,10928.0,225073.0,0.0,0.0,0,132432.0,72354.0,3526.5,3816.0,0.0,0.0,10634.5,2431.0,0.0,0.0,0.85816633113714,0
2018-07-18,231347.0,24,11387.0,8175.0,9639.458333333334,11387.0,231354.0,0.0,0.0,0,130272.0,79876.0,3428.0,3840.0,10.0,0.0,11294.5,2742.0,0.0,0.0,0.8465318638213167,0
2018-07-19,241424.0,24,11203.0,8659.0,10059.333333333334,11203.0,241429.0,0.0,0.0,0,132678.5,87998.5,3225.5,3832.0,13.0,0.0,11286.0,2535.5,0.0,0.0,0.8979142491594514,0
2018-07-20,223845.5,24,11057.5,7770.0,9326.895833333334,11057.5,223848.5,0.0,0.0,0,129679.0,73031.5,3396.0,3710.0,168.0,0.0,11440.0,2591.0,0.0,0.0,0.8434904665008668,0
2018-07-21,209866.5,24,10621.0,7495.0,8744.4375,10621.0,209867.5,0.0,0.0,0,131266.5,57280.5,3271.5,3806.0,0.0,0.0,11448.0,2975.0,0.0,0.0,0.8233158365502307,0
2018-07-22,210794.0,24,10670.0,7374.0,8783.083333333334,10670.0,210798.0,0.0,0.0,0,132423.0,56896.0,3540.0,3720.0,6.0,0.0,11401.0,3085.0,0.0,0.0,0.8231568259918776,0
2018-07-23,209429.5,24,10271.0,7421.0,8726.229166666666,10271.0,209433.5,0.0,0.0,0,134017.5,57175.0,0.0,3945.0,1.0,0.0,11407.0,3151.0,0.0,0.0,0.8495987894719761,0
2018-07-24,201067.0,24,9945.0,7150.0,8377.791666666666,9945.0,201069.0,0.0,0.0,0,132544.0,50487.0,0.0,3645.5,0.0,0.0,11379.0,3215.0,0.0,0.0,0.8424124350594938,0
2018-07-25,202591.5,24,10340.0,6935.0,8441.3125,10340.0,202598.5,0.0,0.0,0,133185.5,51858.0,0.0,3109.0,150.0,0.0,11232.0,3221.0,0.0,0.0,0.8163745164410058,0
2018-07-26,204251.0,24,10256.0,7328.0,8510.458333333334,10256.0,204248.0,0.0,0.0,0,126716.0,59107.5,0.0,4717.5,7.0,0.0,11476.0,3225.0,0.0,0.0,0.8298028796151846,0
2018-07-27,189618.66666666666,24,9613.0,6759.0,7900.777777777777,9613.0,189692.5,0.0,0.0,0,121596.33333333333,48585.666666666664,0.0,5084.166666666667,7.0,0.0,11570.0,3164.0,0.0,0.0,0.8218847162985309,0
2018-07-28,198423.33333333334,24,10263.0,6830.0,8267.638888888889,10263.0,198483.5,0.0,0.0,0,127770.66666666667,51113.333333333336,0.0,4889.333333333333,0.0,0.0,11546.0,3250.0,0.0,0.0,0.8055772083103273,0
2018-07-29,211741.0,24,10552.0,7338.0,8822.541666666666,10552.0,211747.0,0.0,0.0,0,131255.0,60894.0,0.0,4869.0,2.0,0.0,11570.0,3290.0,0.0,0.0,0.8361013709881222,0
2018-07-30,214439.0,24,10491.0,7371.0,8934.958333333334,10491.0,213887.0,0.0,0.0,0,133513.0,61418.0,0.0,4810.0,2.0,0.0,11580.0,3295.0,0.0,0.0,0.8516784227750771,0
2018-07-31,218114.0,24,10651.0,7655.0,9088.083333333334,10651.0,218117.0,0.0,0.0,0,136948.0,62396.0,0.0,3831.0,171.0,0.0,11591.5,3382.0,0.0,0.0,0.853261039651989,0
2018-08-01,210568.5,24,10054.0,7522.0,8773.6875,10054.0,210574.5,0.0,0.0,0,135977.0,56530.5,0.0,3608.0,8.0,0.0,11525.5,3117.0,0.0,0.0,0.8726564054107818,0
2018-08-02,203548.0,24,10086.0,7318.0,8481.166666666666,10086.0,203551.0,0.0,0.0,0,133618.0,52579.0,0.0,3100.0,2.0,0.0,11520.5,2899.0,0.0,0.0,0.8408850551920153,0
2018-08-03,187782.5,24,9727.0,6474.0,7824.270833333333,9727.0,187787.5,0.0,0.0,0,129279.0,41291.0,0.0,3130.0,144.0,0.0,11477.0,2548.0,0.0,0.0,0.8043868441794317,0
2018-08-04,207390.0,24,10498.0,7149.0,8641.25,10498.0,207390.0,0.0,0.0,0,138156.5,51349.5,0.0,3308.0,0.0,0.0,11553.5,3124.0,0.0,0.0,0.82313297771004,0
2018-08-05,222233.0,24,10862.0,8129.0,9259.708333333334,10862.0,222237.0,0.0,0.0,0,138805.5,65254.0,0.0,3364.0,5.0,0.0,11591.5,3310.0,0.0,0.0,0.8524864972687658,0
2018-08-06,223107.5,24,10646.0,7870.0,9296.145833333334,10646.0,223110.5,0.0,0.0,0,134809.0,70092.5,140.0,3100.0,6.0,0.0,11721.0,3423.0,0.0,0.0,0.8732055075458702,0
2018-08-07,218405.0,24,10862.0,7440.0,9100.208333333334,10862.0,218407.0,0.0,0.0,0,130611.0,69163.0,0.0,3512.0,1.0,0.0,11872.0,3352.0,0.0,0.0,0.8378022770514946,0
2018-08-08,225282.5,24,10902.0,7985.0,9386.770833333334,10902.0,225289.0,0.0,0.0,0,132485.0,73730.0,0.0,4013.0,5.5,0.0,11883.5,3254.0,0.0,0.0,0.8610136519293097,0
2018-08-09,228703.0,24,11018.0,8009.0,9529.291666666666,11018.0,228710.0,0.0,0.0,0,134104.0,74883.5,0.0,4589.0,4.0,0.0,11898.0,3353.0,0.0,0.0,0.8648839777334059,0
2018-08-10,217862.5,24,10662.0,7749.0,9077.604166666666,10662.0,217867.5,0.0,0.0,0,136572.5,62278.0,0.0,3483.0,324.0,0.0,11948.5,3359.5,0.0,0.0,0.8513978771962734,0
2018-08-11,228282.5,24,11095.0,8310.0,9511.770833333334,11095.0,228284.5,0.0,0.0,0,133259.5,75763.5,0.0,3929.5,9.0,0.0,11711.0,3455.0,0.0,0.0,0.8573024635721798,0
2018-08-12,234391.5,24,10984.0,8570.0,9766.3125,10984.0,234396.5,0.0,0.0,0,134185.5,80380.5,0.0,4533.0,7.0,0.0,11966.0,3413.0,0.0,0.0,0.8891398852876912,0
2018-08-13,232767.5,24,11217.0,8393.0,9698.645833333334,11217.0,232767.5,0.0,0.0,0,130891.0,83106.5,0.0,3533.5,0.0,0.0,11971.0,3443.0,0.0,0.0,0.8646381236813171,0
2018-08-14,235648.0,24,11099.0,8433.0,9818.666666666666,11099.0,235654.0,0.0,0.0,0,133885.5,82416.0,0.0,4293.0,7.0,0.0,11572.0,3467.0,0.0,0.0,0.8846442622458479,0
2018-08-15,224384.0,24,10716.0,8175.0,9349.333333333334,10716.0,224387.0,0.0,0.0,0,136572.5,68731.5,0.0,4296.0,8.0,0.0,11630.0,3247.0,0.0,0.0,0.8724648500684336,0
2018-08-16,232637.5,24,11138.0,8228.0,9693.229166666666,11138.0,232642.5,0.0,0.0,0,136801.5,76330.0,0.0,4421.0,9.0,0.0,11656.5,3532.0,0.0,0.0,0.8702845364218591,0
2018-08-17,226195.0,24,10940.0,8103.0,9424.791666666666,10940.0,226200.0,0.0,0.0,0,129408.5,76153.0,0.0,4289.0,9.5,0.0,11627.5,3665.0,0.0,0.0,0.8614983241925654,0
2018-08-18,233799.5,24,10885.0,8474.0,9741.645833333334,10885.0,233907.5,90.0,90.0,1,131515.0,84163.0,0.0,4339.0,4.0,0.0,11812.0,3675.0,0.0,0.0,0.8949605726534987,1
2018-08-19,229029.5,24,10727.0,7839.0,9542.895833333334,10727.0,229130.5,0.0,0.0,0,128378.0,81332.0,0.0,4425.0,13.5,0.0,11533.0,3593.0,0.0,0.0,0.8896146017836613,0
2018-08-20,208414.0,24,10300.0,7297.0,8683.916666666666,10300.0,208418.0,0.0,0.0,0,131921.5,56394.0,471.0,4508.0,7.0,0.0,11841.0,3345.0,0.0,0.0,0.843098705501618,0
2018-08-21,182485.5,24,9307.5,6169.0,7603.5625,9307.5,181455.5,0.0,0.0,0,131373.0,31200.5,1049.5,4222.0,3.0,0.0,11766.5,2974.0,0.0,0.0,0.8169285522428149,0
2018-08-22,173212.5,24,8961.0,5450.0,7217.1875,8961.0,173216.5,0.0,0.0,0,127375.5,25438.5,1406.5,4455.5,9.0,0.0,11782.0,2880.5,0.0,0.0,0.8053997879700926,0
2018-08-23,183269.0,24,9040.0,6630.0,7636.208333333333,9040.0,183274.0,0.0,0.0,0,136161.5,26751.5,1376.0,4503.0,10.0,0.0,11787.0,2820.0,0.0,0.0,0.8447133112094395,0
2018-08-24,178260.0,24,8996.0,6107.0,7427.5,8996.0,178263.0,0.0,0.0,0,133450.5,24467.5,1427.0,4540.0,3.0,0.0,11784.0,2756.0,0.0,0.0,0.8256447309915518,0
2018-08-25,186884.5,24,9477.0,6466.0,7786.854166666667,9477.0,186887.5,0.0,0.0,0,135963.0,30764.0,1340.5,4342.5,2.0,0.0,11603.0,2920.5,0.0,0.0,0.821658137244557,0
2018-08-26,197381.5,24,9838.0,6832.0,8224.229166666666,9838.0,197386.5,0.0,0.0,0,139935.5,36271.5,1222.0,4698.0,10.0,0.0,11736.0,3052.0,0.0,0.0,0.8359655587178966,0
2018-08-27,203614.0,24,9976.0,6988.0,8483.916666666666,9976.0,203615.0,0.0,0.0,0,145929.5,37004.5,1313.0,4791.0,10.0,0.0,11623.0,3015.0,0.0,0.0,0.8504327051590483,0
2018-08-28,206077.5,24,10127.0,7179.0,8586.5625,10127.0,206082.5,0.0,0.0,0,149188.0,36722.0,842.0,4656.5,12.0,0.0,11793.5,2990.0,0.0,0.0,0.8478880714920509,0
2018-08-29,210222.5,24,10340.0,7356.0,8759.270833333334,10340.0,210226.5,0.0,0.0,0,149152.0,42295.0,0.0,4152.0,8.0,0.0,11784.5,3098.0,0.0,0.0,0.8471248388136686,0
2018-08-30,216084.0,24,10540.0,7654.0,9003.5,10540.0,216085.0,0.0,0.0,0,149134.0,47469.0,0.0,4827.0,9.0,0.0,11696.0,3139.0,0.0,0.0,0.8542220113851993,0
2018-08-31,206117.0,24,10142.0,7215.0,8588.208333333334,10142.0,206121.0,0.0,0.0,0,143328.0,43642.0,0.0,4802.0,15.0,0.0,12117.5,3012.0,0.0,0.0,0.8467963255110761,0
2018-09-01,216255.0,24,10617.0,7559.0,9010.625,10617.0,216260.0,0.0,0.0,0,143858.0,52815.0,0.0,4705.0,10.0,0.0,12088.0,2926.0,0.0,0.0,0.8486978430818498,0
2018-09-02,211289.5,24,10225.0,7563.0,8803.729166666666,10225.0,211292.5,0.0,0.0,0,139111.0,52860.5,0.0,4820.0,5.0,0.0,11946.0,2744.0,0.0,0.0,0.8610004074979625,0
2018-09-03,218931.5,24,10985.0,7583.0,9122.145833333334,10985.0,218938.5,0.0,0.0,0,143834.0,55316.5,0.0,4818.0,5.0,0.0,11887.0,3185.0,0.0,0.0,0.8304183735396754,0
2018-09-04,223370.5,24,10871.0,7865.0,9307.104166666666,10871.0,223374.5,0.0,0.0,0,144271.5,59092.5,0.0,4793.5,7.0,0.0,11864.5,3405.0,0.0,0.0,0.8561405727777266,0
2018-09-05,222963.5,24,10849.0,7890.0,9290.145833333334,10849.0,222963.5,0.0,0.0,0,140958.5,62839.0,0.0,4255.0,0.0,0.0,11664.5,3325.0,0.0,0.0,0.8563135619258304,0
2018-09-06,217207.0,24,10611.0,7754.0,9050.291666666666,10611.0,217211.5,0.0,0.0,0,141929.5,56182.5,0.0,4302.0,11.0,0.0,11779.5,3052.0,0.0,0.0,0.8529159991204096,0
2018-09-07,203539.5,24,10266.0,7059.0,8480.8125,10266.0,203544.5,0.0,0.0,0,139803.5,45718.5,0.0,3654.5,10.0,0.0,11852.5,2663.0,0.0,0.0,0.8261068088836937,0
2018-09-08,220953.0,24,10884.0,7778.0,9206.375,10884.0,220958.0,0.0,0.0,0,146378.0,56801.0,0.0,3136.0,9.0,0.0,11801.5,2912.0,0.0,0.0,0.8458631936787946,0
2018-09-09,229636.0,24,11129.0,8196.0,9568.166666666666,11129.0,229640.0,0.0,0.0,0,147035.5,63749.0,169.0,3333.5,10.0,0.0,12139.0,3063.0,0.0,0.0,0.8597508012100518,0
2018-09-10,226940.5,24,11169.0,8137.0,9455.854166666666,11169.0,226947.5,0.0,0.0,0,148037.5,53802.0,0.0,3061.0,5.0,0.0,18868.0,3317.0,0.0,0.0,0.8466160056107679,0
2018-09-11,218854.75,24,10630.0,7832.0,9118.947916666666,10630.0,218859.75,0.0,0.0,0,145945.0,48217.5,0.0,2675.75,0.0,0.0,18971.25,3247.0,0.0,0.0,0.857850227343995,0
2018-09-12,216974.25,24,10625.0,7548.0,9040.59375,10625.0,217179.25,180.0,180.0,1,137603.5,54944.5,0.0,2702.75,5.0,0.0,18915.25,2998.0,0.0,0.0,0.8508794117647058,1
2018-09-13,210786.0,24,10830.0,6892.0,8782.75,10830.0,210788.0,0.0,0.0,0,138805.5,48466.0,0.0,2583.0,6.0,0.0,18745.0,3132.0,0.0,0.0,0.8109649122807018,0
2018-09-14,202334.5,24,10230.0,6906.0,8430.604166666666,10230.0,202338.5,0.0,0.0,0,138184.5,35476.5,3173.0,2738.5,117.0,0.0,18856.0,3089.0,0.0,0.0,0.8241059791463017,0
2018-09-15,219836.0,24,11277.0,7527.0,9159.833333333334,11277.0,219040.0,0.0,0.0,0,136108.0,54221.5,3999.0,3161.5,7.0,0.0,19032.0,3353.0,0.0,0.0,0.8122579882356419,0
2018-09-16,232986.0,24,11242.0,8123.0,9707.75,11242.0,232989.0,0.0,0.0,0,140806.5,62735.0,4121.0,3083.0,13.0,0.0,18878.0,3555.0,0.0,0.0,0.8635251734566803,0
2018-09-17,242017.5,24,11534.0,8655.0,10084.0625,11534.0,242020.5,0.0,0.0,0,142736.5,69481.5,4075.0,3279.0,81.0,0.0,18925.5,3273.0,0.0,0.0,0.8742901421883128,0
2018-09-18,242856.5,24,11363.0,8753.0,10119.020833333334,11363.0,242863.5,0.0,0.0,0,142731.5,70842.0,4071.0,3423.5,127.0,0.0,18834.0,2983.0,0.0,0.0,0.8905237026606824,0
2018-09-19,246523.0,24,11571.0,8905.0,10271.791666666666,11571.0,246529.0,0.0,0.0,0,139344.5,76972.0,4375.5,3445.0,117.0,0.0,18742.5,3768.0,0.0,0.0,0.8877185780543312,0
2018-09-20,219598.0,24,11084.0,7314.0,9149.916666666666,11084.0,219602.0,0.0,0.0,0,127462.5,63554.5,3915.0,3363.5,103.0,0.0,18753.0,2691.0,0.0,0.0,0.825506736436906,0
2018-09-21,196440.5,24,9864.0,6739.0,8185.020833333333,9864.0,196445.5,0.0,0.0,0,125002.5,42830.0,3838.0,3415.0,146.0,0.0,18861.5,2496.0,0.0,0.0,0.8297871891051636,0
2018-09-22,215917.0,24,11086.0,7365.0,8996.541666666666,11086.0,215923.0,0.0,0.0,0,123041.5,63508.5,4188.0,3333.5,150.0,0.0,18732.0,3263.0,0.0,0.0,0.8115227915088099,0
2018-09-23,232197.5,24,11432.0,8109.0,9674.895833333334,11432.0,232200.5,0.0,0.0,0,136877.0,65898.5,3840.0,3391.5,166.0,0.0,18726.0,3536.0,0.0,0.0,0.8462994955679963,0
2018-09-24,237609.0,24,11557.0,8374.0,9900.375,11557.0,237612.0,0.0,0.0,0,141176.0,67530.5,3792.0,3162.0,81.0,0.0,18656.0,3412.0,0.0,0.0,0.8566561391364541,0
2018-09-25,233545.0,24,11140.0,8106.0,9731.041666666666,11140.0,233548.0,0.0,0.0,0,143939.0,62804.5,4076.0,2924.0,85.0,0.0,18735.5,3223.0,0.0,0.0,0.8735225912627169,0
2018-09-26,233696.0,24,11348.0,8255.0,9737.333333333334,11348.0,233701.5,0.0,0.0,0,144406.5,60962.5,3824.5,2546.0,149.0,0.0,18658.5,3270.0,0.0,0.0,0.8580660321936319,0
2018-09-27,230487.0,24,10946.0,8271.0,9603.625,10946.0,230490.0,0.0,0.0,0,140192.5,61291.5,3826.5,3441.5,56.0,0.0,18744.0,3110.0,0.0,0.0,0.8773638772154212,0
2018-09-28,213945.0,24,10901.0,7369.0,8914.375,10901.0,213952.0,0.0,0.0,0,139645.0,45282.0,4194.0,3046.0,150.0,0.0,18512.5,3224.0,0.0,0.0,0.8177575451793413,0
2018-09-29,231098.0,24,11278.0,8138.0,9629.083333333334,11278.0,231100.0,0.0,0.0,0,144810.0,57252.0,3838.0,3243.0,144.0,0.0,18600.5,3485.0,0.0,0.0,0.853793521309925,0
2018-09-30,242169.0,24,11535.0,8518.0,10090.375,11535.0,242172.5,0.0,0.0,0,144092.5,72504.5,3831.0,3273.0,233.5,0.0,18640.0,3557.0,0.0,0.0,0.8747615951452102,0
2018-10-01,238645.5,24,11198.0,8265.0,9943.5625,11198.0,238648.5,0.0,0.0,0,143738.0,72532.5,4162.0,3431.5,86.0,0.0,13140.0,3522.5,0.0,0.0,0.8879766476156457,0
2018-10-02,234682.5,24,11485.0,8120.0,9778.4375,11485.0,234686.5,0.0,0.0,0,142926.0,62740.5,3789.0,3395.5,86.0,0.0,18523.0,3547.0,0.0,0.0,0.8514094471049195,0
2018-10-03,237363.5,24,11472.0,7918.0,9890.145833333334,11472.0,237368.5,0.0,0.0,0,139535.5,68740.0,3836.5,3271.5,142.0,0.0,18530.5,3499.0,0.0,0.0,0.8621117358205487,0
2018-10-04,233774.0,24,11394.0,8113.0,9740.583333333334,11394.0,233778.0,0.0,0.0,0,142109.5,61638.0,4416.0,3416.0,136.0,0.0,18715.0,3573.0,0.0,0.0,0.8548870750687497,0
2018-10-05,216273.5,24,10606.5,7641.0,9011.395833333334,10606.5,216278.5,0.0,0.0,0,142947.5,44595.5,4095.5,3207.0,150.0,0.0,18522.0,3219.0,0.0,0.0,0.8496106946997911,0
2018-10-06,224889.5,24,11431.0,7660.0,9370.395833333334,11431.0,224896.5,0.0,0.0,0,145972.5,51146.0,3683.5,3335.5,130.0,0.0,17337.5,3437.0,0.0,0.0,0.8197354416353192,0
2018-10-07,228488.5,24,11386.0,7772.0,9520.354166666666,11386.0,228495.5,0.0,0.0,0,149890.5,50797.5,3597.0,3413.0,110.0,0.0,17361.5,3529.0,0.0,0.0,0.836145632062767,0
2018-10-08,224219.0,24,11205.0,7630.0,9342.458333333334,11205.0,224225.0,0.0,0.0,0,148815.5,47725.0,3753.0,3330.0,72.0,0.0,17411.5,3319.0,0.0,0.0,0.8337758441172096,0
2018-10-09,215062.0,24,10841.0,7477.0,8960.916666666666,10841.0,215068.0,0.0,0.0,0,147260.5,41221.0,3606.5,2551.5,81.0,0.0,17533.5,2819.0,0.0,0.0,0.8265765765765766,0
2018-10-10,200057.0,24,9957.0,7136.0,8335.708333333334,9957.0,200059.0,0.0,0.0,0,142394.0,32258.5,3759.5,1774.0,21.0,0.0,17577.0,2547.0,0.0,0.0,0.8371706672023033,0
2018-10-11,177142.0,24,9110.0,6030.0,7380.916666666667,9110.0,177148.0,0.0,0.0,0,130905.5,21328.0,4054.0,1735.0,19.0,0.0,16965.0,2489.0,0.0,0.0,0.8101994145627516,0
2018-10-12,157964.5,24,8103.0,5482.0,6581.854166666667,8103.0,157886.0,0.0,0.0,0,121153.0,16496.0,3627.5,1658.0,27.0,0.0,12660.5,2254.0,0.0,0.0,0.8122737463490889,0
2018-10-13,164328.0,24,8830.0,5397.0,6847.0,8830.0,164463.0,0.0,0.0,0,127462.5,16683.0,3596.0,1710.5,32.5,0.0,13953.5,1156.0,0.0,0.0,0.7754246885617214,0
2018-10-14,173296.0,24,9340.0,5793.0,7220.666666666667,9340.0,173304.0,0.0,0.0,0,132019.5,17316.0,3600.0,1832.0,19.0,0.0,16340.5,2637.0,0.0,0.0,0.7730906495360457,0
2018-10-15,183057.0,24,9862.0,5935.0,7627.375,9862.0,183062.0,0.0,0.0,0,137168.5,22085.0,2276.0,2360.5,145.0,0.0,16697.0,2682.0,0.0,0.0,0.7734105658081525,0
2018-10-16,185399.0,24,9886.0,6311.0,7724.958333333333,9886.0,185405.0,0.0,0.0,0,137632.5,20495.0,3593.0,3198.5,148.0,0.0,18255.0,2699.0,0.0,0.0,0.7814038370759997,0
2018-10-17,184609.0,24,9821.0,6163.0,7692.041666666667,9821.0,184617.0,0.0,0.0,0,134189.0,23658.0,3595.0,2280.0,131.0,0.0,18480.5,2669.0,0.0,0.0,0.7832238740114721,0
2018-10-18,187314.0,24,9812.0,6356.0,7804.75,9812.0,187319.0,0.0,0.0,0,133825.5,26821.5,3587.5,2464.0,147.0,0.0,18136.0,2656.0,0.0,0.0,0.7954290664492458,0
2018-10-19,172622.5,24,8999.0,5993.0,7192.604166666667,8999.0,172629.5,0.0,0.0,0,130667.0,15477.5,3587.5,2295.0,148.0,0.0,18101.0,2477.0,0.0,0.0,0.7992670481905397,0
2018-10-20,186079.5,24,10001.0,6282.0,7753.3125,10001.0,186084.5,0.0,0.0,0,131353.5,30179.5,3410.0,2149.0,138.0,0.0,17906.5,2698.0,0.0,0.0,0.7752537246275373,0
2018-10-21,196655.0,24,10259.0,6624.0,8193.958333333334,10259.0,196549.5,0.0,0.0,0,138325.0,32237.5,3591.0,2415.0,121.0,0.0,18307.5,2743.0,0.0,0.0,0.7987092634109888,0
2018-10-22,195379.5,24,10237.0,6601.0,8140.8125,10237.0,195387.5,0.0,0.0,0,132367.5,37155.0,3599.5,2043.0,151.0,0.0,17682.0,2737.0,0.0,0.0,0.7952341994725017,0
2018-10-23,196725.5,24,10198.0,6595.0,8196.895833333334,10198.0,196728.5,0.0,0.0,0,130496.0,40428.0,3601.0,1970.0,146.0,0.0,18405.5,2802.0,0.0,0.0,0.8037748414721841,0
2018-10-24,193968.5,24,10075.0,6693.0,8082.020833333333,10075.0,193974.5,0.0,0.0,0,131320.0,36533.5,3593.0,2107.0,149.0,0.0,17496.0,2758.0,0.0,0.0,0.8021856906534326,0
2018-10-25,187296.5,24,9582.0,6536.0,7804.020833333333,9582.0,187317.5,0.0,0.0,0,128879.5,32177.0,3591.5,2126.0,154.0,0.0,17380.0,2724.0,0.0,0.0,0.8144459229110137,0
2018-10-26,165052.0,24,8564.0,5959.0,6877.166666666667,8564.0,165057.0,0.0,0.0,0,127153.5,14428.0,3593.0,2209.5,148.0,0.0,16722.5,2436.0,0.0,0.0,0.8030320722403862,0
2018-10-27,179176.5,24,9879.0,5967.0,7465.6875,9879.0,179182.5,0.0,0.0,0,129587.5,28321.0,3960.0,1677.0,11.0,0.0,12883.0,2638.0,0.0,0.0,0.7557128757971454,0
2018-10-28,173289.5,24,8651.0,6306.0,7220.395833333333,8651.0,173297.5,0.0,0.0,0,125633.5,22419.5,3592.0,1183.5,76.0,0.0,18167.5,2489.0,0.0,0.0,0.8346313528301159,0
2018-10-29,165324.5,24,8776.0,5652.0,6888.520833333333,8776.0,165327.5,0.0,0.0,0,123272.5,17296.5,3604.5,1685.0,33.0,0.0,17543.0,2260.0,0.0,0.0,0.7849271687936797,0
2018-10-30,168978.5,24,9101.0,5634.0,7040.770833333333,9101.0,168987.5,0.0,0.0,0,122582.0,22608.0,3599.0,1036.0,40.0,0.0,17153.0,2252.0,0.0,0.0,0.7736260667325935,0
2018-10-31,177584.5,24,9460.0,5924.0,7399.354166666667,9460.0,177590.5,0.0,0.0,0,131642.0,21405.0,4286.0,1080.5,41.0,0.0,17096.5,2398.0,0.0,0.0,0.7821727448907682,0
2018-11-01,183416.0,24,9670.0,6214.0,7642.333333333333,9670.0,183419.0,0.0,0.0,0,131515.5,27778.0,3591.0,1485.0,145.0,0.0,16532.0,2524.0,0.0,0.0,0.7903136849362289,0
2018-11-02,166912.5,24,8751.0,5899.0,6954.6875,8751.0,167008.0,0.0,0.0,0,130270.0,14709.0,3591.0,1726.5,134.5,0.0,13937.0,2338.0,0.0,0.0,0.7947306022168895,0
2018-11-03,180654.0,24,9760.0,6034.0,7527.25,9760.0,180660.0,0.0,0.0,0,133299.0,23864.5,3842.0,1660.0,121.0,0.0,15542.5,2728.0,0.0,0.0,0.771234631147541,0
2018-11-04,186679.0,24,9900.0,6496.0,7778.291666666667,9900.0,186685.0,0.0,0.0,0,120227.0,41804.5,3588.5,2178.0,147.0,0.0,16430.5,2660.0,0.0,0.0,0.785686026936027,0
2018-11-05,182904.5,24,9454.0,6361.0,7621.020833333333,9454.0,182908.5,0.0,0.0,0,113896.5,43765.0,3579.0,2217.0,136.0,0.0,16912.5,2704.0,0.0,0.0,0.8061160179112897,0
2018-11-06,179301.5,24,9667.0,6131.0,7470.895833333333,9667.0,179311.5,0.0,0.0,0,110500.0,42872.5,4071.0,2618.0,125.0,0.0,16468.5,2584.0,0.0,0.0,0.7728246439777938,0
2018-11-07,172469.0,24,9256.0,6066.0,7186.208333333333,9256.0,172475.0,0.0,0.0,0,104658.0,43841.0,3591.5,1858.0,121.0,0.0,16139.0,2307.0,0.0,0.0,0.7763837870930568,0
2018-11-08,168739.0,24,8956.0,5805.0,7030.791666666667,8956.0,168745.0,0.0,0.0,0,103442.5,43434.5,3585.5,1661.5,148.0,0.0,14843.0,2320.0,0.0,0.0,0.785037032901593,0
2018-11-09,145411.5,24,7682.0,5195.0,6058.8125,7682.0,145417.5,0.0,0.0,0,102322.0,25369.0,3588.0,1667.0,136.0,0.0,10642.0,2030.0,0.0,0.0,0.7887024863316845,0
2018-11-10,154528.0,24,8723.0,5012.0,6438.666666666667,8723.0,154532.0,0.0,0.0,0,101658.5,33344.5,3863.0,1436.0,142.0,0.0,11912.5,2160.0,0.0,0.0,0.7381252627154267,0
2018-11-11,159147.5,24,8724.0,5412.0,6631.145833333333,8724.0,159150.5,0.0,0.0,0,98953.5,41578.0,3583.0,1669.0,98.0,0.0,12897.0,2207.0,0.0,0.0,0.7601038323399052,0
2018-11-12,163367.0,24,8815.0,5392.0,6806.958333333333,8815.0,163470.0,90.0,90.0,1,99634.5,44098.0,3588.5,1681.0,123.0,0.0,12663.5,2178.0,0.0,0.0,0.7722017394592551,1
2018-11-13,162979.5,24,8806.0,5492.0,6790.8125,8806.0,162983.5,0.0,0.0,0,96767.5,46518.0,3585.0,1674.0,115.0,0.0,12669.0,2183.0,0.0,0.0,0.771157449466273,0
2018-11-14,164388.5,24,8909.0,5459.0,6849.520833333333,8909.0,164394.5,0.0,0.0,0,101790.5,43258.5,3576.0,1760.0,49.0,0.0,12260.0,2257.0,0.0,0.0,0.7688316122273356,0
2018-11-15,166352.0,24,8772.0,5536.0,6931.333333333333,8772.0,166414.0,0.0,0.0,0,109602.0,36602.0,3841.0,1694.0,120.5,0.0,12069.0,2311.0,0.0,0.0,0.7901656786745705,0
2018-11-16,146037.5,24,7696.0,5196.0,6084.895833333333,7696.0,146043.5,0.0,0.0,0,117114.0,8009.5,3594.0,1683.0,141.0,0.0,13770.0,2040.0,0.0,0.0,0.790656943000693,0
2018-11-17,156491.0,24,8603.0,5183.0,6520.458333333333,8603.0,156495.0,0.0,0.0,0,121755.0,12632.0,3586.5,1565.5,127.0,0.0,14568.5,2200.5,0.0,0.0,0.757928435816963,0
2018-11-18,160405.0,24,8656.0,5421.0,6683.541666666667,8656.0,160601.0,0.0,0.0,0,124827.0,11975.0,3587.0,1876.0,127.5,0.0,15916.0,2185.0,0.0,0.0,0.7721281962415281,0
2018-11-19,158380.0,24,8585.0,5306.0,6599.166666666667,8585.0,158383.0,0.0,0.0,0,122165.0,12938.0,3482.0,1790.0,127.0,0.0,15929.5,2223.0,0.0,0.0,0.7686856920986217,0
2018-11-20,157185.0,24,8441.0,5228.0,6549.375,8441.0,157190.0,0.0,0.0,0,121872.5,10958.5,4669.0,1879.5,135.0,0.0,16005.0,2160.0,0.0,0.0,0.7759003672550646,0
2018-11-21,148665.5,24,8087.0,5196.0,6194.395833333333,8087.0,148666.5,0.0,0.0,0,122197.5,5871.0,3590.0,1313.5,135.0,0.0,13821.5,2041.0,0.0,0.0,0.7659695601994971,0
2018-11-22,155906.5,24,8433.0,4936.0,6496.104166666667,8433.0,155910.5,0.0,0.0,0,116782.0,16980.5,3585.0,1480.5,146.0,0.0,15283.0,2110.0,0.0,0.0,0.7703194790307918,0
2018-11-23,140381.5,24,7442.0,5106.0,5849.229166666667,7442.0,140386.5,0.0,0.0,0,112410.0,8966.0,3581.5,1197.5,142.0,0.0,12334.5,1796.0,0.0,0.0,0.785975432231479,0
2018-11-24,148779.0,24,8358.0,4789.0,6199.125,8358.0,148783.0,0.0,0.0,0,119413.5,9746.5,3587.0,1021.5,134.0,0.0,13180.5,2035.0,0.0,0.0,0.7416995692749462,0
2018-11-25,155938.0,24,8361.0,5119.0,6497.416666666667,8361.0,157941.0,1800.0,1800.0,1,123353.0,11509.5,3594.0,1040.0,144.0,0.0,14871.5,2110.0,0.0,0.0,0.7771099948172069,1
2018-11-26,156789.5,24,8460.0,5236.0,6532.895833333333,8460.0,156793.5,0.0,0.0,0,124047.0,10527.5,3604.0,1431.0,147.0,0.0,15116.0,2131.0,0.0,0.0,0.7722099093774625,0
2018-11-27,157654.5,24,8502.0,5135.0,6568.9375,8502.0,157659.5,0.0,0.0,0,124612.5,11237.5,3582.0,1237.5,147.0,0.0,15026.5,2115.0,0.0,0.0,0.7726343801458481,0
2018-11-28,159100.5,24,8516.0,5262.0,6629.1875,8516.0,159103.5,0.0,0.0,0,119075.5,19591.5,3575.0,960.0,193.0,0.0,13738.0,2157.0,0.0,0.0,0.7784391146077971,0
2018-11-29,157058.0,24,8464.0,5181.0,6544.083333333333,8464.0,157061.0,0.0,0.0,0,122229.0,17127.5,3585.5,950.0,148.0,0.0,10909.0,2111.0,0.0,0.0,0.773166745431632,0
2018-11-30,139379.0,24,7552.0,4991.0,5807.458333333333,7552.0,139387.0,3.0,3.0,1,114872.0,8797.5,3582.0,985.0,143.5,0.0,9177.0,1876.5,0.0,0.0,0.7689960716807909,1
2018-12-01,144155.0,24,8217.0,4685.0,6006.458333333333,8217.0,144160.0,0.0,0.0,0,118388.5,10209.5,3583.0,960.0,138.0,0.0,9194.0,1986.0,0.0,0.0,0.7309794734493529,0
2018-12-02,151630.5,24,8369.0,5062.0,6317.9375,8369.0,151635.5,0.0,0.0,0,124122.5,10670.5,3581.0,975.0,126.0,0.0,10271.5,2105.0,0.0,0.0,0.7549214362528378,0
2018-12-03,151316.5,24,8418.0,4661.0,6304.854166666667,8418.0,151321.5,0.0,0.0,0,120261.0,13698.5,3442.0,972.0,120.0,0.0,10149.5,2108.0,0.0,0.0,0.7489729349805971,0
2018-12-04,151609.5,24,8534.0,4933.0,6317.0625,8534.0,151612.5,0.0,0.0,0,119903.5,11819.5,3596.0,963.0,115.0,0.0,13698.5,2104.0,0.0,0.0,0.740222931802203,0
2018-12-05,152049.5,24,8249.0,5000.0,6335.395833333333,8249.0,152052.5,0.0,0.0,0,116860.5,15364.0,3591.0,1036.0,138.0,0.0,12964.5,2100.0,0.0,0.0,0.7680198609932517,0
2018-12-06,152658.5,24,8452.0,4940.0,6360.770833333333,8452.0,152659.5,0.0,0.0,0,119000.0,14440.5,3584.5,942.0,149.0,0.0,12903.5,2075.0,0.0,0.0,0.7525758203186622,0
2018-12-07,133676.0,24,7505.0,4798.0,5569.833333333333,7505.0,133680.0,0.0,0.0,0,112179.5,5020.5,3585.0,1020.0,135.0,0.0,10453.0,1835.0,0.0,0.0,0.7421496779924495,0
2018-12-08,141730.0,24,8350.0,4476.0,5905.416666666667,8350.0,141734.0,0.0,0.0,0,114937.5,9611.5,3580.5,1046.0,106.0,0.0,10835.5,1978.0,0.0,0.0,0.7072355289421158,0
2018-12-09,149925.0,24,8288.0,4846.0,6246.875,8288.0,149931.0,0.0,0.0,0,119753.0,10694.0,3584.0,1041.0,136.0,0.0,12658.0,2084.0,0.0,0.0,0.7537252654440154,0
2018-12-10,150070.5,24,8380.0,4886.0,6252.9375,8380.0,150074.5,0.0,0.0,0,120181.5,10423.5,3590.0,1060.0,125.0,0.0,12750.5,2084.0,0.0,0.0,0.7461739260143198,0
2018-12-11,151744.0,24,8482.0,4805.0,6322.666666666667,8482.0,151747.0,0.0,0.0,0,113302.0,19779.5,3592.0,1098.0,109.0,0.0,12229.5,2063.0,0.0,0.0,0.7454216772773717,0
2018-12-12,151814.0,24,8349.0,4869.0,6325.583333333333,8349.0,151836.5,0.0,0.0,0,111375.0,21323.0,3592.0,1122.0,129.0,0.0,12346.5,2089.0,0.0,0.0,0.7576456262227013,0
2018-12-13,153738.5,24,8326.0,4980.0,6405.770833333333,8326.0,153671.5,0.0,0.0,0,112735.5,21910.5,3586.5,1215.5,108.5,0.0,12543.0,2118.0,0.0,0.0,0.7693695451997757,0
2018-12-14,138667.5,24,7596.0,4967.0,5777.8125,7596.0,138670.5,0.0,0.0,0,108289.0,12880.0,3589.0,1802.0,57.0,0.0,10551.0,1940.5,0.0,0.0,0.7606388230647709,0
2018-12-15,144839.5,24,8095.0,4666.0,6034.979166666667,8095.0,144841.5,0.0,0.0,0,114001.5,12957.0,3579.0,1744.5,107.0,0.0,10903.0,2044.0,0.0,0.0,0.7455193535103974,0
2018-12-16,135966.0,24,7194.0,4876.0,5665.25,7194.0,135797.0,0.0,0.0,0,113360.0,5140.0,3575.5,1834.5,119.5,0.0,10540.0,1958.0,0.0,0.0,0.787496524881846,0
2018-12-17,146028.5,24,7990.0,4491.0,6084.520833333333,7990.0,146032.5,0.0,0.0,0,114927.0,11635.0,3578.5,1663.0,88.0,0.0,12189.0,2092.0,0.0,0.0,0.7615170004171881,0
2018-12-18,139731.0,24,7865.0,4022.0,5822.125,7865.0,139491.5,0.0,0.0,0,107217.5,13519.0,3594.5,1560.5,44.0,0.0,12076.0,1966.0,0.0,0.0,0.7402574698029244,0
2018-12-19,149508.0,24,8150.0,4802.0,6229.5,8150.0,149378.5,0.0,0.0,0,119282.0,12222.5,3589.5,771.0,96.0,0.0,11756.5,2093.0,0.0,0.0,0.7643558282208589,0
2018-12-20,149377.5,24,8096.0,4793.0,6224.0625,8096.0,149383.5,0.0,0.0,0,120752.5,10483.0,3574.5,764.5,136.5,0.0,11980.0,2090.0,0.0,0.0,0.7687824234189723,0
2018-12-21,135756.0,24,7375.0,4814.0,5656.5,7375.0,135759.0,0.0,0.0,0,112988.5,6521.0,3555.0,774.5,138.0,0.0,10167.0,1957.0,0.0,0.0,0.7669830508474577,0
2018-12-22,145250.0,24,8296.0,4498.0,6052.083333333333,8296.0,145255.0,0.0,0.0,0,116279.0,10490.0,5223.0,765.0,144.0,0.0,10717.5,2097.0,0.0,0.0,0.7295182417229187,0
2018-12-23,150205.0,24,8280.0,4810.0,6258.541666666667,8280.0,150205.0,0.0,0.0,0,118752.0,12592.0,3577.0,817.0,151.0,0.0,12252.0,2217.0,0.0,0.0,0.7558625201288245,0
2018-12-24,148630.5,24,8336.0,4699.0,6192.9375,8336.0,148794.0,0.0,0.0,0,115134.0,14929.5,3582.0,743.5,164.0,0.0,12299.5,2202.0,0.0,0.0,0.7429147672744721,0
2018-12-25,149660.0,24,8188.0,4881.0,6235.833333333333,8188.0,149667.0,0.0,0.0,0,117850.5,14095.5,3870.0,846.0,114.0,0.0,10952.0,2206.0,0.0,0.0,0.7615819899039245,0
2018-12-26,151053.5,24,8476.0,4780.0,6293.895833333333,8476.0,151056.5,0.0,0.0,0,118693.5,11836.0,4924.5,759.0,142.0,0.0,12556.0,2191.0,0.0,0.0,0.7425549591002044,0
2018-12-27,150023.0,24,8169.0,4777.0,6250.958333333333,8169.0,150029.0,0.0,0.0,0,117715.5,11279.0,5274.5,857.5,135.0,0.0,12892.0,2102.0,0.0,0.0,0.7652048394336312,0
2018-12-28,137171.5,24,7381.0,4760.0,5715.479166666667,7381.0,137179.5,0.0,0.0,0,115287.5,3686.5,5337.0,997.5,106.0,0.0,10382.0,1955.0,0.0,0.0,0.7743502461274444,0
2018-12-29,130708.0,24,7257.0,4434.0,5446.166666666667,7257.0,130713.0,0.0,0.0,0,107913.5,3904.0,5340.0,851.0,140.0,0.0,10986.0,1769.0,0.0,0.0,0.7504708097928438,0
2018-12-30,103396.5,24,6253.0,3415.0,4308.1875,6253.0,103403.0,0.0,0.0,0,82927.0,2241.0,5425.0,901.5,90.0,0.0,10438.5,1573.0,0.0,0.0,0.6889792899408284,0
2018-12-31,125036.5,24,7542.0,3366.0,5209.854166666667,7542.0,125127.5,0.0,0.0,0,102721.0,4236.5,5029.0,901.5,136.0,0.0,10649.0,1817.0,0.0,0.0,0.6907788606028463,0
2019-01-01,141620.5,24,7991.0,4320.0,5900.854166666667,7991.0,141625.5,0.0,0.0,0,114902.5,7600.0,3612.5,965.0,139.0,0.0,12718.0,2074.0,0.0,0.0,0.7384375130354983,0
2019-01-02,146470.0,24,8339.0,4674.0,6102.916666666667,8339.0,146477.0,0.0,0.0,0,119687.5,8007.0,3387.0,934.0,139.0,0.0,12516.0,2171.0,0.0,0.0,0.7318523404085222,0
2019-01-03,149442.5,24,8222.0,4754.0,6226.770833333333,8222.0,149448.5,0.0,0.0,0,120450.0,10045.5,3576.0,938.0,140.0,0.0,12618.0,2146.0,0.0,0.0,0.7573304346063406,0
2019-01-04,132311.5,24,7394.0,4711.0,5512.979166666667,7394.0,132318.5,0.0,0.0,0,111628.0,4242.5,3574.0,1023.5,137.0,0.0,10190.0,1975.0,0.0,0.0,0.7456017266251916,0
2019-01-05,142870.5,24,8241.0,4473.0,5952.9375,8241.0,142875.5,0.0,0.0,0,118049.0,8105.0,3576.0,1140.0,144.0,0.0,10783.0,2040.0,0.0,0.0,0.722356206771023,0
2019-01-06,150871.0,24,8347.0,4796.0,6286.291666666667,8347.0,150875.0,0.0,0.0,0,118227.5,14016.0,3574.5,1039.0,146.0,0.0,11678.5,2149.0,0.0,0.0,0.7531198833912384,0
2019-01-07,151003.0,24,8157.0,4973.0,6291.791666666667,8157.0,151006.0,0.0,0.0,0,120314.5,11975.5,3576.0,1049.5,103.0,0.0,11584.0,2100.0,0.0,0.0,0.7713364799150014,0
2019-01-08,149821.0,24,8384.0,4982.0,6242.541666666667,8384.0,149828.0,0.0,0.0,0,117808.5,13353.0,3576.0,1133.0,111.0,0.0,11963.5,2159.0,0.0,0.0,0.7445779659669212,0
2019-01-09,152527.0,24,8397.0,4971.0,6355.291666666667,8397.0,152557.5,0.0,0.0,0,119115.0,14846.0,3579.0,1036.5,130.0,0.0,12327.5,2131.0,0.0,0.0,0.7568526457861935,0
2019-01-10,152071.0,24,8348.0,4900.0,6336.291666666667,8348.0,152276.0,180.0,180.0,1,115301.0,18558.5,3577.0,1042.5,128.0,0.0,11753.0,2131.0,0.0,0.0,0.7590191263376458,1
2019-01-11,135940.0,24,7479.0,4762.0,5664.166666666667,7479.0,135943.0,0.0,0.0,0,106778.5,12952.5,3577.0,1117.0,123.0,0.0,10158.5,1960.0,0.0,0.0,0.7573427820118555,0
2019-01-12,143889.0,24,8417.0,4641.0,5995.375,8417.0,143893.0,0.0,0.0,0,111096.0,15614.0,3577.0,1075.0,126.0,0.0,10452.5,2076.0,0.0,0.0,0.7122935725317809,0
2019-01-13,155172.0,24,8621.0,5120.0,6465.5,8621.0,155280.0,90.0,90.0,1,114748.0,21620.0,3575.0,1031.0,138.0,0.0,12078.0,2152.0,0.0,0.0,0.7499710010439624,1
2019-01-14,156574.0,24,8530.0,5078.0,6523.916666666667,8530.0,156581.0,0.0,0.0,0,118305.0,19565.5,3577.5,1000.0,120.0,0.0,12639.5,2171.0,0.0,0.0,0.7648202422821415,0
2019-01-15,156290.5,24,8540.0,5133.0,6512.104166666667,8540.0,156297.5,0.0,0.0,0,115470.5,22232.0,3576.0,940.5,104.0,0.0,11882.0,2183.0,0.0,0.0,0.7625414715066354,0
2019-01-16,156487.0,24,8495.0,5156.0,6520.291666666667,8495.0,156493.0,0.0,0.0,0,114462.5,23609.5,3577.0,981.0,127.0,0.0,12068.5,2049.0,0.0,0.0,0.7675446340984894,0
2019-01-17,158005.0,24,8484.0,5255.0,6583.541666666667,8484.0,158007.0,0.0,0.0,0,110604.5,28679.0,3577.0,1024.0,137.0,0.0,11839.0,2259.0,0.0,0.0,0.7759950102153073,0
2019-01-18,143214.5,24,7682.0,5124.0,5967.270833333333,7682.0,143204.5,0.0,0.0,0,109719.0,16767.0,3578.5,951.0,138.0,0.0,10657.5,1899.0,0.0,0.0,0.7767861017096241,0
2019-01-19,149785.0,24,8564.0,4776.0,6241.041666666667,8564.0,149787.0,0.0,0.0,0,115660.5,16941.0,3579.5,879.0,114.0,0.0,10791.0,2089.0,0.0,0.0,0.7287531138097463,0
2019-01-20,159498.0,24,8651.0,5131.0,6645.75,8651.0,159502.0,0.0,0.0,0,116339.0,23929.0,3576.0,1438.5,122.0,0.0,11961.5,2217.0,0.0,0.0,0.7682059877470813,0
2019-01-21,161902.0,24,8748.0,5363.0,6745.916666666667,8748.0,161904.0,0.0,0.0,0,117389.5,24499.5,5038.0,950.5,139.0,0.0,12280.5,2065.0,0.0,0.0,0.7711381649138851,0
2019-01-22,162063.5,24,8599.0,5282.0,6752.645833333333,8599.0,162070.5,0.0,0.0,0,114367.0,28810.0,3582.0,938.0,147.0,0.0,12362.5,2099.0,0.0,0.0,0.7852826879094468,0
2019-01-23,162715.0,24,8846.0,5287.0,6779.791666666667,8846.0,162720.0,0.0,0.0,0,116354.5,27014.0,3577.0,959.5,147.0,0.0,12631.0,2156.0,0.0,0.0,0.7664245610068581,0
2019-01-24,165609.0,24,8774.0,5451.0,6900.375,8774.0,165615.0,0.0,0.0,0,121728.5,24552.0,3578.5,960.0,147.0,0.0,12049.0,2319.0,0.0,0.0,0.7864571461135172,0
2019-01-25,147697.5,24,7864.0,5281.0,6154.0625,7864.0,147705.5,0.0,0.0,0,113732.0,15983.0,3577.0,1398.0,203.0,0.0,10892.0,2144.0,0.0,0.0,0.7825613555442523,0
2019-01-26,155623.5,24,8769.0,5198.0,6484.3125,8769.0,155625.5,0.0,0.0,0,117987.0,18913.0,3576.0,1421.0,12.0,0.0,11711.0,2307.0,0.0,0.0,0.739458604173794,0
2019-01-27,168359.5,24,8814.0,5642.0,7014.979166666667,8814.0,168199.5,0.0,0.0,0,127192.0,20035.0,3581.0,1837.5,134.0,0.0,13058.5,2385.0,0.0,0.0,0.7958905339989412,0
2019-01-28,168662.5,24,8891.0,5614.0,7027.604166666667,8891.0,168668.5,0.0,0.0,0,126922.0,21012.0,3582.0,1937.0,135.0,0.0,12913.0,2295.0,0.0,0.0,0.7904177445356728,0
2019-01-29,165768.5,24,8748.0,5620.0,6907.020833333333,8748.0,165601.5,0.0,0.0,0,126065.0,19281.0,3579.0,1905.0,75.0,0.0,12672.5,2429.0,0.0,0.0,0.789554279073312,0
2019-01-30,165535.0,24,8893.0,5435.0,6897.291666666667,8893.0,165540.0,0.0,0.0,0,126288.0,18333.5,3569.0,1793.0,140.0,0.0,12884.5,2325.0,0.0,0.0,0.7755866036957907,0
2019-01-31,165248.0,24,8780.0,5409.0,6885.333333333333,8780.0,165253.0,0.0,0.0,0,121715.5,22799.5,3491.0,1806.0,221.0,0.0,13147.5,2122.0,0.0,0.0,0.7842065299924069,0
2019-02-01,150260.0,24,8032.0,5370.0,6260.833333333333,8032.0,150228.0,0.0,0.0,0,114946.0,16477.0,3581.0,1724.5,121.0,0.0,11763.0,2108.0,0.0,0.0,0.7794862217795484,0
2019-02-02,161707.0,24,8744.0,5034.0,6737.791666666667,8744.0,161707.0,0.0,0.0,0,121400.0,20592.5,3441.0,1546.0,150.0,0.0,12513.0,2339.0,0.0,0.0,0.7705617185117414,0
2019-02-03,166223.5,24,8763.0,5358.0,6925.979166666667,8763.0,166227.5,0.0,0.0,0,127418.0,17606.0,3575.0,1551.5,141.0,0.0,13725.0,2492.0,0.0,0.0,0.7903662178097304,0
2019-02-04,166224.0,24,8919.0,5345.0,6926.0,8919.0,166228.0,0.0,0.0,0,124760.0,19996.5,3577.0,1563.0,147.0,0.0,14076.0,2466.0,0.0,0.0,0.7765444556564637,0
2019-02-05,166363.0,24,8867.0,5452.0,6931.791666666667,8867.0,166367.0,0.0,0.0,0,119734.0,25205.0,3558.0,1681.5,150.0,0.0,13651.0,2541.0,0.0,0.0,0.7817516258787264,0
2019-02-06,164482.0,24,9063.0,5318.0,6853.416666666667,9063.0,164488.0,0.0,0.0,0,121486.5,21447.5,3576.0,1707.0,143.0,0.0,13861.5,2409.0,0.0,0.0,0.7561973592261577,0
2019-02-07,168122.5,24,8840.0,5403.0,7005.104166666667,8840.0,168127.5,0.0,0.0,0,117696.5,28958.5,3575.0,1554.5,128.0,0.0,13756.5,2393.0,0.0,0.0,0.7924325980392157,0
2019-02-08,148471.5,24,7845.0,5487.0,6186.3125,7845.0,148476.0,1.0,1.0,1,115822.0,13750.5,3577.0,1662.0,14.0,0.0,12661.0,1300.0,0.0,0.0,0.7885675589547483,1
2019-02-09,154363.0,24,8806.0,4360.0,6431.791666666667,8806.0,157202.5,0.0,0.0,0,117700.5,15068.5,3579.5,1588.0,97.0,0.0,13977.5,2419.0,0.0,0.0,0.7303874252403665,0
2019-02-10,162527.0,24,8733.0,5389.0,6771.958333333333,8733.0,162532.0,0.0,0.0,0,122379.5,16642.5,3576.0,1674.0,125.0,0.0,15915.5,2460.0,0.0,0.0,0.7754446734608191,0
2019-02-11,165599.5,24,8778.0,5390.0,6899.979166666667,8778.0,165605.5,0.0,0.0,0,123961.5,17202.0,3582.0,1467.0,146.0,0.0,16888.0,2458.0,0.0,0.0,0.7860536758563075,0
2019-02-12,166917.5,24,8800.0,5417.0,6954.895833333333,8800.0,166922.5,0.0,0.0,0,120863.0,21462.5,3576.0,1587.0,145.0,0.0,17195.5,2434.0,0.0,0.0,0.7903290719696969,0
2019-02-13,170289.0,24,9030.0,5494.0,7095.375,9030.0,170292.0,0.0,0.0,0,124212.5,20608.0,3582.0,2807.5,149.0,0.0,16852.0,2416.0,0.0,0.0,0.7857558139534884,0
2019-02-14,172349.5,24,9061.0,5570.0,7181.229166666667,9061.0,172213.5,0.0,0.0,0,124275.0,23571.0,3576.0,1761.0,142.5,0.0,16637.0,2429.0,0.0,0.0,0.7925426737299047,0
2019-02-15,154510.5,24,8243.0,5627.0,6437.9375,8243.0,154514.5,0.0,0.0,0,123389.0,9771.5,3576.0,1690.0,143.0,0.0,14156.0,2215.0,0.0,0.0,0.7810187431760282,0
2019-02-16,162960.5,24,8799.0,5306.0,6790.020833333333,8799.0,162967.5,0.0,0.0,0,124545.0,14686.0,3576.0,1721.0,105.0,0.0,16232.5,2331.0,0.0,0.0,0.7716809675341895,0
2019-02-17,158269.0,24,8824.0,5352.0,6594.541666666667,8824.0,158275.0,0.0,0.0,0,118823.0,15337.0,3576.0,1706.5,403.0,0.0,17053.5,2052.0,0.0,0.0,0.7473415306739196,0
2019-02-18,165090.5,24,8891.0,5301.0,6878.770833333333,8891.0,165095.5,0.0,0.0,0,123446.0,17328.5,3576.0,1704.0,94.0,0.0,17022.0,2193.0,0.0,0.0,0.7736779702320699,0
2019-02-19,168307.0,24,9066.0,5431.0,7012.791666666667,9066.0,168310.0,0.0,0.0,0,125136.5,18637.0,3576.0,1759.0,134.0,0.0,16827.5,2383.0,0.0,0.0,0.773526546069564,0
2019-02-20,171521.5,24,9159.0,5606.0,7146.729166666667,9159.0,171527.5,0.0,0.0,0,131004.0,15065.5,4589.0,1697.5,136.0,0.0,16757.5,2446.0,0.0,0.0,0.7802957928449249,0
2019-02-21,155709.0,24,8089.0,5457.0,6487.875,8089.0,155711.0,0.0,0.0,0,124980.5,8654.0,3583.0,1716.0,127.0,0.0,14459.0,2275.0,0.0,0.0,0.8020614414637162,0
2019-02-22,150326.5,24,8336.0,5167.0,6263.604166666667,8336.0,150331.5,0.0,0.0,0,119686.5,9637.5,3577.0,1740.5,136.0,0.0,14520.0,1308.0,0.0,0.0,0.7513920545425464,0
2019-02-23,175321.5,24,9397.0,5591.0,7305.0625,9397.0,175329.5,0.0,0.0,0,133242.5,17773.0,3577.0,1732.0,135.0,0.0,16385.0,2740.0,0.0,0.0,0.7773824092795573,0
2019-02-24,177098.0,24,9403.0,6089.0,7379.083333333333,9403.0,177103.0,0.0,0.0,0,135658.5,17473.5,3581.0,1667.0,239.0,0.0,16011.0,2772.0,0.0,0.0,0.7847584104363855,0
2019-02-25,160033.5,24,8684.0,5362.0,6668.0625,8684.0,160037.5,0.0,0.0,0,125018.5,10852.5,3551.5,1181.0,18.0,0.0,17293.5,2137.0,0.0,0.0,0.7678561146936895,0
2019-02-26,147606.5,24,8480.0,3497.0,6150.270833333333,8480.0,147609.5,0.0,0.0,0,117939.0,7803.0,3547.5,720.0,140.0,0.0,15892.5,1951.0,0.0,0.0,0.7252677869496855,0
2019-02-27,142298.5,24,6518.0,5248.0,5929.104166666667,6518.0,142301.5,0.0,0.0,0,115119.5,4935.5,3577.0,1207.0,133.0,0.0,16497.0,1933.0,0.0,0.0,0.9096508387030787,0
2019-02-28,141005.5,24,7995.0,4402.0,5875.229166666667,7995.0,141010.5,0.0,0.0,0,115709.5,4164.5,3578.0,1752.5,96.0,0.0,13552.5,2011.0,0.0,0.0,0.7348629351678132,0
2019-03-01,135887.0,24,7459.0,4840.0,5661.958333333333,7459.0,135891.0,0.0,0.0,0,110875.5,3061.5,3576.0,1668.5,154.0,0.0,14965.5,1819.0,0.0,0.0,0.7590774009027126,0
2019-03-02,151070.0,24,8509.0,4710.0,6294.583333333333,8509.0,151075.0,0.0,0.0,0,121639.0,6044.5,3342.0,1534.5,167.0,0.0,16588.5,2026.0,0.0,0.0,0.7397559446860187,0
2019-03-03,157886.0,24,8493.0,5156.0,6578.583333333333,8493.0,157887.0,0.0,0.0,0,122304.5,11549.0,3577.0,1042.5,178.0,0.0,17375.0,2175.0,0.0,0.0,0.7745888771144864,0
2019-03-04,162647.5,24,8736.0,5425.0,6776.979166666667,8736.0,162656.5,0.0,0.0,0,125630.5,13317.5,3577.5,1002.0,141.0,0.0,16847.5,2215.0,0.0,0.0,0.7757531097374848,0
2019-03-05,157286.0,24,8611.0,5027.0,6553.583333333333,8611.0,157187.0,0.0,0.0,0,122874.0,10946.833333333334,3575.0,971.6666666666666,58.0,0.0,16968.0,2069.0,0.0,0.0,0.7610711105949753,0
2019-03-06,163810.0,24,8889.0,5301.0,6825.416666666667,8889.0,163760.0,0.0,0.0,0,127504.0,12716.166666666666,3577.0,1128.3333333333333,28.5,0.0,16917.0,2113.0,0.0,0.0,0.7678497768777891,0
2019-03-07,167717.5,24,8721.0,5698.0,6988.229166666667,8721.0,167722.5,0.0,0.0,0,134892.0,9087.0,3576.5,1687.5,76.0,0.0,16808.5,2277.0,0.0,0.0,0.8013105339601728,0
2019-03-08,151834.5,24,8015.0,5566.0,6326.4375,8015.0,151839.5,0.0,0.0,0,124193.0,5321.0,3576.0,1706.0,148.0,0.0,15139.0,2068.0,0.0,0.0,0.7893247036805989,0
2019-03-09,161332.0,24,8934.0,5087.0,6722.166666666667,8934.0,161081.0,0.0,0.0,0,128956.5,8149.5,3576.0,1699.5,24.0,0.0,16645.5,2278.0,0.0,0.0,0.7524251921498396,0
2019-03-10,174439.0,24,9287.0,5614.0,7268.291666666667,9287.0,174446.0,0.0,0.0,0,138229.0,12050.0,3576.0,1708.0,234.0,0.0,16858.0,2421.0,0.0,0.0,0.7826307383080292,0
2019-03-11,183379.5,24,9813.0,6023.0,7640.8125,9813.0,183386.5,0.0,0.0,0,139240.0,19064.0,3576.0,1675.5,130.5,0.0,17199.0,2641.0,0.0,0.0,0.7786418526444513,0
2019-03-12,194217.5,24,10071.0,6501.0,8092.395833333333,10071.0,194220.5,0.0,0.0,0,141247.0,27854.0,3576.0,1697.0,150.0,0.0,17114.5,2876.0,0.0,0.0,0.8035344884652301,0
2019-03-14,197506.0,23,10393.0,7374.0,8587.217391304348,10393.0,197512.0,0.0,0.0,0,136227.0,36611.0,3427.0,1729.0,158.0,0.0,16458.0,2864.0,0.0,0.0,0.8262501098147165,0
2019-03-15,186187.5,24,9551.0,6890.0,7757.8125,9551.0,186191.5,0.0,0.0,0,132625.5,30209.5,3577.0,2062.0,603.0,0.0,14840.0,2780.0,0.0,0.0,0.8122513349387499,0
2019-03-16,199629.0,24,10610.0,6936.0,8317.875,10610.0,199497.5,0.0,0.0,0,141759.5,33231.5,3580.0,2026.0,37.0,0.0,16740.5,2819.5,0.0,0.0,0.7839655984919887,0
2019-03-17,207242.5,24,10499.0,7646.0,8635.104166666666,10499.0,207246.5,0.0,0.0,0,142545.0,40324.0,4556.0,1844.5,124.0,0.0,14511.0,3139.0,0.0,0.0,0.8224692034161983,0
2019-03-18,187501.5,24,10034.0,5936.0,7812.5625,10034.0,187506.5,0.0,0.0,0,134095.0,27029.0,3578.5,1803.5,120.5,0.0,18867.5,2170.0,0.0,0.0,0.7786089794698027,0
2019-03-19,198800.5,24,10115.0,7030.0,8283.354166666666,10115.0,199007.5,0.0,0.0,0,139700.5,31221.0,3817.0,2206.5,147.0,0.0,19162.5,2785.0,0.0,0.0,0.8189178612621518,0
2019-03-20,203559.5,24,10197.0,7049.0,8481.645833333334,10197.0,203563.5,0.0,0.0,0,137736.5,35897.5,5354.0,2712.5,94.0,0.0,19188.5,2846.0,0.0,0.0,0.8317785459775752,0
2019-03-21,208088.5,24,10626.0,7215.0,8670.354166666666,10626.0,208090.5,0.0,0.0,0,139129.0,39600.5,5317.0,1820.5,148.0,0.0,19238.0,2948.0,0.0,0.0,0.8159565374239287,0
2019-03-22,192033.5,24,9403.0,6889.0,8001.395833333333,9403.0,192042.5,0.0,0.0,0,138606.0,26366.0,5102.5,1716.0,113.0,0.0,17435.0,2954.0,0.0,0.0,0.8509407458612499,0
2019-03-23,196869.0,24,10564.0,6880.0,8202.875,10564.0,196876.0,0.0,0.0,0,139535.5,28524.0,5321.0,1733.5,146.0,0.0,18901.0,3160.0,0.0,0.0,0.7764932790609618,0
2019-03-24,208888.0,24,10433.0,7475.0,8703.666666666666,10433.0,208894.0,3.0,3.0,1,146422.5,32831.5,5343.5,1729.0,136.0,0.0,19356.5,3243.0,0.0,0.0,0.834243905556088,1
2019-03-25,209670.5,24,10662.0,7378.0,8736.270833333334,10662.0,209677.5,0.0,0.0,0,144914.5,34769.0,4908.5,1723.0,157.0,0.0,20278.0,3195.0,0.0,0.0,0.8193838710685926,0
2019-03-26,183245.5,24,9125.5,6056.0,7635.229166666667,9125.5,183249.5,0.0,0.0,0,133099.0,23713.0,3577.0,1734.0,145.0,0.0,18308.0,2961.5,0.0,0.0,0.836691596807481,0
2019-03-27,192138.0,24,10094.0,6434.0,8005.75,10094.0,192144.0,0.0,0.0,0,135741.5,27829.5,3581.5,1843.0,217.0,0.0,20304.5,3031.0,0.0,0.0,0.7931196750544878,0
2019-03-28,207668.5,24,10598.0,7239.0,8652.854166666666,10598.0,207675.5,0.0,0.0,0,142634.0,36243.5,3577.0,1986.5,130.0,0.0,20297.5,3092.0,0.0,0.0,0.8164610461093288,0
2019-03-29,197745.5,24,10006.0,7304.0,8239.395833333334,10006.0,197750.5,0.0,0.0,0,140787.5,30299.5,3577.0,1978.0,121.0,0.0,18261.5,2919.0,0.0,0.0,0.8234455160237192,0
2019-03-30,208021.5,24,10933.0,7336.0,8667.5625,10933.0,208028.5,0.0,0.0,0,147317.0,31926.0,3951.5,2066.5,127.0,0.0,19704.5,3236.0,0.0,0.0,0.7927890332022318,0
2019-03-31,184781.5,24,9704.5,4505.0,7699.229166666667,9704.5,184785.5,0.0,0.0,0,128250.0,30528.0,4935.5,2102.0,89.0,0.0,16958.0,2714.0,0.0,0.0,0.7933669088223677,0
2019-04-02,174320.0,24,8721.0,5985.0,7263.333333333333,8722.0,174325.0,0.0,0.0,0,130642.5,17314.5,5123.5,1969.5,84.0,0.0,17761.0,1871.0,0.0,0.0,0.8328555593777471,0
2019-04-03,174482.5,24,9252.0,5674.0,7270.104166666667,9252.0,174670.0,0.0,0.0,0,127164.5,18807.5,6378.0,1639.5,135.0,0.0,18901.5,1856.0,0.0,0.0,0.7857873072488831,0
2019-04-04,198850.0,24,10324.0,6765.0,8285.416666666666,10324.0,198857.0,0.0,0.0,0,140704.0,27527.5,5949.0,1910.0,123.0,0.0,20214.0,2730.0,0.0,0.0,0.8025393904171509,0
2019-04-05,184901.5,24,9752.0,6362.0,7704.229166666667,9752.0,184910.5,0.0,0.0,0,134867.5,25295.0,6272.0,1337.5,118.0,0.0,16474.5,873.0,0.0,0.0,0.7900152960076566,0
2019-04-06,179402.0,24,9197.0,4537.0,7475.083333333333,9197.0,179405.0,0.0,0.0,0,127372.5,23958.5,6000.0,1459.0,145.0,0.0,19631.0,2365.0,0.0,0.0,0.812774093001341,0
2019-04-07,159978.5,24,9529.0,4404.0,6665.770833333333,9529.0,159982.5,0.0,0.0,0,115383.5,18770.0,4420.5,1914.0,97.0,0.0,17779.5,2116.0,0.0,0.0,0.6995246965403854,0
2019-04-08,182476.5,24,9105.0,6681.0,7603.1875,9105.0,182482.5,0.0,0.0,0,132382.5,21439.0,4417.0,1920.0,122.0,0.0,20312.0,2329.0,0.0,0.0,0.8350562877539813,0
2019-04-09,153208.5,24,7716.5,4966.0,6383.6875,7716.5,153212.5,0.0,0.0,0,110485.5,16595.0,4417.0,1887.5,147.0,0.0,18780.0,1802.0,0.0,0.0,0.8272775869889198,0
2019-04-10,163486.5,24,9270.0,5019.0,6811.9375,9270.0,163492.5,0.0,0.0,0,119618.0,16468.5,4990.0,1884.0,216.0,0.0,18510.0,1876.0,0.0,0.0,0.7348368392664509,0
2019-04-11,194440.0,24,9759.0,6550.0,8101.666666666667,9759.0,194447.0,0.0,0.0,0,138669.5,25040.0,6107.0,2048.0,157.0,0.0,20066.5,2686.0,0.0,0.0,0.8301738566109916,0
2019-04-12,190148.5,24,10181.0,6542.0,7922.854166666667,10181.0,190153.5,0.0,0.0,0,137937.5,23780.5,6049.5,1935.0,158.0,0.0,17889.5,2737.0,0.0,0.0,0.7781999967259274,0
2019-04-13,190609.5,24,9337.5,6333.0,7942.0625,9337.5,190611.5,0.0,0.0,0,137006.0,23577.0,6040.0,1972.5,140.0,0.0,19339.5,2768.0,0.0,0.0,0.8505555555555555,0
2019-04-14,181758.0,24,9962.0,5922.0,7573.25,9962.0,181766.0,0.0,0.0,0,133658.0,19705.0,6052.0,1961.0,154.0,0.0,17906.5,2648.0,0.0,0.0,0.7602138124874523,0
2019-04-15,215228.5,24,11190.0,7292.0,8967.854166666666,11190.0,214797.5,0.0,0.0,0,153569.5,35338.0,6063.5,1884.0,147.0,0.0,20184.5,3258.0,0.0,0.0,0.8014168156091748,0
2019-04-16,228666.0,24,11257.0,7977.0,9527.75,11257.0,228668.0,0.0,0.0,0,140268.0,56659.0,6071.0,1932.0,168.0,0.0,20102.5,3464.0,0.0,0.0,0.846384471884161,0
2019-04-17,208873.0,24,10871.0,6307.0,8703.041666666666,10871.0,208877.0,0.0,0.0,0,135543.0,43254.5,6033.0,1815.5,139.0,0.0,19394.5,3433.0,0.0,0.0,0.8005741575445374,0
2019-04-18,225083.0,24,11125.0,8054.0,9378.458333333334,11125.0,225088.0,0.0,0.0,0,142882.5,53358.5,6079.5,1833.0,148.0,0.0,17636.5,3466.0,0.0,0.0,0.8430074906367042,0
2019-04-19,210053.5,24,10858.0,7096.0,8752.229166666666,10858.0,210058.5,0.0,0.0,0,131324.5,52189.5,6151.5,1972.0,88.0,0.0,15692.5,3105.0,0.0,0.0,0.8060627340823969,0
2019-04-20,224166.5,24,11300.0,7833.0,9340.270833333334,11300.0,224172.5,0.0,0.0,0,120892.5,75565.0,6071.0,2498.0,494.0,0.0,18735.5,1726.0,0.0,0.0,0.8265726401179941,0
2019-04-21,221421.0,24,10436.0,7287.0,9225.875,10436.0,221423.0,0.0,0.0,0,126491.5,63222.0,7007.5,2128.0,143.0,0.0,19782.0,3324.0,0.0,0.0,0.884043215791491,0
2019-04-22,189308.5,24,10755.0,6146.0,7887.854166666667,10755.0,189314.5,0.0,0.0,0,132486.0,27242.0,6041.0,2199.0,153.0,0.0,18133.0,3224.0,0.0,0.0,0.733412753757942,0
2019-04-23,231159.5,24,11552.0,7997.0,9631.645833333334,11552.0,231165.5,0.0,0.0,0,149008.0,51489.5,5330.5,1823.0,144.0,0.0,19911.0,3454.0,0.0,0.0,0.8337643553785781,0
2019-04-24,242016.5,24,12057.0,8442.0,10084.020833333334,12057.0,242017.5,0.0,0.0,0,152782.5,59145.5,4396.0,1746.0,262.0,0.0,20269.0,3660.0,0.0,0.0,0.8363623482900667,0
2019-04-25,248443.0,24,12067.0,8813.0,10351.791666666666,12067.0,248447.0,0.0,0.0,0,127582.5,90381.0,4413.0,1984.5,135.0,0.0,20349.0,3829.0,0.0,0.0,0.8578595895141018,0
2019-04-26,229055.5,24,11477.5,7760.0,9543.979166666666,11477.5,229055.5,0.0,0.0,0,135799.0,65319.0,4416.0,1146.0,92.0,0.0,18973.0,3635.0,0.0,0.0,0.8315381543599796,0
2019-04-27,241861.0,24,11980.0,8240.0,10077.541666666666,11980.0,241864.0,0.0,0.0,0,146176.5,65953.5,4416.0,1773.5,288.0,0.0,20140.0,3730.0,0.0,0.0,0.8411971341124095,0
2019-04-28,244822.5,24,11679.0,8761.0,10200.9375,11679.0,244920.0,0.0,0.0,0,144992.0,68395.0,5853.0,1305.5,138.5,0.0,20554.5,3816.0,0.0,0.0,0.8734427176984331,0
2019-04-29,247437.5,24,12133.0,8745.0,10309.895833333334,12133.0,247440.5,0.0,0.0,0,147403.0,68068.5,5929.0,1590.0,140.0,0.0,20697.0,3868.0,0.0,0.0,0.84974003406687,0
2019-04-30,246544.5,24,12022.0,8923.0,10272.6875,12022.0,246321.0,0.0,0.0,0,151816.5,63429.0,6011.5,1063.5,134.0,0.0,20545.5,3756.0,0.0,0.0,0.8544907253368824,0
2019-05-01,220819.0,24,11291.0,7319.0,9200.791666666666,11291.0,220835.0,0.0,0.0,0,149248.0,42399.5,5992.0,911.0,126.0,0.0,18812.0,3592.0,0.0,0.0,0.8148783692026097,0
2019-05-02,237906.5,24,12001.0,7497.0,9912.770833333334,12001.0,237912.5,0.0,0.0,0,148914.5,59653.5,4274.5,1265.0,114.0,0.0,20248.5,3631.0,0.0,0.0,0.8259954031608477,0
2019-05-03,192282.5,24,11463.0,5634.0,8011.770833333333,11463.0,192053.0,0.0,0.0,0,136627.5,34498.5,4416.0,420.0,31.0,0.0,13501.5,3010.0,0.0,0.0,0.69892443804705,0
2019-05-04,124809.5,24,7529.0,3501.0,5200.395833333333,7529.0,124809.5,0.0,0.0,0,100186.5,6859.0,3619.0,757.0,40.0,0.0,13360.5,1653.0,0.0,0.0,0.690715345110019,0
2019-05-05,196491.0,24,10937.0,5985.0,8187.125,10937.0,196501.0,0.0,0.0,0,139177.5,29592.0,3576.0,878.5,135.0,0.0,20405.5,3046.0,0.0,0.0,0.7485713632623205,0
2019-05-06,232955.0,24,11799.0,7912.0,9706.458333333334,11799.0,232958.0,0.0,0.0,0,152172.0,49089.5,4453.0,877.0,139.0,0.0,22933.0,3601.0,0.0,0.0,0.8226509308698478,0
2019-05-07,247761.0,24,12232.0,8435.0,10323.375,12232.0,243417.0,0.0,0.0,0,151236.5,62925.0,6227.5,892.0,98.0,0.0,22952.0,3633.0,0.0,0.0,0.8439646010464356,0
2019-05-08,253370.0,24,12482.0,8703.0,10557.083333333334,12482.0,253378.0,0.0,0.0,0,147492.0,72021.5,6333.0,883.0,165.0,0.0,22959.0,3813.0,0.0,0.0,0.845784596485606,0
2019-05-09,253561.0,24,12161.0,8932.0,10565.041666666666,12161.0,253565.5,0.0,0.0,0,151933.0,68072.5,6288.5,895.0,107.0,0.0,22887.0,3645.0,0.0,0.0,0.8687642189512923,0
2019-05-10,242357.5,24,12095.0,8123.0,10098.229166666666,12095.0,242363.5,0.0,0.0,0,149978.5,58692.5,6320.0,904.5,131.0,0.0,22929.5,3637.0,0.0,0.0,0.8349093978227917,0
2019-05-11,255616.5,24,12494.0,9093.0,10650.6875,12494.0,255620.5,0.0,0.0,0,163165.5,58577.0,6319.5,924.0,143.0,0.0,22920.5,3887.0,0.0,0.0,0.8524641828077477,0
2019-05-12,252061.0,24,12376.0,8527.0,10502.541666666666,12376.0,252066.0,0.0,0.0,0,163008.0,55563.5,6242.0,877.5,138.0,0.0,21929.0,3581.0,0.0,0.0,0.8486216602025425,0
2019-05-13,239591.5,24,11281.5,8291.0,9982.979166666666,11281.5,239597.5,0.0,0.0,0,152414.0,53996.5,6318.0,816.5,141.0,0.0,22664.5,3587.0,0.0,0.0,0.884898210935307,0
2019-05-14,209212.0,24,11823.0,6311.0,8717.166666666666,11823.0,209219.0,0.0,0.0,0,143185.0,36414.5,6386.5,774.0,132.0,0.0,20202.5,2944.0,0.0,0.0,0.7373058163466689,0
2019-05-15,229818.0,24,11768.0,7474.0,9575.75,11768.0,229821.5,0.0,0.0,0,155825.0,40735.5,6404.0,824.0,92.0,0.0,22614.0,3520.0,0.0,0.0,0.8137109109449354,0
2019-05-16,231249.5,24,12012.0,7574.0,9635.395833333334,12012.0,231215.5,0.0,0.0,0,154028.0,43914.5,6368.5,881.5,143.5,0.0,22778.0,3439.0,0.0,0.0,0.8021475052725053,0
2019-05-17,211007.5,24,11414.5,6439.0,8791.979166666666,11414.5,211724.5,0.0,0.0,0,146213.0,32031.0,6353.0,896.5,140.0,0.0,22726.5,2890.0,0.0,0.0,0.7702465431395739,0
2019-05-18,214561.0,24,10961.0,7004.0,8940.041666666666,10961.0,214568.0,0.0,0.0,0,150177.5,31638.0,6341.0,796.0,133.0,0.0,22586.5,3116.0,0.0,0.0,0.8156228142201137,0
2019-05-19,230368.0,24,11260.0,7772.0,9598.666666666666,11260.0,230373.0,0.0,0.0,0,160284.0,37884.5,6314.5,834.5,64.0,0.0,22600.0,3224.0,0.0,0.0,0.8524570751924215,0
2019-05-20,240600.5,24,11265.0,8223.0,10025.020833333334,11265.0,240760.5,0.0,0.0,0,163975.0,45105.0,4807.0,824.0,158.0,0.0,22598.0,3514.0,0.0,0.0,0.8899263944370469,0
2019-05-21,253282.5,24,12539.0,8651.0,10553.4375,12539.0,253288.5,0.0,0.0,0,160940.0,60424.5,4776.0,846.5,157.0,0.0,22458.0,4018.0,0.0,0.0,0.8416490549485605,0
2019-05-22,248931.5,24,12230.0,8361.0,10372.145833333334,12230.0,248935.5,0.0,0.0,0,163591.0,53664.5,4724.5,819.5,151.0,0.0,22610.0,3814.0,0.0,0.0,0.8480904197328973,0
2019-05-23,203160.5,24,11944.0,5532.0,8465.020833333334,11944.0,203165.5,0.0,0.0,0,134799.5,40349.0,5590.0,814.0,159.0,0.0,19936.0,3247.0,0.0,0.0,0.7087257897968297,0
2019-05-24,214634.0,24,11220.0,7869.0,8943.083333333334,11220.0,214639.0,0.0,0.0,0,152565.0,31698.0,4796.5,830.0,789.0,0.0,21901.5,3177.0,0.0,0.0,0.7970662507427214,0
2019-05-25,184488.5,24,10412.0,4900.0,7687.020833333333,10412.0,184378.5,0.0,0.0,0,139294.5,16958.5,3860.0,854.0,20.5,0.0,21121.0,2474.0,0.0,0.0,0.7382847515687028,0
2019-05-26,232293.0,24,12399.0,7300.0,9678.875,12399.0,232296.0,0.0,0.0,0,160476.5,41242.5,3577.0,861.0,139.0,0.0,22803.0,3468.5,0.0,0.0,0.7806173884990725,0
2019-05-27,253480.5,24,12353.0,8914.0,10561.6875,12353.0,253484.5,0.0,0.0,0,161111.5,60969.5,4444.0,865.5,177.0,0.0,22715.0,3460.0,0.0,0.0,0.854989678620578,0
2019-05-28,242127.5,24,12548.0,7851.0,10088.645833333334,12548.0,242133.5,0.0,0.0,0,156447.5,52162.5,6354.5,843.0,179.0,0.0,22592.0,3695.0,0.0,0.0,0.8040042901923282,0
2019-05-29,259871.0,24,12893.0,8842.0,10827.958333333334,12893.0,259876.0,0.0,0.0,0,164056.5,62367.0,6381.0,794.0,155.0,0.0,22582.5,3823.0,0.0,0.0,0.8398323379611676,0
2019-05-30,255684.5,24,12581.0,8599.0,10653.520833333334,12581.0,256407.0,0.0,0.0,0,157744.0,64277.5,6175.0,839.5,174.0,0.0,22767.0,3825.0,0.0,0.0,0.8467944387038656,0
2019-05-31,223466.5,24,11232.5,7327.0,9311.104166666666,11232.5,223469.5,0.0,0.0,0,152023.0,38587.0,6021.0,826.0,158.0,0.0,22727.0,3327.0,0.0,0.0,0.8289431708583722,0
2019-06-01,226940.0,24,11887.0,6281.0,9455.833333333334,11887.0,226946.0,0.0,0.0,0,153865.5,40333.5,5486.0,818.0,154.0,0.0,22474.5,3444.0,0.0,0.0,0.7954768514623819,0
2019-06-02,207274.0,24,11521.0,6809.0,8636.416666666666,11521.0,207278.0,0.0,0.0,0,148100.5,30800.5,5295.0,799.5,162.0,0.0,19318.0,3431.0,0.0,0.0,0.7496238752423111,0
2019-06-03,193998.5,24,10033.0,6549.0,8083.270833333333,10033.0,194002.5,0.0,0.0,0,142691.0,19854.0,5182.5,815.5,110.0,0.0,22629.0,3011.0,0.0,0.0,0.8056683776869663,0
2019-06-04,173103.5,24,9498.5,5529.0,7212.645833333333,9498.5,173110.5,0.0,0.0,0,132923.5,16310.5,5181.0,832.0,141.0,0.0,14838.5,2859.0,0.0,0.0,0.7593457738941236,0
2019-06-05,157445.5,24,8481.5,5246.0,6560.229166666667,8481.5,157450.5,0.0,0.0,0,125047.0,9344.5,5158.0,898.5,80.0,0.0,14525.0,2851.0,0.0,0.0,0.7734751124997544,0
2019-06-06,161570.5,24,9041.0,5349.0,6732.104166666667,9041.0,161576.5,0.0,0.0,0,127244.0,10830.0,5574.0,896.0,64.0,0.0,14520.0,2843.0,0.0,0.0,0.7446194189433323,0
2019-06-07,170953.5,24,8919.0,5886.0,7123.0625,8919.0,171225.0,0.0,0.0,0,132684.0,11521.0,4784.0,917.0,68.0,0.0,18602.5,2932.0,0.0,0.0,0.7986391411593228,0
2019-06-08,181404.0,24,9640.0,6018.0,7558.5,9640.0,181411.0,0.0,0.0,0,136565.5,17902.0,4708.0,947.0,116.0,0.0,18709.0,2942.0,0.0,0.0,0.7840767634854772,0
2019-06-09,197028.5,24,10187.0,6641.0,8209.520833333334,10187.0,197034.5,0.0,0.0,0,141587.5,23446.0,5350.0,950.0,40.0,0.0,22981.0,3044.0,0.0,0.0,0.8058820882824516,0
2019-06-10,215863.0,24,11132.0,7145.0,8994.291666666666,11132.0,215868.0,0.0,0.0,0,153039.0,36867.0,4777.5,942.0,180.0,0.0,16932.0,3293.5,0.0,0.0,0.8079672715295244,0
2019-06-11,229069.0,24,11482.0,7564.0,9544.541666666666,11482.0,229077.0,0.0,0.0,0,159261.5,43800.5,4777.0,911.0,197.0,0.0,16137.0,3767.0,0.0,0.0,0.8312612494919583,0
2019-06-12,248035.5,24,11870.0,8732.0,10334.8125,11870.0,248561.0,0.0,0.0,0,159282.5,62621.5,4808.0,918.0,174.5,0.0,16256.0,4020.0,0.0,0.0,0.8706665964616681,0
2019-06-13,249438.0,24,11983.0,8682.0,10393.25,11983.0,249441.0,0.0,0.0,0,161802.0,59863.5,6332.5,904.5,104.0,0.0,16617.5,4024.0,0.0,0.0,0.867332888258366,0
2019-06-14,232935.5,24,11709.5,8120.0,9705.645833333334,11709.5,232941.5,0.0,0.0,0,133809.5,72387.0,6289.5,899.0,104.0,0.0,16290.0,3252.0,0.0,0.0,0.8288693653301451,0
2019-06-15,217177.0,24,11124.0,7228.0,9049.041666666666,11124.0,217456.0,243.0,243.0,1,155819.0,34524.0,6331.0,922.5,227.0,0.0,16748.0,2963.0,0.0,0.0,0.8134701246553997,1
2019-06-16,235063.0,24,12096.0,7804.0,9794.291666666666,12096.0,235070.0,0.0,0.0,0,157703.0,44023.0,6319.5,893.0,148.0,0.0,22851.0,3332.0,0.0,0.0,0.8097132660934744,0
2019-06-17,248208.5,24,11660.5,8670.0,10342.020833333334,11660.5,248215.5,0.0,0.0,0,152467.0,61513.5,6786.5,881.5,173.0,0.0,22848.5,3829.0,0.0,0.0,0.8869277332304218,0
2019-06-18,236423.0,24,12063.0,7556.0,9850.958333333334,12063.0,236428.0,0.0,0.0,0,148861.5,53674.0,7523.5,1019.0,138.0,0.0,22622.0,2927.5,0.0,0.0,0.8166259084252121,0
2019-06-19,261068.5,24,12373.0,9067.0,10877.854166666666,12373.0,261212.5,0.0,0.0,0,164631.5,62053.5,7480.0,892.0,150.5,0.0,22656.0,3576.0,0.0,0.0,0.8791606050809558,0
2019-06-20,259595.0,24,12366.0,8883.0,10816.458333333334,12366.0,259603.0,0.0,0.0,0,159312.0,65312.0,7281.0,890.0,126.0,0.0,22640.0,3907.0,0.0,0.0,0.8746933796970188,0
2019-06-21,232653.0,24,12044.0,8128.0,9693.875,12044.0,232660.0,0.0,0.0,0,156575.0,42061.0,7275.0,868.5,85.0,0.0,22449.5,3436.0,0.0,0.0,0.8048717203586848,0
2019-06-22,238431.5,24,12182.0,8196.0,9934.645833333334,12182.0,238434.5,0.0,0.0,0,159160.0,44961.0,7272.0,1074.0,172.0,0.0,22706.0,3434.0,0.0,0.0,0.8155184561921962,0
2019-06-23,258258.5,24,12451.0,8882.0,10760.770833333334,12451.0,258264.5,0.0,0.0,0,160067.5,63163.5,7313.0,1631.0,200.0,0.0,22382.0,3830.0,0.0,0.0,0.864249524803898,0
2019-06-24,265931.5,24,12780.0,9290.0,11080.479166666666,12780.0,265933.5,0.0,0.0,0,164767.0,66288.0,7259.0,1729.0,299.0,0.0,22310.5,3832.0,0.0,0.0,0.8670171491914449,0
2019-06-25,266663.5,24,12457.0,9611.0,11110.979166666666,12457.0,266667.5,0.0,0.0,0,158748.5,75327.0,5884.5,1192.0,165.0,0.0,21769.5,3834.0,0.0,0.0,0.8919466297396377,0
2019-06-26,253058.5,24,12049.5,8977.0,10544.104166666666,12049.5,253063.5,0.0,0.0,0,149082.5,71600.5,5516.5,949.0,117.0,0.0,21495.5,3845.0,0.0,0.0,0.8750657012047526,0
2019-06-27,239697.0,24,11897.0,7413.0,9987.375,11897.0,239704.0,0.0,0.0,0,152154.5,55063.5,6010.5,953.0,110.0,0.0,22392.0,3415.0,0.0,0.0,0.8394868454232159,0
2019-06-28,219734.5,24,11296.5,7687.0,9155.604166666666,11296.5,219741.5,0.0,0.0,0,148540.0,40076.0,5995.0,941.0,182.0,0.0,22001.5,3615.0,0.0,0.0,0.8104814913173697,0
2019-06-29,236204.0,24,12234.0,7903.0,9841.833333333334,12234.0,236212.0,0.0,0.0,0,150212.0,53617.5,5839.0,893.5,164.0,0.0,22493.5,3306.0,0.0,0.0,0.8044656966922784,0
2019-06-30,254638.0,24,12035.0,8642.0,10609.916666666666,12035.0,254645.0,0.0,0.0,0,151975.5,71704.0,4772.5,845.5,139.0,0.0,22329.5,3070.0,0.0,0.0,0.8815884226561418,0
2019-07-01,248060.5,24,11750.5,8991.0,10335.854166666666,11750.5,248066.5,0.0,0.0,0,150524.0,69241.5,4736.0,869.5,56.0,0.0,20349.5,2821.0,0.0,0.0,0.8796097329191666,0
2019-07-02,239639.0,24,12131.0,8146.0,9984.958333333334,12131.0,239646.0,0.0,0.0,0,156083.5,53122.5,4776.0,866.0,38.0,0.0,22343.5,2641.0,0.0,0.0,0.8230944137608881,0
2019-07-03,243217.5,24,12029.0,8380.0,10134.0625,12029.0,243223.5,0.0,0.0,0,156857.0,55898.5,4781.0,875.5,72.0,0.0,22304.0,2654.0,0.0,0.0,0.8424692410009145,0
2019-07-04,253282.0,24,12200.0,8879.0,10553.416666666666,12200.0,253292.0,0.0,0.0,0,156929.5,66076.0,4776.0,1028.5,62.0,0.0,22170.5,2547.0,0.0,0.0,0.8650341530054644,0
2019-07-05,234777.5,24,11892.5,8041.0,9782.395833333334,11892.5,234783.5,0.0,0.0,0,151861.5,52408.5,4697.0,931.5,89.0,0.0,22538.0,2638.0,0.0,0.0,0.822568495550417,0
2019-07-06,230611.0,24,11395.0,8082.0,9608.791666666666,11395.0,230545.0,0.0,0.0,0,148474.0,52926.0,4774.0,1303.5,8.5,0.0,20813.0,2634.0,0.0,0.0,0.8432463068597338,0
2019-07-07,229104.0,24,11543.0,7608.0,9546.0,11543.0,229138.0,0.0,0.0,0,145105.0,53852.5,4775.0,1793.5,156.5,0.0,20437.5,3007.0,0.0,0.0,0.8269947154119379,0
2019-07-08,228498.0,24,11444.0,8099.0,9520.75,11444.0,228505.0,0.0,0.0,0,144457.0,51848.0,4776.0,1771.5,39.0,0.0,22651.5,3264.0,0.0,0.0,0.8319425026214611,0
2019-07-09,228719.0,24,11462.0,7835.0,9529.958333333334,11462.0,228189.5,0.0,0.0,0,132454.0,63687.5,4775.0,2299.0,29.0,0.0,22637.0,3136.0,0.0,0.0,0.831439393939394,0
2019-07-10,229828.0,24,10935.0,8135.0,9576.166666666666,10935.0,229833.0,0.0,0.0,0,127079.5,69463.5,4784.5,2720.5,77.0,0.0,22638.5,3333.0,0.0,0.0,0.875735406188081,0
2019-07-11,218298.0,24,10662.0,7909.0,9095.75,10662.0,218301.0,0.0,0.0,0,130174.0,55060.0,4808.5,2918.0,30.0,0.0,21283.5,3045.0,0.0,0.0,0.8530997936597261,0
2019-07-12,193844.0,24,9880.0,6739.0,8076.833333333333,9880.0,193851.0,0.0,0.0,0,133384.0,30321.0,5150.5,3140.5,108.0,0.0,19241.0,2837.0,0.0,0.0,0.8174932523616734,0
2019-07-13,205857.5,24,9808.0,7506.0,8577.395833333334,9808.0,206050.0,0.0,0.0,0,142904.5,31784.0,5298.5,3373.5,37.0,0.0,19573.0,2892.0,0.0,0.0,0.8745305702827625,0
2019-07-14,200037.0,24,10815.0,6202.0,8334.875,10815.0,200042.0,0.0,0.0,0,136132.5,31031.0,5601.0,4181.5,43.0,0.0,20725.0,2563.0,0.0,0.0,0.7706773000462321,0
2019-07-15,203640.5,24,10637.0,6919.0,8485.020833333334,10637.0,203643.5,0.0,0.0,0,135854.5,32448.5,4781.0,4864.0,334.0,0.0,22431.5,2757.0,0.0,0.0,0.7976892764250573,0
2019-07-16,225020.5,24,11654.0,7615.0,9375.854166666666,11654.0,225023.5,0.0,0.0,0,149872.0,41710.0,4764.0,4499.0,180.0,0.0,20702.5,3257.0,0.0,0.0,0.8045181196727875,0
2019-07-17,245555.5,24,12193.0,8514.0,10231.479166666666,12193.0,245559.5,0.0,0.0,0,153439.0,58712.0,5170.5,3910.0,165.0,0.0,21400.0,3492.0,0.0,0.0,0.8391272998168348,0
2019-07-18,254661.0,24,12186.0,9216.0,10610.875,12186.0,255667.0,900.0,900.0,1,154315.5,69520.0,4943.5,3837.5,163.0,0.0,18608.5,3579.0,0.0,0.0,0.8707430658132282,1
2019-07-19,232788.0,24,11618.0,8052.0,9699.5,11618.0,232796.0,0.0,0.0,0,145415.5,51377.5,6892.0,3868.0,147.0,0.0,22020.0,3383.0,0.0,0.0,0.8348683077982441,0
2019-07-20,247338.5,24,12162.0,8787.0,10305.770833333334,12162.0,246523.0,0.0,0.0,0,152626.0,57285.5,7579.5,3981.0,201.0,0.0,21980.5,3814.0,0.0,0.0,0.8473746779586692,0
2019-07-21,259409.5,24,12436.0,9381.0,10808.729166666666,12436.0,259411.5,0.0,0.0,0,157657.5,64637.0,7111.5,4032.0,167.0,0.0,22050.0,3895.0,0.0,0.0,0.8691483730031092,0
2019-07-22,259527.5,24,12270.0,9189.0,10813.645833333334,12270.0,259493.0,0.0,0.0,0,156598.5,65353.5,7455.0,4047.0,139.0,0.0,22275.0,3945.0,0.0,0.0,0.8813077288780223,0
2019-07-23,251174.0,24,11828.0,9057.0,10465.583333333334,11828.0,251183.0,0.0,0.0,0,151089.5,61215.0,7799.5,4103.0,126.0,0.0,22638.5,3791.0,0.0,0.0,0.8848142824935182,0
2019-07-24,240358.0,24,11559.0,8662.0,10014.916666666666,11559.0,240362.0,0.0,0.0,0,151687.5,49304.0,7973.0,5164.5,118.0,0.0,22705.0,3718.0,0.0,0.0,0.8664172217896589,0
2019-07-25,240768.5,24,12033.0,8421.0,10032.020833333334,12033.0,240771.5,0.0,0.0,0,156404.0,45109.5,7747.5,5281.0,111.0,0.0,22720.5,3721.0,0.0,0.0,0.8337090362613924,0
2019-07-26,218366.0,24,11248.0,7505.0,9098.583333333334,11248.0,218376.0,0.0,0.0,0,148012.5,31509.0,7893.0,5321.0,126.0,0.0,22577.5,3179.0,0.0,0.0,0.8089067686107161,0
2019-07-27,222164.0,24,11508.0,7594.0,9256.833333333334,11508.0,222168.0,0.0,0.0,0,149792.5,36608.5,7805.0,5041.0,139.0,0.0,19756.5,3238.0,0.0,0.0,0.8043824585795389,0
2019-07-28,230326.5,24,11578.0,8059.0,9596.9375,11578.0,229883.5,0.0,0.0,0,155713.5,38878.0,7665.0,4379.0,151.0,0.0,20494.0,3371.0,0.0,0.0,0.8288942390741061,0
2019-07-29,238126.0,24,11791.0,8382.0,9921.916666666666,11791.0,238133.0,0.0,0.0,0,159307.5,40903.0,7668.0,4507.0,367.0,0.0,22222.5,3363.0,0.0,0.0,0.8414822039408588,0
2019-07-30,237211.5,24,11663.0,8421.0,9883.8125,11663.0,237215.5,0.0,0.0,0,159904.5,39067.0,7548.5,5095.0,136.0,0.0,22381.5,3333.0,0.0,0.0,0.8474502700848838,0
2019-07-31,239367.5,24,11862.0,8557.0,9973.645833333334,11862.0,239375.5,0.0,0.0,0,158484.0,42661.0,7283.5,5192.0,147.0,0.0,22520.5,3330.0,0.0,0.0,0.8408064266846513,0
2019-08-01,243783.5,24,12016.0,8651.0,10157.645833333334,12016.0,243788.5,0.0,0.0,0,155618.5,51157.5,5756.5,5244.0,184.0,0.0,21647.5,3549.0,0.0,0.0,0.8453433616289392,0
2019-08-02,225754.5,24,11466.0,8155.0,9406.4375,11466.0,225759.5,0.0,0.0,0,151638.5,37642.5,5360.0,4978.4,136.0,0.0,22608.5,3337.0,0.0,0.0,0.8203765480551195,0
2019-08-03,238368.0,24,12044.0,8388.0,9932.0,12044.0,238374.0,0.0,0.0,0,157152.5,45361.5,5574.0,4604.5,95.0,0.0,22576.5,3394.0,0.0,0.0,0.8246429757555629,0
2019-08-04,256473.0,24,12655.0,9121.0,10686.375,12655.0,256477.0,0.0,0.0,0,159176.5,60775.5,5285.0,5106.0,199.0,0.0,22380.0,3808.0,0.0,0.0,0.8444389569340182,0
2019-08-05,264185.0,24,12629.0,9440.0,11007.708333333334,12629.0,264190.0,0.0,0.0,0,154358.0,73759.5,5322.0,4948.0,232.0,0.0,22334.0,3509.0,0.0,0.0,0.8716215324517645,0
2019-08-06,259585.5,24,12141.0,9591.0,10816.0625,12141.0,259630.5,0.0,0.0,0,153170.0,72700.5,4629.0,4520.5,164.0,0.0,21464.0,3581.0,0.0,0.0,0.8908708096532411,0
2019-08-07,226533.0,24,11703.0,7841.0,9438.875,11703.0,226537.0,0.0,0.0,0,147973.5,42368.5,5561.0,5042.5,126.0,0.0,22457.5,3244.0,0.0,0.0,0.8065346492352389,0
2019-08-08,216673.5,24,10781.0,7546.0,9028.0625,10781.0,216681.5,0.0,0.0,0,151263.5,28184.5,6570.5,5117.5,919.0,0.0,22394.5,3216.0,0.0,0.0,0.8374049253316019,0
2019-08-09,217762.5,24,11235.0,7384.0,9073.4375,11235.0,216651.0,0.0,0.0,0,152008.5,31624.5,8252.0,5088.0,92.5,0.0,17286.0,3202.0,0.0,0.0,0.8076045838896306,0
2019-08-10,222592.0,24,11049.0,7818.0,9274.666666666666,11049.0,222598.0,0.0,0.0,0,158196.5,29752.5,8231.0,5104.0,145.0,0.0,18109.5,3402.0,0.0,0.0,0.8394123148399553,0
2019-08-11,216222.0,24,10796.0,7602.0,9009.25,10796.0,217026.0,0.0,0.0,0,156595.0,27716.0,8091.5,5109.5,191.0,0.0,15644.0,3506.0,0.0,0.0,0.8344988884772138,0
2019-08-12,196738.0,24,10152.5,6673.0,8197.416666666666,10152.5,197064.5,0.0,0.0,0,147628.5,19030.5,6529.5,5052.0,181.0,0.0,15444.5,2947.0,0.0,0.0,0.8074283838135106,0
2019-08-13,186061.5,24,9415.0,6491.0,7752.5625,9415.0,186072.0,0.0,0.0,0,139933.5,16629.5,5615.5,5090.0,98.0,0.0,15331.0,3256.0,0.0,0.0,0.823426712692512,0
2019-08-14,183276.5,24,9666.0,6275.0,7636.520833333333,9666.0,183280.5,0.0,0.0,0,135523.5,16729.0,5831.5,5080.5,149.0,0.0,17035.0,3007.0,0.0,0.0,0.7900393992689151,0
2019-08-15,183258.5,24,9552.0,6277.0,7635.770833333333,9552.0,183177.0,0.0,0.0,0,136757.0,15672.5,5467.5,5076.5,186.5,0.0,17361.5,2949.0,0.0,0.0,0.7993897438581797,0
2019-08-16,189872.0,24,9808.0,6673.0,7911.333333333333,9808.0,189876.0,0.0,0.0,0,140224.0,18879.5,5567.5,5075.0,74.0,0.0,17621.5,2871.0,0.0,0.0,0.8066204458945079,0
2019-08-17,203821.0,24,10792.0,6767.0,8492.541666666666,10792.0,203827.0,0.0,0.0,0,148821.0,21170.5,7525.0,5080.0,187.0,0.0,18124.5,3319.0,0.0,0.0,0.7869293612552507,0
2019-08-18,221597.5,24,11188.0,7667.0,9233.229166666666,11188.0,221605.5,0.0,0.0,0,153724.0,29332.0,8457.5,5052.0,183.0,0.0,21661.0,3467.0,0.0,0.0,0.8252796895483255,0
2019-08-19,235451.5,24,11757.0,8108.0,9810.479166666666,11757.0,235456.5,0.0,0.0,0,158915.0,36551.5,8815.0,5027.0,191.0,0.0,22584.0,3635.0,0.0,0.0,0.8344372855887272,0
2019-08-20,247363.5,24,12142.0,8713.0,10306.8125,12142.0,247367.5,0.0,0.0,0,159861.0,47445.0,8768.5,5060.5,181.0,0.0,22548.0,3801.0,0.0,0.0,0.8488562427936089,0
2019-08-21,257981.0,24,12450.0,9267.0,10749.208333333334,12450.0,257985.0,0.0,0.0,0,162101.5,55768.0,8749.5,5117.0,157.0,0.0,22511.5,3911.0,0.0,0.0,0.8633902275769746,0
2019-08-22,258462.0,24,12041.0,9361.0,10769.25,12041.0,258468.0,0.0,0.0,0,165691.5,52832.5,8626.0,5056.0,192.0,0.0,22261.0,3926.0,0.0,0.0,0.8943816958724359,0
2019-08-23,231553.0,24,11577.0,8119.0,9648.041666666666,11577.0,231556.0,0.0,0.0,0,157227.5,35581.0,8744.0,5108.0,154.0,0.0,21255.0,3620.0,0.0,0.0,0.8333801215052834,0
2019-08-24,235186.0,24,11814.0,8149.0,9799.416666666666,11814.0,235191.0,1.0,1.0,1,162939.5,33571.5,8881.0,4879.0,303.0,0.0,21697.5,3115.0,0.0,0.0,0.8294749167654195,1
2019-08-25,245997.0,24,12187.0,8495.0,10249.875,12187.0,246002.0,0.0,0.0,0,160751.0,45675.0,8333.5,5050.0,221.0,0.0,22073.5,3614.0,0.0,0.0,0.8410498892262247,0
2019-08-26,254650.5,24,12461.0,8912.0,10610.4375,12461.0,254656.5,0.0,0.0,0,163423.5,53201.5,8021.0,4811.5,229.0,0.0,22140.5,3343.0,0.0,0.0,0.8514916539603563,0
2019-08-27,260703.5,24,12539.0,9110.0,10862.645833333334,12539.0,260595.5,0.0,0.0,0,159868.5,62290.5,8162.0,4828.0,197.0,0.0,22127.5,3542.0,0.0,0.0,0.8663087832628865,0
2019-08-28,262480.0,24,12693.0,9294.0,10936.666666666666,12693.0,262485.0,0.0,0.0,0,155988.0,67472.5,8141.5,5067.0,183.0,0.0,22124.0,3808.0,0.0,0.0,0.86162976968933,0
2019-08-29,261578.5,24,12526.0,9335.0,10899.104166666666,12526.0,261584.5,0.0,0.0,0,160466.0,63516.5,6632.5,5082.0,226.0,0.0,22072.5,3883.0,0.0,0.0,0.8701184868806215,0
2019-08-30,249316.0,24,12272.0,8752.0,10388.166666666666,12272.0,249319.0,0.0,0.0,0,161292.0,51535.5,5823.5,5066.0,174.0,0.0,21881.0,3805.0,0.0,0.0,0.8464933724467623,0
2019-08-31,256506.0,24,12443.0,9167.0,10687.75,12443.0,256513.0,0.0,0.0,0,163287.5,54562.5,7881.5,5029.5,154.0,0.0,22054.0,3789.0,0.0,0.0,0.8589367515872378,0
2019-09-01,263774.5,24,12717.0,9010.0,10990.604166666666,12717.0,263780.5,0.0,0.0,0,165416.5,59751.0,7899.0,5020.0,127.0,0.0,22174.0,3677.0,0.0,0.0,0.8642450394485072,0
2019-09-02,254285.5,24,12560.0,8849.0,10595.229166666666,12560.0,254294.5,0.0,0.0,0,161873.0,53907.0,7803.5,5022.0,182.0,0.0,22154.5,3637.0,0.0,0.0,0.8435692011677282,0
2019-09-03,256849.0,24,12472.0,8838.0,10702.041666666666,12472.0,256850.0,0.0,0.0,0,156152.5,61865.0,8059.5,5011.5,180.0,0.0,22197.0,3775.0,0.0,0.0,0.8580854447295274,0
2019-09-05,244926.0,23,12344.0,8992.0,10648.95652173913,12344.0,244928.0,0.0,0.0,0,151859.0,56508.0,7707.0,4071.0,197.0,0.0,21152.0,3664.0,0.0,0.0,0.8626828031220941,0
2019-09-06,235729.5,24,11881.5,8091.0,9822.0625,11881.5,235733.5,0.0,0.0,0,153333.5,44330.5,7927.5,4574.5,170.0,0.0,22092.0,3540.0,0.0,0.0,0.826668560366957,0
2019-09-07,242010.0,24,12103.0,8652.0,10083.75,12103.0,242015.0,0.0,0.0,0,159926.0,43689.0,7910.0,5077.0,93.0,0.0,22028.5,3533.0,0.0,0.0,0.8331611997025531,0
2019-09-08,247518.5,24,11961.0,8877.0,10313.270833333334,11961.0,247521.5,0.0,0.0,0,156357.5,52917.0,8015.0,5066.0,110.0,0.0,21986.0,3397.0,0.0,0.0,0.8622415210545384,0
2019-09-09,243816.0,24,11852.0,8730.0,10159.0,11852.0,243824.0,0.0,0.0,0,161796.0,43628.5,8086.0,5003.5,126.0,0.0,21960.5,3478.0,0.0,0.0,0.8571549105636179,0
2019-09-10,238725.5,24,11854.0,8369.0,9946.895833333334,11854.0,238731.5,0.0,0.0,0,159104.0,40948.5,8148.5,5086.0,79.0,0.0,22067.0,3578.0,0.0,0.0,0.839117245936674,0
2019-09-11,250181.5,24,12321.0,8887.0,10424.229166666666,12321.0,250185.5,0.0,0.0,0,161739.0,49665.5,8189.0,5073.5,93.0,0.0,22095.5,3627.0,0.0,0.0,0.8460538240943646,0
2019-09-12,236088.0,24,11467.0,8450.0,9837.0,11467.0,236006.0,0.0,0.0,0,158542.5,39069.5,8292.0,5045.5,62.0,0.0,22039.5,3322.0,0.0,0.0,0.8578529693904247,0
2019-09-13,208997.0,24,10597.0,7196.0,8708.208333333334,10597.0,209001.0,0.0,0.0,0,149179.0,24253.5,6828.5,5027.5,119.0,0.0,21007.0,2960.0,0.0,0.0,0.8217616621056274,0
2019-09-14,229996.0,24,12038.0,7764.0,9583.166666666666,12038.0,230003.0,0.0,0.0,0,153604.5,41735.0,8199.0,4920.0,95.0,0.0,18930.0,3398.0,0.0,0.0,0.7960763138948883,0
2019-09-15,250385.0,24,12324.0,8737.0,10432.708333333334,12324.0,250391.0,0.0,0.0,0,150754.5,60829.0,8169.5,5067.0,138.0,0.0,22056.0,3675.0,0.0,0.0,0.8465358920263985,0
2019-09-16,249350.5,24,12119.0,8812.0,10389.604166666666,12119.0,249356.5,0.0,0.0,0,151079.5,60695.5,7958.5,4084.5,200.0,0.0,21734.5,3912.0,0.0,0.0,0.8572988007811425,0
2019-09-17,251358.5,24,12442.0,8841.0,10473.270833333334,12442.0,251364.5,0.0,0.0,0,150906.0,63076.0,7413.0,4196.5,211.0,0.0,21784.0,3973.0,0.0,0.0,0.841767467716873,0
2019-09-18,255007.0,24,12329.0,9035.0,10625.291666666666,12329.0,254848.5,0.0,0.0,0,148098.0,69273.5,7996.5,3894.0,221.0,0.0,21970.5,3824.0,0.0,0.0,0.8618129342742044,0
2019-09-19,257074.5,24,12395.0,9004.0,10711.4375,12395.0,257080.5,0.0,0.0,0,158248.5,61168.5,8067.0,4237.0,198.0,0.0,21850.0,3849.0,0.0,0.0,0.8641740621218233,0
2019-09-20,239455.5,24,11916.5,8239.0,9977.3125,11916.5,239458.5,0.0,0.0,0,151569.0,50091.0,8102.5,4226.5,103.0,0.0,21952.0,3687.0,0.0,0.0,0.8372687030587841,0
2019-09-21,242214.5,24,11991.0,8921.0,10092.270833333334,11991.0,242219.5,0.0,0.0,0,154518.0,51417.5,6355.5,4353.0,149.0,0.0,22164.0,3585.0,0.0,0.0,0.8416538098017958,0
2019-09-22,242346.0,24,11378.0,8771.0,10097.75,11378.0,242225.0,0.0,0.0,0,158712.5,47278.0,6355.0,4241.0,154.0,0.0,22438.5,3686.0,0.0,0.0,0.8874802249956055,0
2019-09-23,233102.5,24,11621.0,7991.0,9712.604166666666,11621.0,233108.5,0.0,0.0,0,155040.0,42118.0,6379.0,4276.5,161.0,0.0,21639.0,3499.0,0.0,0.0,0.8357804118980007,0
2019-09-24,220996.0,24,10641.0,8094.0,9208.166666666666,10641.0,220868.0,0.0,0.0,0,153379.0,31916.5,6390.0,3987.5,161.5,0.0,21941.5,3391.0,0.0,0.0,0.8653478683081164,0
2019-09-25,208937.5,24,10279.0,7571.0,8705.729166666666,10279.0,208942.5,0.0,0.0,0,147408.5,25413.0,6913.0,4151.0,104.0,0.0,21921.0,3127.0,0.0,0.0,0.8469432013490287,0
2019-09-26,213564.5,24,11219.0,7344.0,8898.520833333334,11219.0,213568.5,0.0,0.0,0,150267.5,26099.5,8268.5,3860.5,125.0,0.0,22140.0,3201.0,0.0,0.0,0.7931652405146032,0
2019-09-27,203078.0,24,10379.0,6957.0,8461.583333333334,10379.0,203083.0,0.0,0.0,0,147325.5,26670.0,8975.0,4592.0,101.0,0.0,13007.0,3149.0,0.0,0.0,0.8152599800879983,0
2019-09-28,207141.5,24,10687.0,7540.0,8630.895833333334,10687.0,207144.5,0.0,0.0,0,139847.0,28824.5,8338.5,4926.0,24.0,0.0,22156.5,3263.0,0.0,0.0,0.8076069835625839,0
2019-09-29,204546.5,24,9979.0,7486.0,8522.770833333334,9979.0,204551.5,0.0,0.0,0,144998.5,22567.0,8334.0,4909.0,96.0,0.0,20794.0,3209.0,0.0,0.0,0.854070631659819,0
2019-09-30,201706.0,24,10357.0,7015.0,8404.416666666666,10357.0,201712.0,0.0,0.0,0,148847.5,17988.5,8340.5,4971.5,117.0,0.0,19345.5,3150.0,0.0,0.0,0.8114721122590196,0
2019-10-01,199995.0,24,10478.0,6952.0,8333.125,10478.0,200002.0,0.0,0.0,0,149095.5,16334.5,8175.5,5002.0,86.0,0.0,18672.0,2942.0,0.0,0.0,0.7952972895590762,0
2019-10-02,212113.0,24,11257.0,7187.0,8838.041666666666,11257.0,212119.0,0.0,0.0,0,147327.0,29489.5,7948.5,4952.5,155.0,0.0,19418.5,3160.0,0.0,0.0,0.7851151875869828,0
2019-10-03,220958.5,24,11122.0,7597.0,9206.604166666666,11122.0,220966.5,0.0,0.0,0,148455.5,35482.0,8352.5,4996.5,177.0,0.0,20002.5,3328.0,0.0,0.0,0.8277831475154348,0
2019-10-04,209668.5,24,10722.0,7221.0,8736.1875,10722.0,209671.5,0.0,0.0,0,152385.5,26514.0,8232.0,5027.0,207.0,0.0,13745.0,3178.0,0.0,0.0,0.8147908505875769,0
2019-10-05,226934.5,24,11550.0,7730.0,9455.604166666666,11550.0,226939.5,0.0,0.0,0,144907.0,45436.5,8317.0,4163.0,66.0,0.0,21671.5,2961.0,0.0,0.0,0.8186670274170273,0
2019-10-06,229080.0,24,11301.0,7992.0,9545.0,11301.0,229088.0,0.0,0.0,0,148706.5,43583.0,8387.5,3297.0,114.0,0.0,21971.0,3152.0,0.0,0.0,0.844615520750376,0
2019-10-07,225633.0,24,10945.0,7662.0,9401.375,10945.0,225637.0,0.0,0.0,0,148468.0,41222.0,7735.5,3265.0,209.0,0.0,22115.0,2856.0,0.0,0.0,0.8589652809502055,0
2019-10-08,208965.0,24,10450.0,7253.0,8706.875,10450.0,208972.0,0.0,0.0,0,146239.5,28268.5,6690.0,3175.0,185.0,0.0,22157.5,2511.0,0.0,0.0,0.8331937799043062,0
2019-10-09,208815.5,24,10284.0,7507.0,8700.645833333334,10284.0,208638.5,0.0,0.0,0,148910.0,25565.0,6720.0,3009.0,191.0,0.0,22247.5,2462.0,0.0,0.0,0.8460371288733308,0
2019-10-10,200183.5,24,9962.0,6980.0,8340.979166666666,9962.0,200188.5,0.0,0.0,0,149704.5,17251.5,6780.0,2994.0,57.0,0.0,20854.0,2882.0,0.0,0.0,0.8372795790671217,0
2019-10-11,190417.0,24,9909.0,6574.0,7934.041666666667,9909.0,190434.5,0.0,0.0,0,146092.5,14461.5,7676.5,2913.0,131.0,0.0,16384.0,2852.0,0.0,0.0,0.8006904497594779,0
2019-10-12,210422.0,24,11296.0,6835.0,8767.583333333334,11296.0,210429.0,0.0,0.0,0,149417.5,29214.5,6719.0,2199.0,201.0,0.0,20742.0,3013.0,0.0,0.0,0.7761670797922569,0
2019-10-13,218194.5,24,11219.0,7508.0,9091.4375,11219.0,218199.5,0.0,0.0,0,150268.5,33810.5,6719.5,2344.0,210.0,0.0,22105.5,3258.0,0.0,0.0,0.8103607719048044,0
2019-10-14,219189.5,24,11326.0,7340.0,9132.895833333334,11326.0,219192.5,0.0,0.0,0,153577.0,31728.5,6720.5,2165.0,223.0,0.0,21769.5,3255.0,0.0,0.0,0.8063655159220673,0
2019-10-15,225910.0,24,11676.0,7726.0,9412.916666666666,11676.0,225919.0,0.0,0.0,0,155399.0,36344.0,6720.0,2192.0,150.0,0.0,22173.5,3400.0,0.0,0.0,0.8061764873815233,0
2019-10-16,225130.5,24,11252.0,8159.0,9380.4375,11252.0,226135.5,900.0,900.0,1,155145.0,37105.0,5295.0,2586.5,174.0,0.0,22176.0,3388.0,0.0,0.0,0.8336684589406328,1
2019-10-17,229330.0,24,11952.0,7876.0,9555.416666666666,11952.0,229335.0,0.0,0.0,0,157642.0,36987.0,6629.0,3218.5,226.0,0.0,22053.0,3443.0,0.0,0.0,0.7994826528335564,0
2019-10-18,213691.5,24,10691.0,7265.0,8903.8125,10691.0,213751.0,0.0,0.0,0,156883.5,30458.0,6721.0,2687.5,178.0,0.0,13607.5,3233.0,0.0,0.0,0.8328325226826303,0
2019-10-19,224552.0,24,11707.0,7642.0,9356.333333333334,11707.0,224554.0,0.0,0.0,0,158362.0,31448.5,6716.0,2085.5,190.0,0.0,22492.5,3506.0,0.0,0.0,0.799208450784431,0
2019-10-20,234548.0,24,11824.0,8198.0,9772.833333333334,11824.0,234554.0,0.0,0.0,0,156729.5,42796.5,6706.0,2042.0,205.0,0.0,22794.5,3656.0,0.0,0.0,0.8265251465944972,0
2019-10-21,230933.5,24,11707.0,8102.0,9622.229166666666,11707.0,226937.5,0.0,0.0,0,155339.0,40041.0,7389.5,1855.0,201.0,0.0,22596.0,3611.0,0.0,0.0,0.8219210016799066,0
2019-10-22,226727.5,24,11537.0,7768.0,9446.979166666666,11537.0,226731.5,0.0,0.0,0,153395.5,37068.5,8026.5,1962.5,193.0,0.0,22555.0,3501.0,0.0,0.0,0.818841914420271,0
2019-10-23,221672.0,24,11046.0,7843.0,9236.333333333334,11046.0,221673.0,0.0,0.0,0,148692.5,37024.0,8127.5,1914.0,173.0,0.0,22494.5,3575.0,0.0,0.0,0.8361699559418191,0
2019-10-24,189502.5,24,9292.5,6899.0,7895.9375,9292.5,189506.5,0.0,0.0,0,140509.5,15085.0,8345.0,1920.0,141.0,0.0,20700.5,2894.0,0.0,0.0,0.8497107882701103,0
2019-10-25,151850.0,24,7696.0,5558.0,6327.083333333333,7696.0,151854.0,0.0,0.0,0,120576.5,2354.5,7168.5,1826.0,161.0,0.0,17669.5,2437.0,0.0,0.0,0.8221262127512127,0
2019-10-26,167721.5,24,9282.0,5208.0,6988.395833333333,9282.0,167725.5,0.0,0.0,0,130367.0,11335.5,7928.5,1947.5,173.0,0.0,13948.0,2761.0,0.0,0.0,0.7528976334123393,0
2019-10-27,180907.0,24,9660.0,6192.0,7537.791666666667,9660.0,180913.0,0.0,0.0,0,132172.0,14910.0,8489.0,2218.0,188.0,0.0,20178.5,3002.0,0.0,0.0,0.7803096963423051,0
2019-10-28,184563.5,24,9849.0,6312.0,7690.145833333333,9849.0,184568.5,0.0,0.0,0,133645.0,17217.0,8546.5,2179.5,175.0,0.0,20382.5,2910.0,0.0,0.0,0.780804734829255,0
2019-10-29,189001.0,24,10099.0,6427.0,7875.041666666667,10099.0,189005.0,0.0,0.0,0,136679.5,17746.5,8605.0,2191.0,186.0,0.0,21245.0,3064.0,0.0,0.0,0.7797843020761132,0
2019-10-30,192507.5,24,10244.0,6567.0,8021.145833333333,10244.0,192513.5,0.0,0.0,0,140504.5,17586.0,8524.0,2125.5,207.0,0.0,20910.0,3053.0,0.0,0.0,0.7830091598333984,0
2019-10-31,192889.0,24,10115.0,6541.0,8037.041666666667,10115.0,192894.0,0.0,0.0,0,143834.5,19095.0,8457.0,2044.5,320.0,0.0,16970.0,2987.0,0.0,0.0,0.7945666501894876,0
2019-11-01,173354.5,24,9069.0,5950.0,7223.104166666667,9069.0,173360.5,0.0,0.0,0,136618.5,9206.0,8586.5,2178.5,181.0,0.0,14601.5,2666.0,0.0,0.0,0.7964609291726394,0
2019-11-02,190305.5,24,10109.0,6419.0,7929.395833333333,10109.0,190311.5,0.0,0.0,0,141844.5,17517.5,8576.0,2114.0,286.0,0.0,17216.5,2859.0,0.0,0.0,0.7843897352194414,0
2019-11-03,194666.5,24,10255.0,6666.0,8111.104166666667,10255.0,194672.5,0.0,0.0,0,143139.5,21161.5,8584.5,2559.0,210.0,0.0,16422.0,2928.0,0.0,0.0,0.7909414106939705,0
2019-11-04,196596.0,24,10249.0,6783.0,8191.5,10249.0,196415.0,0.0,0.0,0,146418.0,21393.0,8582.5,2080.5,209.5,0.0,15901.5,2946.0,0.0,0.0,0.7992487071909454,0
2019-11-06,184825.0,23,9976.0,6791.0,8035.869565217391,9976.0,184868.0,32.0,32.0,1,136884.0,21175.0,6459.0,2021.0,171.0,0.0,15665.0,2742.0,0.0,0.0,0.8055202050137722,1
2019-11-07,188267.5,24,9683.0,6459.0,7844.479166666667,9683.0,188272.0,0.0,0.0,0,135935.5,20190.0,6961.0,1843.5,162.0,0.0,20664.5,2862.0,0.0,0.0,0.8101290061620021,0
2019-11-09,163786.5,24,8469.0,5414.0,6824.4375,8469.0,163992.0,180.0,180.0,1,136816.0,8103.0,3656.0,1806.5,43.5,0.0,10942.5,2583.0,0.0,0.0,0.805813850513638,1
2019-11-10,138610.5,24,7046.0,4894.0,5775.4375,7046.0,138615.5,0.0,0.0,0,118625.0,1555.0,3735.0,2107.5,83.0,0.0,10749.0,1866.0,0.0,0.0,0.8196760573374965,0
2019-11-11,159547.0,24,8837.0,4949.0,6647.791666666667,8837.0,159550.0,0.0,0.0,0,126332.5,11817.0,4663.0,1803.5,158.0,0.0,13135.0,2118.0,0.0,0.0,0.7522679265210668,0
2019-11-12,171153.5,24,8998.0,5848.0,7131.395833333333,8998.0,171157.5,0.0,0.0,0,131735.0,12248.5,5822.5,1718.0,196.0,0.0,17108.0,2473.0,0.0,0.0,0.7925534378009927,0
2019-11-13,175110.0,24,9123.0,5992.0,7296.25,9123.0,175116.0,0.0,0.0,0,132845.5,15015.0,5883.0,1784.0,208.0,0.0,17517.5,2535.0,0.0,0.0,0.7997643319083635,0
2019-11-14,180880.0,24,9360.0,6170.0,7536.666666666667,9360.0,180885.0,0.0,0.0,0,139665.0,14314.5,5302.5,1873.5,174.0,0.0,17582.0,2613.0,0.0,0.0,0.8051994301994302,0
2019-11-15,161949.5,24,8392.0,5743.0,6747.895833333333,8392.0,161952.5,0.0,0.0,0,135491.5,5750.5,4943.5,2030.0,183.0,0.0,11164.0,2390.0,0.0,0.0,0.804086729424849,0
2019-11-17,179485.5,24,9096.0,6200.0,7478.5625,9096.0,179490.5,0.0,0.0,0,148275.5,7685.5,5081.0,1999.0,192.0,0.0,13672.5,2534.0,0.0,0.0,0.8221814533861038,0
2019-11-19,172089.0,24,9021.0,5935.0,7170.375,9021.0,172094.0,0.0,0.0,0,142478.0,4908.0,5994.0,1948.0,179.0,0.0,14921.5,2403.0,0.0,0.0,0.7948536747588959,0
2019-11-20,167007.5,24,8929.0,5690.0,6958.645833333333,8929.0,167012.5,0.0,0.0,0,136148.0,6456.5,5758.0,1905.0,185.0,0.0,14357.0,2391.0,0.0,0.0,0.7793309254489118,0
2019-11-21,167694.0,24,8785.0,5647.0,6987.25,8785.0,167700.0,0.0,0.0,0,134895.0,7379.0,7659.5,1911.0,162.0,0.0,13196.5,2247.0,0.0,0.0,0.7953614114968697,0
2019-11-22,147147.0,24,7886.0,5235.0,6131.125,7886.0,147154.0,0.0,0.0,0,124398.5,4496.0,6677.0,1455.0,188.0,0.0,8304.0,2072.0,0.0,0.0,0.7774695663200608,0
2019-11-23,157950.5,24,8827.0,5200.0,6581.270833333333,8827.0,157965.5,9.0,9.0,1,132070.5,7072.5,4831.5,1020.5,168.0,0.0,11299.0,2149.0,0.0,0.0,0.7455840980325517,1
2019-11-24,164724.5,24,8855.0,5470.0,6863.520833333333,8855.0,164730.5,0.0,0.0,0,139491.5,5376.0,4410.0,987.0,162.0,0.0,12505.5,2283.0,0.0,0.0,0.775101166948993,0
2019-11-25,165984.0,24,8982.0,5500.0,6916.0,8982.0,165990.0,0.0,0.0,0,140585.5,4969.833333333333,4325.5,1544.6666666666667,172.0,0.0,12446.0,2263.3333333333335,0.0,0.0,0.7699844132709864,0
2019-11-26,167289.0,24,8904.0,5609.0,6970.375,8904.0,167294.0,0.0,0.0,0,140031.0,6283.666666666666,4654.0,2152.3333333333335,182.0,0.0,11666.0,2328.6666666666665,0.0,0.0,0.7828363656783468,0
2019-11-27,169847.5,24,9185.0,5687.0,7076.979166666667,9185.0,169850.5,0.0,0.0,0,141646.0,6981.0,4405.0,2206.0,204.0,0.0,11420.0,2335.0,0.0,0.0,0.7704931046996916,0
2019-11-28,171279.5,24,9051.0,5752.0,7136.645833333333,9051.0,171284.5,0.0,0.0,0,140219.0,9327.5,4804.0,2275.5,203.0,0.0,12218.0,2373.0,0.0,0.0,0.7884925238463522,0
2019-11-29,153426.5,24,8049.0,5584.0,6392.770833333333,8049.0,153430.5,0.0,0.0,0,135292.5,3894.0,4800.0,2228.0,201.0,0.0,4887.0,2161.0,0.0,0.0,0.7942316850954569,0
2019-11-30,162522.5,24,8989.0,5433.0,6771.770833333333,8989.0,162525.5,0.0,0.0,0,138668.0,10509.5,4800.0,2179.0,194.0,0.0,5294.0,1196.0,0.0,0.0,0.7533397300404198,0
2019-12-01,165084.5,24,8778.0,5630.0,6878.520833333333,8778.0,165088.5,0.0,0.0,0,138760.5,10464.5,4800.0,2245.0,179.0,0.0,6234.0,2295.0,0.0,0.0,0.7836091174906964,0
2019-12-02,159572.5,24,8542.0,5471.0,6648.854166666667,8542.0,159578.5,0.0,0.0,0,137316.5,6502.5,4800.0,2227.5,113.0,0.0,6475.5,2188.0,0.0,0.0,0.7783720635292282,0
2019-12-03,158934.5,24,8529.0,5287.0,6622.270833333333,8529.0,158938.5,0.0,0.0,0,136151.5,7820.5,3973.0,2275.5,169.0,0.0,6583.5,2123.0,0.0,0.0,0.7764416500566693,0
2019-12-04,158339.0,24,8708.0,5243.0,6597.458333333333,8708.0,158344.0,0.0,0.0,0,128903.5,14186.5,4298.0,2344.0,120.0,0.0,6771.0,2032.0,0.0,0.0,0.7576318710764048,0
2019-12-05,159603.0,24,8692.0,5196.0,6650.125,8692.0,159605.0,0.0,0.0,0,131560.0,8494.0,5729.0,2270.5,191.5,0.0,9031.5,2071.0,0.0,0.0,0.7650857109986194,0
2019-12-06,142890.5,24,7551.0,5241.0,5953.770833333333,7551.0,142895.5,0.0,0.0,0,128271.5,1929.0,3893.0,1941.0,192.0,0.0,4550.0,1883.0,0.0,0.0,0.7884744846157241,0
2019-12-07,151526.0,24,8538.0,4858.0,6313.583333333333,8538.0,151507.5,0.0,0.0,0,130181.0,7819.0,3839.5,1950.0,92.0,0.0,5617.0,2036.0,0.0,0.0,0.7394686499570547,0
2019-12-08,161234.0,24,8609.0,5384.0,6718.083333333333,8609.0,161238.0,0.0,0.0,0,138317.0,7146.5,4366.5,1926.0,142.0,0.0,7814.0,2110.0,0.0,0.0,0.7803558291710225,0
2019-12-09,161767.0,24,8721.0,5388.0,6740.291666666667,8721.0,161771.0,0.0,0.0,0,137332.0,8837.5,4110.5,1929.0,98.0,0.0,7830.0,2121.0,0.0,0.0,0.77288059473302,0
2019-12-10,158316.0,24,8538.0,5279.0,6596.5,8538.0,158320.0,0.0,0.0,0,131912.5,10497.0,4319.0,1920.5,176.0,0.0,7522.0,2029.0,0.0,0.0,0.7726048254860624,0
2019-12-11,157482.5,24,8528.0,5134.0,6561.770833333333,8528.0,157525.5,0.0,0.0,0,133148.5,8724.0,4320.0,1924.0,156.0,0.0,6994.5,2060.0,0.0,0.0,0.7694384185428392,0
2019-12-12,159651.0,24,8622.0,5146.0,6652.125,8622.0,159655.0,0.0,0.0,0,135831.0,8255.0,4318.0,1919.0,64.0,0.0,7091.5,1934.0,0.0,0.0,0.7715292275574113,0
2019-12-13,140626.5,24,7543.0,5039.0,5859.4375,7543.0,140631.5,0.0,0.0,0,124873.0,2344.5,4320.0,1916.0,165.0,0.0,5405.0,1647.0,0.0,0.0,0.7768046533209598,0
2019-12-14,153463.0,24,8523.0,4782.0,6394.291666666667,8523.0,153465.0,0.0,0.0,0,134155.5,5585.0,3899.0,1951.0,57.0,0.0,6183.5,1852.0,0.0,0.0,0.7502395478900231,0
2019-12-15,159718.5,24,8497.0,5307.0,6654.9375,8497.0,159725.5,0.0,0.0,0,134433.5,10330.0,3840.0,1956.0,185.0,0.0,7456.5,1688.0,0.0,0.0,0.7832102506767095,0
2019-12-16,140988.0,24,7443.0,5134.0,5874.5,7443.0,140994.0,0.0,0.0,0,123439.0,4677.5,3838.0,1953.0,161.0,0.0,4968.0,1760.0,0.0,0.0,0.7892650812844283,0
2019-12-17,152703.5,24,8445.0,4671.0,6362.645833333333,8445.0,152709.5,0.0,0.0,0,123643.5,12522.0,5201.0,1977.0,168.0,0.0,7750.5,1894.0,0.0,0.0,0.7534216498914544,0
2019-12-18,156923.0,24,8479.0,5179.0,6538.458333333333,8479.0,156928.0,0.0,0.0,0,129567.0,9499.0,6240.0,2013.0,147.0,0.0,7959.5,1915.0,0.0,0.0,0.7711355505759326,0
2019-12-19,156315.0,24,8487.0,4989.0,6513.125,8487.0,156321.0,0.0,0.0,0,130191.0,9350.5,5464.5,1636.0,127.0,0.0,7255.0,1911.0,0.0,0.0,0.7674237068457641,0
2019-12-20,141619.75,24,7597.0,5075.0,5900.822916666667,7597.0,141624.75,0.0,0.0,0,121826.25,6408.5,4378.0,1956.5,153.0,0.0,5473.75,1686.5,0.0,0.0,0.7767306721951648,0
2019-12-21,148641.25,24,8364.0,4596.0,6193.385416666667,8364.0,148644.25,0.0,0.0,0,126341.25,7687.0,4319.0,1948.0,147.0,0.0,6511.25,1818.5,0.0,0.0,0.7404812788936713,0
2019-12-22,156578.83333333334,24,8600.0,5021.0,6524.118055555556,8600.0,156602.5,0.0,0.0,0,127588.0,13543.5,4621.0,1240.3333333333333,130.0,0.0,7764.333333333333,1789.0,0.0,0.0,0.7586183785529715,0
2019-12-23,155227.66666666666,24,8483.0,5040.0,6467.819444444444,8483.0,154936.0,0.0,0.0,0,130345.5,7538.5,5282.0,2020.6666666666667,163.0,0.0,7717.666666666667,1979.0,0.0,0.0,0.7624448242891011,0
2019-12-24,155688.5,24,8636.0,4925.0,6487.020833333333,8636.0,155695.5,0.0,0.0,0,134315.5,5743.0,3687.5,2073.0,168.0,0.0,7852.5,1957.0,0.0,0.0,0.7511603558746333,0
2019-12-25,152306.5,24,8573.0,4818.0,6346.104166666667,8573.0,152313.5,0.0,0.0,0,134375.5,5277.0,4130.0,1127.0,136.0,0.0,5627.0,1951.0,0.0,0.0,0.7402431082079397,0
2019-12-26,154614.0,24,8555.0,4984.0,6442.25,8555.0,154619.0,0.0,0.0,0,134771.0,4524.0,4041.0,1032.5,122.0,0.0,7952.0,1965.0,0.0,0.0,0.7530391583869083,0
2019-12-27,135435.0,24,7601.0,4418.0,5643.125,7601.0,135440.0,0.0,0.0,0,117357.5,6028.5,4163.0,956.0,108.0,0.0,5097.5,1731.0,0.0,0.0,0.742418760689383,0
2019-12-28,146168.0,24,8711.0,4547.0,6090.333333333333,8711.0,146181.0,9.0,9.0,1,124678.0,7573.5,4478.0,1085.0,122.0,0.0,6310.0,1892.0,0.0,0.0,0.6991543259480351,1
2019-12-29,154649.0,24,8567.0,5030.0,6443.708333333333,8567.0,154658.0,0.0,0.0,0,131053.0,7261.0,5685.0,967.0,169.0,0.0,7702.0,1914.0,0.0,0.0,0.7521545854246916,0
2019-12-30,157124.0,24,8702.0,5083.0,6546.833333333333,8702.0,157131.0,0.0,0.0,0,136617.0,6071.5,5553.5,1055.0,163.0,0.0,6481.0,1910.0,0.0,0.0,0.7523366275951888,0
2019-12-31,157457.5,24,8667.0,5073.0,6560.729166666667,8667.0,157462.5,0.0,0.0,0,136617.5,6262.0,3896.0,1042.0,186.0,0.0,7312.5,1956.0,0.0,0.0,0.7569780969962694,0
2020-01-01,157827.0,24,8436.0,5142.0,6576.125,8436.0,157833.0,0.0,0.0,0,136716.33333333334,6551.833333333333,4059.0,1103.3333333333333,55.0,0.0,7081.5,1965.6666666666667,0.0,0.0,0.7795311759127549,0
2020-01-02,158817.0,24,8774.0,5041.0,6617.375,8774.0,158819.0,0.0,0.0,0,137721.66666666666,5955.666666666666,4805.0,1112.6666666666667,70.0,0.0,7219.0,2013.3333333333333,0.0,0.0,0.7542027581490768,0
2020-01-03,136436.5,24,7479.0,4682.0,5684.854166666667,7479.0,135730.5,0.0,0.0,0,124137.0,298.0,3958.5,1109.5,98.0,0.0,5428.0,1639.0,0.0,0.0,0.7601088603645764,0
2020-01-04,146647.5,24,8389.0,4592.0,6110.3125,8389.0,146653.5,0.0,0.0,0,129743.0,2910.0,3999.0,1054.0,31.0,0.0,7674.0,1797.0,0.0,0.0,0.7283719752056265,0
2020-01-05,155719.5,24,8221.0,5007.0,6488.3125,8221.0,155726.5,0.0,0.0,0,133940.5,6657.0,4050.0,1070.5,90.0,0.0,8433.0,1983.0,0.0,0.0,0.7892364067631675,0
2020-01-06,156796.5,24,8575.0,5117.0,6533.1875,8575.0,156803.5,0.0,0.0,0,133425.5,8161.5,4148.0,1083.5,155.0,0.0,7488.5,1947.0,0.0,0.0,0.7618877551020408,0
2020-01-07,157560.5,24,8584.0,5133.0,6565.020833333333,8584.0,157565.5,0.0,0.0,0,134609.0,7936.5,3877.0,1069.0,189.0,0.0,7424.0,2012.0,0.0,0.0,0.7647973943771357,0
2020-01-08,156859.5,24,8689.0,4918.0,6535.8125,8689.0,156865.5,0.0,0.0,0,135409.0,5836.5,4473.5,1075.0,192.0,0.0,8205.5,1964.0,0.0,0.0,0.7521938658073426,0
2020-01-09,157881.5,24,8484.0,5190.0,6578.395833333333,8484.0,158390.5,0.0,0.0,0,137947.0,4079.0,4698.0,1084.5,218.5,0.0,7755.5,1959.0,0.0,0.0,0.7753884763476347,0
2020-01-10,142799.0,24,7680.0,5055.0,5949.958333333333,7680.0,142804.0,0.0,0.0,0,129167.0,1320.0,4014.5,1068.0,171.0,0.0,5052.0,1799.0,0.0,0.0,0.7747341579861111,0
2020-01-11,154953.0,24,8601.0,4780.0,6456.375,8601.0,154958.0,0.0,0.0,0,137480.5,3893.5,3663.0,1162.0,135.0,0.0,6282.5,1974.0,0.0,0.0,0.7506539937216603,0
2020-01-12,156986.5,24,8561.0,5215.0,6541.104166666667,8561.0,156990.5,0.0,0.0,0,138829.0,3366.0,3594.0,1029.5,145.0,0.0,8344.5,2007.0,0.0,0.0,0.764058423860141,0
2020-01-13,160017.5,24,8827.0,5029.0,6667.395833333333,8827.0,160020.5,0.0,0.0,0,138164.5,6294.5,4479.0,971.0,122.0,0.0,7630.0,2031.0,0.0,0.0,0.7553410936142895,0
2020-01-14,163044.5,24,8727.0,5219.0,6793.520833333333,8727.0,163047.5,0.0,0.0,0,137884.0,7733.5,7170.0,982.0,180.0,0.0,7944.0,2039.0,0.0,0.0,0.7784485886711737,0
2020-01-15,163838.0,24,8762.0,5294.0,6826.583333333333,8762.0,163842.0,0.0,0.0,0,135754.0,6384.0,10751.0,996.0,180.0,0.0,7306.0,2042.0,0.0,0.0,0.7791124552993989,0
2020-01-16,162812.5,24,8908.0,5284.0,6783.854166666667,8908.0,162817.5,0.0,0.0,0,128478.0,14930.0,8483.5,1004.0,191.0,0.0,7147.0,2012.0,0.0,0.0,0.7615462692710673,0
2020-01-17,150395.0,24,7918.0,5420.0,6266.458333333333,7918.0,150400.0,0.0,0.0,0,128597.5,3500.5,10037.5,982.5,189.0,0.0,5174.0,1804.0,0.0,0.0,0.7914193399006483,0
2020-01-18,158127.5,24,8805.0,5109.0,6588.645833333333,8805.0,158132.5,0.0,0.0,0,128604.5,6491.5,13266.5,992.0,173.0,0.0,6867.0,1916.0,0.0,0.0,0.7482845920878288,0
2020-01-19,166376.5,24,8978.0,5472.0,6932.354166666667,8978.0,165481.5,0.0,0.0,0,135507.0,6379.5,13526.0,1022.0,139.0,0.0,7789.0,2065.0,0.0,0.0,0.7721490495284771,0
2020-01-20,166482.5,24,8959.0,5518.0,6936.770833333333,8959.0,166488.5,0.0,0.0,0,131566.0,8543.0,15493.5,953.5,157.0,0.0,7418.0,1994.0,0.0,0.0,0.7742795884957399,0
2020-01-21,165106.5,24,9009.0,5479.0,6879.4375,9009.0,165113.5,0.0,0.0,0,132150.0,7890.0,14412.5,976.5,158.0,0.0,7732.5,1933.0,0.0,0.0,0.7636183261183261,0
2020-01-22,166198.0,24,8985.0,5284.0,6924.916666666667,8985.0,166203.0,0.0,0.0,0,132389.0,10421.0,12692.5,965.0,194.0,0.0,7703.0,1849.5,0.0,0.0,0.7707197180485995,0
2020-01-23,168233.5,24,8831.0,5486.0,7009.729166666667,8831.0,168239.0,0.0,0.0,0,129847.0,18336.0,9258.0,861.5,137.0,0.0,8060.0,2048.0,0.0,0.0,0.7937639187709962,0
2020-01-24,151325.0,24,8121.0,5530.0,6305.208333333333,8121.0,151331.0,0.0,0.0,0,127464.5,6525.0,9029.0,864.0,164.0,0.0,5332.0,1885.0,0.0,0.0,0.7764078725936872,0
2020-01-25,159627.5,24,8789.0,5130.0,6651.145833333333,8789.0,159630.5,0.0,0.0,0,131288.0,9299.5,8969.5,861.0,185.0,0.0,6386.5,1996.0,0.0,0.0,0.7567579739826298,0
2020-01-26,169780.5,24,8998.0,5567.0,7074.1875,8998.0,169360.0,0.0,0.0,0,129181.0,19808.5,9566.0,1001.0,83.5,0.0,8662.0,2019.0,0.0,0.0,0.7861955434541009,0
2020-01-27,168853.0,24,9068.0,5589.0,7035.541666666667,9068.0,168860.0,0.0,0.0,0,130781.0,17141.5,9613.0,963.0,166.0,0.0,8131.0,2032.0,0.0,0.0,0.7758647625349213,0
2020-01-28,169894.5,24,9169.0,5559.0,7078.9375,9169.0,169899.5,0.0,0.0,0,124817.5,24841.5,9044.5,880.0,118.0,0.0,8130.0,2112.0,0.0,0.0,0.7720512051477806,0
2020-01-29,174085.5,24,9223.0,5736.0,7253.5625,9223.0,174087.5,0.0,0.0,0,126768.5,26611.5,9517.0,743.0,122.5,0.0,8570.0,2121.0,0.0,0.0,0.786464545158842,0
2020-01-30,175493.5,24,8994.0,5792.0,7312.229166666667,8994.0,175500.5,0.0,0.0,0,131157.5,23754.5,9442.5,745.0,118.0,0.0,8094.0,2164.0,0.0,0.0,0.8130119153509747,0
2020-01-31,157482.5,24,8211.0,5637.0,6561.770833333333,8211.0,157488.5,0.0,0.0,0,130302.0,9155.0,9606.5,743.5,146.0,0.0,5565.5,1825.0,0.0,0.0,0.799143932935493,0
2020-02-01,158469.5,24,8731.0,5350.0,6602.895833333333,8731.0,158474.5,0.0,0.0,0,129061.5,9181.0,9228.5,1436.5,134.0,0.0,7465.0,2049.0,0.0,0.0,0.7562588286946894,0
2020-02-02,168238.0,24,8940.0,5467.0,7009.916666666667,8940.0,168246.0,0.0,0.0,0,133076.0,12160.0,9587.5,1671.0,181.0,0.0,9684.5,2047.0,0.0,0.0,0.7841070096942581,0
2020-02-03,171696.0,24,8963.0,5478.0,7154.0,8963.0,171701.0,0.0,0.0,0,135492.5,12952.0,9665.0,1920.0,187.0,0.0,10198.0,2050.0,0.0,0.0,0.798170255494812,0
2020-02-04,171193.5,24,9126.0,5498.0,7133.0625,9126.0,171197.5,0.0,0.0,0,130109.0,18543.5,9621.0,1783.0,205.0,0.0,8564.5,2182.0,0.0,0.0,0.7816198224852071,0
2020-02-05,171536.0,24,9099.0,5624.0,7147.333333333333,9099.0,171540.0,0.0,0.0,0,131417.0,17637.5,9605.5,1687.0,173.0,0.0,9477.0,2011.0,0.0,0.0,0.7855075649338755,0
2020-02-06,172945.0,24,9132.0,5573.0,7206.041666666667,9132.0,172951.0,0.0,0.0,0,136178.5,14331.0,8870.5,1681.5,179.0,0.0,9813.0,2098.0,0.0,0.0,0.7890978610016061,0
2020-02-07,155732.5,24,8072.0,5707.0,6488.854166666667,8072.0,155736.5,0.0,0.0,0,132456.5,7227.5,6724.0,1672.0,126.0,0.0,5962.5,1939.0,0.0,0.0,0.8038719235216386,0
2020-02-08,165545.5,24,9014.0,5180.0,6897.729166666667,9014.0,165552.5,0.0,0.0,0,127348.5,16521.5,8958.0,1660.0,163.0,0.0,8474.5,1913.0,0.0,0.0,0.7652240034021153,0
2020-02-09,174057.0,24,9197.0,5446.0,7252.375,9197.0,174013.0,0.0,0.0,0,126087.5,22552.0,9953.0,1648.5,167.0,0.0,10817.5,2130.0,0.0,0.0,0.7885587691638578,0
2020-02-10,173974.0,24,9172.0,5725.0,7248.916666666667,9172.0,173979.0,0.0,0.0,0,132421.0,14452.0,12329.5,1671.0,78.0,0.0,11230.0,2090.0,0.0,0.0,0.7903310800988516,0
2020-02-11,176834.0,24,9213.0,5670.0,7368.083333333333,9213.0,176839.0,0.0,0.0,0,133874.0,14190.5,14152.0,1656.0,186.0,0.0,11091.5,2041.0,0.0,0.0,0.7997485437244473,0
2020-02-12,177365.0,24,9305.0,5734.0,7390.208333333333,9305.0,177370.0,0.0,0.0,0,132031.0,16550.5,14317.5,1646.5,203.0,0.0,10371.0,2100.0,0.0,0.0,0.7942190578542002,0
2020-02-13,176973.5,24,9213.0,5752.0,7373.895833333333,9213.0,176979.5,0.0,0.0,0,128932.5,17085.0,16589.0,1655.5,176.0,0.0,11132.5,2098.0,0.0,0.0,0.800379445710771,0
2020-02-14,156651.5,24,8313.0,5702.0,6527.145833333333,8313.0,156656.5,0.0,0.0,0,121848.5,11175.5,14636.0,1669.0,138.0,0.0,5124.5,1804.0,0.0,0.0,0.7851733229078952,0
2020-02-15,173280.5,24,9249.0,5440.0,7220.020833333333,9249.0,173381.5,0.0,0.0,0,117347.0,23952.0,17061.0,1676.5,176.5,0.0,11459.5,2015.0,0.0,0.0,0.7806271849208923,0
2020-02-16,175480.0,24,9127.0,5738.0,7311.666666666667,9127.0,175487.0,0.0,0.0,0,126925.5,16612.5,16792.5,1674.5,175.0,0.0,11584.5,2088.0,0.0,0.0,0.8011029546035573,0
2020-02-17,178388.5,24,9407.0,5693.0,7432.854166666667,9407.0,178394.5,0.0,0.0,0,128870.5,18932.0,15527.0,1659.5,177.0,0.0,11491.0,1994.0,0.0,0.0,0.7901407639700933,0
2020-02-18,179476.5,24,9361.0,5914.0,7478.1875,9361.0,179480.5,0.0,0.0,0,135796.5,19570.5,8923.0,1675.5,179.0,0.0,11494.0,2161.0,0.0,0.0,0.7988663070184809,0
2020-02-19,177238.0,24,9315.0,5812.0,7384.916666666667,9315.0,177244.0,0.0,0.0,0,135201.5,17926.5,8900.5,1669.5,178.0,0.0,11230.0,2122.0,0.0,0.0,0.7927983539094651,0
2020-02-20,181394.0,24,9349.0,5920.0,7558.083333333333,9349.0,181401.0,0.0,0.0,0,137556.5,19852.0,8911.0,1651.0,183.0,0.0,11510.0,2115.0,0.0,0.0,0.8084376225621278,0
2020-02-21,159264.0,24,8048.0,5736.0,6636.0,8048.0,159269.0,0.0,0.0,0,133027.5,7386.5,8907.5,1657.5,213.0,0.0,6319.5,2004.0,0.0,0.0,0.8245526838966203,0
2020-02-22,172232.0,24,9313.0,5326.0,7176.333333333333,9313.0,172238.0,0.0,0.0,0,134843.5,13203.5,8260.5,1654.0,181.0,0.0,12391.5,2071.0,0.0,0.0,0.7705716024195569,0
2020-02-23,185870.5,24,9729.0,6054.0,7744.604166666667,9729.0,185874.5,0.0,0.0,0,137628.0,23066.5,8826.0,1653.0,194.0,0.0,12867.5,2154.0,0.0,0.0,0.7960329084866551,0
2020-02-24,183751.5,24,9470.0,6288.0,7656.3125,9470.0,183758.5,0.0,0.0,0,135306.0,23178.5,8883.0,1642.0,195.0,0.0,13028.5,2152.0,0.0,0.0,0.8084807286166843,0
2020-02-25,179954.0,24,8843.0,6235.0,7498.083333333333,8843.0,179959.5,0.0,0.0,0,131703.5,22951.0,8891.5,1634.5,154.0,0.0,12750.5,2151.0,0.0,0.0,0.8479117192506314,0
2020-02-26,171935.5,24,9075.0,5716.0,7163.979166666667,9075.0,171941.5,0.0,0.0,0,133294.0,14272.5,8220.5,1658.0,104.0,0.0,12769.0,2019.0,0.0,0.0,0.789419191919192,0
2020-02-27,177129.5,24,9173.0,5889.0,7380.395833333333,9173.0,177133.5,0.0,0.0,0,137420.5,12775.5,10499.0,1626.5,206.0,0.0,12236.0,2077.0,0.0,0.0,0.804578200516007,0
2020-02-28,159697.5,24,8365.0,5877.0,6654.0625,8365.0,159703.5,0.0,0.0,0,127076.5,4571.0,16764.0,1616.0,228.0,0.0,7601.5,2020.0,0.0,0.0,0.7954647340107591,0
2020-02-29,176560.5,24,9418.0,5662.0,7356.6875,9418.0,176569.5,0.0,0.0,0,132072.0,13580.0,13465.0,1609.0,226.0,0.0,12909.0,2072.0,0.0,0.0,0.7811305478870249,0
2020-03-01,185194.0,24,9719.0,6044.0,7716.416666666667,9719.0,185200.0,0.0,0.0,0,138180.0,12795.5,16514.5,1619.0,164.0,0.0,13782.5,2284.0,0.0,0.0,0.7939517097095038,0
2020-03-02,187969.5,24,9589.0,6308.0,7832.0625,9589.0,187975.5,0.0,0.0,0,139342.5,15031.5,15974.0,1616.0,203.0,0.0,13715.0,2316.0,0.0,0.0,0.8167757326102826,0
2020-03-03,175238.0,24,9306.0,5676.0,7301.583333333333,9306.0,175243.0,0.0,0.0,0,134436.0,16865.5,8395.0,1622.5,79.0,0.0,11531.0,2150.0,0.0,0.0,0.7846102872698617,0
2020-03-04,182091.5,24,9315.0,6045.0,7587.145833333333,9315.0,182097.5,0.0,0.0,0,142142.5,13851.0,8367.5,1624.5,203.0,0.0,14436.5,2270.0,0.0,0.0,0.8145084093755591,0
2020-03-05,181902.0,24,9481.0,5894.0,7579.25,9481.0,182021.0,0.0,0.0,0,141416.0,14010.5,8790.0,1598.5,190.0,0.0,13667.5,2329.0,0.0,0.0,0.7994146187111064,0
2020-03-06,164180.5,24,8460.0,5745.0,6840.854166666667,8460.0,164186.5,0.0,0.0,0,138800.0,4755.0,8900.5,1609.0,109.0,0.0,7538.0,2059.0,0.0,0.0,0.8086116036249016,0
2020-03-07,175919.0,24,9182.0,5992.0,7329.958333333333,9182.0,175923.0,0.0,0.0,0,138426.5,12272.0,8882.0,1632.0,185.0,0.0,12836.5,2140.0,0.0,0.0,0.7982964858781674,0
2020-03-08,182733.0,24,9497.0,6094.0,7613.875,9497.0,182740.0,0.0,0.0,0,142186.5,13446.5,8826.5,1585.5,188.0,0.0,13992.0,2208.0,0.0,0.0,0.8017136990628619,0
2020-03-09,183691.0,24,9528.0,6272.0,7653.791666666667,9528.0,183695.0,0.0,0.0,0,144365.0,12356.0,8734.0,1582.5,218.0,0.0,14385.5,2308.0,0.0,0.0,0.8032946753428492,0
2020-03-10,186362.5,24,9685.0,6266.0,7765.104166666667,9685.0,186365.5,0.0,0.0,0,141963.5,17052.0,8869.5,1565.5,98.0,0.0,14331.5,2313.0,0.0,0.0,0.8017660471519532,0
2020-03-11,190531.0,24,9886.0,6407.0,7938.791666666667,9886.0,190536.0,0.0,0.0,0,145139.5,18293.0,8789.0,1579.0,216.0,0.0,15252.0,2367.0,0.0,0.0,0.8030337514330029,0
2020-03-12,201421.0,24,10373.0,6769.0,8392.541666666666,10373.0,201426.0,0.0,0.0,0,145693.0,28035.5,8903.0,1569.5,221.0,0.0,14392.0,2594.0,0.0,0.0,0.8090756451042771,0
2020-03-13,191583.0,24,9853.0,7194.0,7982.625,9853.0,191537.0,0.0,0.0,0,143130.0,28716.0,8886.5,1565.5,208.0,0.0,6388.0,2532.0,0.0,0.0,0.8101720288237085,0
2020-03-14,191636.5,24,9582.0,7133.0,7984.854166666667,9582.0,191642.5,0.0,0.0,0,147852.0,19598.0,8636.0,1571.0,179.0,0.0,12037.0,2753.0,0.0,0.0,0.8333181138245321,0
2020-03-15,200787.0,24,10321.0,7017.0,8366.125,10321.0,200792.0,0.0,0.0,0,144473.0,29706.5,7910.0,1576.5,212.0,0.0,13988.0,2685.0,0.0,0.0,0.8105924813487065,0
2020-03-16,210368.0,24,10587.0,7225.0,8765.333333333334,10587.0,210328.5,0.0,0.0,0,148486.0,35020.0,8025.5,1572.0,230.0,0.0,14436.0,2827.0,0.0,0.0,0.827933629293788,0
2020-03-17,196906.5,24,9755.0,7276.0,8204.4375,9755.0,196911.5,0.0,0.0,0,153021.0,22871.0,8606.0,1572.5,223.0,0.0,7986.0,2668.0,0.0,0.0,0.8410494618144542,0
2020-03-18,209017.0,24,10572.0,6999.0,8709.041666666666,10572.0,209024.0,0.0,0.0,0,152358.5,29266.0,8732.0,1617.5,198.0,0.0,14414.5,2793.0,0.0,0.0,0.8237837369151216,0
2020-03-19,210700.0,24,10593.0,7334.0,8779.166666666666,10593.0,210707.0,0.0,0.0,0,146122.0,38015.5,8856.5,1652.0,210.0,0.0,13291.5,2728.0,0.0,0.0,0.8287705717612259,0
2020-03-20,191970.0,24,9578.0,7223.0,7998.75,9578.0,191971.0,0.0,0.0,0,149222.0,27224.5,8864.0,1571.5,189.0,0.0,2618.0,2297.0,0.0,0.0,0.8351169346418876,0
2020-03-21,201321.5,24,10349.0,6960.0,8388.395833333334,10349.0,201327.5,0.0,0.0,0,149933.0,30826.0,9070.5,1583.0,66.0,0.0,7390.0,2562.0,0.0,0.0,0.8105513415144782,0
2020-03-22,187292.5,24,10099.0,5786.0,7803.854166666667,10099.0,187298.5,0.0,0.0,0,129046.5,20879.0,15994.5,1733.5,177.0,0.0,16971.5,2527.0,0.0,0.0,0.7727353368320296,0
2020-03-23,199822.5,24,10036.0,6962.0,8325.9375,10036.0,199025.5,180.0,180.0,1,138842.0,22243.5,16418.0,1794.5,186.0,0.0,17878.0,2669.0,0.0,0.0,0.8296071642088482,1
2020-03-24,201549.0,24,10053.0,6933.0,8397.875,10053.0,201554.0,0.0,0.0,0,137924.5,25038.0,16080.0,1862.0,213.0,0.0,18086.0,2688.0,0.0,0.0,0.8353600915149707,0
2020-03-25,197016.0,24,9772.0,6845.0,8209.0,9772.0,197022.0,0.0,0.0,0,138584.5,19280.0,16683.5,1832.0,202.0,0.0,17923.0,2630.0,0.0,0.0,0.8400532132623824,0
2020-03-26,181188.0,24,9430.0,6555.0,7549.5,9430.0,181195.0,0.0,0.0,0,135277.5,11008.5,16423.0,1783.0,193.0,0.0,14266.0,2505.0,0.0,0.0,0.8005832449628845,0
2020-03-27,182172.33333333334,24,9834.0,6418.0,7590.51388888889,9834.0,182175.33333333334,0.0,0.0,0,141098.16666666666,13023.833333333334,15424.5,1802.8333333333333,208.0,0.0,7993.0,2528.6666666666665,0.0,0.0,0.7718643368811154,0
2020-03-28,191389.16666666666,24,10217.0,6882.0,7974.54861111111,10217.0,191397.16666666666,0.0,0.0,0,143688.83333333334,16341.166666666666,16589.5,1769.1666666666667,173.0,0.0,10331.5,2723.3333333333335,0.0,0.0,0.7805176285711178,0
2020-03-29,192600.5,24,9863.0,7049.0,8025.020833333333,9863.0,192283.0,0.0,0.0,0,146604.5,17278.0,12997.5,1881.5,234.0,0.0,10546.5,2800.0,0.0,0.0,0.8136490756700124,0
2020-03-30,187096.0,24,9582.0,6928.0,7795.666666666667,9582.0,187142.0,0.0,0.0,0,143005.5,12519.0,16129.0,1857.5,240.0,0.0,10887.0,2626.0,0.0,0.0,0.8135740624782579,0
2020-03-31,186708.0,24,9479.0,6673.0,7779.5,9479.0,186710.0,0.0,0.0,0,144327.0,10258.0,15832.0,1844.0,217.0,0.0,11777.0,2636.0,0.0,0.0,0.8207089355417239,0
2020-04-01,189687.5,24,9986.0,6763.0,7903.645833333333,9986.0,189693.5,0.0,0.0,0,144881.5,12412.5,16321.0,1846.0,215.0,0.0,11441.5,2641.0,0.0,0.0,0.7914726450363843,0
2020-04-02,191108.5,24,8854.0,6518.0,7962.854166666667,8855.0,191115.5,0.0,0.0,0,140956.0,17158.5,17094.0,1525.0,204.0,0.0,11698.0,2454.0,0.0,0.0,0.8993510466079362,0
2020-04-03,180125.0,24,8734.0,6379.0,7505.208333333333,8734.0,180130.0,0.0,0.0,0,140646.0,12347.5,13791.5,876.0,219.0,0.0,10815.5,1672.0,0.0,0.0,0.8593094038623006,0
2020-04-04,185303.0,24,9828.0,6392.0,7720.958333333333,9828.0,185307.0,0.0,0.0,0,144215.0,14510.0,11974.5,883.0,201.0,0.0,11750.0,2060.0,0.0,0.0,0.7856082960249626,0
2020-04-05,193969.5,24,9452.0,7060.0,8082.0625,9452.0,193858.0,0.0,0.0,0,147455.0,17555.0,14005.0,865.0,156.5,0.0,12398.0,2207.0,0.0,0.0,0.8550637431231486,0
2020-04-06,192082.0,24,9940.0,6853.0,8003.416666666667,9940.0,191911.5,0.0,0.0,0,145526.5,18295.0,13620.0,870.5,206.0,0.0,11309.0,2127.0,0.0,0.0,0.8051727028839705,0
2020-04-07,195298.5,24,10308.0,6891.0,8137.4375,10308.0,195304.5,0.0,0.0,0,138707.5,26636.0,14316.0,897.0,224.0,0.0,11993.0,2498.0,0.0,0.0,0.7894293267365153,0
2020-04-08,199886.0,24,10158.0,7450.0,8328.583333333334,10158.0,199890.0,0.0,0.0,0,145307.0,23797.0,14918.0,871.0,189.0,0.0,12544.5,2484.0,0.0,0.0,0.8199038524643959,0
2020-04-09,196589.5,24,9928.0,6852.0,8191.229166666667,9928.0,196594.5,0.0,0.0,0,141150.5,21775.0,16562.5,868.5,217.0,0.0,14224.5,2652.0,0.0,0.0,0.8250633729519206,0
2020-04-10,191421.0,24,10095.0,6518.0,7975.875,10095.0,191425.0,0.0,0.0,0,141977.0,18487.0,16499.5,846.5,231.0,0.0,11420.0,2677.0,0.0,0.0,0.7900817236255572,0
2020-04-11,177472.5,24,8665.0,5436.0,7394.6875,8665.0,175955.5,0.0,0.0,0,134687.6,15820.8,12404.5,817.6,212.0,0.0,10896.8,2609.4,0.0,0.0,0.8533972879399885,0
2020-04-12,143240.0,23,8865.0,4722.0,6227.826086956522,8865.0,143246.0,0.0,0.0,0,110763.0,7267.0,11984.0,791.0,188.0,0.0,11132.0,1858.0,0.0,0.0,0.7025184531253832,0
2020-04-13,179083.5,24,9934.0,5923.0,7461.8125,9934.0,179088.5,0.0,0.0,0,131726.5,13360.5,18597.5,843.5,182.0,0.0,12478.0,2548.0,0.0,0.0,0.7511387658546407,0
2020-04-14,196400.5,24,10344.0,6852.0,8183.354166666667,10344.0,196460.5,0.0,0.0,0,143000.0,17859.0,19100.5,838.5,217.0,0.0,13846.5,2841.5,0.0,0.0,0.7911208591131735,0
2020-04-15,173544.0,24,10091.0,5012.0,7231.0,10091.0,173550.0,0.0,0.0,0,131082.0,11370.5,16850.5,865.5,175.0,0.0,10063.0,2552.0,0.0,0.0,0.7165791299177485,0
2020-04-16,158625.5,24,9356.0,4939.0,6609.395833333333,9356.0,158628.5,0.0,0.0,0,123169.0,7131.0,13662.5,874.0,192.0,0.0,11334.5,2474.0,0.0,0.0,0.7064339283169445,0
2020-04-17,158722.0,24,8754.0,5518.0,6613.416666666667,8754.0,158727.0,0.0,0.0,0,127244.5,5169.0,12345.5,871.0,144.0,0.0,10595.5,2398.0,0.0,0.0,0.7554736882187191,0
2020-04-18,162733.5,24,8729.0,5708.0,6780.5625,8729.0,162689.0,0.0,0.0,0,127691.5,5246.0,13340.0,831.5,452.5,0.0,13297.5,2378.0,0.0,0.0,0.7767857142857143,0
2020-04-19,159333.5,24,9455.0,4764.0,6638.895833333333,9455.0,159344.5,0.0,0.0,0,122555.5,7082.5,13389.0,807.5,162.0,0.0,13509.0,2177.0,0.0,0.0,0.7021571478935307,0
2020-04-20,156286.5,24,8562.0,4311.0,6511.9375,8562.0,156295.5,0.0,0.0,0,122029.5,4734.5,12984.5,808.0,203.0,0.0,13229.5,2133.0,0.0,0.0,0.7605626605933193,0
2020-04-21,145873.5,24,7931.0,5039.0,6078.0625,7931.0,145881.0,0.0,0.0,0,117515.0,1805.5,12105.0,846.0,107.5,0.0,13125.5,2182.0,0.0,0.0,0.76636773420754,0
2020-04-22,151453.5,24,8461.0,5184.0,6310.5625,8461.0,151462.5,0.0,0.0,0,119710.0,3503.5,12744.5,830.5,170.0,0.0,12798.0,2080.0,0.0,0.0,0.7458412126226215,0
2020-04-23,152720.0,24,7297.0,5084.0,6363.333333333333,7298.0,152727.0,0.0,0.0,0,123915.0,2220.0,12532.5,853.0,124.0,0.0,10548.5,2157.0,0.0,0.0,0.8720478735553423,0
2020-04-24,134046.5,24,7189.0,4717.0,5585.270833333333,7189.0,134052.5,0.0,0.0,0,110834.5,735.5,11379.5,871.0,203.0,0.0,8204.5,1919.0,0.0,0.0,0.7769190197987665,0
2020-04-25,143851.0,24,7969.0,4292.0,5993.791666666667,7969.0,143856.0,0.0,0.0,0,116458.0,2068.0,11978.0,868.0,187.0,0.0,10767.0,1867.0,0.0,0.0,0.752138495001464,0
2020-04-26,143486.0,24,7256.0,4694.0,5978.583333333333,7256.0,143084.5,0.0,0.0,0,119547.5,972.0,12638.5,911.0,134.5,0.0,9157.5,1616.0,0.0,0.0,0.8239502940095552,0
2020-04-27,155173.0,24,8999.0,4535.0,6465.541666666667,8999.0,155181.0,0.0,0.0,0,126484.5,4679.5,11372.5,838.0,199.0,0.0,9577.0,2109.0,0.0,0.0,0.7184733488906175,0
2020-04-28,154285.5,24,7640.0,5248.0,6428.5625,7640.0,154291.5,0.0,0.0,0,127957.0,1980.5,10991.5,885.5,187.0,0.0,10285.0,2248.0,0.0,0.0,0.8414348821989529,0
2020-04-29,158240.5,24,8743.0,4783.0,6593.354166666667,8743.0,158245.5,0.0,0.0,0,128165.0,5049.5,11551.5,873.5,199.0,0.0,10094.5,2250.0,0.0,0.0,0.7541294940714477,0
2020-04-30,165344.0,24,8658.0,5418.0,6889.333333333333,8658.0,165353.0,0.0,0.0,0,133601.0,6072.0,12185.0,852.5,227.0,0.0,9708.0,2267.0,0.0,0.0,0.7957187957187957,0
2020-05-01,152445.0,24,8056.0,5029.0,6351.875,8056.0,152451.0,0.0,0.0,0,125412.0,3598.5,10947.0,870.0,231.0,0.0,9667.0,2193.0,0.0,0.0,0.7884651191658392,0
2020-05-02,155998.5,24,7976.0,5286.0,6499.9375,7976.0,156004.5,0.0,0.0,0,125974.5,4516.5,10960.5,875.0,187.0,0.0,11157.5,2299.0,0.0,0.0,0.8149369984954865,0
2020-05-03,168555.5,24,9279.0,5245.0,7023.145833333333,9279.0,168559.5,0.0,0.0,0,138031.5,5110.5,11151.0,857.5,166.0,0.0,11095.0,2329.0,0.0,0.0,0.7568860689011028,0
2020-05-04,190615.5,24,10273.0,5911.0,7942.3125,10273.0,190625.5,0.0,0.0,0,145113.5,16192.0,14655.5,874.5,230.0,0.0,10962.5,2592.0,0.0,0.0,0.7731249391609072,0
2020-05-05,191415.5,24,9275.5,6167.0,7975.645833333333,9275.5,191424.5,0.0,0.0,0,136012.5,25258.0,15367.0,870.0,199.0,0.0,10636.0,2849.0,0.0,0.0,0.859861552836325,0
2020-05-06,164246.0,24,9126.0,4525.0,6843.583333333333,9126.0,164253.0,0.0,0.0,0,125783.5,11002.5,12750.5,1328.0,176.0,0.0,11187.5,2206.0,0.0,0.0,0.7498995543867338,0
2020-05-07,169537.0,24,8644.0,4991.0,7064.041666666667,8644.0,169542.0,0.0,0.0,0,126824.5,14675.0,14324.0,1766.5,245.0,0.0,10932.5,1476.0,0.0,0.0,0.8172190729600494,0
2020-05-08,166616.5,24,9924.0,4921.0,6942.354166666667,9924.0,166622.5,0.0,0.0,0,122421.5,10972.5,11786.0,1758.0,247.0,0.0,17215.0,2124.0,0.0,0.0,0.699552011957544,0
2020-05-09,195092.0,24,10539.0,6014.0,8128.833333333333,10539.0,195099.0,0.0,0.0,0,134649.0,23002.5,16900.5,1766.5,252.0,0.0,15855.0,2274.0,0.0,0.0,0.7713097384318562,0
2020-05-10,212996.0,24,10210.0,7422.0,8874.833333333334,10210.0,213002.0,0.0,0.0,0,137742.0,34073.0,18267.0,1746.0,210.0,0.0,19075.0,2964.0,0.0,0.0,0.8692295135488084,0
2020-05-11,209784.0,24,11068.0,6804.0,8741.0,11068.0,209790.0,0.0,0.0,0,139627.5,33426.5,14459.5,1280.0,203.0,0.0,17640.0,3539.0,0.0,0.0,0.7897542464763282,0
2020-05-12,230606.0,24,11513.0,7893.0,9608.583333333334,11513.0,230612.0,0.0,0.0,0,142620.0,46173.0,18656.5,880.0,199.0,0.0,18693.5,3569.0,0.0,0.0,0.8345855409826574,0
2020-05-13,221890.5,24,10803.5,7569.0,9245.4375,10803.5,221895.5,0.0,0.0,0,148607.0,32260.0,18029.5,873.0,212.0,0.0,18774.0,3467.0,0.0,0.0,0.855781691118619,0
2020-05-14,213914.0,24,10285.0,7208.0,8913.083333333334,10285.0,213923.0,0.0,0.0,0,144223.5,27508.0,19025.0,886.5,213.0,0.0,18832.5,3355.0,0.0,0.0,0.86660994976503,0
2020-05-15,201115.0,24,10112.0,7121.0,8379.791666666666,10112.0,203066.0,0.0,0.0,0,140273.0,20213.0,14957.5,887.0,224.0,0.0,22083.0,2839.0,0.0,0.0,0.8286977518459915,0
2020-05-16,215970.5,24,11305.0,7084.0,8998.770833333334,11305.0,215980.5,0.0,0.0,0,139387.0,33022.0,17092.5,877.0,221.0,0.0,22249.0,3313.0,0.0,0.0,0.795999189149344,0
2020-05-17,225605.5,24,11828.0,7581.0,9400.229166666666,11828.0,225684.0,0.0,0.0,0,137919.5,47349.0,13562.0,844.5,201.0,0.0,22255.0,3727.0,0.0,0.0,0.7947437577499717,0
2020-05-18,241771.0,24,11977.0,8461.0,10073.791666666666,11977.0,241779.0,0.0,0.0,0,148283.5,56816.5,9854.5,796.0,238.0,0.0,22329.0,3770.0,0.0,0.0,0.8410947371350643,0
2020-05-19,240018.5,24,11696.5,8860.0,10000.770833333334,11696.5,240022.5,0.0,0.0,0,145953.0,57279.5,10377.0,765.0,136.0,0.0,21743.0,3606.0,0.0,0.0,0.8550225138574218,0
2020-05-20,169021.5,24,9681.5,4724.0,7042.5625,9681.5,169028.5,0.0,0.0,0,138958.0,13933.5,4315.5,658.0,43.0,0.0,8262.5,2458.0,0.0,0.0,0.7274247275732066,0
2020-05-21,110952.5,24,7487.0,2679.0,4623.020833333333,7487.0,111054.5,0.0,0.0,0,95552.0,3443.5,3446.0,704.0,47.0,0.0,6570.0,2213.0,0.0,0.0,0.6174730644227772,0
2020-05-22,167186.5,24,9398.0,5502.0,6966.104166666667,9398.0,167190.5,0.0,0.0,0,126501.5,20132.5,3600.0,708.0,144.0,0.0,13213.0,3245.0,0.0,0.0,0.7412326204156913,0
2020-05-23,197648.0,24,10318.0,6833.0,8235.333333333334,10318.0,197656.0,0.0,0.0,0,141713.5,30675.5,3400.0,680.5,165.5,0.0,16793.5,3421.0,0.0,0.0,0.7981520966595594,0
2020-05-24,194430.0,24,10023.5,6422.0,8101.25,10023.5,194587.5,0.0,0.0,0,131164.0,33555.5,3437.0,738.5,184.0,0.0,22423.0,3211.0,0.0,0.0,0.8082256696762607,0
2020-05-25,170381.0,24,9241.0,5638.0,7099.208333333333,9241.0,170389.0,0.0,0.0,0,128283.5,18196.0,2481.0,740.0,174.0,0.0,17464.0,3106.0,0.0,0.0,0.7682294484723875,0
2020-05-26,166753.5,24,8386.5,5502.0,6948.0625,8386.5,166261.5,0.0,0.0,0,123211.0,14564.0,3608.5,745.0,152.0,0.0,21976.5,2826.0,0.0,0.0,0.8284817862040184,0
2020-05-27,123911.0,24,7151.0,3235.0,5162.958333333333,7151.0,123533.0,0.0,0.0,0,97251.5,7563.5,3594.0,764.5,116.5,0.0,14168.0,1945.0,0.0,0.0,0.721991096816296,0
2020-05-28,147446.0,24,8468.0,4366.0,6143.583333333333,8468.0,148403.5,810.0,810.0,1,119127.5,10483.5,3600.0,720.5,140.5,0.0,10956.5,2208.0,0.0,0.0,0.7255058258541962,1
2020-05-29,172371.5,24,9155.0,5802.0,7182.145833333333,9155.0,171395.0,0.0,0.0,0,134764.0,16076.5,3598.0,727.5,150.0,0.0,14859.0,2480.0,0.0,0.0,0.7845052794465683,0
2020-05-30,181241.0,24,9184.0,6027.0,7551.708333333333,9184.0,181245.0,0.0,0.0,0,140588.5,15113.5,3599.0,1550.5,176.0,0.0,17951.5,2594.0,0.0,0.0,0.8222678934378629,0
2020-05-31,200725.0,24,10574.0,6486.0,8363.541666666666,10574.0,200733.0,0.0,0.0,0,145086.0,27415.0,3592.5,1535.0,192.0,0.0,20291.0,2951.0,0.0,0.0,0.7909534392535148,0
2020-06-01,207388.0,24,9983.0,7009.0,8641.166666666666,9983.0,207396.0,0.0,0.0,0,146089.0,30914.5,3591.0,1138.0,197.0,0.0,22150.5,3347.0,0.0,0.0,0.8655881665498013,0
2020-06-02,214755.5,24,10228.0,7636.0,8948.145833333334,10228.0,214761.5,0.0,0.0,0,148600.5,35845.5,3582.5,843.5,309.0,0.0,22592.5,3470.0,0.0,0.0,0.874867602007561,0
2020-06-03,218751.0,24,10262.0,7717.0,9114.625,10262.0,218758.0,0.0,0.0,0,143875.0,44359.0,3592.5,1234.0,137.0,0.0,22583.0,3262.0,0.0,0.0,0.8881918729292536,0
2020-06-04,209750.5,24,9966.5,7298.0,8739.604166666666,9966.5,209758.5,0.0,0.0,0,139367.0,39162.0,3821.5,1892.0,903.0,0.0,22520.0,3089.0,0.0,0.0,0.8768980250505861,0
2020-06-05,190572.0,24,10098.0,6656.0,7940.5,10098.0,190580.0,0.0,0.0,0,138754.0,19527.0,8650.5,2606.0,167.0,0.0,18379.0,2858.0,0.0,0.0,0.7863438304614775,0
2020-06-06,215324.0,24,10677.0,7651.0,8971.833333333334,10677.0,215327.0,0.0,0.0,0,142045.5,32486.5,14137.0,1809.5,177.0,0.0,21801.5,3368.0,0.0,0.0,0.8402953388904499,0
2020-06-07,233201.5,24,11493.0,8325.0,9716.729166666666,11493.0,233208.5,0.0,0.0,0,146281.0,44711.0,15126.5,1806.5,143.0,0.0,22056.5,3344.0,0.0,0.0,0.8454475912874503,0
2020-06-08,237280.5,24,11495.0,8529.0,9886.6875,11495.0,237286.5,0.0,0.0,0,140324.5,51481.0,17940.0,2502.5,235.0,0.0,22029.0,3136.0,0.0,0.0,0.8600859069160505,0
2020-06-09,245546.5,24,11934.0,8770.0,10231.104166666666,11934.0,245550.5,0.0,0.0,0,140058.5,59457.0,18139.5,2626.5,202.0,0.0,21934.0,3500.0,0.0,0.0,0.8573072035081839,0
2020-06-10,240111.0,24,11629.0,8519.0,10004.625,11629.0,240117.0,0.0,0.0,0,128941.0,64667.0,18491.0,2778.5,231.0,0.0,22024.0,3324.0,0.0,0.0,0.8603168802132599,0
2020-06-11,237313.5,24,11261.0,8418.0,9888.0625,11261.0,237322.5,0.0,0.0,0,136507.0,56876.5,17245.0,2170.5,183.0,0.0,22615.5,3337.0,0.0,0.0,0.8780803214634579,0
2020-06-12,210604.0,24,10931.0,7016.0,8775.166666666666,10931.0,200608.0,0.0,0.0,0,136170.0,36719.0,16028.0,2436.5,180.0,0.0,16811.0,2992.0,0.0,0.0,0.8027780318970511,0
2020-06-13,213456.5,24,10741.0,7512.0,8894.020833333334,10741.0,213462.5,0.0,0.0,0,136470.5,35308.5,17298.5,2185.0,122.0,0.0,19470.5,2787.0,0.0,0.0,0.8280440213512088,0
2020-06-14,231348.0,24,11410.0,8073.0,9639.5,11410.0,231354.0,0.0,0.0,0,138545.5,47303.0,17752.0,1933.0,151.0,0.0,22910.5,2998.0,0.0,0.0,0.844829097283085,0
2020-06-15,238713.0,24,11634.0,8441.0,9946.375,11634.0,238722.0,0.0,0.0,0,138922.5,54046.5,17602.5,1918.0,175.0,0.0,22920.0,3381.0,0.0,0.0,0.8549402613030772,0
2020-06-16,237712.5,24,11389.0,8470.0,9904.6875,11389.0,237716.5,0.0,0.0,0,138567.5,53965.0,17454.5,1641.0,106.0,0.0,22862.0,3369.0,0.0,0.0,0.86967139344982,0
2020-06-17,223619.5,24,10915.5,8043.0,9317.479166666666,10915.5,223624.5,0.0,0.0,0,140084.0,39430.0,16150.5,2329.0,54.0,0.0,22693.0,3082.0,0.0,0.0,0.8536007664941291,0
2020-06-18,212318.5,24,10510.0,7402.0,8846.604166666666,10510.0,212197.5,0.0,0.0,0,137385.5,33084.0,14393.0,2351.5,58.0,0.0,22710.0,2623.0,0.0,0.0,0.8417320805581985,0
2020-06-19,204426.0,24,10572.0,7175.0,8517.75,10572.0,204430.0,0.0,0.0,0,135404.5,27942.0,15713.5,2359.0,114.0,0.0,20044.0,2748.0,0.0,0.0,0.8056895573212258,0
2020-06-20,221637.0,24,11332.0,7708.0,9234.875,11332.0,221644.0,0.0,0.0,0,139267.5,41739.0,15908.0,2354.5,131.0,0.0,19008.0,3232.0,0.0,0.0,0.8149377867984469,0
2020-06-21,227789.5,24,11090.0,8276.0,9491.229166666666,11090.0,227794.5,0.0,0.0,0,133659.0,55959.0,10080.0,2353.5,112.0,0.0,23012.5,2869.0,0.0,0.0,0.8558367147580402,0
2020-06-22,230114.5,24,11501.0,7985.0,9588.104166666666,11501.0,230121.5,0.0,0.0,0,137407.5,50798.0,14132.5,2363.0,187.0,0.0,22871.0,2574.0,0.0,0.0,0.8336756948671129,0
2020-06-23,240410.5,24,11693.0,8497.0,10017.104166666666,11693.0,240418.5,0.0,0.0,0,138301.5,71844.5,3731.5,2271.0,158.0,0.0,21655.5,3368.0,0.0,0.0,0.8566752900595798,0
2020-06-24,249504.0,24,12070.0,8976.0,10396.0,12070.0,249513.0,0.0,0.0,0,133318.5,83641.5,4045.5,2326.5,181.0,0.0,22820.0,3426.0,0.0,0.0,0.8613090306545154,0
2020-06-25,242413.5,24,11528.5,8837.0,10100.5625,11528.5,242418.5,0.0,0.0,0,138284.0,59750.5,16025.0,2326.5,101.0,0.0,22631.0,3523.0,0.0,0.0,0.8761384828902286,0
2020-06-26,217819.5,24,11039.5,7620.0,9075.8125,11039.5,217823.5,0.0,0.0,0,135491.0,40565.0,14502.0,1869.0,93.0,0.0,22683.5,2960.0,0.0,0.0,0.8221216993523257,0
2020-06-27,217165.5,24,10794.0,7639.0,9048.5625,10794.0,207672.5,0.0,0.0,0,140477.0,34684.5,14092.5,2518.5,86.0,0.0,22820.0,2727.0,0.0,0.0,0.8382955808782657,0
2020-06-28,222233.0,24,10619.0,7995.0,9259.708333333334,10619.0,217490.0,0.0,0.0,0,140331.5,37836.0,16486.0,2500.0,122.0,0.0,22718.0,2476.0,0.0,0.0,0.8719943811407227,0
2020-06-29,227238.5,24,11286.0,7928.0,9468.270833333334,11286.0,227243.5,0.0,0.0,0,143730.5,39226.5,16647.0,2535.0,217.0,0.0,22491.5,2516.0,0.0,0.0,0.8389394677771871,0
2020-06-30,236853.5,24,11367.0,8188.0,9868.895833333334,11367.0,236857.5,0.0,0.0,0,148646.0,43292.5,17347.0,2542.5,217.0,0.0,22488.0,2561.0,0.0,0.0,0.86820584440339,0
2020-07-01,250706.5,24,12112.0,9038.0,10446.104166666666,12112.0,250715.5,0.0,0.0,0,153839.0,55239.0,17613.5,2556.0,178.0,0.0,18295.0,2919.0,0.0,0.0,0.8624590626376045,0
2020-07-02,252828.0,24,12032.0,9104.0,10534.5,12032.0,252837.0,0.0,0.0,0,147187.5,62140.5,17709.5,2552.0,119.0,0.0,22042.0,3110.0,0.0,0.0,0.8755402260638298,0
2020-07-03,230651.0,24,11588.0,8134.0,9610.458333333334,11588.0,230659.0,0.0,0.0,0,145150.0,40215.5,17610.0,2515.0,155.0,0.0,22221.0,3141.0,0.0,0.0,0.8293457312162007,0
2020-07-04,243014.5,24,11766.0,8889.0,10125.604166666666,11766.0,243023.5,0.0,0.0,0,146794.0,57835.5,11802.5,2519.5,172.0,0.0,20617.0,3325.0,0.0,0.0,0.8605816901807467,0
2020-07-05,241360.0,24,11527.0,8580.0,10056.666666666666,11527.0,241369.0,0.0,0.0,0,146182.5,55490.0,12098.0,2547.5,97.0,0.0,22222.0,3345.0,0.0,0.0,0.8724444058876261,0
2020-07-06,235535.5,24,11470.0,8405.0,9813.979166666666,11470.0,235539.5,0.0,0.0,0,144909.0,45283.0,16988.0,2524.0,126.0,0.0,22681.0,3097.0,0.0,0.0,0.8556215489683231,0
2020-07-07,241719.5,24,11904.0,8559.0,10071.645833333334,11904.0,241725.5,0.0,0.0,0,148354.5,49074.0,16561.0,1923.0,173.0,0.0,22685.0,3338.0,0.0,0.0,0.8460723986335126,0
2020-07-08,250518.5,24,12086.0,9175.0,10438.270833333334,12086.0,250526.5,0.0,0.0,0,140616.5,65744.0,16440.5,1976.0,63.0,0.0,22657.0,3270.0,0.0,0.0,0.8636662943350434,0
2020-07-09,246373.5,24,11707.5,8846.0,10265.5625,11707.5,246378.5,0.0,0.0,0,136617.5,65761.5,17168.0,2565.5,139.0,0.0,22912.5,3339.0,0.0,0.0,0.8768364296391202,0
2020-07-10,219207.5,24,10959.5,7437.0,9133.645833333334,10959.5,219213.5,0.0,0.0,0,138824.5,36144.0,16037.0,2543.5,63.0,0.0,22707.5,3131.0,0.0,0.0,0.8333998661739435,0
2020-07-11,220408.0,24,10576.0,7732.0,9183.666666666666,10576.0,220413.0,0.0,0.0,0,137886.0,38600.5,15396.5,2558.5,94.0,0.0,23020.5,3113.0,0.0,0.0,0.8683497226424609,0
2020-07-12,224515.5,24,10886.0,8021.0,9354.8125,10886.0,224520.5,0.0,0.0,0,139020.0,41797.0,15323.5,2573.0,61.0,0.0,23031.5,2961.0,0.0,0.0,0.8593434227448098,0
2020-07-13,231190.5,24,11452.0,8140.0,9632.9375,11452.0,231197.5,0.0,0.0,0,140815.5,52193.0,9537.5,2610.0,98.0,0.0,23006.5,3186.0,0.0,0.0,0.8411576580509954,0
2020-07-14,240636.0,24,11783.0,8656.0,10026.5,11783.0,240641.0,0.0,0.0,0,142584.0,63773.5,5564.5,2730.0,138.0,0.0,23015.5,3189.0,0.0,0.0,0.8509293049308325,0
2020-07-15,243887.0,24,12017.0,8666.0,10161.958333333334,12017.0,243885.0,0.0,0.0,0,143875.5,61955.0,15434.0,3248.5,186.0,0.0,15967.5,3350.0,0.0,0.0,0.845631882610746,0
2020-07-16,248876.0,24,12054.0,8960.0,10369.833333333334,12054.0,248882.0,0.0,0.0,0,141858.0,63304.5,14990.5,3453.5,196.0,0.0,22232.0,3366.0,0.0,0.0,0.8602815109783751,0
2020-07-17,236732.0,24,11799.0,8218.0,9863.833333333334,11799.0,236742.0,0.0,0.0,0,141478.5,50526.5,15644.5,3468.0,163.0,0.0,22365.5,3297.0,0.0,0.0,0.8359889256151651,0
2020-07-18,248500.0,24,12109.0,8998.0,10354.166666666666,12109.0,248504.0,0.0,0.0,0,143908.0,60168.5,15542.0,3241.0,108.0,0.0,22366.0,3273.0,0.0,0.0,0.8550802433451702,0
2020-07-19,245803.0,24,11929.0,8879.0,10241.791666666666,11929.0,245810.0,0.0,0.0,0,143310.5,57043.0,16067.0,3464.0,105.0,0.0,22735.5,3304.0,0.0,0.0,0.8585624668175594,0
2020-07-20,226496.5,24,10787.0,8114.0,9437.354166666666,10787.0,226503.5,0.0,0.0,0,139801.0,42587.0,15047.0,3461.5,60.0,0.0,22724.0,3055.0,0.0,0.0,0.8748821884366984,0
2020-07-21,219959.0,24,10747.0,8093.0,9164.958333333334,10747.0,219735.5,0.0,0.0,0,133675.5,42766.0,14580.5,3490.0,109.0,0.0,22639.5,2551.0,0.0,0.0,0.8527922521013617,0
2020-07-22,225286.5,24,11483.0,7892.0,9386.9375,11483.0,225293.5,0.0,0.0,0,134724.0,48979.0,15248.5,3530.0,147.0,0.0,21022.5,2196.0,0.0,0.0,0.8174638596185666,0
2020-07-23,234199.0,24,11580.0,8300.0,9758.291666666666,11580.0,235205.0,900.0,900.0,1,134792.0,56062.5,15168.5,3525.0,71.0,0.0,22398.0,2976.0,0.0,0.0,0.8426849453080022,1
2020-07-24,220918.5,24,11028.0,7677.0,9204.9375,11028.0,220924.5,0.0,0.0,0,136464.5,42953.5,15097.5,3081.5,184.0,0.0,20913.5,2657.0,0.0,0.0,0.8346878400435256,0
2020-07-25,237330.0,24,12225.0,8394.0,9888.75,12225.0,237148.0,0.0,0.0,0,140473.0,53133.0,14971.5,3551.0,111.0,0.0,22462.5,2891.0,0.0,0.0,0.8088957055214724,0
2020-07-26,261029.0,24,12552.0,9271.0,10876.208333333334,12552.0,261035.0,0.0,0.0,0,141911.5,74308.5,15643.5,3582.5,73.0,0.0,22464.0,3237.0,0.0,0.0,0.8664920596983217,0
2020-07-27,249399.5,24,12109.5,8767.0,10391.645833333334,12109.5,249408.5,0.0,0.0,0,147196.0,57628.5,15435.0,3428.5,110.0,0.0,22473.0,3453.0,0.0,0.0,0.8581399589853697,0
2020-07-28,243787.5,24,11797.0,8881.0,10157.8125,11797.0,243793.5,0.0,0.0,0,143503.0,56111.0,15109.5,3492.0,105.0,0.0,22370.0,3311.0,0.0,0.0,0.8610504789353225,0
2020-07-29,234816.0,24,11548.0,8257.0,9784.0,11548.0,234824.0,0.0,0.0,0,148378.0,42235.0,15296.5,3485.0,159.0,0.0,22691.0,2840.0,0.0,0.0,0.8472462764114999,0
2020-07-30,231011.5,24,11248.0,8114.0,9625.479166666666,11248.0,231015.5,0.0,0.0,0,135539.0,50619.0,15895.0,3445.0,99.0,0.0,22469.0,3162.0,0.0,0.0,0.8557502815315314,0
2020-07-31,208389.5,24,10657.0,7092.0,8682.895833333334,10657.0,207584.0,0.0,0.0,0,136571.5,28307.5,14607.5,3409.0,200.0,0.0,22576.5,3003.5,0.0,0.0,0.8147598604985768,0
2020-08-01,206007.0,24,10865.0,6788.0,8583.625,10865.0,206014.0,0.0,0.0,0,137863.5,25861.0,15330.0,3394.5,178.0,0.0,21040.0,2838.0,0.0,0.0,0.7900253106304648,0
2020-08-02,219319.0,24,10946.0,7734.0,9138.291666666666,10946.0,219326.0,0.0,0.0,0,126747.0,48860.5,14749.5,3398.0,190.0,0.0,22871.0,2802.0,0.0,0.0,0.8348521529934831,0
2020-08-03,233401.0,24,11454.0,8334.0,9725.041666666666,11454.0,233406.0,0.0,0.0,0,117946.5,70166.0,16041.5,3334.5,180.0,0.0,22754.5,3062.0,0.0,0.0,0.849052005121937,0
2020-08-04,224877.5,24,11119.5,7730.0,9369.895833333334,11119.5,224882.5,0.0,0.0,0,137483.0,45009.0,13447.5,3198.0,205.0,0.0,22850.0,2942.0,0.0,0.0,0.8426544209122113,0
2020-08-05,216537.0,24,10666.0,7465.0,9022.375,10666.0,216546.0,0.0,0.0,0,134392.5,40343.0,14084.0,2428.5,144.0,0.0,22567.5,2641.0,0.0,0.0,0.8459005250328145,0
2020-08-06,227365.5,24,11200.0,8124.0,9473.5625,11200.0,227371.5,0.0,0.0,0,137538.0,46702.5,15327.5,2619.5,102.0,0.0,22547.5,2757.0,0.0,0.0,0.8458537946428571,0
2020-08-07,226140.0,24,11364.0,7862.0,9422.5,11364.0,226145.0,0.0,0.0,0,130463.5,51961.5,15435.5,3489.5,118.0,0.0,22397.5,2595.0,0.0,0.0,0.8291534670890531,0
2020-08-08,243170.0,24,12023.0,8458.0,10132.083333333334,12023.0,243176.0,0.0,0.0,0,139136.5,59999.0,15488.5,2936.0,170.0,0.0,22383.0,3384.0,0.0,0.0,0.8427250547561619,0
2020-08-09,251186.0,24,11974.0,8955.0,10466.083333333334,11974.0,251193.0,0.0,0.0,0,139170.0,66847.0,15917.5,3562.0,154.0,0.0,22171.0,3562.0,0.0,0.0,0.8740674238628139,0
2020-08-10,255581.5,24,11985.0,9161.0,10649.229166666666,11985.0,255586.5,0.0,0.0,0,143914.5,67655.0,15453.0,3543.5,174.0,0.0,22260.5,2848.0,0.0,0.0,0.8885464469475733,0
2020-08-11,255566.5,24,12246.0,9322.0,10648.604166666666,12246.0,255575.5,0.0,0.0,0,142153.0,69107.0,15805.0,3118.0,88.0,0.0,22450.0,3147.0,0.0,0.0,0.8695577467472372,0
2020-08-12,257107.0,24,12284.0,9148.0,10712.791666666666,12284.0,257112.0,0.0,0.0,0,139231.0,72911.0,16032.5,3317.0,172.0,0.0,22192.5,3454.0,0.0,0.0,0.8720931021382828,0
2020-08-13,261233.0,24,12347.0,9307.0,10884.708333333334,12347.0,261241.0,0.0,0.0,0,139349.0,75827.5,16361.5,3680.0,212.0,0.0,22336.0,3594.0,0.0,0.0,0.8815670473259362,0
2020-08-14,247102.5,24,12196.5,8394.0,10295.9375,12196.5,247110.5,0.0,0.0,0,139497.5,62670.5,15758.0,3689.0,169.0,0.0,22286.5,3292.0,0.0,0.0,0.8441714836223507,0
2020-08-15,221599.0,24,11282.0,7656.0,9233.291666666666,11282.0,221607.0,0.0,0.0,0,139600.0,38524.5,14741.5,3700.0,103.0,0.0,22352.0,2805.0,0.0,0.0,0.818409117768717,0
2020-08-16,230638.5,24,11450.0,7835.0,9609.9375,11450.0,230647.5,0.0,0.0,0,140200.0,47272.5,14500.5,3793.5,82.0,0.0,22180.0,2894.0,0.0,0.0,0.8392958515283843,0
2020-08-17,238654.5,24,11682.0,8409.0,9943.9375,11682.0,238661.5,0.0,0.0,0,136185.0,58092.0,15679.0,3714.0,135.0,0.0,22169.5,2877.0,0.0,0.0,0.8512187553501113,0
2020-08-18,241202.0,24,11793.0,8485.0,10050.083333333334,11793.0,241209.0,0.0,0.0,0,134999.5,62060.5,15249.0,3676.0,55.0,0.0,22286.0,3116.0,0.0,0.0,0.8522075242375421,0
2020-08-19,239514.0,24,11429.0,8527.0,9979.75,11429.0,239512.0,0.0,0.0,0,131231.5,65195.5,14333.5,3396.5,84.0,0.0,22420.0,3086.0,0.0,0.0,0.8731953801732435,0
2020-08-20,227852.5,24,11132.0,8126.0,9493.854166666666,11132.0,227728.5,0.0,0.0,0,129532.5,56274.5,13909.0,2867.0,73.0,0.0,22499.5,2979.0,0.0,0.0,0.8528435291651695,0
2020-08-21,208006.0,24,10401.0,7337.0,8666.916666666666,10401.0,208012.0,0.0,0.0,0,125929.5,39854.5,14232.5,2870.0,123.0,0.0,22557.5,2681.0,0.0,0.0,0.8332772489824696,0
2020-08-22,221701.5,24,11429.0,7618.0,9237.5625,11429.0,221710.5,0.0,0.0,0,125142.5,55079.0,14434.0,2869.0,92.0,0.0,21446.0,2927.0,0.0,0.0,0.8082564091346575,0
2020-08-23,235629.0,24,11804.0,8032.0,9817.875,11804.0,235635.0,0.0,0.0,0,127661.0,70551.0,11840.0,1894.5,180.0,0.0,20913.5,3097.0,0.0,0.0,0.8317413588614029,0
2020-08-24,246305.0,24,11830.0,8577.0,10262.708333333334,11830.0,246312.0,0.0,0.0,0,127711.0,75483.0,15686.0,1849.0,179.0,0.0,22462.5,3204.0,0.0,0.0,0.8675154973231897,0
2020-08-25,245552.5,24,11400.0,8832.0,10231.354166666666,11400.0,245537.5,0.0,0.0,0,126188.5,77121.5,14595.0,1857.0,136.0,0.0,22691.5,3223.0,0.0,0.0,0.8974872076023391,0
2020-08-26,236261.5,24,11302.0,8421.0,9844.229166666666,11302.0,236265.5,0.0,0.0,0,125329.0,69237.0,13938.0,2025.5,156.0,0.0,22696.0,3166.0,0.0,0.0,0.8710165604907686,0
2020-08-27,242844.0,24,11595.0,8491.0,10118.5,11595.0,242849.0,0.0,0.0,0,124718.0,77648.0,12551.0,2038.5,150.0,0.0,22603.5,3389.0,0.0,0.0,0.8726606295817163,0
2020-08-28,228772.5,24,11293.5,7848.0,9532.1875,11293.5,228711.5,0.0,0.0,0,122466.5,63260.5,15472.0,2046.5,172.0,0.0,22437.0,3153.0,0.0,0.0,0.844041926772037,0
2020-08-29,241825.5,24,12081.0,8093.0,10076.0625,12081.0,241832.5,0.0,0.0,0,129496.0,76202.0,10408.5,2065.0,187.0,0.0,20768.0,3334.0,0.0,0.0,0.834042090886516,0
2020-08-30,250693.5,24,12200.0,8955.0,10445.5625,12200.0,250697.5,0.0,0.0,0,129391.5,78209.5,15145.0,2085.0,128.0,0.0,22485.0,3475.0,0.0,0.0,0.8561936475409836,0
2020-08-31,264955.5,24,12457.0,9522.0,11039.8125,12457.0,264963.5,0.0,0.0,0,132272.5,88840.5,16225.0,2066.5,108.0,0.0,22669.0,3133.0,0.0,0.0,0.8862336437344465,0
2020-09-01,245394.5,24,12033.5,9026.0,10224.770833333334,12033.5,245402.5,0.0,0.0,0,128526.0,74766.5,14384.0,1969.0,126.0,0.0,22579.5,3381.0,0.0,0.0,0.8496921787786873,0
2020-09-02,244807.0,24,12026.0,8452.0,10200.291666666666,12026.0,244814.0,0.0,0.0,0,128291.5,74103.0,14836.5,1878.0,238.0,0.0,22289.0,3442.0,0.0,0.0,0.8481865679915738,0
2020-09-03,257121.0,24,12414.0,9015.0,10713.375,12414.0,257126.0,0.0,0.0,0,134671.0,82382.0,12853.0,1866.5,245.0,0.0,21922.0,3629.0,0.0,0.0,0.8630074915418077,0
2020-09-04,247091.0,24,12106.0,8634.0,10295.458333333334,12106.0,247098.0,0.0,0.0,0,139319.5,67936.5,12597.0,1868.0,170.0,0.0,22106.0,3502.0,0.0,0.0,0.850442617985572,0
2020-09-05,261862.0,24,12892.0,9300.0,10910.916666666666,12892.0,261871.0,0.0,0.0,0,140877.0,80401.0,12942.0,1854.5,182.0,0.0,22169.0,3751.0,0.0,0.0,0.846332350811873,0
2020-09-06,264633.0,24,12343.0,9638.0,11026.375,12343.0,264634.0,0.0,0.0,0,141499.5,80898.0,14528.0,1860.5,115.0,0.0,22209.5,3791.0,0.0,0.0,0.8933302276594021,0
2020-09-07,249040.5,24,11723.5,9047.0,10376.6875,11723.5,249042.5,0.0,0.0,0,145199.5,60221.5,15507.0,1861.0,156.0,0.0,22596.0,3805.0,0.0,0.0,0.8851185652748752,0
2020-09-08,248047.0,24,11954.0,8985.0,10335.291666666666,11954.0,248048.0,0.0,0.0,0,148473.0,56770.0,14593.0,1786.0,195.0,0.0,22663.0,3791.0,0.0,0.0,0.8645885617087725,0
2020-09-09,255788.0,24,12493.0,9003.0,10657.833333333334,12493.0,255788.0,0.0,0.0,0,145473.5,66570.0,15607.0,1886.0,188.0,0.0,22677.5,3699.0,0.0,0.0,0.8531044051335415,0
2020-09-10,249602.0,24,11935.0,9121.0,10400.083333333334,11935.0,249602.0,0.0,0.0,0,142294.0,65037.5,15244.0,1031.5,177.0,0.0,22687.0,3423.0,0.0,0.0,0.8713936601033375,0
2020-09-11,229894.5,24,11409.5,7994.0,9578.9375,11409.5,229894.5,0.0,0.0,0,149489.5,40185.0,15119.0,1089.0,194.0,0.0,21217.0,3014.0,0.0,0.0,0.8395580437354836,0
2020-09-12,245169.0,24,12229.0,8529.0,10215.375,12229.0,245169.0,0.0,0.0,0,150433.5,52374.5,15251.0,1087.5,180.0,0.0,22578.0,3518.0,0.0,0.0,0.835340174993867,0
2020-09-13,257766.0,24,12290.0,9316.0,10740.25,12290.0,257767.0,0.0,0.0,0,149720.0,64832.0,15725.5,1437.0,166.0,0.0,22488.5,3636.0,0.0,0.0,0.8739015459723353,0
2020-09-14,254257.0,24,12040.0,9206.0,10594.041666666666,12040.0,254257.0,0.0,0.0,0,146969.5,64987.0,14942.0,1336.0,154.0,0.0,22488.0,3616.0,0.0,0.0,0.8799037929125137,0
2020-09-15,253189.0,24,12064.0,9158.0,10549.541666666666,12064.0,253189.0,0.0,0.0,0,139688.0,71007.0,15518.0,967.0,155.0,0.0,22629.0,3483.0,0.0,0.0,0.8744646606984968,0
2020-09-16,250684.5,24,11966.0,8847.0,10445.1875,11966.0,250684.5,0.0,0.0,0,122879.5,85299.5,15307.0,1178.0,170.0,0.0,22584.0,3511.0,0.0,0.0,0.8729055239846231,0
2020-09-17,249011.0,24,11621.0,9036.0,10375.458333333334,11621.0,249011.0,0.0,0.0,0,120462.0,93726.5,9250.0,1493.0,188.0,0.0,21120.0,3591.0,0.0,0.0,0.8928197515991166,0
2020-09-18,230172.5,24,11639.0,8064.0,9590.520833333334,11639.0,230172.5,0.0,0.0,0,127904.0,70960.5,5722.5,1231.0,171.0,0.0,20745.5,3580.0,0.0,0.0,0.8239986969098148,0
2020-09-19,253996.5,24,12711.0,8678.0,10583.1875,12711.0,253996.5,0.0,0.0,0,133248.0,77531.0,16420.0,1359.5,199.0,0.0,22447.5,3736.0,0.0,0.0,0.8326007001809457,0
2020-09-20,263906.0,24,12220.0,9325.0,10996.083333333334,12220.0,263906.0,0.0,0.0,0,137077.0,84741.5,14342.0,1463.5,197.0,0.0,22494.0,3873.0,0.0,0.0,0.8998431533006002,0
2020-09-21,251020.0,24,11925.0,8960.0,10459.166666666666,11925.0,251020.0,0.0,0.0,0,134364.5,74425.0,15358.0,1480.5,88.0,0.0,22368.0,3158.0,0.0,0.0,0.877078965758211,0
2020-09-22,238544.5,24,11422.0,8475.0,9939.354166666666,11422.0,238544.5,0.0,0.0,0,133107.5,63326.0,15107.5,1403.0,53.0,0.0,22388.0,3387.0,0.0,0.0,0.8701938510476857,0
2020-09-23,233589.5,24,11352.0,8503.0,9732.895833333334,11352.0,233589.5,0.0,0.0,0,131753.0,59905.5,15143.0,1226.0,93.0,0.0,22398.0,3325.0,0.0,0.0,0.8573727830631901,0
2020-09-24,229813.0,24,11477.0,7827.0,9575.541666666666,11477.0,229720.0,0.0,0.0,0,126367.5,61210.0,14766.5,1035.0,126.0,0.0,22519.5,3031.0,0.0,0.0,0.8343244459934361,0
2020-09-25,209186.5,24,10386.5,7012.0,8716.104166666666,10386.5,209186.5,0.0,0.0,0,126653.0,41007.0,14264.0,1504.0,72.0,0.0,22540.0,2913.0,0.0,0.0,0.8391762544328374,0
2020-09-26,218733.0,24,10645.0,7804.0,9113.875,10645.0,218733.0,0.0,0.0,0,131037.5,46591.5,14770.0,1218.5,108.0,0.0,22301.0,2903.0,0.0,0.0,0.8561648661343354,0
2020-09-27,226811.5,24,11499.0,7876.0,9450.479166666666,11499.0,226811.5,0.0,0.0,0,136159.0,48436.0,15728.0,1033.5,143.0,0.0,22460.5,3077.0,0.0,0.0,0.821852262515581,0
2020-09-28,240123.5,24,12108.0,8201.0,10005.145833333334,12108.0,240123.5,0.0,0.0,0,133346.0,63903.0,16166.0,998.0,225.0,0.0,22414.0,3309.0,0.0,0.0,0.8263252257460633,0
2020-09-29,253277.0,24,12250.0,8783.0,10553.208333333334,12250.0,253252.5,0.0,0.0,0,128675.5,81103.0,16620.0,1117.0,208.0,0.0,22409.5,3372.0,0.0,0.0,0.8614863945578232,0
2020-09-30,260418.0,24,12428.0,9241.0,10850.75,12428.0,260418.0,0.0,0.0,0,134319.5,84033.0,15197.0,1001.0,194.0,0.0,22237.5,3474.0,0.0,0.0,0.8730889925973608,0
2020-10-01,252988.5,24,12065.0,9083.0,10541.1875,12065.0,252988.5,0.0,0.0,0,130316.0,79978.0,16219.0,1032.5,114.0,0.0,22371.5,3205.0,0.0,0.0,0.8736997513468712,0
2020-10-02,227967.5,24,11238.0,8097.0,9498.645833333334,11238.0,227967.5,0.0,0.0,0,122672.5,63054.0,15647.0,1022.0,204.0,0.0,22436.0,3173.0,0.0,0.0,0.8452256480987127,0
2020-10-03,241626.0,24,12091.0,8517.0,10067.75,12091.0,241626.0,0.0,0.0,0,128777.5,69571.0,16521.0,1012.5,186.0,0.0,22306.0,3475.0,0.0,0.0,0.8326647919940452,0
2020-10-04,255027.0,24,12317.0,8930.0,10626.125,12317.0,255027.0,0.0,0.0,0,140641.5,71581.0,16568.0,1018.0,168.0,0.0,22172.5,3219.0,0.0,0.0,0.862720224080539,0
2020-10-05,252055.0,24,12054.0,8982.0,10502.291666666666,12054.0,252055.0,0.0,0.0,0,140353.0,69333.0,16127.0,1206.0,165.0,0.0,21887.5,3233.0,0.0,0.0,0.8712702560699076,0
2020-10-06,243245.5,24,11944.0,8583.0,10135.229166666666,11944.0,243245.5,0.0,0.0,0,143307.0,57491.5,16299.5,2008.0,120.0,0.0,21901.0,3128.0,0.0,0.0,0.8485623883679392,0
2020-10-07,242210.5,24,11872.0,8442.0,10092.104166666666,11872.0,242210.5,0.0,0.0,0,136972.5,61259.5,16300.0,2490.0,218.0,0.0,22083.0,3095.0,0.0,0.0,0.8500761595911949,0
2020-10-08,249008.0,24,12152.0,8686.0,10375.333333333334,12152.0,249008.0,0.0,0.0,0,137013.5,67297.0,16640.0,2898.5,189.0,0.0,22020.5,3203.0,0.0,0.0,0.8537963572525785,0
2020-10-09,242934.5,24,11909.0,8478.0,10122.270833333334,11909.0,242934.5,0.0,0.0,0,135984.5,62497.0,16353.0,2662.0,214.0,0.0,22125.0,3123.0,0.0,0.0,0.849968161334565,0
2020-10-10,253816.0,24,12592.0,8776.0,10575.666666666666,12592.0,253816.0,0.0,0.0,0,144517.0,63796.0,16124.0,2880.0,93.0,0.0,22119.5,3300.0,0.0,0.0,0.8398718763235916,0
2020-10-11,267066.5,24,12759.0,9451.0,11127.770833333334,12759.0,267066.5,0.0,0.0,0,144521.0,77992.5,16622.0,2903.0,196.0,0.0,21737.5,3275.0,0.0,0.0,0.8721507040781671,0
2020-10-12,265422.0,24,12722.0,9260.0,11059.25,12722.0,265422.0,0.0,0.0,0,146388.5,75152.0,16159.0,2910.5,218.0,0.0,21686.5,3203.0,0.0,0.0,0.8693012105014934,0
2020-10-13,264792.5,24,12720.0,9317.0,11033.020833333334,12720.0,264792.5,0.0,0.0,0,145795.0,74080.5,16737.0,2906.5,231.0,0.0,21908.5,3321.0,0.0,0.0,0.8673758516771489,0
2020-10-14,262805.5,24,12518.0,9233.0,10950.229166666666,12518.0,262805.5,0.0,0.0,0,143438.0,74945.5,16035.0,2912.0,199.0,0.0,21912.0,3433.0,0.0,0.0,0.8747586808329338,0
2020-10-15,263551.8333333333,24,12684.0,9071.0,10981.326388888889,12684.0,263551.8333333333,0.0,0.0,0,143486.5,75510.83333333333,16270.0,2877.6666666666665,210.0,0.0,22211.5,3232.0,0.0,0.0,0.8657620931006692,0
2020-10-16,247882.66666666666,24,12094.666666666666,8492.0,10328.444444444443,12094.666666666666,247882.66666666666,0.0,0.0,0,145772.0,57484.666666666664,16172.0,2871.3333333333335,189.0,0.0,22261.0,3260.0,0.0,0.0,0.8539668540770955,0
2020-10-17,254671.5,24,12594.0,8773.0,10611.3125,12594.0,254671.5,0.0,0.0,0,147064.5,63005.5,16279.0,2898.0,146.0,0.0,22267.0,3238.0,0.0,0.0,0.8425688820073051,0
2020-10-18,259933.0,24,12496.0,8928.0,10830.541666666666,12496.0,259975.0,0.0,0.0,0,145885.5,69467.5,16536.0,2876.5,178.5,0.0,22282.0,2941.0,0.0,0.0,0.866720683952198,0
2020-10-19,258435.5,24,12627.0,8862.0,10768.145833333334,12627.0,258435.5,0.0,0.0,0,143874.0,70165.5,16299.0,2858.0,172.0,0.0,22316.5,2990.0,0.0,0.0,0.8527873472189225,0
2020-10-20,260316.5,24,12538.0,8975.0,10846.520833333334,12538.0,260238.0,7348.0,7348.0,1,144799.5,72390.5,15604.0,2882.0,222.0,0.0,22299.5,2359.0,0.0,0.0,0.8650917876322647,1
2020-10-21,250948.5,24,11978.0,8976.0,10456.1875,11978.0,250948.5,0.0,0.0,0,142732.0,65001.5,15159.0,2886.5,83.0,0.0,22296.0,3070.0,0.0,0.0,0.872949365503423,0
2020-10-22,218524.5,24,10984.5,7830.0,9105.1875,10984.5,218524.5,0.0,0.0,0,137811.0,39165.5,14016.5,2913.0,56.0,0.0,22319.5,2547.5,0.0,0.0,0.8289123310118803,0
2020-10-23,172448.0,24,9451.0,5823.0,7185.333333333333,9451.0,169297.0,0.0,0.0,0,128274.0,9331.0,12541.0,2915.0,38.0,0.0,17977.0,1918.0,0.0,0.0,0.7602722815927767,0
2020-10-24,187330.0,24,9790.0,6220.0,7805.416666666667,9790.0,187330.0,0.0,0.0,0,133411.0,17110.0,13967.0,3798.0,61.0,0.0,16804.5,2569.0,0.0,0.0,0.7972846441947565,0
2020-10-25,207692.0,24,10732.0,6872.0,8653.833333333334,10732.0,207692.0,0.0,0.0,0,142026.5,23845.0,13029.0,3737.5,140.0,0.0,22212.5,2913.0,0.0,0.0,0.8063579326624426,0
2020-10-26,209091.5,24,10705.0,7081.0,8712.145833333334,10705.0,209091.5,0.0,0.0,0,141617.0,24365.5,14398.0,3819.5,271.0,0.0,22026.0,2774.0,0.0,0.0,0.8138389381908766,0
2020-10-27,219967.5,24,11294.0,7336.0,9165.3125,11294.0,219967.5,0.0,0.0,0,143255.5,33322.5,14312.0,3740.5,283.0,0.0,22257.0,3085.0,0.0,0.0,0.8115204976093501,0
2020-10-28,224275.0,24,11331.0,7680.0,9344.791666666666,11331.0,224275.0,0.0,0.0,0,142830.5,35794.0,15804.0,3774.5,502.0,0.0,22578.0,3218.0,0.0,0.0,0.8247102344600359,0
2020-10-29,233328.0,24,12085.0,7802.0,9722.0,12085.0,233328.0,0.0,0.0,0,143159.0,44723.0,15685.0,3795.0,570.0,0.0,22631.0,3020.0,0.0,0.0,0.8044683491932147,0
2020-10-30,218744.0,24,11049.0,7368.0,9114.333333333334,11049.0,218592.0,0.0,0.0,0,137211.5,35712.5,16217.0,3790.5,512.5,0.0,22632.0,3090.0,0.0,0.0,0.8249011976951157,0
2020-10-31,218529.5,24,11266.0,7322.0,9105.395833333334,11266.0,218529.5,0.0,0.0,0,134786.5,36197.0,18675.0,3778.5,295.0,0.0,22209.0,2842.0,0.0,0.0,0.8082190514231612,0
2020-11-01,222592.0,24,11051.0,7783.0,9274.666666666666,11051.0,222592.0,0.0,0.0,0,136794.0,39333.5,17853.0,3813.5,284.0,0.0,22200.0,2607.0,0.0,0.0,0.8392603987572768,0
2020-11-02,225528.0,24,11572.0,7753.0,9397.0,11572.0,225528.0,0.0,0.0,0,137866.5,42651.0,16743.0,3816.5,451.0,0.0,21791.5,2560.0,0.0,0.0,0.8120463187003111,0
2020-11-03,226271.0,24,11334.0,7846.0,9427.958333333334,11334.0,226312.5,0.0,0.0,0,135767.5,45463.0,16573.5,3805.5,412.0,0.0,21603.0,2825.0,0.0,0.0,0.8318297453090995,0
2020-11-04,211458.0,24,10322.0,7657.0,8810.75,10322.0,210641.5,0.0,0.0,0,134596.0,31598.0,16536.0,3805.5,339.0,0.0,21960.5,2868.0,0.0,0.0,0.8535894206549118,0
2020-11-05,193426.0,24,9602.0,6924.0,8059.416666666667,9602.0,193426.0,0.0,0.0,0,126034.5,24330.5,14860.0,3421.0,540.0,0.0,22149.5,2396.0,0.0,0.0,0.8393477053391655,0
2020-11-06,158600.16666666666,24,7975.0,5745.0,6608.340277777777,8506.0,161334.5,2430.0,2430.0,1,114208.33333333333,7301.333333333333,11396.833333333334,3488.8333333333335,418.0,0.0,20314.833333333332,1870.3333333333333,0.0,0.0,0.8286320097526994,1
2020-11-07,168995.33333333334,24,9242.0,5524.0,7041.472222222223,9242.0,169012.5,0.0,0.0,0,117630.66666666667,13432.666666666666,11791.666666666666,3854.6666666666665,571.0,0.0,20067.666666666668,1920.6666666666667,0.0,0.0,0.7618991800716536,0
2020-11-08,184766.0,24,9801.0,5995.0,7698.583333333333,9801.0,184766.0,0.0,0.0,0,122410.5,23806.5,14334.0,3797.5,566.0,0.0,19956.0,2347.0,0.0,0.0,0.7854895758936162,0
2020-11-09,191677.5,24,10008.0,6447.0,7986.5625,10008.0,191677.5,0.0,0.0,0,122417.0,31697.5,14585.0,3865.0,476.0,0.0,16252.0,2424.0,0.0,0.0,0.7980178357314148,0
2020-11-10,194500.5,24,10084.0,6551.0,8104.1875,10084.0,194500.5,0.0,0.0,0,125122.5,30285.5,15739.0,3861.5,490.0,0.0,16741.5,2569.0,0.0,0.0,0.8036679393097977,0
2020-11-11,192345.5,24,9996.0,6624.0,8014.395833333333,9996.0,192316.5,0.0,0.0,0,126580.0,27290.5,15329.5,3837.5,560.0,0.0,16776.5,2478.0,0.0,0.0,0.8017602874483126,0
2020-11-12,195075.5,24,10193.0,6630.0,8128.145833333333,10193.0,195075.5,0.0,0.0,0,130185.0,26907.0,14536.0,3834.5,582.0,0.0,17122.5,2315.0,0.0,0.0,0.7974242944504398,0
2020-11-13,175734.0,24,8883.0,6163.0,7322.25,8883.0,175734.0,0.0,0.0,0,127697.0,13706.0,15535.0,3796.0,571.0,0.0,12635.5,2142.0,0.0,0.0,0.8242992232353934,0
2020-11-14,184122.5,24,9822.0,6298.0,7671.770833333333,9822.0,184122.5,0.0,0.0,0,130626.5,20545.5,13541.5,3774.5,391.0,0.0,13037.0,2227.0,0.0,0.0,0.7810803129030068,0
2020-11-15,190340.0,24,9729.0,6653.0,7930.833333333333,9729.0,190340.0,0.0,0.0,0,128544.5,24327.5,13991.0,3791.5,470.0,0.0,17009.0,2536.0,0.0,0.0,0.8151745640182273,0
2020-11-16,189138.5,24,9719.0,6624.0,7880.770833333333,9719.0,189138.5,0.0,0.0,0,127780.5,23315.0,14605.0,3758.5,493.0,0.0,17005.5,2361.0,0.0,0.0,0.8108623143670474,0
2020-11-17,187725.0,24,9633.0,6530.0,7821.875,9633.0,187725.0,0.0,0.0,0,120577.5,28191.5,15535.0,3780.0,473.0,0.0,17087.5,2352.0,0.0,0.0,0.8119874390117305,0
2020-11-18,183705.5,24,9429.0,6346.0,7654.395833333333,9429.0,183705.5,0.0,0.0,0,121058.5,24238.5,15182.0,3793.0,514.0,0.0,16849.5,2299.0,0.0,0.0,0.8117929614310461,0
2020-11-19,182451.5,24,9284.0,6301.0,7602.145833333333,9284.0,182451.5,0.0,0.0,0,126296.0,18064.5,15167.0,3831.5,358.0,0.0,16831.0,2232.0,0.0,0.0,0.8188437993680885,0
2020-11-20,165126.5,24,8413.0,5970.0,6880.270833333333,8413.0,165126.5,0.0,0.0,0,114061.0,17790.0,14788.0,3681.0,428.0,0.0,12013.5,2130.0,0.0,0.0,0.8178141962835295,0
2020-11-21,174633.5,24,9321.0,5883.0,7276.395833333333,9321.0,174633.5,0.0,0.0,0,121560.5,21323.5,14460.0,3059.5,421.0,0.0,12230.0,2109.0,0.0,0.0,0.7806454064299252,0
2020-11-22,173258.0,24,8989.0,6066.0,7219.083333333333,8989.0,173258.0,0.0,0.0,0,126338.5,14492.5,14655.5,3096.0,458.0,0.0,12204.0,2071.0,0.0,0.0,0.8031019394074238,0
2020-11-23,166443.5,24,8867.0,5537.0,6935.145833333333,8867.0,166443.5,0.0,0.0,0,122397.0,11944.0,11770.0,3827.0,389.0,0.0,13882.5,2020.0,0.0,0.0,0.7821299011315364,0
2020-11-24,166845.0,24,8715.0,5543.0,6951.875,8715.0,166845.0,0.0,0.0,0,119685.5,16080.5,12350.0,3039.5,471.0,0.0,13536.0,2000.0,0.0,0.0,0.7976907630522089,0
2020-11-25,168472.0,24,8900.0,5605.0,7019.666666666667,8900.0,168472.0,0.0,0.0,0,118365.5,17688.0,13738.0,3005.5,462.0,0.0,13367.5,2058.0,0.0,0.0,0.7887265917602997,0
2020-11-26,168763.5,24,8926.0,5537.0,7031.8125,8926.0,168763.5,0.0,0.0,0,120064.5,15874.5,13261.0,2988.5,476.0,0.0,13474.5,2033.0,0.0,0.0,0.7877898834864441,0
2020-11-27,149995.0,24,7826.0,5509.0,6249.791666666667,7826.0,150104.5,0.0,0.0,0,113002.0,9734.0,12069.5,2989.0,380.0,0.0,9756.5,1789.0,0.0,0.0,0.7985933640003408,0
2020-11-28,162816.5,24,9056.0,5330.0,6784.020833333333,9056.0,162816.5,0.0,0.0,0,120600.5,15269.5,11409.0,3011.5,489.0,0.0,9717.5,1828.0,0.0,0.0,0.7491189082744405,0
2020-11-29,171274.5,24,9055.0,5683.0,7136.4375,9055.0,171274.5,0.0,0.0,0,127201.0,16048.0,12299.0,2861.5,502.0,0.0,9806.5,1982.0,0.0,0.0,0.7881212037548316,0
2020-11-30,171081.0,24,9074.0,5628.0,7128.375,9074.0,171081.0,0.0,0.0,0,129564.5,14341.0,12068.0,2980.5,436.0,0.0,9667.5,2069.0,0.0,0.0,0.7855824333259863,0
2020-12-01,171058.5,24,8968.0,5633.0,7127.4375,8968.0,171058.5,0.0,0.0,0,123322.5,18042.0,13562.0,2157.0,536.0,0.0,12238.0,2088.0,0.0,0.0,0.7947633251561106,0
2020-12-02,168699.5,24,8991.0,5635.0,7029.145833333333,8991.0,168699.5,0.0,0.0,0,116943.0,21182.5,14062.5,2121.5,461.0,0.0,12090.0,2033.0,0.0,0.0,0.781798001705409,0
2020-12-03,171024.5,24,8928.0,5721.0,7126.020833333333,8928.0,171024.5,0.0,0.0,0,107506.5,34579.5,13646.0,2117.5,396.0,0.0,11603.0,1982.0,0.0,0.0,0.7981654159199522,0
2020-12-04,153129.0,24,7901.0,5629.0,6380.375,7901.0,153129.0,0.0,0.0,0,113469.5,12728.5,12556.5,2092.5,397.0,0.0,9936.0,1930.0,0.0,0.0,0.8075401847867358,0
2020-12-05,162531.0,24,9098.0,5281.0,6772.125,9098.0,162531.0,0.0,0.0,0,117083.5,19566.5,11093.5,1968.5,221.0,0.0,11160.0,1745.0,0.0,0.0,0.7443531545394593,0
2020-12-06,170890.0,24,8805.0,5622.0,7120.416666666667,8996.0,171084.0,0.0,0.0,0,116465.0,25548.0,13507.5,1955.0,284.0,0.0,12129.0,1820.0,0.0,0.0,0.8086787809956465,0
2020-12-07,170213.5,24,8991.0,5593.0,7092.229166666667,8991.0,170213.5,0.0,0.0,0,116309.0,26968.0,12054.5,1103.0,267.5,0.0,11995.5,2083.0,0.0,0.0,0.7888142772402033,0
2020-12-08,170998.5,24,8940.0,5684.0,7124.9375,8940.0,170998.5,0.0,0.0,0,112959.5,31399.0,11810.5,1087.0,260.0,0.0,11435.5,2046.5,0.0,0.0,0.7969728747203579,0
2020-12-09,168971.5,24,8780.0,5661.0,7040.479166666667,8780.0,168971.5,0.0,0.0,0,115503.5,26754.0,11762.5,1101.0,176.0,0.0,11596.5,1972.0,0.0,0.0,0.8018768982536068,0
2020-12-10,169324.0,24,8884.0,5534.0,7055.166666666667,8884.0,169324.0,0.0,0.0,0,114062.5,27855.5,12300.5,1119.0,165.0,0.0,11440.5,2131.0,0.0,0.0,0.7941430286657662,0
2020-12-11,151778.5,24,7871.0,5487.0,6324.104166666667,7871.0,151778.5,0.0,0.0,0,107924.5,18020.0,12772.5,1127.0,216.0,0.0,9941.0,1883.0,0.0,0.0,0.8034689577774955,0
2020-12-12,158195.0,24,8743.0,5083.0,6591.458333333333,8743.0,158195.0,0.0,0.0,0,104178.5,29600.5,10554.5,1097.5,122.0,0.0,10460.0,1972.0,0.0,0.0,0.7539126539326699,0
2020-12-13,165298.5,24,8688.0,5400.0,6887.4375,8688.0,165298.5,0.0,0.0,0,104290.0,33738.5,11998.0,1095.5,262.0,0.0,12345.5,2004.0,0.0,0.0,0.7927529350828729,0
2020-12-14,168157.5,24,8850.0,5589.0,7006.5625,8850.0,168157.5,0.0,0.0,0,109882.5,31595.0,10397.5,1105.0,261.0,0.0,13519.5,2079.0,0.0,0.0,0.7917019774011299,0
2020-12-15,168164.0,24,8816.0,5649.0,7006.833333333333,8816.0,168164.0,0.0,0.0,0,104450.0,35650.5,11262.0,1106.5,256.0,0.0,12508.5,2062.0,0.0,0.0,0.7947859951603146,0
2020-12-16,150044.0,24,7665.0,5494.0,6251.833333333333,7665.0,150044.0,0.0,0.0,0,109870.5,15200.0,12442.0,1111.0,371.0,0.0,9693.5,1881.0,0.0,0.0,0.8156338334420525,0
2020-12-17,154702.0,24,8486.0,4575.0,6445.916666666667,8486.0,154702.0,0.0,0.0,0,110054.0,18261.5,12454.5,1104.0,353.0,0.0,13597.0,1943.0,0.0,0.0,0.7595942336397203,0
2020-12-18,147817.0,24,7845.0,5268.0,6159.041666666667,7845.0,147817.0,0.0,0.0,0,110360.0,12740.0,10932.5,1105.5,433.0,0.0,10930.0,1779.0,0.0,0.0,0.7850913533035905,0
2020-12-19,151941.5,24,8569.0,4945.0,6330.895833333333,8569.0,151941.5,0.0,0.0,0,109832.5,16633.0,9352.0,1119.5,341.0,0.0,13143.0,1870.0,0.0,0.0,0.7388138444781577,0
2020-12-20,164829.0,24,8725.0,5335.0,6867.875,8725.0,164829.0,0.0,0.0,0,105320.5,32220.0,10755.0,939.5,435.0,0.0,12972.0,1920.0,0.0,0.0,0.7871489971346705,0
2020-12-21,165594.0,24,8837.0,5558.0,6899.75,8837.0,165594.0,0.0,0.0,0,99652.0,37910.0,11542.0,1082.0,392.0,0.0,12742.0,1877.0,0.0,0.0,0.780779676360756,0
2020-12-22,166332.0,24,8860.0,5505.0,6930.5,8860.0,161332.0,0.0,0.0,0,97813.0,41161.5,11238.5,939.0,542.0,0.0,13498.0,1802.0,0.0,0.0,0.7822234762979684,0
2020-12-23,166238.0,24,8912.0,5555.0,6926.583333333333,8912.0,166238.0,0.0,0.0,0,102183.0,36056.5,12347.0,1039.5,360.0,0.0,12351.5,1886.0,0.0,0.0,0.7772198533812088,0
2020-12-24,166789.0,24,8838.0,5510.0,6949.541666666667,8838.0,166724.5,4626.0,4626.0,1,99804.0,37451.0,12875.5,1125.5,405.0,0.0,13757.0,1865.0,0.0,0.0,0.7863251489778985,1
2020-12-25,151018.0,24,7815.0,5614.0,6292.416666666667,7815.0,151018.0,0.0,0.0,0,103203.0,22780.5,11505.0,1096.5,461.0,0.0,10445.5,1656.0,0.0,0.0,0.8051716783962466,0
2020-12-26,155441.5,24,8754.0,4801.0,6476.729166666667,8754.0,155441.5,0.0,0.0,0,105444.0,22780.5,10616.5,1103.0,350.0,0.0,13752.5,1744.0,0.0,0.0,0.7398593976087122,0
2020-12-27,166807.0,24,8843.0,5545.0,6950.291666666667,8843.0,166807.0,0.0,0.0,0,105684.0,32460.5,11743.0,1103.5,410.0,0.0,13330.0,1931.0,0.0,0.0,0.7859653586641034,0
2020-12-28,166230.0,24,8808.0,5588.0,6926.25,8808.0,166230.0,0.0,0.0,0,101184.0,36739.0,11492.5,1098.5,359.0,0.0,13637.5,1904.0,0.0,0.0,0.7863589918256131,0
2020-12-29,168038.5,24,8904.0,5419.0,7001.604166666667,8904.0,168038.5,0.0,0.0,0,103041.0,35376.0,12721.0,1081.0,397.0,0.0,13786.0,1935.0,0.0,0.0,0.7863436844863732,0
2020-12-30,168324.0,24,8911.0,5616.0,7013.5,8911.0,168324.0,0.0,0.0,0,102175.5,45517.0,3595.0,1096.0,446.0,0.0,13578.0,1883.0,0.0,0.0,0.7870609359218943,0
2020-12-31,168618.5,24,8853.0,5571.0,7025.770833333333,8853.0,168618.5,0.0,0.0,0,100578.5,47158.0,3601.5,1091.5,439.0,0.0,14011.0,1963.0,0.0,0.0,0.7936033924470047,0
2021-01-01,151058.5,24,7826.0,5379.0,6294.104166666667,7826.0,151019.5,0.0,0.0,0,100854.5,32004.0,3601.0,1101.0,459.5,0.0,12053.0,1738.0,0.0,0.0,0.8042555796916262,0
2021-01-02,157116.0,24,8946.0,5153.0,6546.5,8946.0,157116.0,0.0,0.0,0,96728.0,40021.0,3600.0,1077.0,420.0,0.0,14183.5,1810.0,0.0,0.0,0.7317795662866086,0
2021-01-03,166106.0,24,8707.0,5435.0,6921.083333333333,8707.0,166101.5,0.0,0.0,0,106596.0,36833.5,5225.0,785.0,454.0,0.0,14765.0,1992.0,0.0,0.0,0.7948872554649515,0
2021-01-04,166766.5,24,8921.0,5580.0,6948.604166666667,8921.0,165776.5,0.0,0.0,0,102439.5,34097.0,12822.0,840.0,410.0,0.0,14243.0,1995.0,0.0,0.0,0.7789041774091097,0
2021-01-05,169480.0,24,8901.0,5551.0,7061.666666666667,8901.0,169480.0,0.0,0.0,0,98473.5,40620.0,12785.0,945.0,445.0,0.0,14540.5,1956.0,0.0,0.0,0.7933565516983111,0
2021-01-06,172461.5,24,9053.0,5622.0,7185.895833333333,9053.0,172461.5,0.0,0.0,0,101941.0,39264.5,13812.0,861.5,357.0,0.0,14156.0,2031.0,0.0,0.0,0.7937585146728524,0
2021-01-07,175048.0,24,9116.0,5765.0,7293.666666666667,9116.0,175048.0,0.0,0.0,0,100714.0,43752.0,13103.0,907.0,367.0,0.0,14538.5,1963.0,0.0,0.0,0.8000950709375457,0
2021-01-08,158243.0,24,8151.0,5744.0,6593.458333333333,8151.0,158243.0,0.0,0.0,0,101542.0,28532.5,13248.0,1066.5,383.0,0.0,12097.5,1865.0,0.0,0.0,0.8089140391771971,0
2021-01-09,167637.5,24,9124.0,5529.0,6984.895833333333,9124.0,167637.5,0.0,0.0,0,104078.5,33562.5,12653.5,1126.5,81.0,0.0,14333.0,2065.0,0.0,0.0,0.7655519326318866,0
2021-01-10,175189.5,24,9200.0,5757.0,7299.5625,9200.0,175189.5,0.0,0.0,0,105325.5,38153.0,13669.0,1112.5,329.0,0.0,14899.5,2085.0,0.0,0.0,0.7934307065217391,0
2021-01-11,178167.5,24,9272.0,5886.0,7423.645833333333,9272.0,178167.5,0.0,0.0,0,95163.0,50790.5,13976.5,1106.5,149.0,0.0,15446.5,2055.0,0.0,0.0,0.8006520527753811,0
2021-01-12,178062.0,24,9245.0,5981.0,7419.25,9245.0,178062.0,0.0,0.0,0,92540.0,53555.0,13242.0,1102.5,204.0,0.0,15503.0,2018.0,0.0,0.0,0.8025148729042726,0
2021-01-13,176144.0,24,9243.0,5886.0,7339.333333333333,9243.0,176144.0,0.0,0.0,0,92139.0,51193.5,13584.0,1117.0,312.0,0.0,15946.0,1971.0,0.0,0.0,0.7940423383461358,0
2021-01-14,178226.0,24,9125.0,5855.0,7426.083333333333,9125.0,178226.0,0.0,0.0,0,93284.5,52407.5,13830.0,1092.5,184.0,0.0,15398.0,1977.0,0.0,0.0,0.8138173515981735,0
2021-01-15,159527.5,24,8182.0,5719.0,6646.979166666667,8182.0,159527.5,0.0,0.0,0,93957.0,36474.0,13839.5,1100.5,346.0,0.0,12151.5,1844.0,0.0,0.0,0.8123905116923328,0
2021-01-16,168482.0,24,9102.0,5413.0,7020.083333333333,9102.0,168313.0,0.0,0.0,0,97732.5,37698.5,13279.5,1107.5,293.0,0.0,16614.0,1895.0,0.0,0.0,0.7712682194389511,0
2021-01-17,175879.0,24,9232.0,5531.0,7328.291666666667,9232.0,175879.0,0.0,0.0,0,96635.0,45863.5,13483.0,1108.0,314.0,0.0,16942.5,1963.0,0.0,0.0,0.7937924248989024,0
2021-01-18,176822.0,24,9297.0,5746.0,7367.583333333333,9297.0,176822.0,0.0,0.0,0,95573.0,47432.5,14187.0,1100.5,182.0,0.0,16841.5,1847.0,0.0,0.0,0.7924688967767379,0
2021-01-19,178531.5,24,9380.0,5711.0,7438.8125,9380.0,178531.5,0.0,0.0,0,99974.0,45047.0,13510.0,1100.0,223.0,0.0,16938.5,2087.0,0.0,0.0,0.7930503731343284,0
2021-01-20,180595.5,24,9220.0,5941.0,7524.8125,9220.0,180595.5,0.0,0.0,0,97817.5,49759.5,13864.0,1109.0,181.0,0.0,16146.0,2083.0,0.0,0.0,0.8161401843817787,0
2021-01-21,179944.5,24,9260.0,5735.0,7497.6875,9260.0,179944.5,0.0,0.0,0,95484.0,51238.0,13614.0,1114.0,97.0,0.0,16731.5,2021.0,0.0,0.0,0.8096854751619871,0
2021-01-22,159520.0,24,8189.0,5661.0,6646.666666666667,8189.0,159520.0,0.0,0.0,0,87246.5,42964.0,14278.0,1129.0,342.0,0.0,12126.0,1762.0,0.0,0.0,0.8116579150893475,0
2021-01-23,171587.5,24,9242.0,5304.0,7149.479166666667,9242.0,171587.5,0.0,0.0,0,89735.5,56939.0,5596.0,1114.5,294.0,0.0,16825.5,1994.0,0.0,0.0,0.7735857137704681,0
2021-01-24,176480.5,24,9104.0,5644.0,7353.354166666667,9104.0,176480.5,0.0,0.0,0,87476.5,65616.0,3591.5,1112.5,209.0,0.0,16445.0,2068.0,0.0,0.0,0.8077058618922086,0
2021-01-25,177677.5,24,9278.0,5675.0,7403.229166666667,9278.0,177587.0,0.0,0.0,0,94844.5,59254.0,3593.0,1283.0,204.5,0.0,16863.0,1929.5,0.0,0.0,0.7979337321261767,0
2021-01-26,178957.5,24,9240.0,5815.0,7456.5625,9240.0,178957.5,0.0,0.0,0,97250.5,57232.0,3785.0,1616.5,179.0,0.0,17522.0,2038.0,0.0,0.0,0.8069872835497836,0
2021-01-27,176938.5,24,9272.0,5748.0,7372.4375,9272.0,176938.5,0.0,0.0,0,101058.0,52288.5,3598.0,1596.0,349.0,0.0,17204.5,2022.0,0.0,0.0,0.7951291522864539,0
2021-01-28,178773.0,24,9240.0,5741.0,7448.875,9240.0,178773.0,0.0,0.0,0,103349.5,47916.5,7416.0,1497.0,334.0,0.0,17202.0,1974.0,0.0,0.0,0.806155303030303,0
2021-01-29,161888.5,24,8348.0,5736.0,6745.354166666667,8348.0,161888.5,0.0,0.0,0,100620.5,32958.0,11168.0,1349.5,386.0,0.0,13703.5,1677.0,0.0,0.0,0.808020384123942,0
2021-01-30,171057.0,24,9070.0,5459.0,7127.375,9070.0,171027.0,0.0,0.0,0,101076.5,36754.5,12894.0,1283.0,367.0,0.0,17002.0,2042.0,0.0,0.0,0.7858186328555679,0
2021-01-31,175315.0,24,9188.0,5628.0,7304.791666666667,9188.0,175315.0,0.0,0.0,0,99957.0,41444.0,13257.0,1293.5,435.0,0.0,17158.5,2152.0,0.0,0.0,0.7950360978087361,0
2021-02-01,174051.5,24,9074.0,5589.0,7252.145833333333,9074.0,174051.5,0.0,0.0,0,99303.5,44319.0,15302.0,1292.0,397.0,0.0,11378.0,2038.0,0.0,0.0,0.7992225956946587,0
2021-02-02,176384.0,24,9234.0,5579.0,7349.333333333333,9234.0,176384.0,0.0,0.0,0,99177.5,47998.0,14901.5,1340.0,420.0,0.0,10564.5,2072.0,0.0,0.0,0.7958992130532091,0
2021-02-03,177748.0,24,9179.0,5643.0,7406.166666666667,9179.0,177748.0,0.0,0.0,0,95775.5,53707.0,14066.5,1343.0,392.0,0.0,10528.0,2078.0,0.0,0.0,0.8068598612775538,0
2021-02-04,179180.0,24,9193.0,5794.0,7465.833333333333,9193.0,179180.0,0.0,0.0,0,100652.5,49700.0,14564.0,1330.0,470.0,0.0,10442.0,2123.0,0.0,0.0,0.8121215417527828,0
2021-02-05,161408.0,24,8288.0,5808.0,6725.333333333333,8288.0,161408.0,0.0,0.0,0,105141.0,25987.5,14011.0,1680.0,464.0,0.0,12239.5,1783.0,0.0,0.0,0.8114543114543115,0
2021-02-06,171759.0,24,9277.0,5490.0,7156.625,9277.0,171759.0,0.0,0.0,0,103758.5,35035.5,12179.0,1680.0,430.0,0.0,17212.5,1979.0,0.0,0.0,0.7714374258919909,0
2021-02-07,179166.5,24,9192.0,5790.0,7465.270833333333,9192.0,179166.5,0.0,0.0,0,106651.0,36546.5,14803.0,1680.0,353.0,0.0,18245.5,2073.0,0.0,0.0,0.812148698143313,0
2021-02-08,181556.5,24,9367.0,5839.0,7564.854166666667,9367.0,181556.5,0.0,0.0,0,102763.5,43406.5,14055.5,1680.0,519.5,0.0,17412.5,2032.0,0.0,0.0,0.8076069356962386,0
2021-02-09,181266.5,24,9356.0,5854.0,7552.770833333333,9356.0,181266.5,0.0,0.0,0,102713.5,43132.5,14464.5,1680.0,689.0,0.0,16877.5,2100.0,0.0,0.0,0.807264945845803,0
2021-02-10,183009.5,24,9495.0,5888.0,7625.395833333333,9495.0,183009.5,0.0,0.0,0,103730.5,43557.0,14451.5,1680.0,645.0,0.0,17475.0,2082.0,0.0,0.0,0.8030959276812357,0
2021-02-11,183875.0,24,9283.0,5993.0,7661.458333333333,9283.0,183875.0,0.0,0.0,0,107641.0,40849.5,14555.5,1680.0,547.0,0.0,17480.0,1996.0,0.0,0.0,0.8253213759919565,0
2021-02-12,165533.5,24,8148.0,6000.0,6897.229166666667,8148.0,165533.5,0.0,0.0,0,108265.5,24850.0,14550.0,1645.0,560.0,0.0,14680.0,1753.0,0.0,0.0,0.8464935157911962,0
2021-02-13,176388.0,24,9370.0,5581.0,7349.5,9370.0,176388.0,0.0,0.0,0,113670.5,28015.5,12795.0,1680.0,595.0,0.0,18005.5,1987.0,0.0,0.0,0.7843649946638207,0
2021-02-14,184617.5,24,9370.0,5977.0,7692.395833333333,9370.0,184617.5,0.0,0.0,0,108851.5,40061.0,13705.0,1680.0,556.0,0.0,18748.0,1791.0,0.0,0.0,0.8209600675916043,0
2021-02-15,183499.5,24,9411.0,6019.0,7645.8125,9411.0,183499.5,0.0,0.0,0,101051.0,45763.5,14116.0,1680.0,489.0,0.0,19034.0,2125.0,0.0,0.0,0.8124335883540538,0
2021-02-16,185925.0,24,9545.0,6129.0,7746.875,9545.0,185925.0,0.0,0.0,0,111222.5,38246.0,13900.0,1680.0,578.0,0.0,18297.0,2111.0,0.0,0.0,0.8116160293347302,0
2021-02-17,186308.0,24,9519.0,6195.0,7762.833333333333,9519.0,186308.0,0.0,0.0,0,115039.0,35408.5,13641.0,1680.0,450.0,0.0,19056.0,2254.0,0.0,0.0,0.8155093322127674,0
2021-02-18,186558.0,24,9529.0,5913.0,7773.25,9529.0,186558.0,0.0,0.0,0,111251.5,38633.5,13806.0,1680.0,653.0,0.0,18699.0,2296.0,0.0,0.0,0.8157466680659041,0
2021-02-19,171338.0,24,8526.0,6242.0,7139.083333333333,8526.0,171338.0,0.0,0.0,0,107488.0,30572.0,13225.0,1680.0,532.0,0.0,15923.5,2092.0,0.0,0.0,0.8373309093752443,0
2021-02-20,176324.0,24,9150.0,5984.0,7346.833333333333,9150.0,176244.0,0.0,0.0,0,110365.0,29073.0,14036.0,1680.0,381.0,0.0,19317.0,2048.0,0.0,0.0,0.8029326047358833,0
2021-02-21,167857.5,24,8377.0,5905.0,6994.0625,8377.0,167857.5,0.0,0.0,0,109500.5,23831.5,14334.0,1680.0,696.0,0.0,15940.5,2057.0,0.0,0.0,0.8349125581950579,0
2021-02-22,182030.5,24,9576.0,5627.0,7584.604166666667,9576.0,182030.5,0.0,0.0,0,112915.5,32916.5,13179.0,1680.0,678.0,0.0,19199.0,2215.0,0.0,0.0,0.7920430416318575,0
2021-02-23,189581.5,24,9640.0,6290.0,7899.229166666667,9640.0,189681.5,90.0,90.0,1,113473.5,38328.5,14613.5,1680.0,680.0,0.0,18761.5,2314.0,0.0,0.0,0.819422112724758,1
2021-02-24,193774.0,24,9709.0,6401.0,8073.916666666667,9709.0,193774.0,0.0,0.0,0,117709.0,39284.0,13545.0,1680.0,623.0,0.0,18630.0,2363.0,0.0,0.0,0.8315909637106466,0
2021-02-25,193714.5,24,10039.0,5856.0,8071.4375,10039.0,193714.5,0.0,0.0,0,118357.0,40225.0,13580.0,945.0,471.0,0.0,17210.5,2429.0,0.0,0.0,0.80400811833848,0
2021-02-26,181695.0,24,9064.0,6537.0,7570.625,9064.0,181695.0,0.0,0.0,0,122950.0,24203.0,13362.5,1680.0,618.0,0.0,17264.0,2130.0,0.0,0.0,0.8352410635481023,0
2021-02-27,199429.5,24,10340.0,6678.0,8309.5625,10340.0,199429.5,0.0,0.0,0,125613.0,40574.0,13298.5,1680.0,652.0,0.0,16307.0,2483.0,0.0,0.0,0.8036327369439071,0
2021-02-28,212331.5,24,10603.0,7236.0,8847.145833333334,10603.0,212331.5,0.0,0.0,0,125763.5,52076.5,14399.0,1643.0,700.0,0.0,15195.0,2790.0,0.0,0.0,0.8344002483573831,0
2021-03-01,217297.0,24,10953.0,7475.0,9054.041666666666,10953.0,217297.0,0.0,0.0,0,125149.5,56165.5,15066.0,1680.0,654.0,0.0,15872.5,2894.0,0.0,0.0,0.8266266471895066,0
2021-03-02,215935.5,24,10798.0,7631.0,8997.3125,10798.0,215935.5,0.0,0.0,0,119565.0,57523.5,16832.5,1680.0,743.0,0.0,17428.0,2689.0,0.0,0.0,0.8332387942211521,0
2021-03-03,212711.5,24,10755.0,7437.0,8862.979166666666,10755.0,212711.5,0.0,0.0,0,124824.0,49586.5,16125.0,1680.0,703.0,0.0,17530.5,2589.0,0.0,0.0,0.8240798853246551,0
2021-03-04,208318.5,24,10640.0,7013.0,8679.9375,10640.0,208318.5,0.0,0.0,0,121726.0,46737.0,16528.0,1680.0,722.0,0.0,18518.0,2825.0,0.0,0.0,0.8157835996240601,0
2021-03-05,196231.0,24,9947.0,7363.0,8176.291666666667,9947.0,196231.0,0.0,0.0,0,132365.0,23442.5,16213.5,1680.0,668.0,0.0,19674.0,2574.0,0.0,0.0,0.8219856908280554,0
2021-03-06,207456.5,24,10757.0,7300.0,8644.020833333334,10757.0,207456.5,0.0,0.0,0,140897.0,27458.0,14079.0,1680.0,595.0,0.0,20340.0,2794.0,0.0,0.0,0.8035717052461964,0
2021-03-07,219600.5,24,10951.0,7628.0,9150.020833333334,10951.0,219600.5,0.0,0.0,0,153485.0,28448.0,12120.5,1680.0,598.0,0.0,20448.0,3259.0,0.0,0.0,0.8355420357349406,0
2021-03-08,222938.5,24,11261.0,7805.0,9289.104166666666,11261.0,222938.5,0.0,0.0,0,151613.5,34089.0,11880.0,1680.0,522.0,0.0,20441.5,3074.0,0.0,0.0,0.8248915874848296,0
2021-03-09,220506.0,24,11064.0,7815.0,9187.75,11064.0,220506.0,0.0,0.0,0,142417.5,41252.0,13800.0,1680.0,486.0,0.0,18071.5,2751.0,0.0,0.0,0.8304184743311641,0
2021-03-10,223143.0,24,11339.0,7989.0,9297.625,11339.0,223143.0,0.0,0.0,0,132707.5,53312.0,14999.0,1680.0,508.0,0.0,17489.0,2505.0,0.0,0.0,0.8199686921245259,0
2021-03-11,225315.0,24,11544.0,7685.0,9388.125,11544.0,225315.0,0.0,0.0,0,138390.0,49829.0,14189.0,1680.0,665.0,0.0,17725.5,3123.0,0.0,0.0,0.8132471413721414,0
2021-03-12,213544.0,24,10869.0,7804.0,8897.666666666666,10869.0,213544.0,0.0,0.0,0,145891.5,30563.5,14409.0,1680.0,631.0,0.0,17712.0,2976.0,0.0,0.0,0.8186279019842364,0
2021-03-13,203201.0,24,9659.0,5891.0,8466.708333333334,9659.0,203201.0,0.0,0.0,0,143152.0,24904.0,12887.5,1680.0,458.0,0.0,17641.5,2935.0,0.0,0.0,0.8765615833247059,0
2021-03-14,212079.0,24,10928.0,7189.0,8836.625,10928.0,212079.0,0.0,0.0,0,148179.0,28113.0,12684.5,1680.0,728.0,0.0,17603.0,2950.0,0.0,0.0,0.8086223462664714,0
2021-03-15,220844.5,24,11242.0,7672.0,9201.854166666666,11242.0,220866.0,0.0,0.0,0,150169.5,32750.5,14976.0,1680.0,771.5,0.0,17548.5,3207.0,0.0,0.0,0.8185246545691751,0
2021-03-16,228103.0,24,11492.0,7932.0,9504.291666666666,11492.0,228103.0,0.0,0.0,0,152946.5,37373.0,15320.0,1643.0,714.0,0.0,17356.0,3037.0,0.0,0.0,0.8270354739528947,0
2021-03-17,223220.0,24,10952.0,8081.0,9300.833333333334,10952.0,223220.0,0.0,0.0,0,151701.0,33522.5,15260.0,1680.0,732.0,0.0,17423.5,3275.0,0.0,0.0,0.8492360603847091,0
2021-03-18,229495.0,24,11595.0,7942.0,9562.291666666666,11595.0,229495.0,0.0,0.0,0,147574.5,45206.0,13975.0,1680.0,740.0,0.0,17369.5,3269.0,0.0,0.0,0.8246909587465862,0
2021-03-19,216490.0,24,10748.0,8189.0,9020.416666666666,10748.0,216490.0,0.0,0.0,0,152426.5,26155.0,15653.0,1680.0,660.0,0.0,17519.0,3158.0,0.0,0.0,0.8392646693958565,0
2021-03-20,230725.0,24,12064.0,8133.0,9613.541666666666,12064.0,230725.0,0.0,0.0,0,149563.5,43382.5,15045.0,1680.0,639.0,0.0,17623.0,3121.0,0.0,0.0,0.7968784538019451,0
2021-03-21,248206.5,24,12418.0,8679.0,10341.9375,12418.0,248206.5,0.0,0.0,0,149475.0,60376.5,15905.0,970.0,617.0,0.0,17632.0,3544.0,0.0,0.0,0.8328182879690772,0
2021-03-22,255476.5,24,12463.0,9207.0,10644.854166666666,12463.0,255476.5,0.0,0.0,0,148492.5,69129.5,15414.0,960.0,705.0,0.0,17569.0,3520.0,0.0,0.0,0.8541165182272861,0
2021-03-23,258015.5,24,12606.0,9127.0,10750.645833333334,12606.0,258015.5,0.0,0.0,0,143495.0,76336.5,15456.0,1260.0,684.0,0.0,17414.0,3613.0,0.0,0.0,0.8528197551430536,0
2021-03-24,262480.5,24,12790.0,9488.0,10936.6875,12790.0,262480.5,0.0,0.0,0,141406.5,82759.0,15378.0,1680.0,571.0,0.0,17400.0,3609.0,0.0,0.0,0.8550967552775606,0
2021-03-25,261246.0,24,12487.0,9560.0,10885.25,12487.0,261246.0,0.0,0.0,0,140570.5,82425.0,15457.0,1680.0,797.0,0.0,17447.0,3313.0,0.0,0.0,0.8717265956594858,0
2021-03-26,232547.0,24,11129.0,8760.0,9689.458333333334,11129.0,232547.0,0.0,0.0,0,151543.5,43724.0,14140.0,1680.0,702.0,0.0,17628.0,3194.0,0.0,0.0,0.8706495042980802,0
2021-03-27,245233.5,24,12361.0,8585.0,10218.0625,12361.0,245233.5,0.0,0.0,0,156394.0,51007.0,14717.0,1680.0,706.0,0.0,17615.0,3418.0,0.0,0.0,0.826637205727692,0
2021-03-28,253833.5,24,12548.0,9015.0,10576.395833333334,12548.0,253853.5,0.0,0.0,0,161752.5,52750.0,15326.0,1680.0,611.0,0.0,18643.0,3413.0,0.0,0.0,0.8428750265646584,0
2021-03-29,254842.0,24,12050.0,9206.0,10618.416666666666,12050.0,254842.0,0.0,0.0,0,159517.5,55290.0,14381.0,1680.0,619.0,0.0,20601.0,3104.0,0.0,0.0,0.8811964038727523,0
2021-03-30,224478.0,24,11239.0,7935.0,9353.25,11239.0,224478.0,0.0,0.0,0,154699.0,29095.5,15088.0,1680.0,499.0,0.0,20551.5,3221.0,0.0,0.0,0.8322137200818578,0
2021-03-31,248836.0,24,12303.0,9059.0,10368.166666666666,12303.0,248836.0,0.0,0.0,0,150745.0,57604.5,15690.5,1881.0,594.0,0.0,19939.5,2936.0,0.0,0.0,0.8427348343222519,0
2021-04-01,264637.0,24,12831.0,9266.0,11026.541666666666,12831.0,264637.0,0.0,0.0,0,160233.0,64687.0,14299.0,2504.5,682.0,0.0,20448.0,2148.0,0.0,0.0,0.8593672875587769,0
2021-04-02,251162.0,24,12013.0,9209.0,10465.083333333334,12013.0,251162.0,0.0,0.0,0,155173.5,59118.5,11234.0,2547.5,788.0,0.0,20448.0,2212.0,0.0,0.0,0.8711465356974389,0
2021-04-03,256809.0,24,13018.0,9358.0,10700.375,13018.0,256809.0,0.0,0.0,0,158175.5,58983.5,14874.0,2183.5,683.0,0.0,17943.0,3464.0,0.0,0.0,0.8219676601628514,0
2021-04-04,227975.4,23,11782.5,5461.0,9911.973913043477,11782.5,220346.5,0.0,0.0,0,144666.6,45780.0,14585.0,1524.5,704.8,0.0,19267.5,2844.4,0.0,0.0,0.8412453989427946,0
2021-04-05,205081.0,24,11340.0,6007.0,8545.041666666666,11340.0,205081.0,0.0,0.0,0,143055.5,29579.0,11345.5,1190.0,794.0,0.0,17453.5,2421.0,0.0,0.0,0.7535310111699,0
2021-04-06,236763.5,24,11827.0,8101.0,9865.145833333334,11827.0,236763.5,0.0,0.0,0,156283.5,41392.0,14258.0,1680.0,730.0,0.0,20128.5,2726.0,0.0,0.0,0.8341207265860602,0
2021-04-07,251569.5,24,12651.0,8789.0,10482.0625,12651.0,251569.5,0.0,0.0,0,151023.5,59584.0,15442.0,1680.0,730.0,0.0,20286.0,3182.0,0.0,0.0,0.8285560430005533,0
2021-04-08,256179.5,24,12854.0,9403.0,10674.145833333334,12854.0,256315.5,0.0,0.0,0,153911.0,62119.5,15680.0,2480.5,595.5,0.0,18509.0,3277.0,0.0,0.0,0.8304143327628235,0
2021-04-09,218405.0,24,11655.0,7301.0,9100.208333333334,11655.0,218405.0,0.0,0.0,0,143956.0,35833.0,14645.0,2113.0,657.0,0.0,18997.0,3093.0,0.0,0.0,0.7807986557986558,0
2021-04-10,249316.5,24,13064.0,8664.0,10388.1875,13064.0,249316.5,0.0,0.0,0,145254.5,64817.5,15479.0,1650.5,502.0,0.0,18232.0,3333.0,0.0,0.0,0.7951766304347826,0
2021-04-11,270656.5,24,12798.0,9843.0,11277.354166666666,12798.0,270656.5,0.0,0.0,0,144776.5,83668.0,16200.0,1673.5,715.0,0.0,20436.0,3514.0,0.0,0.0,0.8811809787987706,0
2021-04-12,271949.0,24,13377.0,9921.0,11331.208333333334,13377.0,271949.0,0.0,0.0,0,150514.5,79451.5,16336.0,1644.5,707.0,0.0,20484.5,3522.0,0.0,0.0,0.8470664822705639,0
2021-04-13,278809.0,24,13308.0,10030.0,11617.041666666666,13308.0,278809.0,0.0,0.0,0,150168.5,84815.0,18635.0,1680.0,771.0,0.0,19551.0,3549.0,0.0,0.0,0.8729367047390041,0
2021-04-14,270059.0,24,13058.0,9531.0,11252.458333333334,13058.0,270059.0,0.0,0.0,0,153624.0,72334.0,17958.0,1680.0,797.0,0.0,20318.5,3445.0,0.0,0.0,0.8617290805125849,0
2021-04-15,274478.0,24,13380.0,9520.0,11436.583333333334,13380.0,274478.0,0.0,0.0,0,154279.5,76679.5,17605.5,1260.0,690.0,0.0,20569.5,3748.0,0.0,0.0,0.8547521175884405,0
2021-04-16,259049.0,24,12712.0,9126.0,10793.708333333334,12712.0,259049.0,0.0,0.0,0,149909.5,66690.0,18169.5,840.0,650.0,0.0,19600.0,3521.0,0.0,0.0,0.8490959985315712,0
2021-04-17,208780.5,24,11940.0,4853.0,8699.1875,11940.0,208780.5,0.0,0.0,0,140597.0,33446.0,14716.5,1131.0,632.0,0.0,16055.5,2723.0,0.0,0.0,0.7285751675041876,0
2021-04-18,244883.5,24,12661.0,7957.0,10203.479166666666,12661.0,244883.5,0.0,0.0,0,158924.5,46388.5,16391.5,1465.5,794.0,0.0,17797.5,3520.0,0.0,0.0,0.8058983624252954,0
2021-04-19,258522.0,24,12961.0,8761.0,10771.75,12961.0,258522.0,0.0,0.0,0,158965.5,59953.5,16365.0,1466.0,851.0,0.0,17522.0,3340.0,0.0,0.0,0.8310894221124914,0
2021-04-20,272243.5,24,13296.0,9565.0,11343.479166666666,13296.0,272243.5,0.0,0.0,0,161713.5,71152.5,17387.0,853.0,766.0,0.0,17472.5,3198.0,0.0,0.0,0.8531497568190934,0
2021-04-21,270306.5,24,12668.0,7962.0,11262.770833333334,12668.0,270306.5,0.0,0.0,0,159986.0,70054.0,17302.0,840.0,759.0,0.0,18139.0,3485.0,0.0,0.0,0.8890725318387539,0
2021-04-22,238230.0,24,12409.0,8089.0,9926.25,12409.0,238230.0,0.0,0.0,0,153912.5,48548.0,16187.5,1000.0,572.0,0.0,16803.0,2949.0,0.0,0.0,0.7999234426625836,0
2021-04-23,238386.5,24,11853.0,8277.0,9932.770833333334,11853.0,238386.5,0.0,0.0,0,157397.5,39869.5,16157.0,840.0,797.0,0.0,20593.5,3086.5,0.0,0.0,0.8379963581653028,0
2021-04-24,249013.5,24,13007.0,7872.0,10375.5625,13007.0,249013.5,0.0,0.0,0,156344.5,50970.5,17081.5,840.0,876.0,0.0,20589.0,2768.0,0.0,0.0,0.7976906665641578,0
2021-04-25,274804.5,24,13520.0,9129.0,11450.1875,13520.0,274804.5,0.0,0.0,0,158775.5,74549.0,17850.0,840.0,803.0,0.0,20264.0,2654.0,0.0,0.0,0.8469073594674557,0
2021-04-26,285742.0,24,13777.0,9950.0,11905.916666666666,13777.0,285742.0,0.0,0.0,0,163910.0,80602.0,18769.0,840.0,793.0,0.0,17697.0,3444.0,0.0,0.0,0.8641878977039026,0
2021-04-27,293635.5,24,13792.0,10354.0,12234.8125,13792.0,293635.5,0.0,0.0,0,160367.0,92393.5,18742.0,805.0,759.0,0.0,17704.0,3551.0,0.0,0.0,0.8870948738399071,0
2021-04-28,291082.0,24,13524.0,10603.0,12128.416666666666,13524.0,291082.0,0.0,0.0,0,157234.5,92290.5,18257.5,840.0,718.0,0.0,18672.0,3567.0,0.0,0.0,0.8968069111702651,0
2021-04-29,272571.5,24,13788.0,9243.0,11357.145833333334,13788.0,272571.5,0.0,0.0,0,157250.5,71295.0,18219.0,840.0,806.0,0.0,21077.0,3456.0,0.0,0.0,0.8236978411178804,0
2021-04-30,268826.0,24,13289.0,9396.0,11201.083333333334,13289.0,268826.0,0.0,0.0,0,157782.0,66296.0,18029.0,830.0,719.0,0.0,22027.0,3169.0,0.0,0.0,0.84288383876389,0
2021-05-01,237171.5,24,12130.5,8040.0,9882.145833333334,12130.5,237171.5,0.0,0.0,0,155347.5,37525.5,17999.0,600.0,720.0,0.0,22383.0,2977.0,0.0,0.0,0.814652803539288,0
2021-05-02,260366.5,24,12738.0,8818.0,10848.604166666666,12738.0,260366.5,0.0,0.0,0,164070.0,54362.5,15681.0,591.0,676.0,0.0,22117.0,3131.0,0.0,0.0,0.8516724891401056,0
2021-05-03,248202.5,24,12943.0,8411.0,10341.770833333334,12943.0,248202.5,0.0,0.0,0,162094.0,50003.5,10124.5,629.0,709.0,0.0,22172.0,2964.0,0.0,0.0,0.799024247340905,0
2021-05-04,223497.5,24,11394.0,7650.0,9312.395833333334,11394.0,223497.5,0.0,0.0,0,148548.0,37046.5,15690.5,518.5,604.0,0.0,18257.0,2901.0,0.0,0.0,0.8173069890585689,0
2021-05-05,235719.0,24,11620.0,7825.0,9821.625,11620.0,235719.0,0.0,0.0,0,156008.0,41023.0,14497.0,551.5,641.0,0.0,20281.0,3085.0,0.0,0.0,0.8452345094664372,0
2021-05-06,243964.5,24,12527.0,8254.0,10165.1875,12527.0,243964.5,0.0,0.0,0,154019.0,50804.0,14665.5,536.0,747.0,0.0,20433.5,3116.0,0.0,0.0,0.8114622415582342,0
2021-05-07,235727.5,24,11258.5,8176.0,9821.979166666666,11258.5,235727.5,0.0,0.0,0,148904.5,46501.0,16171.5,538.5,832.0,0.0,20415.5,2720.0,0.0,0.0,0.8724056638687806,0
2021-05-08,245143.0,24,12734.0,8185.0,10214.291666666666,12734.0,245143.0,0.0,0.0,0,160380.5,43613.0,16848.5,507.0,724.0,0.0,20424.0,3025.0,0.0,0.0,0.8021275064132768,0
2021-05-09,243606.0,24,11829.0,8794.0,10150.25,11829.0,243606.0,0.0,0.0,0,155758.5,47186.0,16194.5,506.0,671.0,0.0,20565.0,3085.0,0.0,0.0,0.8580818327838363,0
2021-05-10,232423.0,24,10886.0,7793.0,9684.291666666666,10886.0,232423.0,0.0,0.0,0,156087.5,37734.0,14015.0,571.0,743.0,0.0,20539.5,3084.0,0.0,0.0,0.8896097434013105,0
2021-05-11,205270.5,24,10406.5,6501.0,8552.9375,10406.5,205270.5,0.0,0.0,0,146032.0,22063.5,12680.0,534.5,625.0,0.0,21257.5,2635.0,0.0,0.0,0.8218841589391246,0
2021-05-12,202318.5,24,10087.0,6558.0,8429.9375,10087.0,202318.5,0.0,0.0,0,147226.5,19448.5,12170.0,529.5,805.0,0.0,19644.0,2852.0,0.0,0.0,0.835722960245861,0
2021-05-13,190023.5,24,9684.5,6502.0,7917.645833333333,9684.5,190023.5,0.0,0.0,0,142789.0,13582.0,11570.0,527.5,608.0,0.0,18576.5,2740.0,0.0,0.0,0.8175585557678077,0
2021-05-14,186498.5,24,9961.0,6470.0,7770.770833333333,9961.0,186498.5,0.0,0.0,0,142941.5,10727.5,11160.0,520.5,775.0,0.0,18141.0,2668.0,0.0,0.0,0.7801195495766824,0
2021-05-15,188252.5,24,9487.5,6199.0,7843.854166666667,9487.5,188252.5,0.0,0.0,0,140675.5,14386.5,12457.0,538.5,777.0,0.0,16778.0,2599.0,0.0,0.0,0.8267566974088714,0
2021-05-16,208325.0,24,10845.0,7153.0,8680.208333333334,10845.0,208325.0,0.0,0.0,0,151374.0,23073.0,14473.0,531.0,771.0,0.0,15349.0,2794.0,0.0,0.0,0.8003880436453051,0
2021-05-17,234485.0,24,11491.0,8256.0,9770.208333333334,11491.0,233425.5,0.0,0.0,0,158490.0,37451.0,14401.5,526.5,717.5,0.0,20065.0,3179.0,0.0,0.0,0.8502487453949468,0
2021-05-18,240186.0,24,11278.0,7959.0,10007.75,11278.0,240186.0,0.0,0.0,0,152222.5,47293.5,15850.0,529.5,546.0,0.0,20604.0,3438.0,0.0,0.0,0.8873692143997163,0
2021-05-19,254474.5,24,12865.0,8781.0,10603.104166666666,12865.0,254474.5,0.0,0.0,0,157970.5,55305.5,16041.0,579.5,796.0,0.0,20733.5,3446.0,0.0,0.0,0.8241822127218551,0
2021-05-20,263594.0,24,12630.0,9354.0,10983.083333333334,12630.0,263594.0,0.0,0.0,0,157792.5,63138.0,16435.5,600.0,722.0,0.0,21898.5,3675.0,0.0,0.0,0.8696027975719187,0
2021-05-21,250397.5,24,12561.0,8870.0,10433.229166666666,12561.0,250397.5,0.0,0.0,0,160113.5,48253.5,15145.0,600.0,756.0,0.0,22355.5,3545.0,0.0,0.0,0.8306049810259267,0
2021-05-22,270486.5,24,13417.0,9349.0,11270.270833333334,13417.0,270486.5,0.0,0.0,0,161721.5,66501.5,15145.0,600.0,853.0,0.0,22370.0,3674.0,0.0,0.0,0.8399993167871607,0
2021-05-23,290745.5,24,13357.0,10381.0,12114.395833333334,13357.0,290878.5,0.0,0.0,0,163074.33333333334,83714.66666666667,16763.0,600.0,819.0,0.0,22284.666666666668,3885.6666666666665,0.0,0.0,0.9069698160764643,0
2021-05-24,275521.0,24,13089.0,8874.0,11480.041666666666,13155.5,275587.5,0.0,0.0,0,151705.66666666666,82480.33333333333,15756.0,585.0,697.0,0.0,21822.333333333332,3393.3333333333335,0.0,0.0,0.877075534163547,0
2021-05-25,236157.5,24,11816.0,7904.0,9839.895833333334,11816.0,236157.5,0.0,0.0,0,151707.5,46130.0,12671.0,600.0,620.0,0.0,21816.0,3011.0,0.0,0.0,0.8327603108779057,0
2021-05-26,230431.0,24,11529.0,8332.0,9601.291666666666,11529.0,230431.0,0.0,0.0,0,152126.5,46248.5,12570.0,600.0,544.0,0.0,15675.0,2808.0,0.0,0.0,0.8327948362101367,0
2021-05-27,235531.5,24,11953.0,8441.0,9813.8125,11953.0,235531.5,0.0,0.0,0,152414.5,46044.0,14374.0,600.0,371.0,0.0,19752.5,2950.0,0.0,0.0,0.8210334225717393,0
2021-05-28,239513.5,24,12044.0,8638.0,9979.729166666666,12044.0,239513.5,0.0,0.0,0,154227.0,43201.0,16180.0,600.0,628.0,0.0,21912.0,3106.0,0.0,0.0,0.8286058756780692,0
2021-05-29,264324.5,24,13272.0,9215.0,11013.520833333334,13272.0,264324.5,0.0,0.0,0,153474.5,68601.0,16295.0,545.0,765.0,0.0,21759.5,3268.0,0.0,0.0,0.8298312864175207,0
2021-05-30,281626.5,24,13136.5,10128.0,11734.4375,13136.5,281626.5,0.0,0.0,0,150903.5,89489.0,16475.0,480.0,712.0,0.0,20249.5,3723.0,0.0,0.0,0.8932697065428387,0
2021-05-31,256625.0,24,12824.0,9364.0,10692.708333333334,12824.0,256625.0,0.0,0.0,0,148573.0,71657.0,15144.0,480.0,425.0,0.0,17375.5,3241.0,0.0,0.0,0.8338044551881889,0
2021-06-01,233878.5,24,11612.0,7967.0,9744.9375,11612.0,233878.5,0.0,0.0,0,144736.5,53043.0,13105.0,480.0,289.0,0.0,19688.0,2880.0,0.0,0.0,0.8392126679297278,0
2021-06-02,250772.0,24,13014.0,8407.0,10448.833333333334,13014.0,250772.0,0.0,0.0,0,151350.5,63608.5,12679.5,510.0,658.0,0.0,19458.5,2879.0,0.0,0.0,0.8028917575943856,0
2021-06-03,269986.0,24,12754.0,9686.0,11249.416666666666,12754.0,269986.0,0.0,0.0,0,155757.0,76800.0,13729.0,480.0,746.0,0.0,19992.0,3051.0,0.0,0.0,0.8820304740996289,0
2021-06-04,254690.0,24,12348.0,9053.0,10612.083333333334,12348.0,254690.0,0.0,0.0,0,169505.0,45650.0,13946.0,480.0,709.0,0.0,21885.5,3011.0,0.0,0.0,0.8594171795702409,0
2021-06-05,244154.0,24,12048.0,8346.0,10173.083333333334,12048.0,244154.0,0.0,0.0,0,158555.5,46374.0,13926.0,480.0,381.0,0.0,22032.5,2803.0,0.0,0.0,0.8443794267374946,0
2021-06-06,233400.0,24,11163.0,8492.0,9725.0,11163.0,233400.0,0.0,0.0,0,157017.0,38233.5,12783.0,480.0,473.0,0.0,22403.0,2385.0,0.0,0.0,0.8711815820120039,0
2021-06-07,236668.5,24,11066.0,8378.0,9861.1875,11066.0,236668.5,0.0,0.0,0,158715.5,42533.5,12622.5,480.0,505.0,0.0,19870.5,2643.0,0.0,0.0,0.8911248418579433,0
2021-06-08,243794.0,24,12411.0,8374.0,10158.083333333334,12411.0,243794.0,0.0,0.0,0,158542.0,49148.0,13224.0,480.0,510.0,0.0,19378.0,2723.0,0.0,0.0,0.8184742029919695,0
2021-06-09,257323.5,24,12803.0,9143.0,10721.8125,12803.0,257323.5,0.0,0.0,0,163054.5,54648.0,13713.5,530.0,455.0,0.0,22405.0,2976.0,0.0,0.0,0.8374453253143794,0
2021-06-10,267632.5,24,12230.5,9754.0,11151.354166666666,12230.5,267632.5,0.0,0.0,0,157851.5,69692.5,13987.0,600.0,655.0,0.0,22158.0,3066.0,0.0,0.0,0.9117660084760775,0
2021-06-11,237958.5,24,11916.5,8416.0,9914.9375,11916.5,237958.5,0.0,0.0,0,160912.5,40059.0,11421.0,600.0,547.0,0.0,22227.0,2569.0,0.0,0.0,0.8320343641169806,0
2021-06-12,248585.5,24,12668.0,8472.0,10357.729166666666,12668.0,248585.5,0.0,0.0,0,160084.0,54131.5,13398.0,600.0,593.0,0.0,17619.5,2592.0,0.0,0.0,0.8176293942742868,0
2021-06-13,264325.0,24,12792.0,9302.0,11013.541666666666,12792.0,264325.0,0.0,0.0,0,152041.0,71813.0,14159.0,600.0,730.0,0.0,21983.5,3169.0,0.0,0.0,0.8609710496143422,0
2021-06-14,268194.5,24,12776.0,9441.0,11174.770833333334,12776.0,268194.5,0.0,0.0,0,147380.5,80482.5,14396.0,600.0,592.0,0.0,22068.0,2917.0,0.0,0.0,0.8746689756835734,0
2021-06-15,265724.5,24,12415.5,9623.0,11071.854166666666,12415.5,265724.5,0.0,0.0,0,147895.0,79401.0,14310.0,602.0,507.0,0.0,22010.0,2879.0,0.0,0.0,0.8917767441236089,0
2021-06-16,248401.5,24,11904.5,8918.0,10350.0625,11904.5,248401.5,0.0,0.0,0,148653.5,61477.0,12797.0,600.0,528.0,0.0,22102.5,2652.0,0.0,0.0,0.8694243773363014,0
2021-06-17,239399.5,24,11519.0,8550.0,9974.979166666666,11519.0,239291.0,0.0,0.0,0,158024.0,45174.5,10886.0,600.0,488.0,0.0,21777.5,2746.0,0.0,0.0,0.8659587782504268,0
2021-06-18,212610.5,24,11012.5,7369.0,8858.770833333334,11012.5,212610.5,0.0,0.0,0,139314.5,37035.5,11546.5,600.0,359.0,0.0,21815.0,2338.0,0.0,0.0,0.8044286795308362,0
2021-06-19,212889.5,24,10821.0,7676.0,8870.395833333334,10821.0,212889.5,0.0,0.0,0,154808.5,23915.5,9555.0,600.0,290.0,0.0,21937.5,2299.5,0.0,0.0,0.8197390105658751,0
2021-06-20,225123.5,24,11251.0,7929.0,9380.145833333334,11251.0,225393.5,243.0,243.0,1,157351.5,31605.5,11745.0,600.0,369.0,0.0,21489.0,2421.0,0.0,0.0,0.8337166325956212,1
2021-06-21,240924.5,24,12356.0,8241.0,10038.520833333334,12356.0,240924.5,0.0,0.0,0,160215.5,43992.0,12237.0,758.0,539.0,0.0,20713.0,2595.0,0.0,0.0,0.812440986835006,0
2021-06-22,245062.5,24,12145.0,8623.0,10210.9375,12145.0,245062.5,0.0,0.0,0,164265.5,44649.5,11995.0,1157.0,620.0,0.0,20176.0,2568.0,0.0,0.0,0.8407523672293125,0
2021-06-23,256778.0,24,12611.0,8988.0,10699.083333333334,12611.0,256778.0,0.0,0.0,0,169690.0,48969.0,13509.0,813.5,759.0,0.0,20720.0,2580.0,0.0,0.0,0.8483929373827083,0
2021-06-24,261980.0,24,12604.0,9434.0,10915.833333333334,12604.0,261980.0,0.0,0.0,0,166677.0,56657.0,13996.0,565.0,521.0,0.0,22094.5,2885.0,0.0,0.0,0.8660610388236539,0
2021-06-25,247534.0,24,12185.0,8625.0,10313.916666666666,12185.0,247534.0,0.0,0.0,0,167638.5,42026.0,12576.0,591.5,763.0,0.0,21696.5,2534.0,0.0,0.0,0.8464437149500752,0
2021-06-26,257414.5,24,12938.0,9213.0,10725.604166666666,12938.0,257414.5,0.0,0.0,0,166143.5,53098.0,12750.0,593.0,631.0,0.0,21846.5,2730.0,0.0,0.0,0.8290001674653475,0
2021-06-27,269888.0,24,12815.0,9637.0,11245.333333333334,12815.0,269888.0,0.0,0.0,0,163288.5,66778.0,13911.0,595.5,698.0,0.0,22009.0,3047.0,0.0,0.0,0.8775133307322149,0
2021-06-28,268306.0,24,12616.0,9856.0,11179.416666666666,12616.0,268306.0,0.0,0.0,0,160796.0,67335.5,14574.0,591.5,565.0,0.0,21977.0,2859.0,0.0,0.0,0.8861300465017966,0
2021-06-29,245525.0,24,12345.0,8946.0,10230.208333333334,12345.0,245525.0,0.0,0.0,0,160189.0,47736.5,12785.0,596.5,245.0,0.0,21851.0,2576.0,0.0,0.0,0.8286924530849197,0
2021-06-30,235717.0,24,10882.0,8675.0,9821.541666666666,10882.0,235717.0,0.0,0.0,0,161777.5,36432.0,12823.0,600.5,183.0,0.0,21973.5,2309.0,0.0,0.0,0.9025493169147828,0
2021-07-01,207690.0,24,10097.0,7754.0,8653.75,10097.0,207690.0,0.0,0.0,0,156746.5,18394.5,11768.0,585.5,261.0,0.0,17593.5,2280.0,0.0,0.0,0.8570615034168565,0
2021-07-02,192732.0,24,9969.0,6911.0,8030.5,9969.0,192732.0,0.0,0.0,0,149555.0,14712.0,10511.0,651.5,310.0,0.0,16367.0,2237.0,0.0,0.0,0.8055471963085565,0
2021-07-03,221790.0,24,11515.0,7594.0,9241.25,11515.0,221790.0,0.0,0.0,0,162179.5,27250.5,12603.0,658.5,529.0,0.0,16378.5,2454.0,0.0,0.0,0.8025401650021711,0
2021-07-04,233485.0,24,11704.0,8335.0,9728.541666666666,11704.0,233485.0,0.0,0.0,0,164491.16666666666,33461.666666666664,12809.0,929.0,485.0,0.0,19244.166666666668,2646.0,0.0,0.0,0.8312151116427432,0
2021-07-05,245527.0,24,12477.0,8654.0,10230.291666666666,12477.0,245527.0,0.0,0.0,0,156527.33333333334,52183.333333333336,13214.0,1267.0,534.0,0.0,19426.333333333332,2750.0,0.0,0.0,0.8199320082284737,0
2021-07-06,256794.5,24,12433.0,9364.0,10699.770833333334,12433.0,256794.5,0.0,0.0,0,161171.5,57968.0,13617.0,1289.5,419.0,0.0,19677.0,3007.0,0.0,0.0,0.8605944529343951,0
2021-07-07,248123.0,24,11872.0,8836.0,10338.458333333334,11872.0,248123.0,0.0,0.0,0,156955.0,53998.5,13655.0,1289.5,229.0,0.0,19775.5,2662.0,0.0,0.0,0.8708270159478887,0
2021-07-08,247231.0,24,12358.0,8693.0,10301.291666666666,12358.0,247231.0,0.0,0.0,0,159412.0,50809.0,13060.0,1248.5,661.0,0.0,19416.0,2575.0,0.0,0.0,0.8335727194260127,0
2021-07-09,243623.5,24,12439.0,8690.0,10150.979166666666,12439.0,243623.5,0.0,0.0,0,160904.5,45744.5,13697.0,1272.0,770.0,0.0,19643.0,2440.0,0.0,0.0,0.8160607095961625,0
2021-07-10,260370.0,24,12958.0,9223.0,10848.75,12958.0,260670.0,270.0,270.0,1,165308.0,57507.0,13883.0,1271.0,592.0,0.0,19587.0,2915.0,0.0,0.0,0.8372241086587436,1
2021-07-11,270101.5,24,12912.0,9806.0,11254.229166666666,12912.0,270620.5,0.0,0.0,0,163521.5,67599.5,14461.0,1279.0,730.0,0.0,19568.0,3282.0,0.0,0.0,0.8716100655720777,0
2021-07-12,276610.5,24,13022.0,10089.0,11525.4375,13022.0,276610.5,0.0,0.0,0,171151.5,66863.5,13828.5,1570.0,856.0,0.0,19477.5,3200.0,0.0,0.0,0.8850742973429581,0
2021-07-13,270823.0,24,12884.0,9837.0,11284.291666666666,12884.0,270823.0,0.0,0.0,0,160680.0,71441.0,13812.0,1822.5,704.0,0.0,19710.0,2902.0,0.0,0.0,0.8758376021939356,0
2021-07-14,272388.0,24,13165.0,9708.0,11349.5,13165.0,272470.0,0.0,0.0,0,159450.5,73692.0,13965.0,2027.5,725.5,0.0,19931.5,2963.0,0.0,0.0,0.8620964679073301,0
2021-07-15,283657.5,24,13525.0,10230.0,11819.0625,13525.0,283657.5,0.0,0.0,0,162062.0,82707.0,13970.0,2093.5,640.0,0.0,19943.5,2797.0,0.0,0.0,0.8738678373382625,0
2021-07-16,271272.0,24,13125.0,9746.0,11303.0,13125.0,271272.0,0.0,0.0,0,162609.5,72977.0,11254.5,2130.0,603.0,0.0,18790.0,3187.0,0.0,0.0,0.8611809523809524,0
2021-07-17,270280.0,24,13056.0,9712.0,11261.666666666666,13056.0,270280.0,0.0,0.0,0,164142.0,69927.5,12008.0,2083.5,442.0,0.0,19382.5,2540.0,0.0,0.0,0.8625663807189542,0
2021-07-18,270533.5,24,12953.0,9707.0,11272.229166666666,12953.0,270533.5,0.0,0.0,0,161036.5,70829.0,13312.5,2541.5,695.0,0.0,19741.5,2702.0,0.0,0.0,0.8702408065055713,0
2021-07-19,256515.0,24,12463.0,9210.0,10688.125,12463.0,256515.0,0.0,0.0,0,155257.5,61120.5,14672.0,2895.5,476.0,0.0,19760.0,2688.0,0.0,0.0,0.8575884618470673,0
2021-07-20,221998.0,24,11586.0,7624.0,9249.916666666666,11586.0,221998.0,0.0,0.0,0,149581.5,34138.5,13239.0,2909.0,440.0,0.0,19705.5,2544.0,0.0,0.0,0.7983701593877668,0
2021-07-21,214546.0,24,11389.0,6983.0,8939.416666666666,11389.0,214546.0,0.0,0.0,0,150194.5,26487.0,13918.0,2917.0,681.0,0.0,18078.5,2627.0,0.0,0.0,0.7849167325196826,0
2021-07-22,227059.5,24,11208.0,8251.0,9460.8125,11208.0,227059.5,0.0,0.0,0,150578.5,37489.0,16170.0,2918.0,726.0,0.0,17546.5,2574.0,0.0,0.0,0.8441124643112062,0
2021-07-23,211760.0,24,11055.0,7057.0,8823.333333333334,11055.0,211760.0,0.0,0.0,0,148217.5,24392.0,14603.0,2905.5,628.0,0.0,18919.5,2406.0,0.0,0.0,0.7981305593245892,0
2021-07-24,206273.0,24,10637.0,7334.0,8594.708333333334,10637.0,206273.0,0.0,0.0,0,152294.5,16108.5,13211.5,2907.5,591.0,0.0,19297.0,2332.0,0.0,0.0,0.8080011594747893,0
2021-07-25,221059.0,24,11332.0,7807.0,9210.791666666666,11332.0,221059.0,0.0,0.0,0,160184.0,21473.5,14216.0,2903.0,662.0,0.0,19227.5,2731.0,0.0,0.0,0.8128125367690316,0
2021-07-26,231641.0,24,11419.0,8165.0,9651.708333333334,11419.0,231669.0,0.0,0.0,0,164665.0,27580.0,14076.0,2905.0,535.0,0.0,19462.0,2832.0,0.0,0.0,0.8452323612692297,0
2021-07-27,222896.0,24,11003.0,7684.0,9287.333333333334,11003.0,222896.0,0.0,0.0,0,159038.0,25973.5,12814.5,2648.0,633.0,0.0,19557.0,2692.0,0.0,0.0,0.844072828622497,0
2021-07-28,209132.0,24,10487.0,7385.0,8713.833333333334,10487.0,209132.0,0.0,0.0,0,152763.5,21183.0,11211.0,1896.0,621.0,0.0,19379.5,2443.0,0.0,0.0,0.830917644067258,0
2021-07-29,189095.0,24,10033.0,6591.0,7878.958333333333,10033.0,189095.0,0.0,0.0,0,139770.0,16409.0,10755.0,2902.0,283.0,0.0,16830.0,2220.0,0.0,0.0,0.7853043290474766,0
2021-07-30,194497.0,24,10295.0,6793.0,8104.041666666667,10295.0,194497.0,0.0,0.0,0,140965.0,19133.0,11710.5,2969.0,371.0,0.0,16776.0,2353.0,0.0,0.0,0.7871822891371216,0
2021-07-31,206121.5,24,10844.0,7252.0,8588.395833333334,10844.0,206121.5,0.0,0.0,0,149875.0,20577.5,12814.5,2979.5,619.0,0.0,17099.0,2480.0,0.0,0.0,0.7919951893520227,0
2021-08-01,232406.0,24,11583.0,8249.0,9683.583333333334,11583.0,232406.0,0.0,0.0,0,152047.0,43841.0,13330.5,2989.0,509.0,0.0,17047.5,2814.0,0.0,0.0,0.8360168637946416,0
2021-08-02,240825.5,24,11824.0,8488.0,10034.395833333334,11824.0,240825.5,0.0,0.0,0,143579.5,59813.0,14219.5,2969.5,466.0,0.0,17006.5,3038.0,0.0,0.0,0.8486464676364457,0
2021-08-03,248668.0,24,12059.0,8777.0,10361.166666666666,12059.0,248668.0,0.0,0.0,0,148573.0,63871.0,13178.5,2818.0,642.0,0.0,17022.0,3070.0,0.0,0.0,0.8592061254388147,0
2021-08-04,251655.5,24,12194.0,8984.0,10485.645833333334,12194.0,251655.5,0.0,0.0,0,143593.5,71655.0,14357.5,2287.5,735.0,0.0,16579.5,2781.0,0.0,0.0,0.8599020693237112,0
2021-08-05,265762.0,24,12438.0,9461.0,11073.416666666666,12438.0,265762.0,0.0,0.0,0,144980.0,83346.0,14645.5,2832.5,849.0,0.0,16420.0,3000.0,0.0,0.0,0.8902891676046524,0
2021-08-06,250839.5,24,12228.5,8836.0,10451.645833333334,12228.5,250839.5,0.0,0.0,0,154683.5,62564.0,13238.5,2823.5,692.0,0.0,13986.5,2691.0,0.0,0.0,0.8546956563219801,0
2021-08-07,250041.0,24,12159.0,8816.0,10418.375,12159.0,250041.0,0.0,0.0,0,158589.5,58227.0,13988.0,2819.0,475.0,0.0,13764.0,2635.0,0.0,0.0,0.8568447240727034,0
2021-08-08,254200.5,24,12290.0,9118.0,10591.6875,12290.0,253041.5,0.0,0.0,0,160849.5,58793.0,13902.5,2835.0,499.0,0.0,13984.0,2923.0,0.0,0.0,0.8618134662327095,0
2021-08-09,260845.0,24,12524.0,9504.0,10868.541666666666,12524.0,260845.0,0.0,0.0,0,153414.0,70571.0,13951.0,2876.0,613.0,0.0,16716.0,3008.0,0.0,0.0,0.8678171244543809,0
2021-08-10,267490.0,24,12673.0,9658.0,11145.416666666666,12673.0,267490.0,0.0,0.0,0,150623.5,81562.0,14839.5,2933.5,511.0,0.0,13794.5,3018.0,0.0,0.0,0.8794615849969751,0
2021-08-11,270797.5,24,12768.0,9794.0,11283.229166666666,12768.0,270797.5,0.0,0.0,0,147044.5,85492.0,14905.5,2921.5,323.0,0.0,16894.0,3201.0,0.0,0.0,0.8837115575396824,0
2021-08-12,271475.5,24,12748.0,9889.0,11311.479166666666,12748.0,271475.5,0.0,0.0,0,152680.5,80596.0,15008.5,2874.5,465.0,0.0,16941.5,3216.0,0.0,0.0,0.887314023114737,0
2021-08-13,244555.0,24,12285.0,8636.0,10189.791666666666,12285.0,244555.0,0.0,0.0,0,158570.0,50254.0,13172.0,2877.0,395.0,0.0,16947.0,2688.0,0.0,0.0,0.8294498711165378,0
2021-08-14,260325.0,24,12706.0,9046.0,10846.875,12706.0,260325.0,0.0,0.0,0,164335.5,58718.0,14128.0,2879.5,467.0,0.0,17065.5,3019.0,0.0,0.0,0.8536813316543366,0
2021-08-15,256947.0,24,12584.0,9182.0,10706.125,12584.0,256947.0,0.0,0.0,0,165229.0,53999.5,14644.0,2895.0,525.0,0.0,17110.5,2986.0,0.0,0.0,0.8507728067387158,0
2021-08-16,270432.0,24,12948.0,9738.0,11268.0,12948.0,270472.0,0.0,0.0,0,164431.0,73309.0,14751.0,2923.0,427.0,0.0,11439.0,3104.0,0.0,0.0,0.8702502316960148,0
2021-08-17,265704.0,24,12675.0,9487.0,11071.0,12675.0,265704.0,0.0,0.0,0,159282.0,68700.0,14501.5,2917.0,533.0,0.0,16832.5,3014.0,0.0,0.0,0.8734516765285996,0
2021-08-18,259926.0,24,12517.0,9172.0,10830.25,12517.0,259926.0,0.0,0.0,0,155787.0,69344.0,12323.0,2730.0,498.0,0.0,16911.5,2653.0,0.0,0.0,0.8652432691539507,0
2021-08-19,259206.0,24,12531.0,9323.0,10800.25,12531.0,259206.0,0.0,0.0,0,147953.0,74730.0,13397.0,2926.0,673.0,0.0,17139.0,2751.0,0.0,0.0,0.8618825313223206,0
2021-08-20,237851.0,24,11821.0,8414.0,9910.458333333334,11821.0,237851.0,0.0,0.0,0,154520.5,47624.5,13118.5,2913.0,489.0,0.0,17011.5,2579.0,0.0,0.0,0.8383773228435271,0
2021-08-21,254592.5,24,12686.0,9084.0,10608.020833333334,12686.0,254592.5,0.0,0.0,0,162662.0,56103.0,13314.5,2658.0,684.0,0.0,16929.5,2789.0,0.0,0.0,0.8361990251721058,0
2021-08-22,275679.5,24,13271.0,9676.0,11486.645833333334,13271.0,275679.5,0.0,0.0,0,158981.0,79687.5,14285.0,2686.5,844.0,0.0,16609.0,2929.0,0.0,0.0,0.8655448597191873,0
2021-08-23,275573.0,24,12717.0,10099.0,11482.208333333334,12717.0,275924.0,0.0,0.0,0,151989.0,86526.5,14602.0,2868.0,514.0,0.0,16570.5,2774.0,0.0,0.0,0.9029022830332102,0
2021-08-24,266336.0,24,12781.0,9254.0,11097.333333333334,12781.0,266336.0,0.0,0.0,0,146980.0,82295.5,14910.5,2335.5,463.0,0.0,16923.5,2804.0,0.0,0.0,0.868268001982109,0
2021-08-25,269015.5,24,12790.0,9650.0,11208.979166666666,12790.0,269015.5,0.0,0.0,0,149306.0,81946.0,14794.5,3041.0,551.0,0.0,16969.5,2819.0,0.0,0.0,0.8763861740943445,0
2021-08-26,260542.0,24,12416.0,9513.0,10855.916666666666,12416.0,260542.0,0.0,0.0,0,147188.0,76557.5,14324.0,2977.5,274.0,0.0,16890.5,2887.0,0.0,0.0,0.8743489583333333,0
2021-08-27,242843.0,24,12153.0,8617.0,10118.458333333334,12153.0,242843.0,0.0,0.0,0,145997.0,59859.0,14610.5,3025.5,404.0,0.0,17040.0,2896.0,0.0,0.0,0.8325893469376561,0
2021-08-28,259980.0,24,12743.0,9230.0,10832.5,12743.0,259980.0,0.0,0.0,0,150979.0,71892.0,14387.0,3011.5,727.0,0.0,17087.0,2825.0,0.0,0.0,0.8500745507337362,0
2021-08-29,270192.0,24,12893.0,9836.0,11258.0,12893.0,270192.0,0.0,0.0,0,142951.0,88549.0,15052.5,2816.5,591.0,0.0,17276.0,3276.0,0.0,0.0,0.8731870006980532,0
2021-08-30,267012.0,24,12868.0,9622.0,11125.5,12868.0,267012.0,0.0,0.0,0,142104.5,85692.5,15541.5,3083.5,557.0,0.0,17426.0,2909.0,0.0,0.0,0.8645865713397576,0
2021-08-31,274910.5,24,13185.0,9804.0,11454.604166666666,13185.0,274910.5,0.0,0.0,0,144752.5,90741.0,15422.0,3110.5,762.0,0.0,17444.5,3010.0,0.0,0.0,0.8687602705094172,0
2021-09-01,277143.0,24,13141.0,9966.0,11547.625,13141.0,277143.0,0.0,0.0,0,145288.0,92891.0,15309.0,3249.0,468.0,0.0,17431.5,2879.0,0.0,0.0,0.8787478121908531,0
2021-09-02,273629.5,24,12947.0,9850.0,11401.229166666666,12947.0,273629.5,0.0,0.0,0,143229.5,91282.5,15140.0,3281.0,557.0,0.0,17424.0,3023.0,0.0,0.0,0.8806077984603897,0
2021-09-03,256492.0,24,12655.0,9048.0,10687.166666666666,12655.0,256492.0,0.0,0.0,0,140406.0,77567.5,14501.5,3276.0,792.0,0.0,17395.5,2862.0,0.0,0.0,0.8445015145528776,0
2021-09-04,272903.0,24,13343.0,9938.0,11370.958333333334,13343.0,272903.0,0.0,0.0,0,143981.0,90058.5,15065.0,2848.5,780.0,0.0,17477.0,3050.0,0.0,0.0,0.8522040270803668,0
2021-09-05,283289.5,24,13148.0,10120.0,11803.729166666666,13148.0,283289.5,0.0,0.0,0,143378.5,100544.5,15935.0,2498.0,678.0,0.0,17499.0,2748.0,0.0,0.0,0.8977585310820403,0
2021-09-06,275101.0,24,13040.0,9847.0,11462.541666666666,13040.0,275101.0,0.0,0.0,0,142758.0,94139.0,14631.5,2955.0,755.0,0.0,17528.5,2640.0,0.0,0.0,0.8790292689161554,0
2021-09-07,271963.5,24,13060.0,9634.0,11331.8125,13060.0,271963.5,0.0,0.0,0,144859.5,88537.5,14304.5,3535.5,742.0,0.0,17524.5,2754.0,0.0,0.0,0.8676732388973967,0
2021-09-08,271332.5,24,13130.0,9638.0,11305.520833333334,13130.0,271332.5,0.0,0.0,0,143142.5,91221.5,12959.5,3011.0,754.0,0.0,17543.0,3019.0,0.0,0.0,0.8610449987306423,0
2021-09-09,277539.0,24,13314.0,9736.0,11564.125,13314.0,277539.0,0.0,0.0,0,142622.0,95430.5,15300.5,3743.0,693.0,0.0,17488.5,2954.0,0.0,0.0,0.8685687997596515,0
2021-09-10,262715.5,24,12750.0,9309.0,10946.479166666666,12750.0,262715.5,0.0,0.0,0,144428.5,79087.0,14848.0,3838.0,845.0,0.0,17131.5,2815.0,0.0,0.0,0.858547385620915,0
2021-09-11,272764.0,24,13509.0,9207.0,11365.166666666666,13509.0,273056.0,0.0,0.0,0,149295.5,86684.0,12648.0,3854.0,845.5,0.0,17111.5,2626.0,0.0,0.0,0.8413033286451007,0
2021-09-12,281734.5,24,13105.0,10254.0,11738.9375,13105.0,281734.5,0.0,0.0,0,147869.5,96779.0,12292.5,3882.0,784.0,0.0,17461.0,3026.0,0.0,0.0,0.8957602060282335,0
2021-09-13,275289.5,24,12951.0,10028.0,11470.395833333334,12951.0,275289.5,0.0,0.0,0,141536.0,96479.5,12524.0,3948.0,682.0,0.0,17469.5,3021.0,0.0,0.0,0.8856764599902196,0
2021-09-14,262280.5,24,12442.0,9433.0,10928.354166666666,12442.0,262280.5,0.0,0.0,0,145222.5,81592.0,11441.5,3628.0,555.0,0.0,17222.0,2947.0,0.0,0.0,0.8783438487917269,0
2021-09-15,269032.5,24,13074.0,9339.0,11209.6875,13074.0,269032.5,0.0,0.0,0,147670.0,84750.0,11917.0,3926.5,893.0,0.0,17251.0,2944.0,0.0,0.0,0.8574030518586507,0
2021-09-16,269086.0,24,13014.0,9348.0,11211.916666666666,13014.0,269086.0,0.0,0.0,0,149252.5,82666.0,12606.5,3980.5,669.0,0.0,17460.5,2837.0,0.0,0.0,0.8615273295425439,0
2021-09-17,243904.5,24,12322.5,8491.0,10162.6875,12322.5,243904.5,0.0,0.0,0,149030.0,59152.5,11316.5,4009.0,594.0,0.0,17435.5,2377.0,0.0,0.0,0.8247261107729763,0
2021-09-18,252971.0,24,12542.0,8939.0,10540.458333333334,12542.0,252971.0,0.0,0.0,0,151484.0,65550.5,11701.0,3992.5,556.0,0.0,17446.0,2452.0,0.0,0.0,0.8404128793919099,0
2021-09-19,255707.5,24,12308.0,9076.0,10654.479166666666,12308.0,255707.5,0.0,0.0,0,151443.5,68585.0,11400.0,3952.5,519.0,0.0,17485.0,2626.0,0.0,0.0,0.8656547909218936,0
2021-09-20,257082.5,24,12571.0,9021.0,10711.770833333334,12571.0,257082.5,0.0,0.0,0,153046.5,68409.5,11035.0,3973.0,619.0,0.0,17496.0,2742.0,0.0,0.0,0.8521017288468168,0
2021-09-21,257219.5,24,12523.0,9046.0,10717.479166666666,12523.0,257219.5,0.0,0.0,0,152308.5,68762.0,11443.5,3946.5,617.0,0.0,17530.0,2920.0,0.0,0.0,0.8558236178764407,0
2021-09-22,258447.5,24,12491.0,9183.0,10768.645833333334,12491.0,258447.5,0.0,0.0,0,152141.0,70303.0,11314.5,3965.0,701.0,0.0,17478.0,2811.0,0.0,0.0,0.8621123875857284,0
2021-09-23,268117.0,24,13004.0,9408.0,11171.541666666666,13004.0,268117.0,0.0,0.0,0,155489.0,75736.5,11987.0,3943.5,747.0,0.0,17447.5,3053.0,0.0,0.0,0.8590850251204757,0
2021-09-24,259574.5,24,12759.0,9117.0,10815.604166666666,12762.0,259609.0,0.0,0.0,0,150990.0,72129.0,11967.0,3948.0,984.0,0.0,17400.0,3063.0,0.0,0.0,0.8476843143402043,0
2021-09-25,271244.5,24,13052.0,9880.0,11301.854166666666,13052.0,271244.5,0.0,0.0,0,157250.5,77647.0,12031.0,3403.5,634.0,0.0,17446.5,3091.0,0.0,0.0,0.8659097584022882,0
2021-09-26,277159.5,24,12936.0,10085.0,11548.3125,12936.0,277119.0,0.0,0.0,0,159238.5,82231.0,13280.0,2826.5,841.5,0.0,16893.0,2701.0,0.0,0.0,0.8927266929499073,0
2021-09-27,272697.5,24,12716.0,9805.0,11362.395833333334,12716.0,272697.5,0.0,0.0,0,159282.5,76816.0,12822.0,2815.0,831.0,0.0,17429.5,3060.0,0.0,0.0,0.8935511035965189,0
2021-09-28,261703.5,24,12358.0,9181.0,10904.3125,12358.0,261703.5,0.0,0.0,0,156304.0,71368.5,10997.0,2884.0,568.0,0.0,17327.5,2619.0,0.0,0.0,0.8823687085288882,0
2021-09-29,257263.5,24,12503.0,9031.0,10719.3125,12503.0,257263.5,0.0,0.0,0,159891.5,63127.5,10819.0,3193.5,541.0,0.0,17497.0,2541.0,0.0,0.0,0.8573392385827402,0
2021-09-30,267997.0,24,13065.0,9254.0,11166.541666666666,13065.0,267997.0,0.0,0.0,0,157809.0,73850.5,11595.0,3818.0,688.0,0.0,17615.5,2855.0,0.0,0.0,0.8546912871539737,0
2021-10-01,255550.0,24,12425.0,8983.0,10647.916666666666,12425.0,255550.0,0.0,0.0,0,152771.0,66726.5,11555.5,3840.0,903.0,0.0,17310.5,2852.0,0.0,0.0,0.8569751844399731,0
2021-10-02,270192.5,24,13178.0,9633.0,11258.020833333334,13178.0,270192.5,0.0,0.0,0,153048.0,80883.0,12513.0,3419.5,686.0,0.0,17325.5,2689.0,0.0,0.0,0.8543042065057925,0
2021-10-03,259874.5,24,12466.5,9621.0,10828.104166666666,12466.5,259874.5,0.0,0.0,0,155358.5,68070.5,12892.5,3644.0,369.0,0.0,17130.5,2748.0,0.0,0.0,0.8685761173277717,0
2021-10-04,249234.0,24,12378.0,8660.0,10384.75,12378.0,249234.0,0.0,0.0,0,149502.5,63178.0,12365.5,3816.0,554.0,0.0,17271.0,2873.0,0.0,0.0,0.8389683309096785,0
2021-10-05,254856.5,24,12406.0,9235.0,10619.020833333334,12406.0,254856.5,0.0,0.0,0,149718.5,68193.0,12760.5,3817.0,458.0,0.0,17352.0,2812.0,0.0,0.0,0.8559584743941104,0
2021-10-06,262658.5,24,12765.0,9024.0,10944.104166666666,12765.0,262658.5,0.0,0.0,0,142448.0,82972.0,13012.5,3811.0,724.0,0.0,17344.0,2649.0,0.0,0.0,0.857352461156809,0
2021-10-07,271398.5,24,12972.0,9243.0,11308.270833333334,12972.0,271342.5,0.0,0.0,0,145759.5,87956.5,13390.0,3808.5,608.0,0.0,17384.5,2837.0,0.0,0.0,0.871744590913763,0
2021-10-08,256322.5,24,12457.0,8839.0,10680.104166666666,12457.0,256322.5,0.0,0.0,0,147328.0,71455.5,13779.5,3816.5,615.0,0.0,17343.0,2352.0,0.0,0.0,0.8573576436274116,0
2021-10-09,269008.5,24,13243.0,9510.0,11208.6875,13243.0,269008.5,0.0,0.0,0,150268.0,80820.5,13760.5,3820.0,612.0,0.0,17215.5,2879.0,0.0,0.0,0.8463858264743638,0
2021-10-10,283230.5,24,13390.0,10009.0,11801.270833333334,13390.0,283230.5,0.0,0.0,0,146776.0,97768.5,14229.0,3840.0,788.0,0.0,17111.0,3035.0,0.0,0.0,0.8813495767986059,0
2021-10-11,286195.5,24,13482.0,10027.0,11924.8125,13482.0,286195.5,0.0,0.0,0,145689.5,101184.0,14640.5,3844.0,814.0,0.0,17161.5,3183.0,0.0,0.0,0.8844987761459724,0
2021-10-12,287753.5,24,13420.0,9960.0,11989.729166666666,13420.0,287753.5,0.0,0.0,0,146324.0,102441.5,14646.0,3798.5,723.0,0.0,17213.0,2944.0,0.0,0.0,0.8934224416294088,0
2021-10-13,284167.0,24,13362.0,9867.0,11840.291666666666,13362.0,284167.0,0.0,0.0,0,143477.5,102913.5,14257.0,3826.0,504.0,0.0,17024.5,2497.0,0.0,0.0,0.8861167240433069,0
2021-10-14,286705.5,24,13102.0,10473.0,11946.0625,13102.0,286705.5,0.0,0.0,0,151690.5,96449.0,14380.0,3864.5,692.0,0.0,17138.0,2812.0,0.0,0.0,0.9117739658067471,0
2021-10-15,261030.0,24,12500.0,9548.0,10876.25,12500.0,261030.0,0.0,0.0,0,154677.5,68511.0,13548.0,3849.0,825.0,0.0,17232.5,2714.0,0.0,0.0,0.8701,0
2021-10-16,263267.5,24,12829.0,9068.0,10969.479166666666,12829.0,263267.5,0.0,0.0,0,151665.0,72921.0,13943.5,3828.5,753.0,0.0,17238.5,3240.0,0.0,0.0,0.8550533296957413,0
2021-10-17,268510.0,24,12226.0,9764.0,11187.916666666666,12226.0,268510.0,0.0,0.0,0,154375.5,77186.5,12347.0,3809.5,616.0,0.0,17255.0,3206.0,0.0,0.0,0.9150921533344238,0
2021-10-18,247490.0,24,11556.0,9287.0,10312.083333333334,11556.0,247490.0,0.0,0.0,0,149227.5,63545.5,10438.5,3834.5,469.0,0.0,17276.5,3003.0,0.0,0.0,0.8923575054805585,0
2021-10-19,228442.0,24,11009.0,8058.0,9518.416666666666,11009.0,228442.0,0.0,0.0,0,142323.5,52784.5,9810.5,3919.0,356.0,0.0,17363.5,2733.0,0.0,0.0,0.86460320343961,0
2021-10-20,219795.0,24,10550.0,8096.0,9158.125,10550.0,219795.0,0.0,0.0,0,147229.5,39069.0,10293.0,3843.0,431.0,0.0,17249.0,2820.0,0.0,0.0,0.868068720379147,0
2021-10-21,232622.0,24,11874.0,7981.0,9692.583333333334,11874.0,232622.0,0.0,0.0,0,147807.0,48642.0,11858.0,3630.0,579.0,0.0,17386.5,3101.0,0.0,0.0,0.8162862837572288,0
2021-10-22,210091.0,24,10215.0,7486.0,8753.791666666666,10215.0,210091.0,0.0,0.0,0,143188.0,31659.0,10918.0,3896.0,633.0,0.0,17446.5,2681.0,0.0,0.0,0.856954641866536,0
2021-10-23,217421.5,24,11457.0,7677.0,9059.229166666666,11457.0,217421.5,0.0,0.0,0,147120.5,35713.0,10697.0,3873.0,527.0,0.0,17446.5,2919.0,0.0,0.0,0.7907156469116405,0
2021-10-24,228429.0,24,11618.0,7831.0,9517.875,11618.0,228429.0,0.0,0.0,0,149581.0,43487.0,10695.5,3884.0,801.0,0.0,17448.0,2830.0,0.0,0.0,0.8192352384231365,0
2021-10-25,228209.5,24,11615.0,7877.0,9508.729166666666,11615.0,228209.5,0.0,0.0,0,153672.0,47808.0,2175.0,3887.5,697.0,0.0,17448.0,2812.0,0.0,0.0,0.818659420289855,0
2021-10-26,231911.5,24,11827.0,8053.0,9662.979166666666,11827.0,231911.5,0.0,0.0,0,153657.5,51972.0,1919.0,3811.5,604.0,0.0,17471.5,2787.0,0.0,0.0,0.8170270708266396,0
2021-10-27,233482.5,24,11784.0,8234.0,9728.4375,11784.0,233482.5,0.0,0.0,0,148227.0,50135.0,9869.0,3770.0,669.0,0.0,17534.0,2602.0,0.0,0.0,0.8255632637474541,0
2021-10-28,233671.5,24,11926.0,8070.0,9736.3125,11926.0,233671.5,0.0,0.0,0,138242.5,59241.0,11834.5,3718.0,684.0,0.0,17420.5,2906.0,0.0,0.0,0.816393803454637,0
2021-10-29,217967.5,24,10780.0,7690.0,9081.979166666666,10780.0,217967.5,0.0,0.0,0,134393.0,46751.5,12710.0,3805.0,827.0,0.0,17262.0,2608.0,0.0,0.0,0.8424841527520098,0
2021-10-30,225481.0,24,11641.0,7764.0,9395.041666666666,11641.0,225481.0,0.0,0.0,0,142766.0,48441.0,11278.0,2672.0,790.0,0.0,17327.0,2552.0,0.0,0.0,0.8070648283366263,0
2021-10-31,219883.5,24,10779.0,7775.0,9161.8125,10779.0,219883.5,0.0,0.0,0,143874.5,43721.0,10160.0,1353.0,772.0,0.0,17527.0,2775.0,0.0,0.0,0.8499686891177289,0
2021-11-01,208050.0,24,10331.0,7312.0,8668.75,10331.0,207936.5,0.0,0.0,0,147020.0,29438.0,9290.5,2025.5,700.5,0.0,17699.0,2302.0,0.0,0.0,0.8391007646888007,0
2021-11-02,202179.0,24,10274.0,6986.0,8424.125,10274.0,202179.0,0.0,0.0,0,142637.5,28195.0,9264.5,2178.5,525.0,0.0,17569.0,2062.0,0.0,0.0,0.819945980144053,0
2021-11-03,203832.0,24,10389.0,7085.0,8493.0,10389.0,205802.0,0.0,0.0,0,139543.66666666666,31763.5,9610.5,2551.5,770.0,0.0,17547.666666666668,2374.6666666666665,0.0,0.0,0.8174992780825874,0
2021-11-04,201459.0,24,10114.0,6838.0,8394.125,10114.0,201459.0,0.0,0.0,0,137779.33333333334,33993.0,9226.0,2442.6666666666665,684.0,0.0,15633.333333333334,2267.3333333333335,0.0,0.0,0.8299510579394899,0
2021-11-05,176736.5,24,8681.0,6407.0,7364.020833333333,8681.0,176736.5,0.0,0.0,0,127393.5,17604.5,9885.5,2446.3333333333335,785.0,0.0,17517.0,1950.0,0.0,0.0,0.8482917674615059,0
2021-11-06,182764.5,24,9659.0,6094.0,7615.1875,9659.0,182764.5,0.0,0.0,0,129609.0,21726.0,9230.0,2440.0,784.0,0.0,17273.5,2110.0,0.0,0.0,0.7884033026193188,0
2021-11-07,190235.5,24,9785.0,6465.0,7926.479166666667,9785.0,190235.5,0.0,0.0,0,126981.0,31435.5,9971.5,1731.0,820.0,0.0,17593.0,2150.0,0.0,0.0,0.8100642990972577,0
2021-11-08,191501.5,24,9853.0,6364.0,7979.229166666667,9853.0,191501.5,0.0,0.0,0,126598.5,33470.0,10323.0,1810.0,810.0,0.0,17102.5,2081.0,0.0,0.0,0.8098273791400251,0
2021-11-09,196807.5,24,10228.0,6601.0,8200.3125,10228.0,196807.5,0.0,0.0,0,127585.5,37880.5,9584.5,2305.5,799.0,0.0,17379.0,2048.0,0.0,0.0,0.80175131990614,0
2021-11-10,199699.5,24,10254.0,6738.0,8320.8125,10254.0,199699.5,0.0,0.0,0,128191.0,39076.5,9974.0,2780.0,748.0,0.0,16743.5,2336.0,0.0,0.0,0.8114699141798323,0
2021-11-11,199775.0,24,10067.0,6869.0,8323.958333333334,10067.0,199775.0,0.0,0.0,0,129268.0,37900.0,9924.0,2765.5,602.0,0.0,17194.5,2479.0,0.0,0.0,0.8268558988112977,0
2021-11-12,182092.5,24,8900.0,6821.0,7587.1875,8900.0,182092.5,0.0,0.0,0,132440.0,19827.5,9565.0,1789.5,604.0,0.0,15828.0,2315.0,0.0,0.0,0.8524929775280898,0
2021-11-13,183785.5,24,9174.0,6283.0,7657.729166666667,9174.0,183785.5,0.0,0.0,0,132143.5,22785.0,9208.5,1691.0,364.0,0.0,15982.0,1977.0,0.0,0.0,0.8347208596758957,0
2021-11-14,182731.0,24,9240.0,6147.0,7613.791666666667,9240.0,182731.0,0.0,0.0,0,126975.5,26811.0,8537.5,1857.0,456.0,0.0,16632.0,1899.0,0.0,0.0,0.8240034271284271,0
2021-11-15,184847.5,24,9519.0,6141.0,7701.979166666667,9519.0,184847.5,0.0,0.0,0,128454.0,26504.5,9072.5,2597.0,466.0,0.0,16081.0,1973.0,0.0,0.0,0.8091164162902266,0
2021-11-16,187061.0,24,9504.0,6310.0,7794.208333333333,9504.0,187061.0,0.0,0.0,0,127014.0,29816.0,8909.0,2622.0,724.0,0.0,16192.0,2086.0,0.0,0.0,0.8200976781705948,0
2021-11-17,185697.5,24,9614.0,6313.0,7737.395833333333,9614.0,185701.0,0.0,0.0,0,125497.5,29423.5,9548.5,2275.0,780.0,0.0,16344.0,2269.0,0.0,0.0,0.8048050585951043,0
2021-11-18,187471.5,24,9747.0,6316.0,7811.3125,9747.0,187471.5,0.0,0.0,0,128347.5,28487.0,9317.0,2435.5,758.0,0.0,16115.5,2246.0,0.0,0.0,0.8014068431312199,0
2021-11-19,167426.5,24,8271.0,6270.0,6976.104166666667,8271.0,167426.5,0.0,0.0,0,126010.5,13252.0,8601.0,2456.0,722.0,0.0,16335.0,1998.0,0.0,0.0,0.8434414419860558,0
2021-11-20,178482.5,24,9598.0,5815.0,7436.770833333333,9598.0,178482.5,0.0,0.0,0,130548.5,19083.0,8976.0,2710.5,557.0,0.0,15321.5,2030.0,0.0,0.0,0.7748250503577134,0
2021-11-21,185583.0,24,9464.0,6240.0,7732.625,9464.0,185583.0,0.0,0.0,0,134850.0,21726.5,8771.0,2119.5,578.0,0.0,15856.0,2037.0,0.0,0.0,0.8170567413355875,0
2021-11-22,188860.5,24,9734.0,6348.0,7869.1875,9734.0,188860.5,0.0,0.0,0,130933.5,28927.0,8798.5,1899.5,563.0,0.0,15836.5,2175.5,0.0,0.0,0.8084227963838093,0
2021-11-23,192411.5,24,10026.0,6450.0,8017.145833333333,10026.0,192411.5,0.0,0.0,0,128172.0,34570.0,9300.0,1935.0,580.0,0.0,16096.0,2130.5,0.0,0.0,0.7996355309528559,0
2021-11-24,190261.5,24,9668.0,6582.0,7927.5625,9668.0,190261.5,0.0,0.0,0,123474.0,37299.0,9274.0,1815.0,587.0,0.0,16362.0,2212.0,0.0,0.0,0.8199795717832024,0
2021-11-25,186626.0,24,9664.0,6354.0,7776.083333333333,9664.0,186754.5,0.0,0.0,0,111213.5,45296.0,10121.0,1812.0,648.5,0.0,15912.5,2084.5,0.0,0.0,0.8046443846578366,0
2021-11-26,165196.5,24,8240.0,6046.0,6883.1875,8240.0,165196.5,0.0,0.0,0,117443.0,21586.5,9303.5,1847.0,620.0,0.0,12464.5,1841.5,0.0,0.0,0.8353382888349514,0
2021-11-27,174746.0,24,9338.0,5609.0,7281.083333333333,9338.0,174746.0,0.0,0.0,0,116082.5,32588.0,9668.5,1810.0,676.0,0.0,13261.0,2034.0,0.0,0.0,0.7797262083244092,0
2021-11-28,178023.0,24,9173.0,5959.0,7417.625,9173.0,178023.0,0.0,0.0,0,115270.5,33182.0,9877.5,1973.5,721.0,0.0,15399.5,2150.0,0.0,0.0,0.808636760056688,0
2021-11-29,180789.0,24,9456.0,5965.0,7532.875,9456.0,180578.5,0.0,0.0,0,116534.0,34666.5,9550.5,2472.0,745.5,0.0,15697.0,2117.5,0.0,0.0,0.7966238367174281,0
2021-11-30,182878.5,24,9396.0,6111.0,7619.9375,9396.0,182878.5,0.0,0.0,0,122386.5,28287.0,11820.0,2585.5,758.0,0.0,15100.5,2012.0,0.0,0.0,0.8109767454235846,0
2021-12-01,184606.5,24,9537.0,6127.0,7691.9375,9537.0,184606.5,0.0,0.0,0,119915.5,32262.5,13445.0,1709.0,757.0,0.0,14988.5,2069.5,0.0,0.0,0.8065363846073189,0
2021-12-02,186784.5,24,9588.0,6013.0,7782.6875,9588.0,186293.0,0.0,0.0,0,115586.5,38636.0,13551.5,1794.0,733.0,0.0,15019.0,2071.0,0.0,0.0,0.8117112536503963,0
2021-12-03,164644.0,24,8251.0,6104.0,6860.166666666667,8251.0,164644.0,0.0,0.0,0,100444.5,34746.5,13537.0,1701.5,588.0,0.0,11878.5,1747.5,0.0,0.0,0.83143457358704,0
2021-12-04,173137.5,24,9409.0,5694.0,7214.0625,9409.0,173137.5,0.0,0.0,0,101724.0,40826.5,13663.0,1713.5,277.0,0.0,13113.5,2032.5,0.0,0.0,0.7667193644383038,0
2021-12-05,178999.5,24,9231.0,6053.0,7458.3125,9231.0,178999.5,0.0,0.0,0,113759.5,34241.5,13118.0,1717.0,387.0,0.0,13678.5,2135.5,0.0,0.0,0.8079636550752898,0
2021-12-06,167965.0,24,8644.0,5334.0,6998.541666666667,8644.0,167965.0,0.0,0.0,0,107578.0,30953.5,12746.0,1305.0,117.0,0.0,14097.5,1352.5,0.0,0.0,0.8096415625482031,0
2021-12-07,176771.0,24,9321.0,5648.0,7365.458333333333,9321.0,176771.0,0.0,0.0,0,108202.5,37195.0,13660.0,1692.0,281.0,0.0,14419.5,1877.0,0.0,0.0,0.7902004434431212,0
2021-12-08,182531.5,24,9460.0,5912.0,7605.479166666667,9460.0,182237.0,0.0,0.0,0,111031.0,39379.0,13951.5,1590.5,583.0,0.0,14652.5,2012.5,0.0,0.0,0.8039618569415081,0
2021-12-09,183615.5,24,9444.0,5983.0,7650.645833333333,9444.0,183615.5,0.0,0.0,0,117557.5,35580.0,12360.0,1584.0,611.0,0.0,14202.0,2089.5,0.0,0.0,0.8101065050120005,0
2021-12-10,163814.0,24,8214.0,6034.0,6825.583333333333,8214.0,163814.0,0.0,0.0,0,115316.5,23121.0,9480.0,1725.5,544.0,0.0,11890.0,1844.0,0.0,0.0,0.83096948299651,0
2021-12-11,170868.0,24,9326.0,5515.0,7119.5,9326.0,170985.0,0.0,0.0,0,112296.0,32153.5,8785.0,1731.0,568.5,0.0,12999.0,2067.5,0.0,0.0,0.7634033883765816,0
2021-12-12,177268.0,24,9246.0,5857.0,7386.166666666667,9246.0,177268.0,0.0,0.0,0,112489.5,36532.0,9786.0,1735.0,660.0,0.0,13895.0,2001.5,0.0,0.0,0.7988499531328863,0
2021-12-13,176714.0,24,9313.0,5777.0,7363.083333333333,9313.0,176714.0,0.0,0.0,0,110615.0,37064.5,10764.0,1734.0,695.0,0.0,14469.5,1806.5,0.0,0.0,0.790624217044275,0
2021-12-14,176268.0,24,9056.0,5814.0,7344.5,9056.0,176268.0,0.0,0.0,0,101260.5,41621.0,14843.0,1692.0,823.0,0.0,14321.0,1949.0,0.0,0.0,0.8110092756183745,0
2021-12-15,177855.5,24,9137.0,5793.0,7410.645833333333,9137.0,177855.5,0.0,0.0,0,100318.5,43341.0,15478.5,1726.0,889.0,0.0,14316.0,1987.0,0.0,0.0,0.8110589726752033,0
2021-12-16,156641.5,24,7802.0,5785.0,6526.729166666667,7802.0,156641.5,0.0,0.0,0,109089.5,17336.5,14333.0,1357.0,996.0,0.0,12236.0,1747.0,0.0,0.0,0.8365456506878578,0
2021-12-17,150555.0,24,7956.0,5167.0,6273.125,7956.0,150555.0,0.0,0.0,0,105222.0,16956.0,13452.5,1195.0,1016.0,0.0,11470.0,1682.5,0.0,0.0,0.7884772498743087,0
2021-12-18,164131.5,24,9047.0,5267.0,6838.8125,9047.0,164131.5,0.0,0.0,0,104293.5,29204.5,13230.5,1946.0,984.0,0.0,12750.0,1883.0,0.0,0.0,0.755920470874323,0
2021-12-19,173602.5,24,9061.0,5611.0,7233.4375,9061.0,173602.5,0.0,0.0,0,110081.5,31173.0,13066.0,1815.5,1052.0,0.0,14586.0,1936.5,0.0,0.0,0.7983045469594967,0
2021-12-20,174851.5,24,9082.0,5684.0,7285.479166666667,9082.0,174851.5,0.0,0.0,0,110486.0,34816.0,11711.0,1104.0,1050.0,0.0,13923.5,1937.5,0.0,0.0,0.8021888534096748,0
2021-12-21,178334.33333333334,24,9336.0,5799.0,7430.597222222223,9336.0,178334.33333333334,0.0,0.0,0,108862.5,41265.666666666664,13495.0,1312.0,980.0,0.0,10790.0,1767.5,0.0,0.0,0.7959080143768448,0
2021-12-22,178902.66666666666,24,9312.0,5832.0,7454.277777777777,9312.0,178902.66666666666,0.0,0.0,0,108002.0,39617.333333333336,14652.0,2040.0,790.0,0.0,12054.0,1760.0,0.0,0.0,0.800502338678885,0
2021-12-23,178124.5,24,9199.0,5853.0,7421.854166666667,9199.0,178124.5,0.0,0.0,0,103905.5,45084.0,10285.5,1834.0,845.0,0.0,14823.0,1719.5,0.0,0.0,0.8068109758307063,0
2021-12-24,160469.5,24,8095.0,5837.0,6686.229166666667,8095.0,160469.5,0.0,0.0,0,102110.0,29883.5,12781.0,2064.0,799.0,0.0,11942.0,1527.5,0.0,0.0,0.8259702491249743,0
2021-12-25,171025.5,24,9013.0,5452.0,7126.0625,9013.0,171025.5,0.0,0.0,0,107778.0,33668.0,12397.5,2064.0,1003.0,0.0,12594.5,1761.0,0.0,0.0,0.7906426827915234,0
2021-12-26,175006.0,24,9149.0,5837.0,7291.916666666667,9149.0,175006.0,0.0,0.0,0,107651.0,39947.0,12310.0,2064.0,936.0,0.0,9934.5,1748.0,0.0,0.0,0.7970178890224797,0
2021-12-27,179947.5,24,9446.0,5861.0,7497.8125,9446.0,179947.5,0.0,0.0,0,99456.0,53379.5,12474.0,1926.0,877.0,0.0,10350.5,1638.5,0.0,0.0,0.7937552932458183,0
2021-12-28,181811.5,24,9368.0,5991.0,7575.479166666667,9368.0,181811.5,0.0,0.0,0,89673.0,64427.0,13094.5,1854.0,936.0,0.0,10341.5,1652.5,0.0,0.0,0.8086549067748363,0
2021-12-29,181411.0,24,9398.0,5943.0,7558.791666666667,9398.0,181411.0,0.0,0.0,0,89834.0,63627.5,13458.0,2010.0,684.0,0.0,10264.5,1734.5,0.0,0.0,0.8042979002624672,0
2021-12-30,180100.5,24,9302.0,5947.0,7504.1875,9302.0,180100.5,0.0,0.0,0,90623.0,59597.0,13802.0,2064.0,775.0,0.0,11697.0,1816.5,0.0,0.0,0.806728391743711,0
2021-12-31,161729.0,24,8193.0,5879.0,6738.708333333333,8193.0,161729.0,0.0,0.0,0,93457.0,39678.5,13045.0,1866.0,1108.0,0.0,11093.0,1619.0,0.0,0.0,0.8224958297733838,0
2022-01-01,169621.5,24,8985.0,5490.0,7067.5625,8985.0,169621.5,0.0,0.0,0,93207.5,45004.5,12956.0,1986.0,954.0,0.0,14275.0,1791.0,0.0,0.0,0.78659571508069,0
2022-01-02,175810.0,24,9156.0,5745.0,7325.416666666667,9156.0,175810.0,0.0,0.0,0,92004.0,51153.5,13287.0,2061.0,671.0,0.0,14431.0,1889.0,0.0,0.0,0.8000673510994613,0
2022-01-03,176866.0,24,9342.0,5706.0,7369.416666666667,9342.0,176866.0,0.0,0.0,0,92001.5,52591.5,13018.5,2012.0,1037.0,0.0,14624.0,1811.0,0.0,0.0,0.7888478555626918,0
2022-01-04,179849.0,24,9406.0,5837.0,7493.708333333333,9406.0,179886.0,0.0,0.0,0,91690.0,55444.0,12707.0,2064.0,845.0,0.0,15268.5,1997.5,0.0,0.0,0.7966944857892125,0
2022-01-05,177066.5,24,9239.0,5648.0,7377.770833333333,9239.0,177066.5,0.0,0.0,0,94179.5,50229.0,12698.0,2018.0,818.0,0.0,15430.5,2028.5,0.0,0.0,0.7985464696756502,0
2022-01-06,180850.0,24,9338.0,5805.0,7535.416666666667,9338.0,180850.0,0.0,0.0,0,95685.0,58524.5,6953.0,2001.0,824.0,0.0,15305.0,1937.5,0.0,0.0,0.8069625901335047,0
2022-01-07,162146.0,24,8163.0,5848.0,6756.083333333333,8163.0,162146.0,0.0,0.0,0,92184.0,46520.5,6094.0,1815.5,1067.0,0.0,13284.0,1697.0,0.0,0.0,0.8276471068643064,0
2022-01-08,172051.83333333334,24,9476.0,5475.0,7168.82638888889,9476.0,172051.83333333334,0.0,0.0,0,92830.16666666667,48121.833333333336,12061.333333333334,1824.5,1126.0,0.0,14605.0,1820.1666666666667,0.0,0.0,0.75652452394353,0
2022-01-09,184993.66666666666,24,9537.0,6018.0,7708.069444444444,9537.0,184993.66666666666,0.0,0.0,0,92810.33333333333,63158.666666666664,12553.666666666666,1902.0,1145.0,0.0,11581.0,2039.3333333333333,0.0,0.0,0.8082278960306641,0
2022-01-10,184217.5,24,9612.0,6007.0,7675.729166666667,9612.0,184331.5,0.0,0.0,0,91578.5,63849.5,12369.5,1931.5,971.5,0.0,11719.5,2045.5,0.0,0.0,0.7985569253710639,0
2022-01-11,188995.0,24,9731.0,6210.0,7874.791666666667,9731.0,188995.0,0.0,0.0,0,88370.5,71513.0,12733.5,1941.0,840.0,0.0,11712.0,2088.0,0.0,0.0,0.8092479361490769,0
2022-01-12,184416.5,24,9583.0,5854.0,7684.020833333333,9583.0,184416.5,0.0,0.0,0,80980.0,75782.0,12823.0,1925.0,535.0,0.0,10759.5,1835.0,0.0,0.0,0.8018387596090298,0
2022-01-13,184626.5,24,9643.0,5763.0,7692.770833333333,9643.0,184626.5,0.0,0.0,0,82458.0,71487.0,12974.0,1776.5,1057.5,0.0,11738.0,1972.5,0.0,0.0,0.7977570085381451,0
2022-01-14,171271.5,24,8349.0,6166.0,7136.3125,8349.0,171271.5,0.0,0.0,0,80305.5,59730.5,12514.0,1992.0,540.0,0.0,14389.5,1782.5,0.0,0.0,0.8547505689304108,0
2022-01-15,177889.0,24,9604.0,5708.0,7412.041666666667,9604.0,177889.0,0.0,0.0,0,89287.5,56923.5,12234.0,1937.0,631.0,0.0,15524.5,1668.5,0.0,0.0,0.7717661044009441,0
2022-01-16,186094.5,24,9676.0,6079.0,7753.9375,9676.0,186151.0,0.0,0.0,0,84015.5,68501.5,12398.5,1807.5,970.5,0.0,16805.0,1996.0,0.0,0.0,0.8013577408019843,0
2022-01-17,187060.0,24,9771.0,6021.0,7794.166666666667,9771.0,187060.0,0.0,0.0,0,84318.5,68744.0,12618.0,1690.0,1175.0,0.0,16756.5,2070.5,0.0,0.0,0.7976836216013373,0
2022-01-18,190550.5,24,9829.0,6164.0,7939.604166666667,9829.0,190550.5,0.0,0.0,0,87055.5,69365.5,12620.0,1748.5,1128.0,0.0,16598.0,2172.5,0.0,0.0,0.8077733407942483,0
2022-01-19,192247.5,24,9853.0,6262.0,8010.3125,9853.0,192247.5,0.0,0.0,0,88086.0,70171.5,12388.5,1824.0,1083.0,0.0,16871.5,2144.0,0.0,0.0,0.8129820866741094,0
2022-01-20,192076.0,24,9783.0,6237.0,8003.166666666667,9783.0,191970.0,0.0,0.0,0,90589.0,67378.5,12469.5,1820.0,1008.0,0.0,16958.0,2111.0,0.0,0.0,0.8180687587311323,0
2022-01-21,172599.5,24,8615.0,6097.0,7191.645833333333,8615.0,172599.5,0.0,0.0,0,89045.5,50552.5,12602.0,1822.0,937.0,0.0,16036.0,1821.5,0.0,0.0,0.8347818727026504,0
2022-01-22,182304.5,24,9673.0,5754.0,7596.020833333333,9673.0,182304.5,0.0,0.0,0,90779.5,58573.0,12622.5,1824.0,359.0,0.0,16556.0,1945.0,0.0,0.0,0.7852807643268204,0
2022-01-23,192718.5,24,9735.0,6205.0,8029.9375,9735.0,192718.5,0.0,0.0,0,90531.0,69514.0,12235.0,1742.0,428.0,0.0,17272.0,1289.5,0.0,0.0,0.8248523369286082,0
2022-01-24,187528.5,24,9894.0,5596.0,7813.6875,9894.0,187528.5,0.0,0.0,0,87744.5,66533.0,12250.0,1764.0,293.0,0.0,17303.0,1967.0,0.0,0.0,0.7897399939357186,0
2022-01-25,195485.0,24,10021.0,6289.0,8145.208333333333,10021.0,195485.0,0.0,0.0,0,87724.0,73595.0,12547.0,1529.0,758.0,0.0,17430.0,2223.0,0.0,0.0,0.8128139240927386,0
2022-01-26,194952.0,24,9633.0,6434.0,8123.0,9633.0,194952.0,0.0,0.0,0,82468.5,77590.0,12848.0,1930.5,644.0,0.0,17471.5,2323.0,0.0,0.0,0.8432471711823939,0
2022-01-27,193693.5,24,9959.0,6218.0,8070.5625,9959.0,193693.5,0.0,0.0,0,87784.5,70331.5,12888.0,2002.0,1120.0,0.0,17762.5,2209.0,0.0,0.0,0.81037880309268,0
2022-01-28,173898.0,24,8683.0,6256.0,7245.75,8683.0,173898.0,0.0,0.0,0,89927.5,49513.5,12480.0,2002.0,1139.0,0.0,17274.0,2058.0,0.0,0.0,0.8344754117240585,0
2022-01-29,184260.0,24,9869.0,5727.0,7677.5,9869.0,184130.5,0.0,0.0,0,94074.0,55724.0,12434.0,1969.0,1130.0,0.0,17092.0,2185.0,0.0,0.0,0.7779410274597224,0
2022-01-30,193916.5,24,9867.0,6191.0,8079.854166666667,9867.0,193916.5,0.0,0.0,0,91410.0,67319.5,12451.0,1959.0,1122.0,0.0,17100.5,2276.5,0.0,0.0,0.8188764737677782,0
2022-01-31,193161.5,24,9801.0,6119.0,8048.395833333333,9801.0,193161.5,0.0,0.0,0,91013.5,66626.0,12582.0,1985.0,1122.0,0.0,17758.5,2283.5,0.0,0.0,0.8211810869639152,0
2022-02-01,193479.5,24,9775.0,6140.0,8061.645833333333,9775.0,193479.5,0.0,0.0,0,90064.0,69009.5,12849.0,1150.5,1004.0,0.0,17595.5,2167.0,0.0,0.0,0.8247208013640238,0
2022-02-02,194162.0,24,10011.0,6103.0,8090.083333333333,10011.0,194162.0,0.0,0.0,0,91676.5,65722.0,15204.5,1104.0,1008.0,0.0,17697.5,2099.5,0.0,0.0,0.8081194019911431,0
2022-02-03,195081.0,24,9784.0,6186.0,8128.375,9784.0,195081.0,0.0,0.0,0,93642.5,65502.5,14287.0,1092.0,888.0,0.0,17837.0,2186.0,0.0,0.0,0.8307823998364677,0
2022-02-04,148014.0,24,7647.0,4732.0,6167.25,7647.0,148014.0,0.0,0.0,0,91810.0,26529.0,9944.0,1086.0,495.0,0.0,17260.0,1687.0,0.0,0.0,0.8064927422518635,0
2022-02-05,162124.5,24,9073.0,4663.0,6755.1875,9073.0,162124.5,0.0,0.0,0,88564.5,42205.0,11687.0,1086.0,999.0,0.0,16175.0,1886.0,0.0,0.0,0.7445373636063044,0
2022-02-06,178616.5,24,9448.0,5797.0,7442.354166666667,9448.0,178616.5,0.0,0.0,0,93738.5,51028.5,12349.5,1086.0,1345.0,0.0,17567.5,2009.0,0.0,0.0,0.7877174181484617,0
2022-02-07,181862.0,24,9478.0,5871.0,7577.583333333333,9478.0,181862.0,0.0,0.0,0,89500.0,58359.0,12306.5,1086.0,1381.0,0.0,17119.0,1994.0,0.0,0.0,0.7994918055848632,0
2022-02-08,184372.0,24,9671.0,5844.0,7682.166666666667,9671.0,184372.0,0.0,0.0,0,95975.5,54036.5,12568.0,1009.0,1259.0,0.0,17274.0,2062.0,0.0,0.0,0.794350808258367,0
2022-02-09,186703.5,24,9748.0,5915.0,7779.3125,9748.0,186703.5,0.0,0.0,0,97441.0,55087.0,12281.5,1054.0,1253.0,0.0,17793.5,2125.0,0.0,0.0,0.7980419060320065,0
2022-02-10,187698.0,24,9596.0,5950.0,7820.75,9596.0,187698.0,0.0,0.0,0,96583.5,56946.0,13076.0,1003.5,557.0,0.0,17782.0,2060.0,0.0,0.0,0.8150010421008753,0
2022-02-11,169083.5,24,8438.0,5954.0,7045.145833333333,8474.0,169127.0,0.0,0.0,0,96888.5,45496.0,12701.0,1080.0,1026.0,0.0,10336.5,1907.0,0.0,0.0,0.8349307695346448,0
2022-02-12,178417.0,24,9667.0,5534.0,7434.041666666667,9667.0,178640.0,0.0,0.0,0,100427.5,44317.0,12318.5,1104.0,1159.0,0.0,17247.5,2150.0,0.0,0.0,0.769012275438778,0
2022-02-13,189913.5,24,9873.0,6095.0,7913.0625,9873.0,189913.5,0.0,0.0,0,99974.5,55642.0,12905.0,1122.0,1471.0,0.0,17853.0,1339.0,0.0,0.0,0.8014851109085385,0
2022-02-14,191872.5,24,10004.0,6188.0,7994.6875,10004.0,191806.0,0.0,0.0,0,99688.5,56909.5,13166.0,1094.0,1424.5,0.0,17672.0,2210.0,0.0,0.0,0.7991490903638545,0
2022-02-15,193323.5,24,9913.0,6308.0,8055.145833333333,9913.0,193323.5,0.0,0.0,0,96093.0,62194.0,12719.0,1070.0,1424.0,0.0,18025.0,2338.0,0.0,0.0,0.8125840646961902,0
2022-02-16,194469.5,24,9951.0,6281.0,8102.895833333333,9951.0,194252.0,0.0,0.0,0,100909.5,59002.0,12622.5,1092.0,1404.0,0.0,17498.5,2226.0,0.0,0.0,0.8142795531437376,0
2022-02-17,196657.5,24,10099.0,6343.0,8194.0625,10099.0,196657.5,0.0,0.0,0,101927.0,59772.5,12969.0,1459.0,1362.0,0.0,17202.5,2146.0,0.0,0.0,0.8113736508565205,0
2022-02-18,176472.5,24,8760.0,6364.0,7353.020833333333,8760.0,176472.5,0.0,0.0,0,99742.5,43980.5,12343.0,1754.5,1393.0,0.0,15850.5,1717.0,0.0,0.0,0.8393859398782344,0
2022-02-19,187491.0,24,10000.0,5917.0,7812.125,10000.0,187491.0,0.0,0.0,0,101606.0,52072.0,12455.0,1719.0,1396.0,0.0,16814.5,1771.0,0.0,0.0,0.7812125,0
2022-02-20,193418.5,24,9423.0,6317.0,8059.104166666667,9423.0,193418.5,0.0,0.0,0,100780.0,58893.0,12165.0,1465.5,925.0,0.0,17466.5,2083.0,0.0,0.0,0.8552588524532173,0
2022-02-21,173524.5,24,8561.0,6020.0,7230.1875,8561.0,173524.5,0.0,0.0,0,98536.5,40951.5,12090.5,1600.0,1342.0,0.0,16845.5,1892.0,0.0,0.0,0.8445494101156407,0
2022-02-22,190031.5,24,9947.0,5726.0,7917.979166666667,9947.0,190031.5,0.0,0.0,0,100628.5,54280.5,12914.5,1605.0,1298.0,0.0,17351.5,2283.0,0.0,0.0,0.7960168057370732,0
2022-02-23,198639.5,24,10262.0,6502.0,8276.645833333334,10262.0,198885.5,0.0,0.0,0,103837.5,59140.0,13236.0,1626.0,1254.0,0.0,17804.5,2443.0,0.0,0.0,0.8065334080426169,0
2022-02-24,199491.5,24,10225.0,6544.0,8312.145833333334,10225.0,199491.5,0.0,0.0,0,104524.5,60270.5,12774.5,1450.5,1219.0,0.0,17187.0,2437.0,0.0,0.0,0.8129237978810107,0
2022-02-25,175443.0,24,8750.0,6215.0,7310.125,8750.0,175443.0,0.0,0.0,0,100752.5,46570.5,7109.5,1104.0,1233.0,0.0,16779.5,2207.0,0.0,0.0,0.8354428571428572,0
2022-02-26,197960.0,24,10381.0,6227.0,8248.333333333334,10381.0,197960.0,0.0,0.0,0,105057.0,58658.0,12588.0,1066.0,1347.0,0.0,17033.5,2570.0,0.0,0.0,0.7945605754102046,0
2022-02-27,204111.0,24,9939.0,6754.0,8504.625,9939.0,204111.0,0.0,0.0,0,103494.5,66655.0,12469.0,986.0,1248.0,0.0,17307.0,2332.0,0.0,0.0,0.8556821611832176,0
2022-02-28,208689.0,24,10737.0,6716.0,8695.375,10737.0,208689.0,0.0,0.0,0,103857.0,69825.5,12971.0,1104.0,1348.0,0.0,17439.0,2487.0,0.0,0.0,0.8098514482630157,0
2022-03-01,209251.0,24,10490.0,7038.0,8718.791666666666,10490.0,209251.0,0.0,0.0,0,102339.0,70036.0,14855.0,1104.0,1415.0,0.0,17433.0,2372.0,0.0,0.0,0.8311526850969176,0
2022-03-02,210697.5,24,10667.0,6945.0,8779.0625,10667.0,210535.5,0.0,0.0,0,97553.0,75980.5,15039.5,1100.0,1441.0,0.0,17455.0,2428.0,0.0,0.0,0.8230113902690541,0
2022-03-03,212792.0,24,10844.0,6983.0,8866.333333333334,10844.0,212892.0,90.0,90.0,1,98507.0,76918.5,14968.5,1104.0,1477.0,0.0,17362.5,2605.0,0.0,0.0,0.8176257223656708,1
2022-03-04,191711.5,24,9443.0,6980.0,7987.979166666667,9443.0,191761.5,45.0,45.0,1,102209.0,55697.0,11983.5,1106.0,1295.0,0.0,17300.5,2351.0,0.0,0.0,0.8459154047089555,1
2022-03-05,208056.0,24,10828.0,6823.0,8669.0,10828.0,208068.0,0.0,0.0,0,105850.0,67981.0,12290.0,1107.0,1348.5,0.0,17400.0,2476.0,0.0,0.0,0.800609530845955,0
2022-03-06,219297.0,24,11024.0,7301.0,9137.375,11024.0,219297.0,0.0,0.0,0,114621.5,70203.5,12088.0,1104.0,1417.0,0.0,17591.0,2601.0,0.0,0.0,0.8288620283018868,0
2022-03-07,224966.5,24,11424.0,7432.0,9373.604166666666,11424.0,224966.5,0.0,0.0,0,122324.0,70103.0,12622.0,1104.0,1395.0,0.0,17617.5,129.0,0.0,0.0,0.8205185720121382,0
2022-03-08,231840.5,24,11802.0,7763.0,9660.020833333334,11802.0,231840.5,0.0,0.0,0,118947.0,76739.0,13610.5,1104.0,1437.0,0.0,17637.0,2738.0,0.0,0.0,0.8185071033158222,0
2022-03-09,235932.0,24,11819.0,8037.0,9830.5,11819.0,235932.0,0.0,0.0,0,117674.5,82270.0,13362.5,1104.0,1440.0,0.0,17546.0,2858.0,0.0,0.0,0.8317539554953888,0
2022-03-10,234718.0,24,11700.0,8001.0,9779.916666666666,11700.0,234718.0,0.0,0.0,0,110636.5,87992.5,13622.0,1010.0,1450.0,0.0,17589.0,2753.0,0.0,0.0,0.8358903133903134,0
2022-03-11,213800.5,24,10338.0,8066.0,8908.354166666666,10338.0,213800.5,0.0,0.0,0,106760.5,71862.5,13093.0,911.0,1492.0,0.0,17606.0,2410.0,0.0,0.0,0.8617096311343264,0
2022-03-12,223616.0,24,11555.0,7575.0,9317.333333333334,11555.0,223616.0,0.0,0.0,0,106769.5,82021.0,12959.0,884.0,1245.0,0.0,17630.5,2444.0,0.0,0.0,0.8063464589643733,0
2022-03-13,239955.0,24,11621.0,8149.0,9998.125,11621.0,239955.0,0.0,0.0,0,104243.5,99192.0,13745.0,1104.0,1463.0,0.0,17635.0,2834.0,0.0,0.0,0.8603497977798813,0
2022-03-14,245601.0,24,11899.0,8350.0,10233.375,11899.0,245601.0,0.0,0.0,0,108681.0,100146.0,14079.5,1419.0,1442.0,0.0,17399.0,2777.0,0.0,0.0,0.8600197495587865,0
2022-03-15,252230.0,24,12170.0,8783.0,10509.583333333334,12170.0,252230.0,0.0,0.0,0,106437.5,105352.5,16799.5,1944.0,1404.0,0.0,17610.0,3055.0,0.0,0.0,0.8635647767734868,0
2022-03-16,257125.5,24,12564.0,8859.0,10713.5625,12564.0,257148.0,0.0,0.0,0,119979.0,96416.5,16942.5,1944.0,1406.0,0.0,17602.0,3193.0,0.0,0.0,0.8527190783190067,0
2022-03-17,258987.0,24,12597.0,9296.0,10791.125,12597.0,258987.0,0.0,0.0,0,128483.5,87366.0,19350.5,1944.0,1439.0,0.0,17599.0,3187.0,0.0,0.0,0.8566424545526713,0
2022-03-18,243066.0,24,11521.0,9142.0,10127.75,11521.0,243090.0,22.0,22.0,1,129786.0,69635.5,20066.5,1944.0,1466.0,0.0,17562.5,2946.0,0.0,0.0,0.879068657234615,1
2022-03-19,235967.5,24,11982.0,8104.0,9831.979166666666,11982.0,235967.5,0.0,0.0,0,135536.5,58217.5,18227.0,1254.0,1356.0,0.0,17545.5,3005.0,0.0,0.0,0.8205624408835475,0
2022-03-20,262312.0,24,12926.0,9095.0,10929.666666666666,12926.0,262312.0,0.0,0.0,0,138335.5,80453.5,20692.5,1026.0,1443.0,0.0,17488.5,3186.0,0.0,0.0,0.8455567589870545,0
2022-03-21,268488.0,24,13024.0,9572.0,11187.0,13024.0,268549.5,0.0,0.0,0,134659.5,90316.5,20568.0,1184.0,1370.5,0.0,17516.5,3206.0,0.0,0.0,0.8589527027027027,0
2022-03-22,272278.5,24,13096.0,9683.0,11344.9375,13096.0,272278.5,0.0,0.0,0,133424.5,95813.0,19582.0,1750.0,1265.0,0.0,17491.5,3317.0,0.0,0.0,0.8662902794746488,0
2022-03-23,282121.0,24,13412.0,10222.0,11755.041666666666,13412.0,282121.0,0.0,0.0,0,133444.5,108266.5,16864.5,1620.0,1291.0,0.0,17435.0,3486.0,0.0,0.0,0.8764570285316632,0
2022-03-24,281545.0,24,13272.0,10558.0,11731.041666666666,13272.0,281545.0,0.0,0.0,0,137112.5,105786.5,16003.0,1682.0,1293.0,0.0,17480.5,2569.0,0.0,0.0,0.883894037572835,0
2022-03-25,261646.5,24,12418.0,9723.0,10901.9375,12418.0,261546.5,0.0,0.0,0,126820.0,95404.5,17362.5,1665.0,1127.5,0.0,17401.0,2213.0,0.0,0.0,0.8779141166049284,0
2022-03-26,260776.0,24,12617.0,9622.0,10865.666666666666,12617.0,260776.0,0.0,0.0,0,135836.0,84863.0,18170.0,1643.0,912.0,0.0,17468.0,2183.0,0.0,0.0,0.8611925708699901,0
2022-03-27,277509.0,24,13108.0,10110.0,11562.875,13108.0,277509.0,0.0,0.0,0,138588.5,93473.0,18729.5,1682.0,1061.0,0.0,22033.5,2279.0,0.0,0.0,0.8821235123588648,0
2022-03-28,279868.0,24,13302.0,10353.0,11661.166666666666,13302.0,279868.0,0.0,0.0,0,132887.0,100635.0,18613.0,1680.0,1276.0,0.0,22151.0,2827.0,0.0,0.0,0.8766476219114919,0
2022-03-29,274439.5,24,12769.0,10314.0,11434.979166666666,12769.0,274439.5,0.0,0.0,0,130710.5,97735.0,18503.0,1665.5,1081.0,0.0,21953.5,3242.0,0.0,0.0,0.8955266008823453,0
2022-03-30,275002.5,24,13186.0,10071.0,11458.4375,13186.0,275002.5,0.0,0.0,0,131024.0,97797.5,18093.0,1653.0,1128.0,0.0,22325.5,3448.0,0.0,0.0,0.868985097831033,0
2022-03-31,279651.5,24,13590.0,10184.0,11652.145833333334,13590.0,279620.0,1800.0,1800.0,1,129150.5,103404.0,18624.0,1655.0,1287.0,0.0,22367.0,3562.5,0.0,0.0,0.8574058744174639,1
2022-04-01,261969.5,24,12585.0,9354.0,10915.395833333334,12585.0,262033.0,0.0,0.0,0,131058.5,85277.5,17513.0,1632.0,1141.5,0.0,22108.5,3315.0,0.0,0.0,0.8673337968480996,0
2022-04-02,274931.5,24,13730.0,10080.0,11455.479166666666,13730.0,274931.5,0.0,0.0,0,135890.5,92788.5,18615.0,1628.5,898.0,0.0,22352.0,3233.0,0.0,0.0,0.8343393420733187,0
2022-04-03,285934.5,24,13142.0,10322.0,11913.9375,13142.0,285934.5,0.0,0.0,0,117587.0,120382.5,19546.0,1646.5,1142.5,0.0,22304.0,3619.0,0.0,0.0,0.9065543676761528,0
2022-04-04,276606.5,24,13144.0,9875.0,11525.270833333334,13144.0,276606.5,0.0,0.0,0,114072.5,113965.0,20154.5,1693.0,1095.0,0.0,22493.0,3511.0,0.0,0.0,0.8768465332724691,0
2022-04-05,292916.5,24,13431.0,10597.0,12204.854166666666,13431.0,292916.5,0.0,0.0,0,114978.0,124963.5,23999.0,1724.0,1316.0,0.0,22402.0,3621.0,0.0,0.0,0.9087077780259598,0
2022-04-06,294587.25,24,13635.0,10715.0,12274.46875,13635.0,294587.25,0.0,0.0,0,120387.25,125449.0,20156.25,1727.0,1210.0,0.0,22552.5,3555.5,0.0,0.0,0.900217730106344,0
2022-04-07,299127.25,24,14001.0,10537.0,12463.635416666666,14001.0,299127.25,0.0,0.0,0,129715.75,120793.0,19875.75,1773.0,1352.0,0.0,22473.0,3572.5,0.0,0.0,0.8901960871842487,0
2022-04-08,280430.0,24,13442.0,10167.0,11684.583333333334,13442.0,280430.0,0.0,0.0,0,130998.0,101054.5,20079.0,1642.5,1409.0,0.0,22137.0,3445.0,0.0,0.0,0.8692592868124783,0
2022-04-09,287826.5,24,13963.0,10153.0,11992.770833333334,13963.0,287826.5,0.0,0.0,0,129355.5,109092.0,20842.5,1655.5,1181.0,0.0,22376.0,3565.0,0.0,0.0,0.8588964286566879,0
2022-04-10,283958.5,24,13137.5,10122.0,11831.604166666666,13137.5,283958.5,0.0,0.0,0,129508.0,112783.0,13064.0,1652.5,1163.0,0.0,22517.5,3681.0,0.0,0.0,0.9005978433238185,0
2022-04-11,276647.0,24,13832.0,9421.0,11526.958333333334,13832.0,276647.0,0.0,0.0,0,142527.5,90234.5,14765.0,1636.5,1238.0,0.0,22609.0,3459.0,0.0,0.0,0.833354419703104,0
2022-04-12,290998.5,24,14423.0,10211.0,12124.9375,14423.0,290998.5,0.0,0.0,0,155621.0,95416.5,11625.0,1634.0,1043.0,0.0,22593.0,3519.0,0.0,0.0,0.84066681688969,0
2022-04-13,296362.5,24,14178.0,10229.0,12348.4375,14178.0,296362.5,0.0,0.0,0,146896.5,106151.5,14741.0,1588.5,1238.0,0.0,22574.5,3615.0,0.0,0.0,0.8709576456481873,0
2022-04-14,283805.0,24,13498.0,10192.0,11825.208333333334,13498.0,283805.0,0.0,0.0,0,145578.0,92743.0,17283.0,1612.0,1048.0,0.0,22583.5,3397.0,0.0,0.0,0.8760711463426681,0
2022-04-15,283448.5,24,13860.0,10166.0,11810.354166666666,13860.0,283448.5,0.0,0.0,0,148879.0,87827.0,21290.5,1611.5,1350.0,0.0,19075.0,3452.0,0.0,0.0,0.8521179052429052,0
2022-04-16,301735.0,24,14782.0,10790.0,12572.291666666666,14782.0,301735.0,0.0,0.0,0,151844.0,99462.5,21581.5,1660.0,1144.0,0.0,22608.0,3585.0,0.0,0.0,0.8505135750687773,0
2022-04-17,307149.0,24,14387.0,10939.0,12797.875,14387.0,307012.5,0.0,0.0,0,151114.5,104258.5,23010.5,1633.0,1307.0,0.0,22584.5,3682.0,0.0,0.0,0.8895443803433656,0
2022-04-18,308081.0,24,14509.0,11358.0,12836.708333333334,14509.0,308081.0,0.0,0.0,0,149220.5,121858.5,8377.5,1576.0,1206.0,0.0,22537.0,3703.0,0.0,0.0,0.8847410802490409,0
2022-04-19,305853.1666666667,24,14455.0,10564.0,12743.881944444445,14455.0,305888.5,0.0,0.0,0,147174.5,119739.66666666667,10226.666666666666,1543.6666666666667,1314.0,0.0,22549.333333333332,3711.6666666666665,0.0,0.0,0.8816244859525731,0
2022-04-20,213270.33333333334,24,13802.333333333334,4951.0,8886.263888888889,13820.0,211807.0,0.0,0.0,0,125522.0,52277.333333333336,13514.333333333334,1372.3333333333333,617.0,0.0,18859.666666666668,2311.3333333333335,0.0,0.0,0.6438233068482784,0
2022-04-21,238251.5,24,13056.0,7077.0,9927.145833333334,13056.0,238251.5,0.0,0.0,0,132941.0,63483.0,18956.5,1360.5,1279.0,0.0,18293.0,2882.0,0.0,0.0,0.7603512433619282,0
2022-04-22,229408.5,24,12490.5,8063.0,9558.6875,12490.5,229408.5,0.0,0.0,0,130518.5,55078.0,16386.0,1322.5,930.0,0.0,22519.5,3107.0,0.0,0.0,0.76527661022377,0
2022-04-23,252355.0,24,13874.0,7281.0,10514.791666666666,13874.0,252355.0,0.0,0.0,0,134725.5,72920.5,16239.0,1359.0,1433.0,0.0,22471.0,3077.0,0.0,0.0,0.7578774446206332,0
2022-04-24,297622.0,24,14078.0,10324.0,12400.916666666666,14078.0,297622.0,0.0,0.0,0,132861.0,117450.0,18951.5,1376.0,1436.0,0.0,22527.0,3439.0,0.0,0.0,0.8808720462186863,0
2022-04-25,310366.5,24,14714.0,10977.0,12931.9375,14714.0,310366.5,0.0,0.0,0,134912.5,125843.0,21147.5,1360.5,1461.0,0.0,22507.5,3600.0,0.0,0.0,0.8788866045942639,0
2022-04-26,318241.5,24,14716.0,11491.0,13260.0625,14716.0,318241.5,0.0,0.0,0,139534.5,120097.0,30239.5,1360.0,1455.0,0.0,22442.0,3502.0,0.0,0.0,0.9010643177493884,0
2022-04-27,303015.0,24,14635.0,10409.0,12625.625,14635.0,303154.0,0.0,0.0,0,136800.5,112310.5,26718.5,1362.5,1439.0,0.0,21743.0,2886.0,0.0,0.0,0.8627007174581482,0
2022-04-28,312855.0,24,14666.0,11088.0,13035.625,14666.0,312855.0,0.0,0.0,0,136099.0,118853.5,30144.0,1347.0,1425.0,0.0,22515.0,2856.0,0.0,0.0,0.8888330151370517,0
2022-04-29,291700.6666666667,24,14360.0,10389.666666666666,12154.194444444445,14360.0,291700.6666666667,0.0,0.0,0,140016.0,96260.66666666667,28129.333333333332,850.0,1385.0,0.0,22624.166666666668,2881.0,0.0,0.0,0.8463923707830394,0
2022-04-30,226440.33333333334,24,11464.0,7683.0,9435.013888888889,11464.0,226440.33333333334,0.0,0.0,0,136226.0,46991.333333333336,16348.666666666666,835.0,1254.0,0.0,22602.333333333332,2600.0,0.0,0.0,0.8230123769093588,0
2022-05-01,227807.0,24,12006.0,7413.0,9491.958333333334,12006.0,227807.0,0.0,0.0,0,145894.5,35361.5,19513.5,827.0,1494.0,0.0,22608.0,2562.0,0.0,0.0,0.7906012271641958,0
2022-05-02,207680.0,24,11141.0,6408.0,8653.333333333334,11141.0,207680.0,0.0,0.0,0,139360.0,24424.0,18540.5,832.0,1493.0,0.0,21314.0,2395.0,0.0,0.0,0.7767106483559226,0
2022-05-03,171813.5,24,10518.0,4526.0,7158.895833333333,10518.0,170976.0,0.0,0.0,0,128002.0,8927.0,16575.0,692.5,676.0,0.0,16012.5,1742.0,0.0,0.0,0.6806328040818913,0
2022-05-04,170690.0,24,9599.0,5495.0,7112.083333333333,9610.0,170791.5,0.0,0.0,0,120616.5,9331.0,19086.0,831.0,1345.0,0.0,18540.5,1493.0,0.0,0.0,0.74091919297149,0
2022-05-05,199972.5,24,10543.0,6436.0,8332.1875,10543.0,199972.5,0.0,0.0,0,129910.0,24048.0,23034.0,818.0,1436.0,0.0,19466.0,1756.0,0.0,0.0,0.7903051787916153,0
2022-05-06,206661.5,24,10602.0,6919.0,8610.895833333334,10602.0,206661.5,0.0,0.0,0,138690.5,27646.5,19250.0,768.0,1159.0,0.0,18361.0,1003.0,0.0,0.0,0.8121954191033139,0
2022-05-07,233868.0,24,11947.0,8032.0,9744.5,11947.0,233868.0,0.0,0.0,0,152044.5,39066.5,20523.0,824.0,1301.0,0.0,19729.0,855.0,0.0,0.0,0.8156440947518205,0
2022-05-08,261440.5,24,12789.0,9148.0,10893.354166666666,12789.0,261440.5,0.0,0.0,0,150587.5,60268.0,24024.0,820.0,1321.0,0.0,22376.0,2594.0,0.0,0.0,0.8517752886595251,0
2022-05-09,255284.5,24,12450.5,9272.0,10636.854166666666,12450.5,255284.5,0.0,0.0,0,137817.0,68207.5,23593.0,819.0,678.0,0.0,22122.0,2444.0,0.0,0.0,0.8543314860179644,0
2022-05-10,238596.5,24,11472.0,8622.0,9941.520833333334,11472.0,238596.5,0.0,0.0,0,131785.5,58734.5,22523.0,720.0,702.0,0.0,22209.0,2406.0,0.0,0.0,0.8665900307996282,0
2022-05-11,240673.5,24,11521.0,8706.0,10028.0625,11521.0,240673.5,0.0,0.0,0,134049.5,58756.5,22458.0,720.0,906.0,0.0,21693.0,2384.0,0.0,0.0,0.8704159795156671,0
2022-05-12,252564.0,24,12736.0,8850.0,10523.5,12736.0,247191.0,0.0,0.0,0,141968.0,62320.0,22950.0,720.0,1023.5,0.0,21972.5,2459.0,0.0,0.0,0.8262798366834171,0
2022-05-13,232183.5,24,11981.5,8230.0,9674.3125,11981.5,232183.5,0.0,0.0,0,136899.5,46951.5,23118.5,720.0,698.0,0.0,22170.5,2273.0,0.0,0.0,0.8074375078245629,0
2022-05-14,254867.0,24,13237.0,8841.0,10619.458333333334,13237.0,254867.0,0.0,0.0,0,142692.0,63017.5,23097.0,720.0,812.0,0.0,22365.0,2524.0,0.0,0.0,0.8022556722318753,0
2022-05-15,275371.5,24,13739.0,9536.0,11473.8125,13739.0,275371.5,0.0,0.0,0,138696.5,85111.0,25168.5,720.0,1012.0,0.0,22270.0,2731.0,0.0,0.0,0.8351271926632214,0
2022-05-16,287286.0,24,13954.0,10032.0,11970.25,13954.0,287286.0,0.0,0.0,0,139269.5,96439.0,24705.0,735.0,1092.0,0.0,22534.0,2916.0,0.0,0.0,0.8578364626630357,0
2022-05-17,272302.0,24,13454.0,8165.0,11345.916666666666,13454.0,272302.0,0.0,0.0,0,129874.5,96575.0,19103.0,720.0,1150.0,0.0,22353.0,2933.0,0.0,0.0,0.8433117784054308,0
2022-05-18,290476.5,24,13648.0,10470.0,12103.1875,13648.0,290476.5,0.0,0.0,0,128706.0,108545.5,26596.0,672.5,1220.0,0.0,22343.5,2937.0,0.0,0.0,0.8868103385111371,0
2022-05-19,277689.0,24,12777.0,9910.0,11570.375,12777.0,277689.0,0.0,0.0,0,131365.0,94909.0,26201.0,717.0,1044.0,0.0,21032.0,2867.0,0.0,0.0,0.9055627299052986,0
2022-05-20,222205.0,24,12001.0,7503.0,9258.541666666666,12001.0,222205.0,0.0,0.0,0,128947.0,42356.0,25514.0,720.0,1024.0,0.0,21237.5,2116.0,0.0,0.0,0.771480848818154,0
2022-05-21,209638.1,23,11676.5,5658.0,9114.7,11676.5,201970.5,0.0,0.0,0,125235.3,44357.3,20020.0,690.0,770.8,0.0,17470.8,2137.6,0.0,0.0,0.78060206397465,0
2022-05-22,260245.5,24,13456.0,8751.0,10843.5625,13456.0,260245.5,0.0,0.0,0,135170.0,75081.5,23446.0,735.0,1064.0,0.0,22391.0,2671.0,0.0,0.0,0.8058533368014269,0
2022-05-23,280202.0,24,13810.0,9232.0,11675.083333333334,13810.0,280202.0,0.0,0.0,0,135100.5,92586.0,25516.0,978.0,1353.0,0.0,22253.0,2784.0,0.0,0.0,0.8454079169683805,0
2022-05-24,290900.5,24,13923.0,10276.0,12120.854166666666,13923.0,290900.5,0.0,0.0,0,130926.0,108332.0,24830.0,1068.0,1250.0,0.0,21926.0,2808.0,0.0,0.0,0.8705633962986904,0
2022-05-25,278958.5,24,13333.5,9931.0,11623.270833333334,13333.5,278958.5,0.0,0.0,0,132842.5,94616.0,24706.5,1108.5,1115.0,0.0,22377.0,2574.0,0.0,0.0,0.8717344158198023,0
2022-05-26,274042.0,24,13361.0,9258.0,11418.416666666666,13361.0,274042.0,0.0,0.0,0,133132.5,89766.5,24152.0,1049.5,1287.0,0.0,22612.5,2450.0,0.0,0.0,0.8546079385275552,0
2022-05-27,251802.5,24,12437.5,8910.0,10491.770833333334,12437.5,252078.5,0.0,0.0,0,132322.5,70459.0,22885.0,1049.5,919.5,0.0,22430.0,2125.0,0.0,0.0,0.8435594639865998,0
2022-05-28,258876.5,24,12179.0,9098.0,10786.520833333334,12179.0,258876.5,0.0,0.0,0,133974.0,75059.5,23359.0,1074.5,1148.0,0.0,22352.5,2287.0,0.0,0.0,0.8856655582012755,0
2022-05-29,267769.0,24,13303.0,9409.0,11157.041666666666,13303.0,267769.0,0.0,0.0,0,132260.5,86540.0,22450.0,1316.0,811.0,0.0,22500.0,2310.0,0.0,0.0,0.8386861359593074,0
2022-05-30,279553.5,24,13713.0,9847.0,11648.0625,13713.0,279553.5,0.0,0.0,0,137201.5,91824.0,23190.0,1630.0,1109.0,0.0,22507.0,2581.0,0.0,0.0,0.8494175235178298,0
2022-05-31,284493.5,24,13655.0,10101.0,11853.895833333334,13655.0,284493.5,0.0,0.0,0,140239.0,93279.0,23488.0,1617.0,993.0,0.0,22447.0,2750.0,0.0,0.0,0.8680992920786037,0
2022-06-01,287941.0,24,13797.0,10307.0,11997.541666666666,13797.0,287941.0,0.0,0.0,0,137218.5,99762.0,24071.0,1629.0,662.0,0.0,22255.0,2712.0,0.0,0.0,0.8695761155806817,0
2022-06-02,287038.0,24,13474.0,10247.0,11959.916666666666,13474.0,287259.5,0.0,0.0,0,137614.0,98092.0,24399.0,1627.0,747.0,0.0,22202.0,2759.0,0.0,0.0,0.8876292612933551,0
2022-06-03,260013.0,24,12725.0,9241.0,10833.875,12725.0,260013.0,0.0,0.0,0,139811.5,69615.5,24064.5,1581.0,697.0,0.0,22128.0,2488.0,0.0,0.0,0.8513850687622789,0
2022-06-04,263123.0,24,13036.0,9265.0,10963.458333333334,13036.0,263123.0,0.0,0.0,0,138084.0,76050.5,22601.0,1483.0,794.0,0.0,22256.0,2554.0,0.0,0.0,0.8410139869080495,0
2022-06-05,283936.0,24,13833.0,10057.0,11830.666666666666,13833.0,274036.0,0.0,0.0,0,130057.5,100256.5,26570.5,1098.0,915.0,0.0,22242.0,3231.0,0.0,0.0,0.8552495240849176,0
2022-06-06,293707.0,24,14004.0,10636.0,12237.791666666666,14004.0,293707.0,0.0,0.0,0,133170.0,106025.5,27166.0,840.0,879.0,0.0,22420.0,3516.0,0.0,0.0,0.8738782966771398,0
2022-06-07,290119.0,24,13587.0,10664.0,12088.291666666666,13587.0,290119.0,0.0,0.0,0,130594.0,105998.0,26677.0,840.0,845.0,0.0,22460.0,3023.0,0.0,0.0,0.8896954196413238,0
2022-06-08,297040.0,24,14038.0,10756.0,12376.666666666666,14038.0,297040.0,0.0,0.0,0,130255.0,112795.5,27166.0,837.0,916.0,0.0,22450.0,2932.0,0.0,0.0,0.881654556679489,0
2022-06-09,268309.0,24,13674.0,9843.0,11179.541666666666,13674.0,268309.0,0.0,0.0,0,129452.0,89221.5,23660.0,767.0,471.0,0.0,22482.0,2592.0,0.0,0.0,0.817576544293306,0
2022-06-10,244316.0,24,12766.0,8452.0,10179.833333333334,12766.0,244316.0,0.0,0.0,0,127025.5,69561.0,21750.0,771.0,923.0,0.0,22553.5,2141.0,0.0,0.0,0.7974176197190455,0
2022-06-11,279247.0,24,13857.0,9800.0,11635.291666666666,13857.0,279247.0,0.0,0.0,0,133008.0,95059.5,24796.0,768.0,1031.0,0.0,22555.0,2442.0,0.0,0.0,0.8396688797479012,0
2022-06-12,291846.0,24,13591.0,10325.0,12160.25,13591.0,291846.0,0.0,0.0,0,126754.0,112257.0,26160.0,768.0,943.0,0.0,22554.0,2823.0,0.0,0.0,0.8947281289088367,0
2022-06-13,286521.5,24,13293.5,10512.0,11938.395833333334,13293.5,286521.5,0.0,0.0,0,120725.5,109752.0,29382.0,768.0,922.0,0.0,22545.0,2830.0,0.0,0.0,0.8980626496658769,0
2022-06-14,280029.5,24,13200.0,10280.0,11667.895833333334,13200.0,280029.5,0.0,0.0,0,117845.0,109263.5,27034.0,768.0,577.0,0.0,22421.5,2545.0,0.0,0.0,0.8839315025252525,0
2022-06-15,283966.0,24,13306.0,10479.0,11831.916666666666,13306.0,283966.0,0.0,0.0,0,120315.0,112037.0,26261.0,782.0,737.0,0.0,22220.0,2108.0,0.0,0.0,0.8892166441204469,0
2022-06-16,277215.5,24,13053.5,10104.0,11550.645833333334,13053.5,277061.5,0.0,0.0,0,136204.0,97629.5,17574.0,1199.0,590.5,0.0,22291.0,2124.0,0.0,0.0,0.8848696390495525,0
2022-06-17,220461.0,24,12510.0,7452.0,9185.875,12510.0,220461.0,0.0,0.0,0,128488.0,52316.0,13225.0,1582.0,505.0,0.0,22220.0,2301.0,0.0,0.0,0.7342825739408473,0
2022-06-18,230375.0,24,11850.0,8424.0,9598.958333333334,11850.0,230375.0,0.0,0.0,0,140792.0,52164.0,13846.0,1861.0,393.0,0.0,19207.5,2331.0,0.0,0.0,0.8100386779184248,0
2022-06-19,251175.5,24,12109.0,9042.0,10465.645833333334,12109.0,251175.5,0.0,0.0,0,142331.5,67351.0,13356.0,2126.0,808.0,0.0,22494.0,2424.0,0.0,0.0,0.8642865499490737,0
2022-06-20,246963.5,24,12439.0,8586.0,10290.145833333334,12439.0,246963.5,0.0,0.0,0,147566.5,57443.0,13404.0,2478.0,559.0,0.0,22486.0,2353.0,0.0,0.0,0.8272486400300132,0
2022-06-21,260778.0,24,12910.0,9143.0,10865.75,12910.0,260778.0,0.0,0.0,0,152732.5,65666.5,14485.5,2645.0,706.0,0.0,22501.0,2487.0,0.0,0.0,0.8416537567776917,0
2022-06-22,269576.0,24,13082.0,9506.0,11232.333333333334,13082.0,269740.5,0.0,0.0,0,154148.0,72991.0,15211.5,2352.5,779.5,0.0,22548.5,1950.0,0.0,0.0,0.858609794628752,0
2022-06-23,275870.0,24,13212.0,9732.0,11494.583333333334,13212.0,275870.0,0.0,0.0,0,154536.5,76971.5,15239.0,2557.0,1149.0,0.0,22541.5,3248.0,0.0,0.0,0.8700108487233829,0
2022-06-24,260628.0,24,12893.0,9272.0,10859.5,12893.0,260628.0,0.0,0.0,0,155880.0,60784.5,14732.0,2939.5,1093.0,0.0,22480.0,3051.0,0.0,0.0,0.8422787559140619,0
2022-06-25,279958.0,24,13319.0,9902.0,11664.916666666666,13319.0,279813.5,0.0,0.0,0,160432.0,76259.0,14358.0,2966.0,1159.0,0.0,22318.0,3229.0,0.0,0.0,0.8758102460144656,0
2022-06-26,289173.0,24,13696.0,10295.0,12048.875,13696.0,289036.5,0.0,0.0,0,156531.0,87563.5,16265.0,2881.5,1427.0,0.0,21999.0,3423.0,0.0,0.0,0.8797367844626168,0
2022-06-27,294529.5,24,13573.0,10574.0,12272.0625,13573.0,294570.5,0.0,0.0,0,148544.0,101044.5,16640.0,2686.0,1341.0,0.0,22020.0,3482.0,0.0,0.0,0.9041525454947322,0
2022-06-28,291860.0,24,13457.0,10607.0,12160.833333333334,13457.0,291860.0,0.0,0.0,0,144791.0,102951.5,17108.0,2945.0,871.0,0.0,20032.5,3589.5,0.0,0.0,0.9036808600232841,0
2022-06-29,285548.0,24,13485.0,10384.0,11897.833333333334,13485.0,285548.0,0.0,0.0,0,145526.5,95974.0,16562.5,2961.0,845.0,0.0,21008.0,3315.0,0.0,0.0,0.8823013224570511,0
2022-06-30,279650.5,24,13126.0,10144.0,11652.104166666666,13126.0,279650.5,0.0,0.0,0,134696.5,100844.0,16264.0,2914.5,634.0,0.0,22175.0,3138.0,0.0,0.0,0.8877117298999441,0
2022-07-01,272587.0,24,13195.0,9944.0,11357.791666666666,13195.0,272587.0,0.0,0.0,0,130991.5,97673.5,16287.0,2930.0,1091.0,0.0,21800.0,2518.0,0.0,0.0,0.8607648099027408,0
2022-07-02,281290.0,24,13107.0,10359.0,11720.416666666666,13107.0,281290.0,0.0,0.0,0,125374.0,111035.5,16898.0,2941.0,1203.0,0.0,22069.5,2720.5,0.0,0.0,0.8942104727753617,0
2022-07-03,273758.5,24,12387.5,10628.0,11406.604166666666,12387.5,273758.5,0.0,0.0,0,118436.5,108750.0,18204.0,2935.0,830.0,0.0,21520.0,3421.0,0.0,0.0,0.92081567440296,0
2022-07-04,269577.5,24,12242.0,10469.0,11232.395833333334,12242.0,269577.5,0.0,0.0,0,112914.5,109664.0,18138.0,2790.0,1299.0,0.0,21476.0,3704.0,0.0,0.0,0.917529475031313,0
2022-07-05,278583.5,24,13228.0,10737.0,11607.645833333334,13228.0,278583.5,0.0,0.0,0,117862.5,112411.5,19590.0,2834.5,1232.0,0.0,21416.5,3636.0,0.0,0.0,0.8775057327890334,0
2022-07-06,293332.5,24,13614.0,10793.0,12222.1875,13614.0,293332.5,0.0,0.0,0,134512.0,111804.5,18955.0,2921.5,841.0,0.0,21061.0,3621.0,0.0,0.0,0.8977660863816659,0
2022-07-07,292561.5,24,13619.0,11043.0,12190.0625,13619.0,292561.5,0.0,0.0,0,135801.25,111629.25,18998.5,2892.0,1477.0,0.0,19190.0,3441.5,0.0,0.0,0.8950776488728982,0
2022-07-08,270936.0,24,13525.0,9376.0,11289.0,13525.0,270936.0,0.0,0.0,0,143842.75,90205.25,17785.5,2735.0,1370.0,0.0,11955.0,3279.5,0.0,0.0,0.8346765249537893,0
2022-07-09,249037.5,24,12864.5,8796.0,10376.5625,12864.5,249037.5,0.0,0.0,0,151521.0,61875.0,16173.0,2879.5,1633.0,0.0,12008.0,3165.0,0.0,0.0,0.8066044152512729,0
2022-07-10,237894.5,24,12264.0,7802.0,9912.270833333334,12264.0,237894.5,0.0,0.0,0,155744.0,47867.5,15270.0,2844.5,1386.0,0.0,12007.0,2972.0,0.0,0.0,0.8082412616873234,0
2022-07-11,242545.5,24,11899.5,8558.0,10106.0625,11899.5,242545.5,0.0,0.0,0,144747.0,60273.0,18572.0,2869.5,1539.0,0.0,12094.5,2706.0,0.0,0.0,0.8492846338081432,0
2022-07-12,249371.5,24,12319.0,8970.0,10390.479166666666,12319.0,249371.5,0.0,0.0,0,150168.5,59220.0,22231.0,2888.5,1593.0,0.0,12081.0,1695.0,0.0,0.0,0.8434515112157371,0
2022-07-13,258376.0,24,12469.0,9446.0,10765.666666666666,12469.0,258376.0,0.0,0.0,0,154036.5,61849.5,24597.0,2816.5,1616.0,0.0,11909.0,1781.0,0.0,0.0,0.8633945518218514,0
2022-07-14,268406.0,24,12524.0,9889.0,11183.583333333334,12524.0,268406.0,0.0,0.0,0,150535.5,68703.5,26209.0,2924.0,1468.0,0.0,18081.0,1822.0,0.0,0.0,0.8929721601192377,0
2022-07-15,266915.0,24,12818.0,9724.0,11121.458333333334,12818.0,266915.0,0.0,0.0,0,158427.0,58120.0,24899.5,2927.5,1503.0,0.0,19591.5,1909.0,0.0,0.0,0.8676438081864046,0
2022-07-16,284960.5,24,13538.0,10450.0,11873.354166666666,13538.0,284960.5,0.0,0.0,0,166048.0,67167.0,24521.5,2779.5,1362.0,0.0,21763.0,1687.0,0.0,0.0,0.8770390136406165,0
2022-07-17,295548.5,24,13765.0,10783.0,12314.520833333334,13765.0,295548.5,0.0,0.0,0,157504.5,84348.5,26345.0,2964.5,1302.0,0.0,21727.5,1744.0,0.0,0.0,0.8946255599951568,0
2022-07-18,296577.0,24,13488.0,11150.0,12357.375,13488.0,296577.0,0.0,0.0,0,138558.0,102971.0,27832.5,2767.5,1401.0,0.0,21608.0,1804.0,0.0,0.0,0.9161754893238434,0
2022-07-19,272070.0,24,12913.0,10460.0,11336.25,14200.0,306332.0,32027.0,2426.0,16,123995.0,92337.0,28350.5,2938.5,1058.0,0.0,21501.5,2215.0,0.0,0.0,0.8778943700147138,1
2022-07-20,277884.0,24,12567.0,11054.0,11578.5,13715.0,304119.0,24057.0,1652.0,23,127673.0,94191.5,28069.5,3028.0,989.0,0.0,21600.0,2771.0,0.0,0.0,0.9213416089758892,1
2022-07-21,274178.0,24,12239.0,10721.0,11424.083333333334,14200.0,307521.0,28062.0,1978.0,21,129296.5,89145.5,28322.0,2678.5,1340.0,0.0,21534.0,2356.0,0.0,0.0,0.9334164011220961,1
2022-07-22,275790.0,24,12866.0,10254.0,11491.25,13613.5,283514.5,5690.0,1202.0,14,133962.5,86551.5,27693.0,2262.0,1273.0,0.0,21516.5,2907.0,0.0,0.0,0.8931486087362039,1
2022-07-23,273111.5,24,12491.5,10497.0,11379.645833333334,14000.0,294043.0,20245.0,1835.0,19,132699.0,84071.0,27614.5,3026.5,1102.0,0.0,21432.0,3791.0,0.0,0.0,0.9109911406423035,1
2022-07-24,258955.0,24,11782.0,10070.0,10789.791666666666,13627.0,281813.0,21663.5,1866.0,20,126918.0,76220.0,27384.0,3010.0,721.0,0.0,21563.5,3500.0,0.0,0.0,0.9157860861200701,1
2022-07-25,257970.5,24,11763.0,10096.0,10748.770833333334,13400.0,279104.0,19477.0,1577.0,20,126342.5,76056.0,27363.0,3019.5,803.0,0.0,21265.5,3449.0,0.0,0.0,0.913778018646037,1
2022-07-26,261424.0,24,12042.0,10215.0,10892.666666666666,13500.0,281967.0,18487.0,1463.0,21,129309.0,77214.0,27246.0,2962.0,922.0,0.0,21329.0,3311.0,0.0,0.0,0.9045562752588163,1
2022-07-27,267220.5,24,12736.0,10366.0,11134.1875,13800.0,287368.0,18583.0,1392.0,20,125571.0,85031.5,27546.0,3047.0,1456.0,0.0,21323.5,3609.0,0.0,0.0,0.8742295461683417,1
2022-07-28,273632.5,24,12792.0,10599.0,11401.354166666666,13800.0,292909.0,17952.0,1124.0,23,128839.0,88012.0,27772.0,3029.0,1292.0,0.0,21308.0,3839.0,0.0,0.0,0.8912878491765687,1
2022-07-29,269291.5,24,12992.0,10189.0,11220.479166666666,13300.0,279300.0,9324.0,1343.0,22,130701.5,80893.0,27534.5,3019.0,1583.0,0.0,21323.5,3681.0,0.0,0.0,0.8636452560550082,1
2022-07-30,272957.0,24,12893.0,10680.0,11373.208333333334,13950.0,292503.0,17954.5,1312.0,22,134151.0,81645.5,29136.0,2335.0,1204.0,0.0,21233.5,3631.0,0.0,0.0,0.882122728095349,1
2022-07-31,268496.0,24,12628.0,10291.0,11187.333333333334,13800.0,294489.0,25464.0,1636.0,24,130781.5,79594.5,29714.0,2744.0,1084.0,0.0,21366.5,3658.0,0.0,0.0,0.8859148981100201,1
2022-08-01,266817.5,24,12755.0,10330.0,11117.395833333334,13200.0,286043.0,17738.5,1436.0,22,130739.0,78950.5,28876.0,2725.0,772.0,0.0,21280.0,3897.0,0.0,0.0,0.8716108062197832,1
2022-08-02,267639.0,24,12455.0,10417.0,11151.625,13800.0,287137.0,17968.0,1414.0,21,129211.5,80326.0,29093.0,2703.5,1105.0,0.0,22102.0,3519.0,0.0,0.0,0.8953532717784023,1
2022-08-03,269880.5,24,12583.0,10413.0,11245.020833333334,13800.0,293337.0,21615.0,1528.0,23,132489.0,80033.0,28285.0,2698.0,952.0,0.0,22084.5,3741.0,0.0,0.0,0.8936677130520014,1
2022-08-04,266018.5,24,12549.0,10292.0,11084.104166666666,13800.0,298825.0,30330.5,1851.0,24,130993.5,77402.5,28053.5,2684.0,1249.0,0.0,22217.0,3857.0,0.0,0.0,0.883265930884267,1
2022-08-05,266622.0,24,12951.0,10220.0,11109.25,13450.0,287175.0,18942.5,1585.0,23,134545.0,74780.5,28088.0,2636.5,1485.0,0.0,22189.0,3364.0,0.0,0.0,0.8577909041772837,1
2022-08-06,266025.5,24,12170.0,10415.0,11084.395833333334,13800.0,290750.0,22837.5,1550.0,24,134331.5,73789.5,28740.0,2632.0,969.0,0.0,22309.5,3669.0,0.0,0.0,0.9107966995343741,1
2022-08-07,264461.5,24,13227.0,9911.0,11019.229166666666,14200.0,302150.0,34734.0,2294.0,24,124621.5,83746.5,26009.0,2751.0,1585.0,0.0,22306.0,3866.0,0.0,0.0,0.833086048738691,1
2022-08-08,274943.5,24,13047.0,10505.0,11455.979166666666,13900.0,304425.0,27174.5,1882.0,24,129179.5,96294.5,19764.0,2799.0,1171.0,0.0,22337.0,3782.0,0.0,0.0,0.8780546613525458,1
2022-08-09,268093.0,24,12815.0,10292.0,11170.541666666666,13575.0,286275.0,16756.0,1704.0,24,127719.0,89879.5,21100.5,2781.5,1149.0,0.0,22259.0,2618.0,0.0,0.0,0.8716770711405905,1
2022-08-10,260600.0,24,12397.0,10115.0,10858.333333333334,13700.0,289200.0,26355.5,1526.0,24,125720.0,87792.0,19724.5,2757.0,801.0,0.0,22158.0,2027.0,0.0,0.0,0.875883950418112,1
2022-08-11,261395.5,24,12452.0,10109.0,10891.479166666666,13450.0,285900.0,22486.5,1453.0,24,129752.5,89886.0,14254.0,2537.0,1109.0,0.0,22086.5,2068.0,0.0,0.0,0.8746770933718813,1
2022-08-12,257708.0,24,12933.0,9617.0,10737.833333333334,13350.0,287331.0,27300.0,1842.0,23,126270.0,88994.5,14736.0,2558.5,1313.0,0.0,22060.5,2160.0,0.0,0.0,0.8302662439753602,1
2022-08-13,266136.0,24,13000.0,10302.0,11089.0,13200.0,292750.0,24524.5,1623.0,24,131811.0,86287.5,19766.0,2486.0,1122.0,0.0,22003.0,3239.0,0.0,0.0,0.853,1
2022-08-14,262474.5,24,12486.0,10105.0,10936.4375,12900.0,278900.0,15134.0,1581.0,24,133784.0,81556.0,18975.0,2427.5,685.0,0.0,21889.5,3588.0,0.0,0.0,0.8758960035239468,1
2022-08-15,267311.0,24,13081.0,9910.0,11137.958333333334,13150.0,270115.0,2580.0,381.0,11,138569.0,79109.0,21189.5,2737.5,1041.0,0.0,21800.0,3272.0,0.0,0.0,0.8514607700736437,1
2022-08-16,281485.5,24,13526.0,10559.0,11728.5625,14100.0,291923.0,9636.0,1011.0,23,143545.0,85604.5,22480.5,3552.5,1651.0,0.0,21653.5,3426.0,0.0,0.0,0.8671124131302677,1
2022-08-17,280179.0,24,13584.0,11024.0,11674.125,14200.0,304900.0,22769.0,1643.0,24,137086.0,88636.5,24055.5,3566.0,1350.0,0.0,22119.5,3779.0,0.0,0.0,0.8594026060070671,1
2022-08-18,277009.5,24,12982.0,10556.0,11542.0625,13875.0,301675.0,23651.0,1789.0,24,134334.5,79790.0,32946.0,3493.0,1356.0,0.0,22113.5,3395.0,0.0,0.0,0.8890819981512864,1
2022-08-19,268971.0,24,12948.0,10080.0,11207.125,13210.0,278008.0,8208.5,1036.0,24,140149.5,68634.0,31209.5,3417.0,1025.5,0.0,22176.0,2973.0,0.0,0.0,0.865548733395119,1
2022-08-20,278490.5,24,13478.0,10502.0,11603.770833333334,13950.0,288430.0,9386.0,867.0,24,140067.5,74655.5,33776.0,3632.5,1026.5,0.0,22176.0,3567.0,0.0,0.0,0.8609415961814315,1
2022-08-21,283693.0,24,13387.0,10977.0,11820.541666666666,14100.0,301930.0,16900.0,1204.0,24,138207.0,80712.0,34484.5,3634.0,1328.0,0.0,21757.0,3838.0,0.0,0.0,0.8829866039192251,1
2022-08-22,282089.5,24,13480.0,10974.0,11753.729166666666,14578.0,308978.0,24780.5,1645.0,24,136700.5,80584.5,35228.0,3416.0,1455.0,0.0,21544.5,3508.0,0.0,0.0,0.871938365479723,1
2022-08-23,283257.0,24,13646.0,10759.0,11802.375,14200.0,302700.0,18355.5,1772.0,24,138371.0,81369.5,33754.5,3577.0,1209.0,0.0,21742.0,3667.0,0.0,0.0,0.8648963066099956,1
2022-08-24,285299.0,24,13472.0,10753.0,11887.458333333334,14100.0,302230.0,15688.5,1344.0,24,146846.0,76891.0,31976.0,3435.5,1231.0,0.0,21751.0,3543.0,0.0,0.0,0.8823825960015835,1
2022-08-25,294962.5,24,13985.0,11115.0,12290.104166666666,14561.0,304826.0,9090.5,799.0,24,153897.5,80513.0,30708.0,3406.0,1711.0,0.0,21681.0,3447.0,0.0,0.0,0.8788061613633654,1
2022-08-26,292167.5,24,13855.0,11092.0,12173.645833333334,14200.0,301316.0,8327.0,666.0,24,154389.0,78853.5,29437.5,3437.0,1548.0,0.0,21825.5,3070.0,0.0,0.0,0.8786463972091905,1
2022-08-27,293060.5,24,13466.0,11286.0,12210.854166666666,14000.0,302485.0,8669.0,917.0,24,151915.5,81860.5,30419.0,3407.5,864.0,0.0,21477.0,3537.0,0.0,0.0,0.9067914872023367,1
2022-08-28,290180.0,24,13696.0,11101.0,12090.833333333334,14150.0,301280.0,10216.0,869.0,24,141919.0,87462.0,31408.5,3528.5,1096.0,0.0,21747.0,3424.0,0.0,0.0,0.8828003309968848,1
2022-08-29,290008.5,24,13423.0,11108.0,12083.6875,14300.0,305065.0,13884.5,1179.0,24,140114.5,87988.0,32311.5,3504.0,1476.0,0.0,21893.0,3120.0,0.0,0.0,0.9002225657453624,1
2022-08-30,289926.0,24,13422.0,11282.0,12080.25,14700.0,310931.0,19357.5,1495.0,22,137555.0,88915.5,33406.0,3501.5,1445.0,0.0,21902.5,3602.0,0.0,0.0,0.9000335270451497,1
2022-08-31,295168.5,24,13750.0,11567.0,12298.6875,14750.0,318320.0,21336.5,1410.0,24,140570.5,91682.5,33231.0,3507.0,1348.0,0.0,21909.0,3803.0,0.0,0.0,0.89445,1
2022-09-01,296337.5,24,13732.0,11508.0,12347.395833333334,14695.0,315066.0,17259.0,1132.0,24,144968.5,89307.5,32590.5,3456.0,1077.0,0.0,21888.5,3767.0,0.0,0.0,0.8991695188853287,1
2022-09-02,279929.5,24,13262.0,10518.0,11663.729166666666,14100.0,286961.0,6480.5,1109.0,15,140575.0,78828.5,31347.0,3401.0,989.0,0.0,21999.0,3270.0,0.0,0.0,0.8794849318855879,1
2022-09-03,279021.0,24,13518.0,10129.0,11625.875,13648.0,280943.0,1956.5,228.0,18,142060.0,76341.0,31026.0,3627.0,1205.0,0.0,21879.0,3301.0,0.0,0.0,0.8600292202988608,1
2022-09-04,282463.5,24,13540.0,10301.0,11769.3125,13831.0,285247.0,2586.5,520.0,10,142277.5,79321.0,31637.0,3545.5,1031.0,0.0,21883.0,3208.0,0.0,0.0,0.8692254431314623,1
2022-09-05,283631.0,24,13295.0,10580.0,11817.958333333334,13500.0,287509.0,3575.0,868.0,12,141385.5,82609.0,30988.5,3586.5,833.0,0.0,21776.5,2837.0,0.0,0.0,0.8889024696001003,1
2022-09-06,267409.0,24,13342.0,8742.0,11142.041666666666,13800.0,285019.0,16228.0,2203.0,21,132321.0,85124.0,22987.5,3528.5,975.0,0.0,20177.5,2669.0,0.0,0.0,0.8351103033028531,1
2022-09-07,290590.5,24,13761.0,10924.0,12107.9375,14300.0,303458.5,11859.0,1003.0,21,138916.0,89357.0,31865.0,3606.0,1663.0,0.0,22021.5,3552.0,0.0,0.0,0.8798733740280503,1
2022-09-08,293899.5,24,13608.0,11547.0,12245.8125,14500.0,313325.0,17899.5,1571.0,24,139585.5,91753.0,32081.5,3562.5,1635.0,0.0,22049.0,3629.0,0.0,0.0,0.8998980379188712,1
2022-09-09,278244.5,24,13278.0,10481.0,11593.520833333334,13750.0,288639.0,9473.0,1540.0,24,136442.5,80896.0,32026.5,2844.5,1450.0,0.0,22017.0,2922.0,0.0,0.0,0.8731375834714064,1
2022-09-10,283881.0,24,13320.0,10634.0,11828.375,13560.0,291895.0,8130.5,1054.0,23,140467.5,82271.5,30802.0,3562.0,1515.0,0.0,22032.5,3610.0,0.0,0.0,0.8880161411411411,1
2022-09-11,277717.5,24,12987.0,10443.0,11571.5625,13264.0,284307.0,6040.0,789.0,16,139071.5,79965.5,29296.5,3548.5,1147.0,0.0,21828.0,3248.0,0.0,0.0,0.8910112035112036,1
2022-09-12,262348.0,24,12239.0,9578.0,10931.166666666666,12477.0,263838.0,1356.0,284.0,9,136512.5,71114.5,26442.0,3561.5,601.0,0.0,21933.0,2586.0,0.0,0.0,0.8931421412424762,1
2022-09-13,246263.5,24,11790.0,9163.0,10260.979166666666,11790.0,246672.5,377.0,94.0,6,137191.0,55443.5,25423.5,3552.0,420.0,0.0,22037.5,2607.0,0.0,0.0,0.8703120582414475,1
2022-09-14,243255.0,24,11915.0,8905.0,10135.625,11975.0,243315.0,55.0,55.0,1,139334.0,51073.0,24341.5,3528.0,604.0,0.0,22064.0,2727.0,0.0,0.0,0.850660931598825,1
2022-09-15,255289.5,24,12611.0,8864.0,10637.0625,12611.0,255462.5,159.0,90.0,2,138401.5,65451.0,22418.0,3559.0,932.0,0.0,21980.0,2887.0,0.0,0.0,0.8434749425105067,1
2022-09-16,255220.5,24,12515.0,9123.0,10634.1875,12609.0,255729.5,470.0,87.0,10,138229.5,61032.5,26614.5,3358.0,1376.0,0.0,22071.5,2866.0,0.0,0.0,0.8497153415900919,1
2022-09-17,275210.5,24,13431.0,9700.0,11467.104166666666,13669.0,277187.5,1821.5,295.0,17,138605.5,79435.5,27974.0,3368.5,1195.0,0.0,21984.5,3028.0,0.0,0.0,0.853778882187973,1
2022-09-18,286207.0,24,13498.0,10466.0,11925.291666666666,14000.0,292708.5,5992.0,1126.0,20,132449.0,93999.5,30359.5,3580.0,1166.0,0.0,21825.5,3223.0,0.0,0.0,0.8834858250605028,1
2022-09-19,287036.5,24,13543.0,10466.0,11959.854166666666,13964.0,294054.0,7245.0,970.0,19,129591.0,97949.5,30519.5,3617.5,1334.0,0.0,21657.5,2682.0,0.0,0.0,0.8831022791602057,1
2022-09-20,282738.0,24,13575.0,10459.0,11780.75,14031.0,292832.5,9305.5,1020.0,20,130524.0,92828.0,29647.5,3636.5,1269.0,0.0,22017.5,3213.0,0.0,0.0,0.8678268876611418,1
2022-09-21,285503.5,24,13430.0,10377.0,11895.979166666666,13974.0,293490.0,7360.0,977.0,18,129098.5,97433.5,28612.5,3674.0,1368.0,0.0,22092.0,3658.0,0.0,0.0,0.8857765574584263,1
2022-09-22,287681.0,24,13177.0,10903.0,11986.708333333334,14358.0,304550.5,15546.0,1364.0,24,128068.5,97920.0,31237.0,3632.0,1410.0,0.0,22128.0,3736.0,0.0,0.0,0.909668993954112,1
2022-09-23,280956.0,24,13332.0,10504.0,11706.5,14098.5,292322.5,10475.5,1621.0,17,129610.0,91459.5,30389.0,3477.5,1281.0,0.0,22029.0,3115.0,0.0,0.0,0.878075307530753,1
2022-09-24,279404.0,24,12964.0,10585.0,11641.833333333334,13750.0,293093.0,12615.5,1124.0,23,123447.5,94380.0,31600.0,3565.0,1237.0,0.0,22097.5,3340.0,0.0,0.0,0.8980124447187082,1
2022-09-25,279297.5,24,12916.0,10810.0,11637.395833333334,13919.0,297193.0,16493.5,1407.0,20,120272.5,97184.5,31857.0,3670.0,1212.0,0.0,22068.0,3375.0,0.0,0.0,0.9010061809641788,1
2022-09-26,274951.5,24,12934.0,10512.0,11456.3125,14250.0,300009.0,23107.5,1574.0,22,123104.5,90427.5,31537.5,3744.0,1548.0,0.0,21455.0,3512.0,0.0,0.0,0.8857517009432504,1
2022-09-27,279104.0,24,12921.0,10614.0,11629.333333333334,14200.0,289766.5,18042.5,1605.0,24,123833.0,94346.0,31705.0,3764.5,1285.0,0.0,21759.0,3126.0,0.0,0.0,0.9000335371359286,1
2022-09-28,281313.0,24,12904.0,10994.0,11721.375,14500.0,309741.5,26200.0,1604.0,22,122992.5,96402.5,31699.0,3735.5,1510.0,0.0,22016.0,3351.0,0.0,0.0,0.9083520613763174,1
2022-09-29,277353.5,24,12993.0,10530.0,11556.395833333334,14429.0,310128.0,30205.0,2046.0,24,125678.5,90139.0,31838.5,3725.0,1398.0,0.0,22186.0,3673.0,0.0,0.0,0.8894324508068447,1
2022-09-30,278704.0,24,13010.0,10467.0,11612.666666666666,14026.0,295664.0,15861.0,1537.0,19,129835.0,88993.5,31363.0,3362.0,1418.0,0.0,22256.0,3252.0,0.0,0.0,0.8925954394055854,1
2022-10-01,277060.0,24,12773.0,10525.0,11544.166666666666,14374.0,304669.0,25442.5,1852.0,24,131275.5,89177.5,29867.0,3629.5,1174.0,0.0,20392.0,2293.0,0.0,0.0,0.9037944622771993,1
2022-10-02,259115.0,24,12369.0,8531.0,10796.458333333334,13917.5,281380.5,20518.5,1951.0,18,127488.5,74455.5,28305.0,3631.5,823.0,0.0,22423.5,2391.0,0.0,0.0,0.8728642843668311,1
2022-10-03,254945.5,24,12087.0,9678.0,10622.729166666666,13041.0,272331.5,16023.0,1349.0,21,122152.0,74806.0,28364.0,3628.5,850.0,0.0,22732.5,2889.0,0.0,0.0,0.8788557265381539,1
2022-10-04,206078.5,24,11075.5,2830.0,8586.604166666666,13200.0,272636.5,61419.0,7852.0,20,93684.5,59238.0,23985.0,2993.5,1210.0,0.0,22741.0,3282.0,0.0,0.0,0.7752791446586309,1
2022-10-05,243410.5,24,11790.0,9104.0,10142.104166666666,13282.0,269368.0,23922.0,1797.0,20,105329.5,84158.0,23239.0,3346.0,1596.0,0.0,22744.0,3412.0,0.0,0.0,0.8602293610404297,1
2022-10-06,249825.0,24,11990.0,9678.0,10409.375,13275.0,289258.0,36232.5,1926.0,24,113029.5,83504.5,23024.5,3501.5,1173.0,0.0,22710.0,3313.0,0.0,0.0,0.8681713928273561,1
2022-10-07,239118.5,24,11931.0,8833.0,9963.270833333334,13000.0,279473.5,37151.5,2051.0,24,117221.5,70965.0,20201.5,3596.5,1563.0,0.0,22680.0,3369.0,0.0,0.0,0.8350742463610203,1
2022-10-08,251606.5,24,12279.0,9354.0,10483.604166666666,13801.0,293494.0,38602.5,2107.0,24,123217.5,73688.5,23306.5,3617.0,1910.0,0.0,21778.5,3566.0,0.0,0.0,0.8537832206748649,1
2022-10-09,251946.0,24,12383.0,9304.0,10497.75,13452.0,290741.0,34752.5,1871.0,24,125610.5,73702.0,21923.5,3640.5,1443.0,0.0,22347.5,3489.0,0.0,0.0,0.8477549866752806,1
2022-10-10,260181.0,24,12901.0,9817.0,10840.875,13923.0,298884.0,35166.5,1937.0,24,130684.0,75484.0,23430.5,3472.5,1400.0,0.0,22467.0,3706.0,0.0,0.0,0.840312766452213,1
2022-10-11,259038.0,24,12388.0,9934.0,10793.25,13242.0,282226.0,30585.5,1783.0,24,132226.5,73790.5,22272.5,3701.0,1090.0,0.0,22405.0,3670.0,0.0,0.0,0.8712665482725218,1
2022-10-12,256206.5,24,12246.0,9719.0,10675.270833333334,12825.0,271567.0,14535.5,1112.0,24,132529.5,73057.5,20115.0,3694.0,1143.0,0.0,22560.0,3592.0,0.0,0.0,0.8717353285426535,1
2022-10-13,258108.5,24,12747.0,9623.0,10754.520833333334,13050.0,273359.5,14052.5,1272.0,24,130572.0,77320.5,19813.0,3726.0,1239.0,0.0,22409.5,3524.0,0.0,0.0,0.8436903454407574,1
2022-10-14,252120.5,24,12391.0,9364.0,10505.020833333334,12623.0,264987.0,11856.0,836.0,24,128442.5,74047.0,19131.0,3714.0,1443.0,0.0,22356.0,3387.0,0.0,0.0,0.8477944341323004,1
2022-10-15,254655.0,24,12322.0,9430.0,10610.625,13241.0,275769.0,19610.0,1406.0,23,129924.0,72194.0,21207.5,3726.5,1680.0,0.0,22548.0,3475.0,0.0,0.0,0.8611122382730076,1
2022-10-16,254147.0,24,12309.0,9442.0,10589.458333333334,13177.0,278525.5,22565.5,1437.0,24,126211.0,75605.0,21416.5,3725.5,1712.0,0.0,22356.0,3508.0,0.0,0.0,0.8603020824870692,1
2022-10-17,252103.5,24,12385.0,9601.0,10504.3125,13787.0,283363.0,28432.0,1819.0,24,127776.5,70945.0,22563.0,3730.5,1617.0,0.0,22274.0,3587.0,0.0,0.0,0.8481479612434396,1
2022-10-18,252118.0,24,12255.0,9588.0,10504.916666666666,13660.0,287330.0,32488.0,2006.0,24,123431.5,74517.0,23314.0,3737.0,1505.0,0.0,22477.5,3531.0,0.0,0.0,0.8571943424452604,1
2022-10-19,250349.5,24,12314.0,9393.0,10431.229166666666,13250.0,279544.5,26905.5,1727.0,24,123777.0,72681.0,23183.5,3724.0,1395.0,0.0,22484.0,3507.0,0.0,0.0,0.847103229386606,1
2022-10-20,248163.5,24,12286.0,9346.0,10340.145833333334,13300.0,279388.0,28775.5,1778.0,24,125067.0,70252.0,21982.0,3728.5,1615.0,0.0,22487.0,3423.0,0.0,0.0,0.8416202045688861,1
2022-10-21,243146.5,24,12170.0,9072.0,10131.104166666666,12440.0,258575.0,14219.5,1148.0,23,126176.0,65433.5,20485.0,3726.0,1675.0,0.0,22455.0,3372.0,0.0,0.0,0.8324654204327581,1
2022-10-22,247127.0,24,12318.0,9281.0,10296.958333333334,13100.0,269177.5,17908.5,1480.0,21,127012.0,65991.0,23081.0,3713.0,1665.0,0.0,21771.0,3606.0,0.0,0.0,0.8359277750717108,1
2022-10-23,242842.0,24,11939.0,8928.0,10118.416666666666,13320.0,280338.5,34557.0,1900.0,24,118139.5,69955.5,24910.0,3516.5,657.0,0.0,22401.5,3648.0,0.0,0.0,0.8475095624982549,1
2022-10-24,168052.0,24,10621.0,2957.0,7002.166666666667,11663.0,173088.0,4641.5,1214.0,6,100385.0,26887.5,17628.5,3372.0,187.0,0.0,18115.5,1825.0,0.0,0.0,0.6592756488717322,1
2022-10-25,140822.0,24,9032.0,2828.0,5867.583333333333,9032.0,140822.0,0.0,0.0,0,84829.5,25892.5,15234.5,2160.5,1176.0,0.0,11246.5,1153.0,0.0,0.0,0.6496438588721583,0
2022-10-26,206584.5,24,10792.0,6593.0,8607.6875,10792.0,207108.5,497.0,203.0,4,118010.0,48229.5,16951.5,3199.0,1419.0,0.0,17945.0,2325.0,0.0,0.0,0.7975989158636027,1
2022-10-27,218916.0,24,11028.0,7595.0,9121.5,11050.0,221884.0,2735.0,525.0,8,112105.0,60313.0,18547.5,3638.0,1427.0,0.0,20575.0,2686.0,0.0,0.0,0.8271218715995647,1
2022-10-28,202903.5,24,10071.0,7289.0,8454.3125,10071.0,194203.5,0.0,0.0,0,113680.5,41642.5,17876.5,3655.5,1600.0,0.0,22156.5,2488.0,0.0,0.0,0.8394710058584053,0
2022-10-29,213020.0,24,11060.0,7120.0,8875.833333333334,11103.0,213470.0,415.0,250.0,2,114484.5,50439.5,19833.0,3659.0,1590.0,0.0,20549.0,2850.0,0.0,0.0,0.8025165762507536,1
2022-10-30,224973.0,24,11226.0,7713.0,9373.875,11275.0,228520.0,10611.5,4847.0,10,111414.0,63368.0,20853.0,3668.0,1648.0,0.0,20432.0,2998.0,0.0,0.0,0.8350146980224479,1
2022-10-31,229432.0,24,11431.0,8172.0,9559.666666666666,11815.0,236944.0,6924.0,985.0,16,109573.5,69346.5,21576.5,3665.5,1608.0,0.0,20829.5,3184.0,0.0,0.0,0.8362931210451112,1
2022-11-01,234794.5,24,11710.0,8587.0,9783.104166666666,12350.0,248024.0,12193.5,988.0,21,112597.0,68962.0,24090.5,3655.0,1509.0,0.0,21126.5,3309.0,0.0,0.0,0.8354486905778536,1
2022-11-02,236427.0,24,11770.0,8712.0,9851.125,12360.0,250976.5,12486.5,1364.0,20,113312.5,68412.0,27216.0,2958.5,1396.0,0.0,21365.0,3263.0,0.0,0.0,0.8369689889549703,1
2022-11-03,231838.5,24,11389.0,8666.0,9659.9375,11389.0,237559.0,5429.5,640.0,13,113580.5,64110.0,25285.0,3669.5,1270.0,0.0,21240.5,3112.0,0.0,0.0,0.8481813592062516,1
2022-11-04,212355.5,24,10312.0,7698.0,8848.145833333334,10312.0,212124.5,64.0,64.0,1,110811.5,47168.0,25737.5,3681.5,1407.0,0.0,21188.0,2484.0,0.0,0.0,0.8580436223170417,1
2022-11-05,218372.5,24,11297.0,7474.0,9098.854166666666,11475.0,220866.5,2299.0,686.0,8,112113.0,54392.0,23494.5,3430.5,1420.0,0.0,21130.0,2758.0,0.0,0.0,0.8054221622259596,1
2022-11-06,228617.5,24,11069.0,8214.0,9525.729166666666,11125.0,233029.5,4090.0,972.0,7,105739.5,68572.0,25368.0,3655.0,1469.0,0.0,21246.5,3116.0,0.0,0.0,0.8605772126358899,1
2022-11-07,221553.5,24,11227.0,8017.0,9231.395833333334,11227.0,228462.5,6368.0,1039.0,11,104441.5,64981.0,24102.0,3138.5,1229.0,0.0,21026.5,3071.0,0.0,0.0,0.8222495620676347,1
2022-11-08,221416.5,24,11141.0,7802.0,9225.6875,11141.0,223909.5,2298.0,582.0,5,108046.5,60392.5,25214.5,3252.5,1420.0,0.0,20984.0,2761.0,0.0,0.0,0.828084328157257,1
2022-11-09,219290.5,24,11069.0,7795.0,9137.104166666666,11069.0,215010.5,3878.0,421.0,11,105420.0,62344.0,23756.0,3114.5,1407.0,0.0,21807.5,2804.0,0.0,0.0,0.8254678983346884,1
2022-11-10,218281.5,24,10950.0,7823.0,9095.0625,10968.0,221718.5,2411.0,452.0,9,106892.5,59888.5,23200.5,3360.0,1478.5,0.0,21127.0,2699.0,0.0,0.0,0.8305993150684932,1
2022-11-11,200830.0,24,9673.0,7469.0,8367.916666666666,9673.0,200830.0,0.0,0.0,0,106771.5,45391.5,22469.0,2765.5,1474.0,0.0,20758.0,2346.0,0.0,0.0,0.8650797753196181,0
2022-11-12,205164.5,24,10514.0,7074.0,8548.520833333334,10514.0,205516.5,325.0,170.0,2,105521.0,52551.5,19918.5,3245.0,1270.0,0.0,20561.0,2437.0,0.0,0.0,0.8130607602561665,1
2022-11-13,208133.0,24,10373.0,7286.0,8672.208333333334,10373.0,208742.0,561.0,340.0,2,103823.0,54584.5,20674.0,3544.5,1322.0,0.0,21276.0,2347.0,0.0,0.0,0.8360366657026255,1
2022-11-14,205071.5,24,10531.0,6923.0,8544.645833333334,10531.0,205071.5,0.0,0.0,0,106849.0,49585.5,20567.5,3302.0,1450.0,0.0,20808.5,2369.0,0.0,0.0,0.8113802899376444,0
2022-11-15,207459.5,24,10610.0,7019.0,8644.145833333334,10610.0,208394.5,862.0,322.0,4,104667.0,56243.0,18747.0,3356.5,1432.0,0.0,21020.0,2433.0,0.0,0.0,0.8147168551680805,1
2022-11-16,207740.5,24,10559.0,7153.0,8655.854166666666,10559.0,207740.5,0.0,0.0,0,110092.0,51040.5,19494.5,2654.0,1233.0,0.0,21166.0,2455.0,0.0,0.0,0.8197607885847775,0
2022-11-17,208546.5,24,10671.0,7056.0,8689.4375,10671.0,208546.5,0.0,0.0,0,108349.0,54051.0,20382.0,1274.0,1341.0,0.0,21356.0,2442.0,0.0,0.0,0.8143039546434261,0
2022-11-18,188721.5,24,9115.0,6877.0,7863.395833333333,9115.0,188721.5,0.0,0.0,0,107411.0,40588.0,21323.0,1039.0,1347.0,0.0,14979.0,2155.0,0.0,0.0,0.862687420003657,0
2022-11-19,193507.5,24,10131.0,6293.0,8062.8125,10131.0,193507.5,0.0,0.0,0,106877.0,42990.5,22799.0,964.0,1375.0,0.0,16033.0,2363.0,0.0,0.0,0.7958555423946303,0
2022-11-20,204753.0,24,10549.0,6770.0,8531.375,10549.0,204753.0,0.0,0.0,0,107489.0,51027.5,23314.0,1104.0,1303.0,0.0,18124.5,2494.0,0.0,0.0,0.8087377950516637,0
2022-11-21,206068.0,24,10526.0,7024.0,8586.166666666666,10526.0,206105.5,0.0,0.0,0,105809.0,53378.0,22734.0,1104.0,1302.0,0.0,19733.5,2530.0,0.0,0.0,0.8157103046424725,0
2022-11-22,204852.5,24,10512.0,6884.0,8535.520833333334,10512.0,204798.5,0.0,0.0,0,103756.0,53275.5,23731.5,1048.0,1377.0,0.0,19865.5,2359.0,0.0,0.0,0.8119787702942669,0
2022-11-23,199696.0,24,10156.0,6735.0,8320.666666666666,10245.0,199987.0,267.0,125.0,4,102103.5,49607.0,24080.0,1050.0,1239.0,0.0,19886.0,2327.0,0.0,0.0,0.8192858080609163,1
2022-11-24,200384.0,24,10107.0,6604.0,8349.333333333334,10107.0,200384.0,0.0,0.0,0,102712.0,48798.5,24445.5,1480.0,1332.0,0.0,19606.5,2364.0,0.0,0.0,0.8260941261831735,0
2022-11-25,186173.5,24,9187.0,6674.0,7757.229166666667,9187.0,186125.5,0.0,0.0,0,102257.5,43771.0,21009.5,1824.0,1417.0,0.0,13909.5,2133.0,0.0,0.0,0.8443702151591017,0
2022-11-26,190482.0,24,10259.0,6286.0,7936.75,10259.0,192644.0,2512.0,950.0,4,104889.5,44999.0,18012.0,1570.0,1131.0,0.0,17332.5,2327.0,0.0,0.0,0.7736377814601813,1
2022-11-27,198561.5,24,9843.0,6639.0,8273.395833333334,10220.0,201755.5,3295.0,605.0,10,107968.0,52551.5,15025.5,864.0,1278.0,0.0,19378.0,2372.0,0.0,0.0,0.8405359985099394,1
2022-11-28,197443.5,24,10070.0,6771.0,8226.8125,10284.0,204312.0,6022.0,658.0,15,110649.0,49430.5,12713.5,1081.0,1250.0,0.0,20227.0,2370.0,0.0,0.0,0.8169625124131082,1
2022-11-29,199700.0,24,10254.0,7048.0,8320.833333333334,10477.0,207725.0,7398.0,876.0,17,106994.5,51447.0,16446.5,1104.0,1161.0,0.0,20421.0,2477.0,0.0,0.0,0.8114719459072882,1
2022-11-30,204394.0,24,10243.0,7167.0,8516.416666666666,10462.0,210401.5,6124.0,683.0,17,107176.5,48736.5,23528.5,1104.0,1255.0,0.0,20162.5,2730.0,0.0,0.0,0.831437729831755,1
2022-12-01,208225.5,24,10346.0,7382.0,8676.0625,10550.0,210138.5,1764.0,310.0,10,108162.0,52615.5,22624.5,1104.0,1339.0,0.0,20197.5,2579.0,0.0,0.0,0.83859100135318,1
2022-12-02,186812.5,24,8976.0,6923.0,7783.854166666667,8976.0,186930.5,110.0,56.0,2,111373.0,37202.0,16165.0,1104.0,1340.0,0.0,17687.0,2225.0,0.0,0.0,0.8671851789958408,1
2022-12-03,190921.0,24,10055.0,6288.0,7955.041666666667,10096.0,190962.0,38.0,38.0,1,111735.0,35007.5,21022.5,926.0,1320.0,0.0,19217.5,2048.0,0.0,0.0,0.7911528261229902,1
2022-12-04,194959.5,24,9888.0,6493.0,8123.3125,9888.0,194959.5,0.0,0.0,0,112589.5,35594.5,22214.0,1180.0,1253.0,0.0,20355.0,2242.0,0.0,0.0,0.82153241302589,0
2022-12-05,196748.0,24,9905.0,6613.0,8197.833333333334,9905.0,196748.0,0.0,0.0,0,111378.0,40257.0,21525.5,1103.0,1426.0,0.0,19216.0,2153.0,0.0,0.0,0.8276459700487969,0
2022-12-06,196053.0,24,9981.0,6667.0,8168.875,9981.0,196053.0,0.0,0.0,0,112369.0,45104.0,13634.5,1058.0,1672.0,0.0,19492.0,2184.0,0.0,0.0,0.8184425408275724,0
2022-12-07,195190.0,24,10076.0,6536.0,8132.916666666667,10076.0,195190.0,0.0,0.0,0,112873.0,40716.0,16449.5,1104.0,1648.0,0.0,20746.0,2188.0,0.0,0.0,0.8071572714039963,0
2022-12-08,198244.5,24,10035.0,6500.0,8260.1875,10035.0,198244.5,0.0,0.0,0,111482.0,45063.5,16741.0,1104.0,1586.0,0.0,20331.5,2201.0,0.0,0.0,0.8231377678126557,0
2022-12-09,179472.5,24,8874.0,6402.0,7478.020833333333,8874.0,179472.5,0.0,0.0,0,109271.0,29746.5,21583.5,1104.0,1770.0,0.0,14468.5,1944.0,0.0,0.0,0.8426888475696792,0
2022-12-10,184051.0,24,9822.0,6021.0,7668.791666666667,9822.0,184051.0,0.0,0.0,0,109676.0,28452.0,24205.5,1104.0,1579.0,0.0,16990.0,1983.0,0.0,0.0,0.7807769972171317,0
2022-12-11,191098.0,24,9653.0,6264.0,7962.416666666667,9653.0,191098.0,0.0,0.0,0,105647.0,36460.5,24221.0,1104.0,1699.0,0.0,20073.0,2129.0,0.0,0.0,0.8248644635519182,0
2022-12-12,190639.0,24,9747.0,6286.0,7943.291666666667,9747.0,190639.0,0.0,0.0,0,108541.0,33104.5,24177.0,1104.0,1541.0,0.0,20571.5,2222.0,0.0,0.0,0.8149473342224959,0
2022-12-13,192871.5,24,9740.0,6336.0,8036.3125,9740.0,193141.0,0.0,0.0,0,107813.83333333333,37092.833333333336,23290.166666666668,1104.0,1522.0,0.0,20206.666666666668,2204.6666666666665,0.0,0.0,0.8250834188911704,0
2022-12-14,194798.0,24,9994.0,6338.0,8116.583333333333,9994.0,194951.0,141.0,141.0,1,108002.66666666667,37455.666666666664,24765.333333333332,1104.0,1395.0,0.0,20376.333333333332,2317.3333333333335,0.0,0.0,0.8121456207057568,1
2022-12-15,192208.5,24,9741.0,6285.0,8008.6875,9741.0,192208.5,0.0,0.0,0,109750.0,35748.5,22011.0,1104.0,1381.0,0.0,20427.5,2210.0,0.0,0.0,0.8221627656298122,0
2022-12-16,166991.5,24,8108.0,6139.0,6957.979166666667,8108.0,166991.5,0.0,0.0,0,103094.5,21163.0,21413.0,1104.0,1425.0,0.0,17215.5,1968.0,0.0,0.0,0.8581622060516363,0
2022-12-17,174175.5,24,9329.0,5506.0,7257.3125,9329.0,174175.5,0.0,0.0,0,102717.0,25834.5,21762.0,1104.0,1511.0,0.0,19551.5,2159.0,0.0,0.0,0.7779303783899668,0
2022-12-18,184620.5,24,9577.0,5929.0,7692.520833333333,9577.0,184620.5,0.0,0.0,0,107634.0,27966.0,23789.0,1104.0,1831.0,0.0,20337.0,2220.0,0.0,0.0,0.80322865545926,0
2022-12-19,187185.0,24,9589.0,6098.0,7799.375,9589.0,187185.0,0.0,0.0,0,108254.0,27206.0,26554.0,1104.0,1832.0,0.0,20229.5,2230.0,0.0,0.0,0.8133668787151945,0
2022-12-20,190242.5,24,9586.0,6244.0,7926.770833333333,9586.0,190242.5,0.0,0.0,0,110322.0,29968.0,25048.5,1159.0,1719.0,0.0,20332.0,2185.0,0.0,0.0,0.826911207316225,0
2022-12-21,191334.5,24,9768.0,6286.0,7972.270833333333,9768.0,191334.5,0.0,0.0,0,111440.0,31325.0,23901.5,1104.0,1622.0,0.0,20303.0,2296.0,0.0,0.0,0.8161620427245427,0
2022-12-22,192947.0,24,9764.0,6347.0,8039.458333333333,9764.0,192947.0,0.0,0.0,0,111722.5,30514.5,25955.0,1148.0,1555.0,0.0,20406.5,2074.0,0.0,0.0,0.8233775433565478,0
2022-12-23,176571.0,24,8619.0,6203.0,7357.125,8619.0,176571.0,0.0,0.0,0,107940.5,24988.0,22693.0,885.0,1621.0,0.0,17214.5,1708.0,0.0,0.0,0.8535938043856596,0
2022-12-24,178019.5,24,9382.0,5766.0,7417.479166666667,9382.0,178019.5,0.0,0.0,0,106263.5,23932.5,25736.5,720.0,1552.0,0.0,18321.5,1931.0,0.0,0.0,0.7906074575428125,0
2022-12-25,185924.5,24,9459.0,6121.0,7746.854166666667,9459.0,185924.5,0.0,0.0,0,107285.0,29698.5,26117.5,720.0,1389.0,0.0,18871.5,2091.0,0.0,0.0,0.8189929344187195,0
2022-12-26,190406.0,24,9664.0,6243.0,7933.583333333333,9664.0,190406.0,0.0,0.0,0,106267.0,34524.5,26990.5,720.0,1370.0,0.0,18691.5,2232.0,0.0,0.0,0.8209419839955849,0
2022-12-27,187796.5,24,9835.0,5809.0,7824.854166666667,9835.0,187796.5,0.0,0.0,0,104758.5,32324.5,27587.0,930.0,1423.0,0.0,19176.5,2218.0,0.0,0.0,0.7956130316895442,0
2022-12-28,191231.5,24,9684.0,6214.0,7967.979166666667,9684.0,191231.5,0.0,0.0,0,105431.0,35467.5,27395.0,1104.0,975.0,0.0,18901.0,2067.0,0.0,0.0,0.8227983443480655,0
2022-12-29,189726.0,24,9633.0,6154.0,7905.25,9633.0,189710.5,4171.0,4171.0,1,101032.0,37682.5,27649.5,1048.5,1544.5,0.0,19190.5,2078.0,0.0,0.0,0.8206425827883318,1
2022-12-30,176424.5,24,8641.0,6199.0,7351.020833333333,8641.0,176424.5,0.0,0.0,0,104932.5,28906.5,21509.5,1025.0,1566.0,0.0,16360.5,1984.0,0.0,0.0,0.8507141341665702,0
2022-12-31,180504.0,24,9581.0,5746.0,7521.0,9581.0,180462.0,0.0,0.0,0,108668.0,28647.5,21154.5,1036.0,1217.0,0.0,17904.0,2201.0,0.0,0.0,0.7849911282747104,0
2023-01-01,183693.0,24,9212.0,5988.0,7653.875,9212.0,183693.0,0.0,0.0,0,105760.0,33271.0,21741.5,601.0,1505.0,0.0,19067.5,2159.0,0.0,0.0,0.8308592053842814,0
2023-01-02,184068.5,24,9425.0,5954.0,7669.520833333333,9425.0,184068.5,0.0,0.0,0,104078.0,34796.5,21839.5,616.0,1945.0,0.0,18866.5,2199.0,0.0,0.0,0.8137422634836428,0
2023-01-03,187938.0,24,9706.0,6081.0,7830.75,9706.0,187938.0,0.0,0.0,0,103539.5,29612.5,31505.5,808.0,1675.0,0.0,18652.5,2190.5,0.0,0.0,0.806794766124047,0
2023-01-04,190299.0,24,9797.0,6129.0,7929.125,9797.0,190299.0,0.0,0.0,0,104126.5,30746.0,32553.5,720.0,1391.0,0.0,18861.0,2190.0,0.0,0.0,0.8093421455547617,0
2023-01-05,191497.0,24,9839.0,6104.0,7979.041666666667,9839.0,191381.5,0.0,0.0,0,103620.0,32551.0,32572.0,720.0,1361.5,0.0,18887.5,2273.0,0.0,0.0,0.8109606328556426,0
2023-01-06,175512.5,24,8776.0,6092.0,7313.020833333333,8776.0,175512.5,0.0,0.0,0,102749.0,23752.0,30000.0,720.0,1777.0,0.0,14834.0,2149.0,0.0,0.0,0.8332977248556669,0
2023-01-07,180197.5,24,9641.0,5671.0,7508.229166666667,9641.0,180197.5,0.0,0.0,0,105110.5,27512.5,31200.5,720.0,1391.0,0.0,12421.5,1796.0,0.0,0.0,0.7787811603222349,0
2023-01-08,190401.5,24,9340.0,6079.0,7933.395833333333,9927.0,194007.5,3751.0,555.0,14,105346.0,35246.5,33471.5,720.0,1469.0,0.0,12034.0,2270.0,0.0,0.0,0.8493999821556031,1
2023-01-09,179749.5,24,8939.0,6187.0,7489.5625,9972.0,195424.0,14445.0,1202.0,17,104606.5,31902.0,26441.5,720.0,2076.0,0.0,11766.0,2312.0,0.0,0.0,0.8378523884103367,1
2023-01-10,189130.5,24,9606.0,6338.0,7880.4375,9800.0,195219.5,5612.0,816.0,13,105622.0,30690.5,34085.0,720.0,2292.0,0.0,13281.0,2233.0,0.0,0.0,0.8203661773891318,1
2023-01-11,194660.5,24,9767.0,6489.0,8110.854166666667,9930.0,199072.5,4066.0,616.0,10,106662.0,28666.5,34618.0,720.0,1883.0,0.0,20477.5,2270.0,0.0,0.0,0.8304345414832258,1
2023-01-12,193707.0,24,9375.0,6318.0,8071.125,9810.0,197791.0,3764.0,661.0,9,107562.0,29096.0,32571.5,720.0,1973.0,0.0,20012.5,2315.0,0.0,0.0,0.86092,1
2023-01-13,183380.5,24,8929.0,6467.0,7640.854166666667,8929.0,183380.5,0.0,0.0,0,110141.0,22071.5,31072.0,720.0,1970.0,0.0,16590.0,1949.0,0.0,0.0,0.8557345914062792,0
2023-01-14,186258.5,24,9413.0,6078.0,7760.770833333333,9675.0,189747.5,3216.0,756.0,14,109831.5,26866.0,27591.5,720.0,1437.0,0.0,17586.5,2304.0,0.0,0.0,0.8244736888700025,1
2023-01-15,191245.5,24,9122.0,6475.0,7968.5625,9678.0,196214.5,5361.0,668.0,16,110909.5,31728.0,23649.5,720.0,1815.0,0.0,20174.0,2381.0,0.0,0.0,0.8735543192282395,1
2023-01-16,186940.0,24,9017.0,6445.0,7789.166666666667,10090.0,200602.5,12593.5,1095.0,18,109724.5,31776.5,21536.0,720.0,1572.0,0.0,19862.5,2419.0,0.0,0.0,0.8638312816531737,1
2023-01-17,191351.5,24,9472.0,6615.0,7972.979166666667,10094.0,201999.0,9814.0,1255.0,15,108804.5,34339.0,22643.5,720.0,1642.0,0.0,20400.5,2396.0,0.0,0.0,0.8417418883727478,1
2023-01-18,193016.0,24,9460.0,6590.0,8042.333333333333,10150.0,203425.0,9587.0,878.0,16,109400.0,35019.0,22736.5,720.0,1830.0,0.0,21262.5,2422.0,0.0,0.0,0.8501409443269908,1
2023-01-19,195880.0,24,9554.0,6695.0,8161.666666666667,10000.0,204449.0,7896.0,843.0,16,111043.0,36824.0,23391.0,690.0,1951.0,0.0,20148.0,2372.0,0.0,0.0,0.854266973693392,1
2023-01-20,186070.5,24,9169.0,6521.0,7752.9375,9232.0,188523.5,2261.0,537.0,6,109834.0,28663.5,23964.0,720.0,2004.0,0.0,18687.0,2224.0,0.0,0.0,0.8455597666048642,1
2023-01-21,190360.0,24,9768.0,6207.0,7931.666666666667,9878.0,193797.0,3167.0,471.0,14,111065.5,30229.5,25038.0,720.0,1982.0,0.0,19276.5,2354.0,0.0,0.0,0.8120051870051871,1
2023-01-22,197839.0,24,9620.0,6595.0,8243.291666666666,9955.0,202054.5,3886.0,524.0,16,114873.5,32461.0,24820.0,720.0,1930.0,0.0,21222.5,2281.0,0.0,0.0,0.8568910256410256,1
2023-01-23,198320.0,24,9927.0,6606.0,8263.333333333334,10050.0,203343.0,4628.0,530.0,14,115149.0,28995.5,28751.0,720.0,1581.0,0.0,20135.0,2545.0,0.0,0.0,0.8324099257916122,1
2023-01-24,202342.5,24,10098.0,6929.0,8430.9375,10311.0,209502.5,6669.0,667.0,17,115731.5,28754.5,34033.0,720.0,1610.0,0.0,19877.0,2521.0,0.0,0.0,0.8349116161616161,1
2023-01-25,206068.0,24,10048.0,6996.0,8586.166666666666,10400.0,211877.5,5354.0,670.0,18,113144.0,35180.5,32259.5,720.0,1769.0,0.0,21117.5,2558.0,0.0,0.0,0.8545149946921443,1
2023-01-26,205636.5,24,10255.0,7101.0,8568.1875,10667.0,213757.5,7484.5,749.0,17,108652.5,35593.0,35502.5,720.0,1749.0,0.0,21281.5,2629.0,0.0,0.0,0.8355131643100926,1
2023-01-27,195130.0,24,9322.0,7006.0,8130.416666666667,9417.0,197239.0,1913.0,320.0,14,110076.5,29378.5,31266.0,720.0,1502.0,0.0,20053.0,2431.0,0.0,0.0,0.8721751412429379,1
2023-01-28,199544.5,24,10111.0,6711.0,8314.354166666666,10283.0,204969.5,4999.0,619.0,14,106902.5,34546.5,33231.5,745.0,1218.0,0.0,20811.0,2625.0,0.0,0.0,0.8223078000857151,1
2023-01-29,207479.5,24,10300.0,6898.0,8644.979166666666,10455.0,210260.5,2636.0,529.0,13,110777.0,37022.5,33069.5,720.0,1709.0,0.0,21544.5,2679.0,0.0,0.0,0.8393183656957928,1
2023-01-30,205195.0,24,10330.0,6777.0,8549.791666666666,10496.0,209858.0,4298.0,500.0,16,108284.0,37045.5,33482.0,720.0,2015.0,0.0,21436.0,2589.0,0.0,0.0,0.827666182639561,1
2023-01-31,209266.0,24,10184.0,6945.0,8719.416666666666,10369.0,212054.0,2564.5,245.0,16,114713.0,34999.5,33818.5,720.0,1650.0,0.0,21744.0,2383.0,0.0,0.0,0.8561878109452735,1
2023-02-01,210047.5,24,10342.0,7246.0,8751.979166666666,10581.0,214456.5,3999.0,429.0,16,115012.5,33588.5,35546.0,720.0,1796.5,0.0,21675.5,2563.0,0.0,0.0,0.846255962740927,1
2023-02-02,208933.5,24,10365.0,6972.0,8705.5625,10569.0,213237.5,3963.0,461.0,15,113904.5,33598.0,34679.5,720.0,2593.0,0.0,21418.0,2580.0,0.0,0.0,0.8398999035214665,1
2023-02-03,193553.0,24,9323.0,6817.0,8064.708333333333,9390.0,194451.0,764.0,115.0,11,111356.0,28084.5,32899.0,720.0,2315.0,0.0,16133.0,2368.0,0.0,0.0,0.865033608638135,1
2023-02-04,202262.0,24,10264.0,6484.0,8427.583333333334,10452.0,203700.5,1405.0,190.0,15,113857.5,29945.5,32836.0,720.0,2146.0,0.0,20513.0,2392.0,0.0,0.0,0.8210817744868798,1
2023-02-05,206927.5,24,10294.0,6823.0,8621.979166666666,10465.0,210074.5,2901.0,355.0,16,115077.5,32196.5,34095.0,720.0,1748.0,0.0,21415.5,2565.0,0.0,0.0,0.8375732627420504,1
2023-02-06,205571.5,24,10170.0,6731.0,8565.479166666666,10360.0,209711.5,3815.0,569.0,15,112321.5,35613.0,34716.5,720.0,1914.0,0.0,18674.0,2585.0,0.0,0.0,0.8422300065552277,1
2023-02-07,202618.5,24,10311.0,6796.0,8442.4375,10349.0,211616.5,8300.0,986.0,16,107222.5,36471.0,32535.0,720.0,2208.0,0.0,21669.0,2563.0,0.0,0.0,0.8187797012898846,1
2023-02-08,209823.0,24,10436.0,7030.0,8742.625,10690.0,216758.0,6386.5,576.0,17,108969.5,40161.5,34327.0,720.0,2059.0,0.0,21345.5,2650.0,0.0,0.0,0.837737159831353,1
2023-02-09,209582.0,24,10386.0,7150.0,8732.583333333334,10750.0,218901.0,8588.0,941.0,17,108142.5,40162.0,35140.0,720.0,2001.0,0.0,20936.5,2767.0,0.0,0.0,0.840803324988767,1
2023-02-10,195355.0,24,9703.0,7128.0,8139.791666666667,9722.0,199240.0,3581.5,499.0,17,101056.5,36270.0,32920.0,720.0,2166.0,0.0,20712.0,2478.0,0.0,0.0,0.8388943282146416,1
2023-02-11,199256.0,24,10349.0,6670.0,8302.333333333334,10751.0,209339.0,9261.5,900.0,17,102410.0,36415.5,35570.0,741.0,2129.5,0.0,20666.0,2580.0,0.0,0.0,0.8022353206428963,1
2023-02-12,208862.5,24,10355.0,7227.0,8702.604166666666,10600.0,218561.0,8938.0,1035.0,19,106045.0,39024.0,37731.5,720.0,1961.0,0.0,20969.0,2858.0,0.0,0.0,0.8404253178818606,1
2023-02-13,209345.0,24,10383.0,7371.0,8722.708333333334,10600.0,219744.5,9582.5,1015.0,17,109324.5,40277.0,36815.0,1080.0,2700.0,0.0,16240.0,2798.0,0.0,0.0,0.8400951876464735,1
2023-02-14,210966.5,24,10480.0,7071.0,8790.270833333334,10567.0,216625.5,5215.0,760.0,16,111217.5,38880.5,37363.0,870.0,2513.0,0.0,18077.5,2524.5,0.0,0.0,0.8387663008905853,1
2023-02-15,210094.0,24,10328.0,7097.0,8753.916666666666,10838.0,217310.5,6619.0,659.0,17,111350.0,37048.0,36760.0,615.0,2353.0,0.0,20188.5,2481.0,0.0,0.0,0.847590691970049,1
2023-02-16,212524.0,24,10495.0,7185.0,8855.166666666666,10700.0,218302.0,5325.0,512.0,16,109876.0,36714.0,39723.0,1080.0,2112.0,0.0,20530.5,2697.0,0.0,0.0,0.8437509925361283,1
2023-02-17,200245.5,24,9646.0,7182.0,8343.5625,9670.0,200773.5,487.0,127.0,6,110837.0,27907.0,37448.5,720.0,1993.0,0.0,19423.5,2469.0,0.0,0.0,0.8649764150943396,1
2023-02-18,207904.5,24,10543.0,6729.0,8662.6875,10631.0,210127.5,2048.0,286.0,13,116096.0,31747.5,36005.5,720.0,1791.0,0.0,19408.5,2500.0,0.0,0.0,0.8216529925068766,1
2023-02-19,218221.0,24,10817.0,7280.0,9092.541666666666,10898.0,222494.0,3939.0,476.0,15,121636.5,34338.0,36998.0,1277.0,1498.0,0.0,19883.5,2861.0,0.0,0.0,0.8405788727620104,1
2023-02-20,216956.5,24,10801.0,7375.0,9039.854166666666,11049.0,225730.5,8084.0,940.0,15,116567.5,37756.0,37145.0,1440.0,1726.0,0.0,19862.0,2865.0,0.0,0.0,0.836946038947011,1
2023-02-21,206093.0,24,10067.0,7630.0,8587.208333333334,10067.0,208849.0,2539.0,552.0,12,107866.0,37490.5,36749.0,1440.0,1416.0,0.0,18363.0,2630.0,0.0,0.0,0.8530056951756565,1
2023-02-22,216329.0,24,11075.0,7163.0,9013.708333333334,11250.0,222912.0,6098.0,745.0,17,115906.5,37620.5,37767.0,735.0,1781.0,0.0,20071.5,2867.0,0.0,0.0,0.8138788562829196,1
2023-02-23,231301.0,24,11395.0,7887.0,9637.541666666666,11500.0,235438.0,3822.0,440.0,13,125620.0,42787.5,36792.5,810.0,2344.0,0.0,20483.0,3000.0,0.0,0.0,0.8457693432792159,1
2023-02-24,219468.5,24,10669.0,8141.0,9144.520833333334,10695.0,220542.5,999.0,227.0,10,112375.5,43603.0,37088.0,720.0,1959.0,0.0,20785.0,2900.0,0.0,0.0,0.8571113350204643,1
2023-02-25,224531.5,24,11470.0,7644.0,9355.479166666666,11551.0,227484.5,2723.0,400.0,14,113970.0,44180.0,40472.0,720.0,2270.0,0.0,20112.0,2904.0,0.0,0.0,0.8156477041557686,1
2023-02-26,228378.5,24,11233.0,7892.0,9515.770833333334,11583.0,235713.5,6760.0,666.0,13,119916.0,45384.0,36446.0,720.0,2428.0,0.0,21167.0,2837.0,0.0,0.0,0.8471263984094484,1
2023-02-27,234968.0,24,11708.0,7905.0,9790.333333333334,11795.0,236417.0,1336.0,169.0,13,130904.0,42802.5,35113.0,720.0,2392.0,0.0,21451.0,2519.0,0.0,0.0,0.83620886003872,1
2023-02-28,237306.5,24,11540.0,8381.0,9887.770833333334,11562.0,239699.5,2205.0,382.0,13,134379.0,42000.5,34796.0,720.0,2284.0,0.0,20982.5,2593.0,0.0,0.0,0.8568258954361642,1
2023-03-01,238395.0,24,11822.0,8092.0,9933.125,11892.0,239729.0,1229.0,360.0,15,135084.5,41837.0,35127.5,720.0,2234.0,0.0,21007.0,2819.0,0.0,0.0,0.8402237354085603,1
2023-03-02,240187.5,24,11818.0,8170.0,10007.8125,11865.0,242035.5,1708.0,295.0,17,132365.0,46008.5,35303.0,720.0,2159.0,0.0,21552.5,2959.0,0.0,0.0,0.8468279319681842,1
2023-03-03,224525.5,24,10693.0,8203.0,9355.229166666666,10693.0,225500.5,899.5,113.0,13,128836.0,34305.0,34706.5,720.0,2142.0,0.0,21615.0,2831.0,0.0,0.0,0.8748928426696593,1
2023-03-04,233940.5,24,11872.0,7915.0,9747.520833333334,12065.0,235999.5,1878.0,182.0,17,141818.5,32378.5,33549.5,720.0,2139.0,0.0,21487.0,2575.0,0.0,0.0,0.821051283131177,1
2023-03-05,247148.0,24,12052.0,8502.0,10297.833333333334,12308.0,250501.5,3134.0,334.0,19,139618.5,43826.5,37147.5,720.0,2140.0,0.0,21470.5,2888.0,0.0,0.0,0.8544501604159753,1
2023-03-06,251549.0,24,12404.0,8777.0,10481.208333333334,12480.0,254934.0,3120.0,379.0,16,134252.0,52531.5,38126.0,720.0,2532.0,0.0,21059.5,2924.0,0.0,0.0,0.8449861603783726,1
2023-03-07,247917.5,24,11553.0,8854.0,10329.895833333334,11584.0,248941.5,944.0,152.0,15,135067.0,48701.0,37059.0,655.0,2677.0,0.0,21197.0,3180.0,0.0,0.0,0.8941310337863182,1
2023-03-08,220995.0,24,11020.0,7839.0,9208.125,11040.0,221015.0,18.0,18.0,1,137203.0,24391.5,33290.5,600.0,2183.0,0.0,20805.0,2888.0,0.0,0.0,0.8355830308529946,1
2023-03-09,244213.5,24,12096.0,8274.0,10175.5625,12264.0,244858.5,636.0,155.0,12,151208.5,32663.0,33817.0,600.0,2341.0,0.0,20493.0,3184.0,0.0,0.0,0.8412336722883598,1
2023-03-10,231913.0,24,10945.0,8757.0,9663.041666666666,10978.0,232583.0,617.5,110.0,13,145031.0,23839.5,37142.0,600.0,2154.0,0.0,20906.5,2854.0,0.0,0.0,0.8828726968174204,1
2023-03-11,240965.0,24,12172.0,8379.0,10040.208333333334,12221.0,241051.0,79.0,45.0,2,144982.5,34512.0,36199.5,600.0,2041.0,0.0,20830.5,2514.0,0.0,0.0,0.8248610198269253,1
2023-03-12,256620.5,24,12748.0,8688.0,10692.520833333334,12829.0,236848.5,1034.0,115.0,17,145154.0,46027.0,38476.5,600.0,2546.0,0.0,21047.0,3343.0,0.0,0.0,0.8387606552661856,1
2023-03-13,260640.0,24,12921.0,9159.0,10860.0,13046.0,261898.5,1235.5,140.0,18,141360.5,49239.5,43073.0,600.0,2389.0,0.0,21070.5,3408.0,0.0,0.0,0.8404922219642442,1
2023-03-14,264031.5,24,12911.0,9283.0,11001.3125,12911.0,254472.0,1931.0,230.0,15,142058.5,52831.5,41610.5,600.0,2042.0,0.0,21353.0,3324.0,0.0,0.0,0.8520883355278445,1
2023-03-15,253859.5,24,12622.0,9322.0,10577.479166666666,12665.0,255435.0,1452.0,214.0,14,138291.5,56116.5,33191.5,600.0,1820.0,0.0,21253.0,3277.0,0.0,0.0,0.8380192653039665,1
2023-03-16,259030.0,24,12891.0,9006.0,10792.916666666666,12926.0,259934.0,832.0,155.0,14,142958.0,55855.5,33959.5,600.0,1764.0,0.0,21063.5,3119.0,0.0,0.0,0.8372443306699764,1
2023-03-17,221925.5,24,10758.5,7806.0,9246.895833333334,10797.5,222209.5,512.0,120.0,8,133792.5,30323.5,32341.0,600.0,1650.0,0.0,21628.0,2961.0,0.0,0.0,0.8594967545041905,1
2023-03-18,235933.0,24,12345.0,8023.0,9830.541666666666,12404.0,236164.0,212.0,54.0,10,134548.0,36933.0,37875.0,600.0,2167.0,0.0,21502.0,3029.0,0.0,0.0,0.7963176724719859,1
2023-03-19,211114.0,24,10442.0,7822.0,8796.416666666666,10463.5,211178.5,60.0,40.0,2,137443.0,18783.0,30238.5,275.0,946.0,0.0,21351.0,2565.0,0.0,0.0,0.8424072655302304,1
2023-03-20,203356.5,24,10199.0,6507.0,8473.1875,10199.0,203356.5,0.0,0.0,0,134506.5,16402.5,28778.5,0.0,1609.0,0.0,20691.5,2198.0,0.0,0.0,0.8307861064810276,0
2023-03-21,207490.5,24,10275.0,6793.0,8645.4375,10275.0,207490.5,0.0,0.0,0,129517.0,18915.0,34947.5,0.0,2302.0,0.0,20011.5,2173.0,0.0,0.0,0.8414051094890511,0
2023-03-22,222123.5,24,11139.0,7464.0,9255.145833333334,11139.0,222123.5,0.0,0.0,0,134919.0,23701.0,40663.0,587.5,2556.0,0.0,17442.5,2650.0,0.0,0.0,0.8308776221683575,0
2023-03-23,235723.0,24,11685.0,7985.0,9821.791666666666,11685.0,235734.0,10.0,10.0,1,129242.5,35258.0,44846.0,625.0,2852.0,0.0,20855.0,2726.0,0.0,0.0,0.8405469975752389,1
2023-03-24,226063.0,24,10892.0,7613.0,9419.291666666666,10892.0,226063.0,0.0,0.0,0,131226.5,23863.5,44138.0,600.0,2729.0,0.0,21994.0,2570.0,0.0,0.0,0.8647899069653567,0
2023-03-25,237515.0,24,11201.0,7813.0,9896.458333333334,11278.0,237726.0,194.0,71.0,6,133606.5,32557.0,45673.0,600.0,2877.0,0.0,19803.0,2896.0,0.0,0.0,0.8835334642740232,1
2023-03-26,233453.0,24,10782.0,7896.0,9727.208333333334,10793.0,233540.0,80.0,47.0,4,131472.5,26938.5,47487.0,600.0,2642.0,0.0,21898.0,2972.0,0.0,0.0,0.9021710566994374,1
2023-03-27,245384.5,24,12010.0,7755.0,10224.354166666666,12043.0,245958.5,527.0,140.0,9,128718.5,40773.5,48636.0,600.0,2755.0,0.0,21386.0,3031.0,0.0,0.0,0.8513200804884817,1
2023-03-28,265928.5,24,12575.0,8951.0,11080.354166666666,12678.0,267328.0,1291.0,95.0,18,128218.5,59229.5,51320.5,550.0,3083.0,0.0,21223.0,2913.0,0.0,0.0,0.8811414844267726,1
2023-03-29,247557.5,24,11509.5,8622.0,10314.895833333334,11585.5,247861.5,280.0,90.0,4,124072.5,46818.5,50159.5,475.0,2482.0,0.0,21598.0,2750.0,0.0,0.0,0.8962071187569689,1
2023-03-30,250695.0,24,11993.0,7720.0,10445.625,11993.0,250740.5,131.0,66.0,3,127962.5,45499.5,49901.5,600.0,2288.5,0.0,22074.0,2912.0,0.0,0.0,0.8709768198115567,1
2023-03-31,207545.0,24,10798.0,6307.0,8647.708333333334,10798.0,207654.0,100.0,25.0,6,119839.66666666667,20605.333333333332,41728.0,600.0,2131.0,0.0,21484.0,2390.0,0.0,0.0,0.8008620423535223,1
2023-04-01,214595.0,24,10593.0,5602.0,8941.458333333334,10593.0,214595.0,0.0,0.0,0,126767.33333333333,22194.666666666668,42695.0,600.0,1776.0,0.0,19138.0,2664.0,0.0,0.0,0.844091223764121,0
2023-04-02,232865.0,24,11412.0,7408.0,9702.708333333334,11412.0,232865.0,0.0,0.0,0,132787.0,28617.0,43923.5,525.0,2882.0,0.0,21831.0,2924.0,0.0,0.0,0.8502197978735834,0
2023-04-03,248967.5,24,12363.0,8001.0,10373.645833333334,12363.0,248994.5,25.0,25.0,1,137399.0,37920.0,46092.0,300.0,3187.0,0.0,21566.5,3129.0,0.0,0.0,0.8390880719350752,1
2023-04-04,270771.5,24,13362.0,8949.0,11282.145833333334,13378.0,270684.5,274.0,60.0,8,135697.0,54442.0,53082.0,350.0,3102.0,0.0,21198.0,3395.0,0.0,0.0,0.8443455944718855,1
2023-04-05,283458.5,24,13253.0,9961.0,11810.770833333334,13291.0,283869.5,380.0,105.0,10,140947.0,60357.5,54901.0,325.0,2961.0,0.0,21359.0,3312.0,0.0,0.0,0.8911771548580196,1
2023-04-06,287012.0,24,13265.0,9998.0,11958.833333333334,13283.0,287803.5,730.5,105.0,17,138980.0,71744.5,48913.5,300.0,2877.0,0.0,21158.5,3125.0,0.0,0.0,0.901532855886418,1
2023-04-07,271848.0,24,12837.0,9482.0,11327.0,12875.0,262295.5,411.0,62.0,13,138343.5,59219.5,50124.5,350.0,3281.0,0.0,19164.0,2201.0,0.0,0.0,0.8823712705460778,1
2023-04-08,278618.5,24,13871.0,9298.0,11609.104166666666,13951.0,280658.0,1923.0,294.0,16,137388.0,68536.5,45786.5,350.0,3189.0,0.0,21551.0,2378.0,0.0,0.0,0.836933470309759,1
2023-04-09,297597.0,24,14176.0,10069.0,12399.875,14323.0,300695.5,2853.5,278.0,22,139583.5,80611.0,50401.5,337.5,2989.0,0.0,21512.0,2579.0,0.0,0.0,0.8747090152370203,1
2023-04-10,303529.0,24,14380.0,10517.0,12647.041666666666,14598.0,307918.0,4046.5,351.0,24,139124.0,81886.0,55159.5,300.0,3171.0,0.0,21717.5,2510.0,0.0,0.0,0.8794882939267501,1
2023-04-11,311503.5,24,14800.0,10889.0,12979.3125,14896.0,319076.5,6058.0,364.0,24,138823.5,84045.0,60802.0,325.0,3123.0,0.0,21827.0,2863.0,0.0,0.0,0.8769805743243243,1
2023-04-12,312446.5,24,14932.0,10887.0,13018.604166666666,15154.0,319993.5,6957.0,543.0,24,141858.5,81798.0,60910.0,350.0,3103.0,0.0,22118.5,2932.0,0.0,0.0,0.871859373604786,1
2023-04-13,312320.5,24,15304.0,10941.0,13013.354166666666,15636.0,324430.5,11160.5,776.0,24,142389.0,81831.5,60255.0,312.5,3094.0,0.0,22086.0,2970.0,0.0,0.0,0.8503237171109949,1
2023-04-14,303592.5,24,14830.0,11036.0,12649.6875,15042.0,318412.0,13656.5,1280.0,24,140306.0,83706.0,51890.5,299.0,2874.0,0.0,22010.5,2877.0,0.0,0.0,0.8529796021577882,1
2023-04-15,299541.0,24,14104.0,11381.0,12480.875,15100.0,332709.0,30440.0,2506.0,24,136686.0,87080.5,52797.0,325.0,2241.0,0.0,18923.5,2881.0,0.0,0.0,0.884917399319342,1
2023-04-16,307766.5,24,14845.0,12010.0,12823.604166666666,16000.0,329250.0,31411.5,1863.0,24,139399.5,90703.5,53621.0,500.0,2685.0,0.0,18103.0,3253.0,0.0,0.0,0.8638332210620859,1
2023-04-17,318987.0,24,15604.0,11702.0,13291.125,16221.0,352321.0,30596.5,2254.0,24,145095.0,92006.0,52852.5,450.0,2827.0,0.0,21727.5,3244.0,0.0,0.0,0.8517767880030761,1
2023-04-18,321370.5,24,15626.0,11656.0,13390.4375,16131.0,351931.0,29187.5,1722.0,24,151577.0,90360.5,51893.0,312.5,2458.0,0.0,22005.5,3222.0,0.0,0.0,0.8569331562779982,1
2023-04-19,325967.5,24,15648.0,12354.0,13581.979166666666,16096.0,343922.0,17148.5,1820.0,24,150891.0,86610.5,60512.0,370.0,2659.0,0.0,22312.5,3174.0,0.0,0.0,0.8679690162747102,1
2023-04-20,310031.0,24,14457.0,11566.0,12917.958333333334,15075.0,328363.0,17349.0,1681.0,24,145949.0,73266.5,63860.0,262.5,2364.0,0.0,22173.0,2971.0,0.0,0.0,0.8935434968066219,1
2023-04-21,262566.5,24,13112.5,9332.0,10940.270833333334,13528.0,267243.0,4465.5,566.0,15,147596.5,39325.0,49567.0,300.0,2051.0,0.0,22278.0,2363.0,0.0,0.0,0.8343390530664125,1
2023-04-22,232077.0,24,11764.0,8056.0,9669.875,11799.0,232254.0,169.0,64.0,5,143870.5,20187.0,40944.5,0.0,2911.0,0.0,21851.5,2796.0,0.0,0.0,0.8219886943216593,1
2023-04-23,213603.5,24,11350.5,7252.0,8900.145833333334,11432.0,213972.0,352.0,132.0,5,140505.5,16202.5,31616.0,0.0,975.0,0.0,22119.0,3111.0,0.0,0.0,0.7841192752154825,1
2023-04-24,207877.5,24,10231.0,7059.0,8661.5625,10231.0,207877.5,0.0,0.0,0,136901.0,14617.0,30715.5,125.0,2814.0,0.0,20239.0,2959.0,0.0,0.0,0.846599794741472,0
2023-04-25,233473.5,24,11836.0,7967.0,9728.0625,11857.0,233216.0,30.0,20.0,2,147803.0,23015.0,34563.0,312.5,2993.0,0.0,22562.5,3077.0,0.0,0.0,0.8219045708009463,1
2023-04-26,255997.5,24,12194.0,9128.0,10666.5625,12214.0,256260.0,250.5,100.0,6,153682.5,35890.0,39278.5,319.0,2696.0,0.0,22119.0,3042.0,0.0,0.0,0.8747386009512875,1
2023-04-27,237788.5,24,11801.5,7169.0,9907.854166666666,11991.5,240365.5,2462.5,383.0,15,145903.5,36308.5,36776.0,300.0,2575.0,0.0,13850.0,2559.0,0.0,0.0,0.8395419367594514,1
2023-04-28,227431.5,24,12006.0,7561.0,9476.3125,12100.0,228153.5,690.0,146.0,8,143299.0,28341.0,38798.5,300.0,2475.0,0.0,12204.0,2345.0,0.0,0.0,0.7892980593036815,1
2023-04-29,241628.5,24,11670.0,8301.0,10067.854166666666,11965.0,244157.0,2415.5,282.0,14,154821.0,35019.0,35152.5,325.0,2387.0,0.0,11048.0,3152.0,0.0,0.0,0.8627124393030562,1
2023-04-30,249208.5,24,12171.0,8596.0,10383.6875,12252.0,250174.5,1019.0,163.0,14,148525.5,46804.5,33981.0,300.0,2569.0,0.0,14257.5,3057.0,0.0,0.0,0.8531499055131049,1
2023-05-01,235288.0,24,11274.0,8365.0,9803.666666666666,11274.0,235901.0,614.0,172.0,7,143276.0,27799.5,36512.5,300.0,2372.0,0.0,22394.5,3154.0,0.0,0.0,0.8695819289220034,1
2023-05-02,268275.5,24,13336.0,9212.0,11178.145833333334,13542.0,272394.0,3934.5,385.0,24,148222.0,50728.0,40618.5,325.0,2890.0,0.0,22094.0,3721.0,0.0,0.0,0.838193298840232,1
2023-05-03,279258.5,24,12898.0,10618.0,11635.770833333334,13005.0,283524.0,4458.0,593.0,24,140950.5,63682.5,46423.0,466.0,2619.0,0.0,22006.0,3716.0,0.0,0.0,0.9021376053134853,1
2023-05-04,264466.0,24,12290.0,9762.0,11019.416666666666,12290.0,266068.5,1530.0,214.0,17,136497.5,52305.5,48263.0,325.0,1951.0,0.0,22126.5,3427.0,0.0,0.0,0.8966164903715758,1
2023-05-05,259435.5,24,12938.0,9352.0,10809.8125,12938.0,259894.5,439.0,132.0,7,139619.0,41592.5,49956.5,300.0,2768.0,0.0,22151.0,3478.0,0.0,0.0,0.835508772607822,1
2023-05-06,284677.5,24,14097.0,10043.0,11861.5625,14206.0,287466.5,2662.0,347.0,22,145156.5,57373.0,53470.0,300.0,3334.0,0.0,21978.0,3588.0,0.0,0.0,0.8414245938852238,1
2023-05-07,299570.0,24,14331.0,10825.0,12482.083333333334,14802.0,310050.0,10009.0,899.0,24,144980.5,70668.0,55342.0,325.0,3094.0,0.0,22034.0,3592.0,0.0,0.0,0.8709848114809388,1
2023-05-08,299164.5,24,13965.0,11358.0,12465.1875,15385.0,326737.0,26333.0,1492.0,24,145784.0,70674.5,53822.5,324.0,3253.0,0.0,21773.0,3772.0,0.0,0.0,0.8926020408163265,1
2023-05-09,303035.0,24,13908.0,11741.0,12626.458333333334,15300.0,334954.0,30483.5,1725.0,24,145923.5,74174.5,54222.5,324.0,3205.0,0.0,21863.0,3794.0,0.0,0.0,0.9078557904323651,1
2023-05-10,304069.5,24,14035.0,11392.0,12669.5625,14550.0,331278.0,25982.5,1563.0,24,148150.5,73177.0,55032.5,300.0,3194.0,0.0,21806.0,3829.0,0.0,0.0,0.902711970074813,1
2023-05-11,294873.5,24,13501.0,11368.0,12286.395833333334,14300.0,300463.5,28760.0,1841.0,24,144612.0,66420.5,55416.5,318.0,3021.0,0.0,22038.0,3719.0,0.0,0.0,0.9100359849887663,1
2023-05-12,285985.0,24,13806.0,10784.0,11916.041666666666,14130.0,291108.5,10909.5,1077.0,24,140909.5,60793.0,57544.5,324.0,2641.0,0.0,20972.5,3371.0,0.0,0.0,0.8631060167077116,1
2023-05-13,261336.0,24,12349.0,9766.0,10889.0,14400.0,283410.0,44799.0,2348.0,24,119215.5,61428.5,53267.5,415.0,2622.0,0.0,22163.0,3042.0,0.0,0.0,0.8817718033848895,1
2023-05-14,237423.0,24,11025.0,8850.0,9892.625,13400.0,285059.5,51419.0,2856.0,24,100517.0,58252.5,50913.5,315.0,2537.0,0.0,22216.0,3048.0,0.0,0.0,0.8972902494331065,1
2023-05-15,237765.5,24,11496.0,8943.0,9906.895833333334,14000.0,287126.0,47137.5,2837.0,24,103451.0,56004.5,50519.5,306.0,2673.0,0.0,21927.5,3332.0,0.0,0.0,0.8617689486198098,1
2023-05-16,226271.5,24,11082.0,7770.0,9427.979166666666,13000.0,270840.5,42602.5,2769.0,21,101672.0,50653.0,50404.0,336.5,2832.0,0.0,17795.0,3483.5,0.0,0.0,0.8507470823557721,1
2023-05-17,233343.0,24,11653.0,7724.0,9722.625,11653.0,233340.0,0.0,0.0,0,116352.5,43129.5,47008.0,300.0,2382.0,0.0,21959.5,2952.0,0.0,0.0,0.8343452329872136,0
2023-05-18,223440.0,24,11789.0,4959.0,9310.0,11789.0,224800.0,1299.0,404.0,6,112285.0,43179.0,43011.0,300.0,1868.0,0.0,20385.0,2805.0,0.0,0.0,0.7897192297904827,1
2023-05-19,247441.0,24,12641.0,8700.0,10310.041666666666,12641.0,247920.0,458.0,159.0,4,121112.5,48943.5,50813.0,325.0,1849.0,0.0,21839.0,2992.0,0.0,0.0,0.8156033277957967,1
2023-05-20,257621.0,24,13626.0,8609.0,10734.208333333334,14250.0,271300.0,13065.0,1385.0,24,129954.5,45560.0,54281.5,325.0,3226.0,0.0,21294.0,3483.0,0.0,0.0,0.7877739860071432,1
2023-05-21,268120.0,24,12411.0,8914.0,11171.666666666666,13600.0,289091.0,20027.5,1471.0,22,133434.0,46802.0,60041.0,325.0,2320.0,0.0,22064.0,3648.0,0.0,0.0,0.9001423468428544,1
2023-05-22,266182.5,24,13937.0,8863.0,11090.9375,14251.0,271530.0,5131.0,568.0,17,140878.0,40740.0,56901.0,300.0,2774.0,0.0,21555.5,3157.0,0.0,0.0,0.7957908803903279,1
2023-05-23,253423.0,24,13007.0,6462.0,10559.291666666666,13725.0,262871.0,9021.5,803.0,16,140269.5,32984.5,54438.5,325.0,2211.0,0.0,20607.0,3077.0,0.0,0.0,0.8118160733963763,1
2023-05-24,240048.5,24,12403.0,8101.0,10002.020833333334,12470.0,224892.5,4706.0,774.0,15,134373.0,34142.5,44210.0,325.0,2988.0,0.0,21796.0,2866.0,0.0,0.0,0.80641948184579,1
2023-05-25,263292.0,24,13507.0,8925.0,10970.5,13563.0,265161.0,1785.0,421.0,18,145252.0,35260.0,55308.0,300.0,2699.0,0.0,22310.0,3120.0,0.0,0.0,0.812208484489524,1
2023-05-26,239361.5,24,12308.0,8035.0,9973.395833333334,12360.0,241468.0,2012.0,277.0,17,137537.5,28456.5,45401.5,325.0,3179.0,0.0,22127.0,2727.0,0.0,0.0,0.8103181535044958,1
2023-05-27,259038.0,24,12821.0,9541.0,10793.25,12821.0,264132.0,4769.5,504.0,15,147056.0,39661.0,45152.0,325.0,1970.0,0.0,22019.0,3324.0,0.0,0.0,0.8418415100226191,1
2023-05-28,279799.0,24,14136.0,9649.0,11658.291666666666,14218.0,283134.0,3201.0,464.0,14,153063.5,51725.0,46156.5,300.0,3179.0,0.0,22269.0,3518.0,0.0,0.0,0.8247235191473307,1
2023-05-29,289864.0,24,14336.0,10960.0,12077.666666666666,14950.0,306536.0,15916.5,1420.0,23,153235.5,58161.0,49671.5,300.0,3252.0,0.0,22223.0,3601.0,0.0,0.0,0.8424711681547619,1
2023-05-30,294965.5,24,14511.0,11223.0,12290.229166666666,15000.0,324450.0,28158.0,1666.0,24,154894.0,56730.0,54917.0,325.0,3264.0,0.0,21702.5,3372.0,0.0,0.0,0.8469594905014586,1
2023-05-31,300748.0,24,14368.0,11312.0,12531.166666666666,15600.0,337475.0,35075.0,1794.0,24,158422.0,60051.0,54297.0,323.0,2667.0,0.0,21508.5,3512.0,0.0,0.0,0.8721580363771343,1
2023-06-01,298066.0,24,14334.0,11619.0,12419.416666666666,15700.0,331955.0,44226.0,2400.0,24,156421.5,57398.0,56433.5,306.5,2967.0,2.0,21818.5,3594.0,0.0,0.0,0.8664306311334357,1
2023-06-02,291767.0,24,14377.0,11153.0,12156.958333333334,15000.0,330920.0,37389.5,2526.0,24,156579.5,53430.5,53318.5,325.0,3245.0,35.0,21986.5,3682.0,0.0,0.0,0.8455838028332291,1
2023-06-03,287575.0,24,13635.0,11234.0,11982.291666666666,15500.0,322425.0,45319.5,2490.0,24,155285.5,56343.5,47771.5,325.0,3056.0,52.0,21292.0,3632.0,0.0,0.0,0.8787892678156705,1
2023-06-04,286550.5,24,13781.0,11120.0,11939.604166666666,15700.0,342195.0,55843.0,3024.0,24,154519.5,58654.0,45290.5,325.0,2937.0,43.5,21488.5,3680.0,0.0,0.0,0.8663815518951212,1
2023-06-05,289686.0,24,13859.0,11221.0,12070.25,15700.0,354970.0,62353.0,3215.0,24,150552.0,63079.0,47777.5,325.0,3152.0,12.0,21693.0,3597.0,0.0,0.0,0.870932246193809,1
2023-06-06,289690.0,24,13763.0,11279.0,12070.416666666666,15800.0,355100.0,62456.5,3287.0,24,149484.5,68414.5,43533.5,325.0,3060.0,12.0,22198.0,3516.0,0.0,0.0,0.877019302962048,1
2023-06-07,293728.5,24,13898.0,11220.0,12238.6875,15500.0,352880.0,56487.5,3419.0,24,154596.0,68250.0,42610.0,325.0,2599.0,2.0,22207.0,3720.0,0.0,0.0,0.8806078212692474,1
2023-06-08,297805.0,24,14655.0,11271.0,12408.541666666666,15300.0,345150.0,45214.0,2976.0,24,154817.0,72639.0,43569.5,325.0,1385.0,33.0,22248.0,3621.0,0.0,0.0,0.8467104514955077,1
2023-06-09,270691.5,24,12704.5,9754.0,11278.8125,14500.0,291275.0,19658.5,2312.0,13,149549.0,49458.0,45640.0,350.0,1162.0,64.0,21856.0,3098.0,0.0,0.0,0.8877809044039514,1
2023-06-10,281400.0,24,13897.0,10176.0,11725.0,13950.0,284682.0,3135.5,336.0,24,155605.5,51510.5,47664.5,390.0,1617.0,316.0,21593.0,3118.0,0.0,0.0,0.8437072749514284,1
2023-06-11,293199.0,24,13676.0,10875.0,12216.625,14040.0,302119.5,9442.0,942.0,24,160713.0,55672.5,48035.5,390.0,2191.0,88.0,22228.0,3407.0,0.0,0.0,0.8932893389880082,1
2023-06-12,281755.5,24,13495.0,10606.0,11739.8125,13700.0,292760.0,10488.0,1238.0,24,160627.0,46276.0,47556.0,720.0,1777.0,136.5,22079.0,3346.0,0.0,0.0,0.8699379399777696,1
2023-06-13,286173.5,24,13439.0,10690.0,11923.895833333334,14400.0,292450.0,17166.5,1583.0,24,155715.0,63701.5,39061.5,780.0,2035.0,157.0,22034.0,3623.0,0.0,0.0,0.8872606468735273,1
2023-06-14,283416.5,24,14129.0,10443.0,11809.020833333334,15000.0,319950.0,34889.5,1905.0,24,155865.5,66049.0,32620.0,1152.5,2431.0,304.5,21536.5,3929.0,0.0,0.0,0.8358001863778989,1
2023-06-15,282436.0,24,13863.0,10723.0,11768.166666666666,14400.0,315800.0,31862.5,2340.0,24,153814.0,60898.5,40161.0,575.0,1773.0,208.5,21710.0,3861.0,0.0,0.0,0.8488903315780615,1
2023-06-16,271811.5,24,12522.0,10393.0,11325.479166666666,13300.0,288895.0,16314.0,1401.0,23,152624.0,54113.0,37323.0,677.5,2114.0,255.0,21953.0,3554.0,0.0,0.0,0.9044465074801682,1
2023-06-17,275090.0,24,12410.0,10625.0,11462.083333333334,12750.0,281726.0,6297.0,807.0,20,160142.0,48991.0,38323.5,720.0,2021.5,202.0,21786.0,3657.0,0.0,0.0,0.9236167069567554,1
2023-06-18,276869.0,24,13141.0,10534.0,11536.208333333334,13267.0,285199.0,7957.5,598.0,24,156546.5,51646.0,42213.5,720.0,1353.0,120.5,21982.0,3067.0,0.0,0.0,0.8778790300078635,1
2023-06-19,278549.0,24,13324.0,10195.0,11606.208333333334,13355.0,285422.0,6564.0,504.0,24,159470.5,47172.0,45286.5,827.0,1090.0,99.5,22066.5,3418.0,0.0,0.0,0.8710753777644351,1
2023-06-20,282931.5,24,13596.0,10600.0,11788.8125,13596.0,290145.0,6891.5,743.0,20,157187.0,54738.0,43323.0,1470.0,1470.0,122.0,21908.0,3556.0,0.0,0.0,0.867079471903501,1
2023-06-21,285294.5,24,14131.0,10667.0,11887.270833333334,14168.0,288725.0,12846.0,1057.0,24,157886.5,61502.0,38017.0,1535.0,1248.0,178.5,22085.5,3754.0,0.0,0.0,0.841219364045951,1
2023-06-22,283249.0,24,13892.0,10884.0,11802.041666666666,14250.0,304318.5,22017.5,1496.0,24,159342.0,59832.5,36264.0,1510.0,1631.0,134.0,22150.0,3862.0,0.0,0.0,0.849556699299357,1
2023-06-23,279253.0,24,13733.0,10590.0,11635.541666666666,13860.0,299531.0,19584.0,1498.0,23,159052.5,55000.5,35768.0,1440.0,2737.0,236.5,21853.0,3756.0,0.0,0.0,0.8472687443869996,1
2023-06-24,284980.0,24,13906.0,10714.0,11874.166666666666,14500.0,303560.0,17744.0,1634.0,24,163759.5,54491.5,37190.5,1633.0,2882.0,166.5,21734.0,3757.0,0.0,0.0,0.8538880099717148,1
2023-06-25,284430.0,24,13768.0,10908.0,11851.25,14600.0,318575.0,32650.5,1804.0,24,159671.0,56658.0,37845.0,1515.0,2840.0,99.5,22391.0,3813.0,0.0,0.0,0.8607822486926205,1
2023-06-26,281944.5,24,13364.0,10866.0,11747.6875,13775.0,302423.0,19559.0,1897.0,24,152435.5,50662.5,49520.5,1580.0,2620.0,9.0,21955.0,3557.0,0.0,0.0,0.8790547366058067,1
2023-06-27,247501.5,24,12189.5,9059.0,10312.5625,12875.0,252171.0,4460.5,1082.0,11,150529.5,23721.0,44839.5,1680.0,1690.0,45.0,22160.5,3255.0,0.0,0.0,0.8460201402846712,1
2023-06-28,215532.5,24,11440.5,7423.0,8980.520833333334,11453.5,215571.5,37.5,25.0,2,134484.0,16997.5,36752.0,1680.0,865.0,0.0,22295.5,2889.0,0.0,0.0,0.7849762539516048,1
2023-06-29,206794.0,24,10904.0,6672.0,8616.416666666666,10904.0,206650.5,0.0,0.0,0,133645.0,17874.5,32690.0,1577.5,1253.0,0.0,17500.5,2834.0,0.0,0.0,0.7902069576913671,0
2023-06-30,213313.5,24,10403.5,7219.0,8888.0625,10403.5,213313.5,0.0,0.0,0,133221.5,23470.0,35074.0,805.0,1072.0,0.0,16849.5,3023.0,0.0,0.0,0.8543338780218196,0
2023-07-01,216467.0,24,11198.0,7954.0,9019.458333333334,11198.0,216467.0,0.0,0.0,0,134210.5,25364.0,30061.5,950.0,1233.0,0.0,22050.0,2997.0,0.0,0.0,0.8054526105852237,0
2023-07-02,236659.5,24,11876.0,8750.0,9860.8125,11876.0,238930.0,2169.0,226.0,18,149077.5,29818.5,30649.0,870.0,1066.0,2.0,22211.0,3327.0,0.0,0.0,0.8303142893230043,1
2023-07-03,250234.0,24,12605.0,9324.0,10426.416666666666,12605.0,250575.5,435.0,97.0,8,158433.5,34267.5,30466.0,870.0,1584.5,0.0,22076.0,3231.0,0.0,0.0,0.8271651461060425,1
2023-07-04,273484.0,24,13474.0,9961.0,11395.166666666666,13660.0,275314.0,1747.0,180.0,18,165001.0,45396.5,35557.0,810.0,1913.0,0.0,22291.0,3412.0,0.0,0.0,0.845715204591559,1
2023-07-05,283687.0,24,13555.0,10481.0,11820.291666666666,13650.0,286477.0,2772.0,411.0,18,160310.0,56029.5,38789.5,840.0,2543.0,42.0,22416.0,3331.0,0.0,0.0,0.8720244682159104,1
2023-07-06,277841.5,24,13196.0,10255.0,11576.729166666666,13225.0,272784.0,4721.0,815.0,12,155714.5,55568.5,38249.0,848.0,2161.0,317.5,22272.0,3258.0,0.0,0.0,0.8772907825603717,1
2023-07-07,268404.0,24,13053.0,9739.0,11183.5,13343.0,273091.5,4466.5,799.0,12,156339.5,46894.0,36743.0,810.0,2555.0,260.5,22259.0,2956.0,0.0,0.0,0.8567762200260477,1
2023-07-08,289362.0,24,14087.0,10552.0,12056.75,14150.0,282582.5,4229.0,484.0,18,164661.5,58576.0,36975.5,870.0,2606.0,186.5,22378.5,3554.0,0.0,0.0,0.8558777596365443,1
2023-07-09,295982.0,24,14210.0,11409.0,12332.583333333334,14850.0,312191.0,15477.5,1158.0,24,161122.0,70458.0,35293.0,1080.0,2417.0,163.5,22203.5,3703.0,0.0,0.0,0.8678806005160685,1
2023-07-10,290896.5,24,14459.0,10967.0,12120.6875,14765.0,321215.0,28957.0,2013.0,24,151534.5,79788.0,31449.5,960.0,1941.0,78.5,22166.0,3769.0,0.0,0.0,0.83827979113355,1
2023-07-11,298893.0,24,14691.0,11487.0,12453.875,14921.0,321087.0,20938.0,1433.0,24,147870.0,79139.5,43929.0,1440.0,1530.0,167.0,22031.5,3414.0,0.0,0.0,0.8477213940507794,1
2023-07-12,302522.0,24,14601.0,11475.0,12605.083333333334,14780.0,321847.0,18455.0,1864.0,23,148672.0,70198.5,54874.5,1440.0,2161.0,218.0,22261.5,3577.0,0.0,0.0,0.8633027418213365,1
2023-07-13,296310.5,24,14709.0,11050.0,12346.270833333334,14900.0,326140.0,28489.0,1846.0,24,147995.5,69177.5,49746.0,1440.0,1868.0,201.5,21426.0,3798.0,0.0,0.0,0.8393684705509099,1
2023-07-14,288840.0,24,13775.0,10622.0,12035.0,14350.0,298869.0,9578.5,1542.0,13,151979.5,57252.5,51743.0,1440.0,2022.0,91.5,21331.5,3418.0,0.0,0.0,0.8736842105263158,1
2023-07-15,296340.5,24,14545.0,10930.0,12347.520833333334,14545.0,303319.0,6664.5,542.0,21,158433.5,55667.5,53627.0,1536.0,2035.0,0.0,22194.5,3551.0,0.0,0.0,0.8489185859974792,1
2023-07-16,300379.0,24,14316.0,11227.0,12515.791666666666,14485.0,310676.0,9831.0,1012.0,24,158813.0,60654.5,51631.5,1440.0,2791.0,50.0,22330.0,3162.0,0.0,0.0,0.874252002421533,1
2023-07-17,300449.0,24,14701.0,11440.0,12518.708333333334,15066.0,320236.0,18896.5,1571.0,24,157629.5,64486.5,48403.0,1440.0,2688.0,231.0,22405.0,3561.0,0.0,0.0,0.8515548828877855,1
2023-07-18,300583.0,24,14574.0,11586.0,12524.291666666666,15250.0,329025.0,27163.0,1708.0,24,157230.0,64764.0,48667.5,1440.0,3204.0,315.0,21716.0,3712.0,0.0,0.0,0.8593585609075522,1
2023-07-19,302626.0,24,14448.0,11652.0,12609.416666666666,15600.0,340875.0,36507.0,1927.0,24,154764.0,67031.5,51279.0,1440.0,3323.0,231.0,21563.5,3470.0,0.0,0.0,0.8727447858988556,1
2023-07-20,307890.5,24,15059.0,11757.0,12828.770833333334,15530.0,344154.0,34632.0,2080.0,24,156663.0,67508.5,54329.0,1440.0,3218.0,297.5,21842.5,3160.0,0.0,0.0,0.8519005799411206,1
2023-07-21,299992.0,24,14318.0,11187.0,12499.666666666666,15075.0,318175.0,17364.0,1905.0,24,152088.0,58151.0,61007.5,1440.0,2147.0,348.5,22357.0,3056.5,0.0,0.0,0.8730036783535875,1
2023-07-22,312092.5,24,14926.0,11701.0,13003.854166666666,15600.0,321475.0,8959.0,892.0,24,156601.5,62554.0,63420.0,1570.0,2922.0,227.5,22144.0,3111.0,0.0,0.0,0.8712216378578765,1
2023-07-23,314312.5,24,14476.0,12192.0,13096.354166666666,15300.0,339700.0,24241.5,1607.0,24,154283.5,64926.0,65430.0,1600.0,2986.0,98.0,22238.5,3253.0,0.0,0.0,0.904694264069264,1
2023-07-24,315707.5,24,15018.0,12254.0,13154.479166666666,15550.0,337425.0,20750.0,1286.0,24,152041.5,68902.0,65312.5,1680.0,2759.0,142.0,22004.0,3298.0,0.0,0.0,0.8759141807608647,1
2023-07-25,320389.5,24,15118.0,12460.0,13349.5625,15520.0,340640.0,19335.5,1211.0,24,152563.5,69127.0,69387.0,1680.0,2733.0,343.5,22068.0,3097.0,0.0,0.0,0.8830243749173171,1
2023-07-26,321761.0,24,15164.0,12359.0,13406.708333333334,15420.0,325475.0,15379.0,1491.0,24,151250.0,71545.0,70285.5,1742.5,2508.5,327.0,22003.0,2918.0,0.0,0.0,0.8841142398663502,1
2023-07-27,317163.0,24,14804.0,12071.0,13215.125,15160.0,332269.0,14297.0,1179.0,24,148066.5,68159.0,71621.5,1857.5,2855.0,240.0,22050.0,2924.0,0.0,0.0,0.8926725884895974,1
2023-07-28,296773.5,24,14156.0,11114.0,12365.5625,14625.0,307658.0,10394.5,1417.0,24,146196.0,54214.5,66621.5,2070.0,2522.0,218.5,22268.0,3056.0,0.0,0.0,0.8735209451822549,1
2023-07-29,313815.0,24,15060.0,11678.0,13075.625,15200.0,319566.0,5646.5,634.0,21,152967.0,61361.0,69533.0,2698.0,2304.0,135.0,22345.5,2872.0,0.0,0.0,0.8682353917662683,1
2023-07-30,317873.5,24,15104.0,12133.0,13244.729166666666,15700.0,341890.0,22935.0,1245.0,24,153239.5,70646.0,63626.5,2773.0,2979.0,75.0,22333.0,2702.0,0.0,0.0,0.876902089954096,1
2023-07-31,315420.0,24,14801.0,12333.0,13142.5,15220.0,344490.0,27760.5,1720.0,24,149362.5,68435.5,67912.5,2866.0,2955.5,40.0,22344.5,3235.0,0.0,0.0,0.8879467603540301,1
2023-08-01,303410.5,24,13829.0,11200.0,12642.104166666666,14625.0,319317.0,15190.5,1306.0,24,145629.0,62754.5,64326.5,3040.0,2629.0,527.5,22273.5,3055.0,0.0,0.0,0.914173415768795,1
2023-08-02,300570.5,24,14373.0,11348.0,12523.770833333334,14600.0,305973.0,5197.5,715.0,24,145737.5,64904.0,60048.5,3026.0,1693.0,474.5,22023.0,3175.0,0.0,0.0,0.8713400705025627,1
2023-08-03,304085.0,24,14623.0,11412.0,12670.208333333334,14842.0,312814.0,8477.0,884.0,24,146654.0,65066.5,63278.5,2216.5,1940.0,377.5,21807.5,3073.0,0.0,0.0,0.8664575212564681,1
2023-08-04,282701.5,24,13554.0,10230.0,11779.229166666666,14050.0,291065.0,7988.0,1141.0,20,142958.5,47153.0,63066.5,2457.0,2128.0,433.0,21935.0,3154.0,0.0,0.0,0.8690592567999607,1
2023-08-05,296897.0,24,14049.0,11130.0,12370.708333333334,14217.0,301752.0,4636.0,516.0,22,149291.0,53844.5,64184.5,2802.0,1759.0,437.5,21790.5,3526.0,0.0,0.0,0.880540133342824,1
2023-08-06,287683.0,24,13501.0,10988.0,11986.791666666666,13640.0,294052.0,6086.0,1150.0,22,145959.0,49433.5,63671.5,2190.0,1095.0,481.5,21863.0,3465.0,0.0,0.0,0.8878447275510456,1
2023-08-07,273278.0,24,12729.0,10104.0,11386.583333333334,13025.0,276203.0,2794.0,508.0,14,142590.5,37960.0,64785.5,3142.0,639.0,445.0,21030.5,3214.0,0.0,0.0,0.8945387173645482,1
2023-08-08,266795.5,24,12963.0,9525.0,11116.479166666666,12963.0,266883.5,84.0,84.0,1,139432.5,30509.0,67740.0,3545.0,969.0,217.5,21620.5,3195.0,0.0,0.0,0.8575545141299595,1
2023-08-09,286906.0,24,13661.0,10285.0,11954.416666666666,13776.0,289417.0,2400.5,287.0,18,141751.0,45626.0,67959.5,4254.0,2157.0,132.5,21529.0,3498.0,0.0,0.0,0.8750762511285166,1
2023-08-10,293242.0,24,13865.0,10895.0,12218.416666666666,14026.0,298156.5,5854.0,773.0,24,145186.0,53975.5,62574.5,4853.5,2141.0,87.0,20887.5,3537.0,0.0,0.0,0.8812417357855511,1
2023-08-11,278402.5,24,13396.0,10107.0,11600.104166666666,13510.0,273980.0,5326.5,933.0,17,144436.5,41570.5,60748.0,4705.5,1787.0,91.5,20844.5,3221.0,0.0,0.0,0.8659379043495571,1
2023-08-12,287572.0,24,13795.0,10801.0,11982.166666666666,13910.0,295285.0,7368.5,875.0,24,148610.0,44476.0,63638.0,4661.0,1499.0,110.0,21270.0,3308.0,0.0,0.0,0.8685876525311103,1
2023-08-13,282117.0,24,13618.0,10524.0,11754.875,13618.0,285328.0,3067.0,509.0,14,144056.0,39050.0,68309.0,4782.0,1229.0,156.5,21348.5,3186.0,0.0,0.0,0.863186591276252,1
2023-08-14,291536.0,24,13972.0,10599.0,12147.333333333334,14100.0,282970.0,3804.0,410.0,24,147830.0,41239.5,71536.5,4510.0,1939.0,96.0,21145.0,3240.0,0.0,0.0,0.8694054776219106,1
2023-08-15,288013.0,24,13781.0,10791.0,12000.541666666666,13904.0,291941.0,3751.0,666.0,11,147317.0,34317.5,74865.5,4360.0,2328.0,9.0,21393.0,3420.0,0.0,0.0,0.8708034008175507,1
2023-08-16,301313.0,24,14311.0,11437.0,12554.708333333334,14750.0,310345.0,8623.5,970.0,24,151239.5,42167.5,76626.0,4526.5,2134.0,36.0,21241.5,3358.0,0.0,0.0,0.8772768033913307,1
2023-08-17,297444.5,24,14392.0,11389.0,12393.520833333334,14850.0,320225.0,21755.0,1648.0,24,142645.0,45852.5,77646.0,4297.5,2782.0,212.5,21209.0,2762.0,0.0,0.0,0.8611395798591811,1
2023-08-18,289220.0,24,13937.0,10740.0,12050.833333333334,14350.0,300866.0,11123.5,1624.0,17,145729.0,36757.0,75928.5,4699.5,2882.0,435.5,19459.5,3149.0,0.0,0.0,0.8646648011288895,1
2023-08-19,294585.0,24,14036.0,11068.0,12274.375,14700.0,311764.0,15957.5,1322.0,24,141866.5,44661.5,75648.5,4649.0,2965.0,274.5,21033.0,3468.0,0.0,0.0,0.8744923767455115,1
2023-08-20,304331.0,24,14651.0,11564.0,12680.458333333334,15200.0,331450.0,25898.5,1761.0,24,144522.5,48778.0,79243.5,4706.0,2756.0,50.5,21075.0,3190.0,0.0,0.0,0.8655012172092917,1
2023-08-21,307609.0,24,14701.0,11506.0,12817.041666666666,15360.0,331410.0,22729.0,1441.0,24,143081.0,48758.0,84171.5,4742.5,2237.0,1.0,21280.0,3338.0,0.0,0.0,0.8718482869646056,1
2023-08-22,307911.0,24,14244.0,11931.0,12829.625,14650.0,326093.0,17364.0,1612.0,24,144371.5,49116.0,83722.5,4837.5,1392.0,87.0,21152.5,3232.0,0.0,0.0,0.9007038051109238,1
2023-08-23,298798.5,24,14030.0,11048.0,12449.9375,14194.0,304167.0,5320.5,530.0,22,139376.0,44171.5,84441.5,4826.5,1721.0,86.5,21084.5,3091.0,0.0,0.0,0.8873797220242338,1
2023-08-24,297992.5,24,14182.0,11145.0,12416.354166666666,14225.0,302336.5,4148.5,435.0,16,135710.5,47181.0,84670.5,4843.5,1257.0,144.0,21119.0,3067.0,0.0,0.0,0.8755009284069007,1
2023-08-25,264150.5,24,12921.5,9580.0,11006.270833333334,13220.0,266050.0,1813.0,376.0,9,135627.0,28176.5,69777.0,4852.0,1089.0,222.0,21006.0,2654.0,0.0,0.0,0.8517796566446104,1
2023-08-26,271661.5,24,13427.0,9748.0,11319.229166666666,13500.0,272207.5,521.5,211.0,6,133766.5,34384.0,73563.5,4845.5,878.0,113.5,20403.5,2984.0,0.0,0.0,0.8430199721953278,1
2023-08-27,292801.0,24,14245.0,10484.0,12200.041666666666,14340.0,294681.0,1797.5,205.5,15,136909.5,45017.0,80334.0,4849.0,1368.0,139.5,21235.0,2958.0,0.0,0.0,0.8564437814437814,1
2023-08-28,298223.5,24,14347.0,11070.0,12425.979166666666,14550.0,307722.0,9071.5,770.0,23,138779.0,55783.0,71993.0,4866.0,1922.0,48.5,21446.0,3386.0,0.0,0.0,0.8661029599684021,1
2023-08-29,311808.0,24,14716.0,11711.0,12992.0,15000.0,321737.0,9480.5,1060.0,22,140197.0,54578.5,85062.5,4829.5,2253.0,6.5,21321.0,3536.0,0.0,0.0,0.8828486001630877,1
2023-08-30,317508.5,24,14889.0,12235.0,13229.520833333334,15300.0,330870.0,12757.5,1324.0,24,138128.0,53119.0,94483.5,4840.5,2479.0,17.0,21087.5,3354.0,0.0,0.0,0.8885432757964493,1
2023-08-31,313404.0,24,14815.0,12224.0,13058.5,15300.0,331800.0,17567.5,1550.0,24,132280.0,55172.0,93960.5,4856.5,2391.0,35.0,21070.0,3497.0,0.0,0.0,0.8814377320283496,1
2023-09-01,297640.0,24,14315.0,11202.0,12401.666666666666,14700.0,314010.0,15636.0,1725.0,24,133156.0,49203.5,83167.0,4678.0,2321.0,41.5,21663.0,3410.0,0.0,0.0,0.8663406682966585,1
2023-09-02,308315.5,24,14757.0,11844.0,12846.479166666666,15100.0,320460.0,11739.5,1545.0,22,142114.5,50739.0,83441.0,4813.0,1941.0,2.5,21544.5,3720.0,0.0,0.0,0.8705346050461927,1
2023-09-03,300946.5,24,14498.0,10304.0,12539.4375,15150.0,310071.0,9319.5,844.0,23,132816.5,49135.0,86296.0,4876.0,2779.0,30.5,21627.5,2923.0,0.0,0.0,0.8649080907711408,1
2023-09-04,308654.5,24,14422.0,11369.0,12860.604166666666,15150.0,322023.5,13164.0,1268.0,24,139594.5,53565.0,83863.5,4891.0,2574.0,15.0,20670.5,2766.0,0.0,0.0,0.8917351384458928,1
2023-09-05,313224.0,24,14489.0,12081.0,13051.0,15350.0,331900.0,17837.0,1366.0,24,138909.0,55601.0,86529.0,4897.5,2956.0,49.0,21540.5,2742.0,0.0,0.0,0.9007522948443647,1
2023-09-06,302049.0,24,14180.0,11652.0,12585.375,14700.0,325900.0,22777.0,1602.0,24,140277.0,53603.0,75785.5,4716.5,2594.0,191.5,21670.5,3211.0,0.0,0.0,0.8875440761636108,1
2023-09-07,298464.5,24,14125.0,11403.0,12436.020833333334,14500.0,320350.0,20902.0,1655.0,24,137258.0,49641.5,79251.5,4881.5,2248.0,316.5,21538.5,3329.0,0.0,0.0,0.8804262536873156,1
2023-09-08,275341.5,24,13259.0,10221.0,11472.5625,13975.0,283480.0,7704.5,1377.0,13,129930.5,37527.5,77105.5,4430.0,1378.0,149.0,21637.0,3202.0,0.0,0.0,0.8652660457048043,1
2023-09-09,295010.5,24,14763.0,10895.0,12292.104166666666,15000.0,300683.0,5450.0,710.0,24,143382.5,41394.5,77699.5,4635.0,2631.0,26.5,21729.5,3516.0,0.0,0.0,0.832629151708099,1
2023-09-10,311064.5,24,14709.0,11792.0,12961.020833333334,15370.0,325760.0,14035.0,1152.0,24,143526.5,47201.5,88110.5,4607.0,2002.5,5.5,22027.0,3477.0,0.0,0.0,0.8811626101933058,1
2023-09-11,316230.0,24,14728.0,11974.0,13176.25,15175.0,331355.0,14444.5,1393.0,24,141255.5,50519.0,92352.5,4670.0,2293.0,19.5,21656.5,3464.0,0.0,0.0,0.8946394622487779,1
2023-09-12,313346.5,24,14441.0,11926.0,13056.104166666666,14800.0,324795.0,10936.0,879.0,24,141585.0,47712.0,92565.0,4311.5,2041.0,97.0,21546.0,3489.0,0.0,0.0,0.9040997276273572,1
2023-09-13,305872.0,24,14531.0,11253.0,12744.666666666666,14830.0,316305.0,9967.0,891.0,24,138456.0,43323.0,91072.0,4849.0,2445.0,489.5,21559.5,3694.0,0.0,0.0,0.8770674190810451,1
2023-09-14,305566.0,24,14157.0,11461.0,12731.916666666666,14450.0,313074.0,7173.5,638.0,21,146441.0,39146.0,87604.5,4366.5,2444.0,305.0,21495.0,3758.0,0.0,0.0,0.8993371947917402,1
2023-09-15,291831.0,24,13974.0,10663.0,12159.625,14250.0,297110.0,5479.5,719.0,19,145799.5,35903.0,78171.5,4346.5,2561.0,104.5,21595.0,3470.0,0.0,0.0,0.8701606555030772,1
2023-09-16,308579.0,24,14938.0,11548.0,12857.458333333334,15350.0,317327.0,8353.0,930.0,23,149363.0,44572.0,80970.5,4690.0,3068.0,19.0,21761.5,3535.0,0.0,0.0,0.8607215379122596,1
2023-09-17,314705.5,24,14277.0,12330.0,13112.729166666666,14900.0,333000.0,17472.0,1552.0,24,150525.5,48517.0,82065.5,4734.0,2983.0,17.0,22245.5,3518.0,0.0,0.0,0.9184512969578109,1
2023-09-18,307333.5,24,14309.0,11514.0,12805.5625,14500.0,314605.0,6996.0,743.0,24,150498.5,44712.0,79586.5,4747.5,2381.0,367.0,21600.0,3616.0,0.0,0.0,0.8949306380599623,1
2023-09-19,294016.0,24,13694.0,10881.0,12250.666666666666,13890.0,299650.0,5380.0,511.0,24,144175.0,34716.0,83274.0,4366.5,2407.0,423.1666666666667,21271.0,3409.0,0.0,0.0,0.8946010418188014,1
2023-09-20,283808.5,24,13204.0,10628.0,11825.354166666666,13250.0,286151.0,2295.5,343.0,16,143319.5,26696.5,84472.0,4315.0,2061.0,404.3333333333333,19053.5,3443.0,0.0,0.0,0.8955887736039584,1
2023-09-21,276738.0,24,12834.0,10455.0,11530.75,12834.0,278194.0,1390.5,147.0,12,140243.5,21552.0,84673.5,4180.0,1260.0,283.5,21159.5,3386.0,0.0,0.0,0.8984533270998909,1
2023-09-22,257140.0,24,12234.0,9397.0,10714.166666666666,12234.0,257595.0,435.5,104.5,7,134696.0,16164.0,76406.5,3734.0,1608.0,168.0,21213.5,3097.0,0.0,0.0,0.8757697128221895,1
2023-09-23,268385.0,24,13178.0,9950.0,11182.708333333334,13195.0,268676.0,278.0,110.0,5,133703.0,23913.5,80866.0,3757.0,1567.0,40.0,21352.5,3187.0,0.0,0.0,0.8485891890524612,1
2023-09-24,276780.5,24,12852.0,10278.0,11532.520833333334,12852.0,277436.0,737.0,130.0,9,137532.0,26443.0,84173.0,3842.0,883.0,26.0,20744.5,3137.0,0.0,0.0,0.8973327757028738,1
2023-09-25,287727.5,24,14022.0,10389.0,11988.645833333334,14120.0,289726.0,1910.0,299.0,18,142328.5,30787.5,82936.0,4754.0,2100.0,21.0,21533.5,3201.0,0.0,0.0,0.8549882922074835,1
2023-09-26,300649.0,24,14632.0,10877.0,12527.041666666666,14750.0,304448.0,3626.5,372.0,20,141995.5,34870.0,91255.0,4592.0,2853.0,49.0,21519.5,3434.0,0.0,0.0,0.8561400811007837,1
2023-09-27,309532.0,24,14693.0,11405.0,12897.166666666666,14900.0,314530.0,4768.5,435.0,24,141049.0,36730.5,99831.0,4821.0,2528.0,88.5,21025.0,3459.0,0.0,0.0,0.8777762653417727,1
2023-09-28,308607.5,24,14539.0,11214.0,12858.645833333334,14700.0,314075.0,5220.0,451.0,24,137842.5,36961.0,101529.0,4829.0,2857.0,44.0,21002.0,3449.0,0.0,0.0,0.8844243643533485,1
2023-09-29,294521.5,24,13803.5,11006.0,12271.729166666666,14225.0,300878.0,6071.5,620.0,24,137790.0,28227.0,96975.5,4811.0,2326.0,81.0,21263.0,3184.0,0.0,0.0,0.8890302580263459,1
2023-09-30,286573.0,24,13735.0,10304.0,11940.541666666666,13900.0,291208.0,4426.5,359.0,23,136078.5,25772.0,93593.0,4577.5,1756.0,321.5,21154.5,3323.0,0.0,0.0,0.8693514136633903,1
2023-10-01,298091.0,24,13998.0,11065.0,12420.458333333334,14200.0,302238.0,3961.0,375.0,20,137717.5,31573.5,97411.5,3893.5,2480.0,160.5,21563.5,3292.5,0.0,0.0,0.8873023527170548,1
2023-10-02,296470.0,24,14022.0,11016.0,12352.916666666666,14200.0,301780.0,5070.0,408.0,22,135373.5,38253.5,90917.5,4839.0,1988.0,174.5,21612.0,3312.0,0.0,0.0,0.8809668140541054,1
2023-10-03,283785.0,24,13294.0,10668.0,11824.375,13360.0,288935.0,4922.5,478.0,22,131692.5,29224.5,91484.5,4791.0,1986.0,206.5,21253.0,3124.0,0.0,0.0,0.8894520084248533,1
2023-10-04,267319.0,24,12561.0,10027.0,11138.291666666666,20587.0,278783.0,1398.5,286.5,17,132034.5,24773.5,81201.0,4542.5,702.0,233.0,21035.5,2847.0,0.0,0.0,0.8867360613539261,1
2023-10-05,250045.5,24,11300.0,8825.0,10418.5625,11300.0,250067.5,21.0,21.0,1,123540.0,23923.0,73553.0,4779.5,680.0,302.0,20267.0,3001.0,0.0,0.0,0.9219966814159292,1
2023-10-06,226011.0,24,11396.0,8008.0,9417.125,11396.0,226011.0,0.0,0.0,0,114815.0,25285.5,57014.5,4087.0,1100.0,164.0,20369.0,3176.0,0.0,0.0,0.8263535451035451,0
2023-10-07,265044.0,24,13458.0,9215.0,11043.5,13458.0,265328.0,271.0,271.0,1,131232.5,43436.5,60177.0,4698.5,1510.0,40.0,20595.5,3354.0,0.0,0.0,0.8205899836528459,1
2023-10-08,285758.0,24,14021.0,10344.0,11906.583333333334,14060.0,287175.0,1353.0,235.0,11,141818.5,46720.0,66163.0,4823.0,2650.0,7.0,20629.5,2947.0,0.0,0.0,0.849196443430093,1
2023-10-09,290940.5,24,14220.0,10564.0,12122.520833333334,14220.0,293496.0,2441.5,226.0,19,142865.5,42802.5,74031.0,4802.0,2264.0,1.0,20995.5,3179.0,0.0,0.0,0.8524979488982654,1
2023-10-10,293558.0,24,14017.0,10751.0,12231.583333333334,14085.0,295184.0,1554.0,301.0,16,151048.5,42000.0,69832.0,4815.0,1568.0,4.0,20938.5,3352.0,0.0,0.0,0.8726249078499917,1
2023-10-11,294931.5,24,14356.0,10773.0,12288.8125,14470.0,299001.0,3867.0,355.0,23,145369.0,44288.5,73495.5,4800.5,2249.0,18.0,20756.5,3355.0,0.0,0.0,0.8560053287823907,1
2023-10-12,293690.5,24,13944.0,10918.0,12237.104166666666,14200.0,303020.0,8910.5,971.0,24,145028.0,45456.0,73525.5,3365.5,2246.0,20.0,21007.5,3142.0,0.0,0.0,0.8775892259514247,1
2023-10-13,268861.0,24,12852.0,9613.0,11202.541666666666,13075.0,271842.0,2867.5,424.0,14,139365.5,28506.5,70956.5,3642.5,2371.0,2.5,20870.0,3056.0,0.0,0.0,0.8716574592800083,1
2023-10-14,276545.0,24,13639.0,9972.0,11522.708333333334,13720.0,270549.0,1553.0,221.0,16,141264.5,33572.5,71326.0,3521.5,2571.0,15.0,21047.5,3087.0,0.0,0.0,0.8448352762910282,1
2023-10-15,284698.5,24,13814.0,10321.0,11862.4375,13870.0,287857.0,3015.5,332.0,24,144280.0,40351.0,69769.0,3665.0,2450.0,30.0,20895.5,3258.0,0.0,0.0,0.8587257492399015,1
2023-10-16,280825.5,24,13664.0,10163.0,11701.0625,13664.0,283648.0,2696.0,319.0,17,144006.0,39502.0,67571.0,2984.5,2662.0,27.0,20841.0,3233.0,0.0,0.0,0.8563423960772834,1
2023-10-17,280137.5,24,13712.0,10151.0,11672.395833333334,13712.0,284160.5,3842.5,563.0,18,142983.5,35974.0,71452.5,3590.0,2509.0,2.0,20777.5,2749.0,0.0,0.0,0.8512540718591988,1
2023-10-18,280528.5,24,13313.0,10120.0,11688.6875,13600.0,283501.0,2832.0,526.0,13,143280.5,39722.0,67008.5,4639.5,2263.0,15.0,20840.0,2759.0,0.0,0.0,0.8779904980094644,1
2023-10-19,275998.0,24,13265.0,9946.0,11499.916666666666,13550.0,278065.5,1973.5,301.0,15,135185.5,36611.5,73783.0,4525.5,2609.0,22.0,20701.0,2560.0,0.0,0.0,0.8669368011056665,1
2023-10-20,248568.5,24,11630.0,8998.0,10357.020833333334,11780.0,249900.5,1271.5,171.0,15,125106.0,26423.5,67590.0,4825.0,2783.0,33.0,19421.0,2390.0,0.0,0.0,0.8905434938377759,1
2023-10-21,261157.0,24,13108.0,8974.0,10881.541666666666,13180.0,262571.0,920.0,207.0,11,129989.5,32027.0,68378.0,4792.0,2981.0,26.0,20887.5,2527.0,0.0,0.0,0.8301450767978842,1
2023-10-22,266956.5,24,12918.0,9499.0,11123.1875,12948.0,270961.5,3825.0,612.0,14,127150.5,35070.5,73450.5,4630.0,2697.0,1.0,21432.0,2595.0,0.0,0.0,0.8610611162718688,1
2023-10-23,262837.5,24,12144.0,9754.0,10951.5625,12144.0,264531.0,1616.0,469.0,8,129737.5,22040.0,80229.5,4971.0,2253.0,82.0,21563.5,2961.0,0.0,0.0,0.9018085062582345,1
2023-10-24,242814.5,24,11269.0,9157.0,10117.270833333334,11269.0,242860.5,42.5,13.0,4,123998.5,10997.5,76781.0,4852.0,1669.0,155.0,21634.5,2730.0,0.0,0.0,0.8977966841186737,1
2023-10-25,249948.5,24,12390.0,8504.0,10414.520833333334,12425.0,250294.5,330.0,100.0,5,123371.0,17475.0,79066.0,4717.5,2891.0,0.0,19435.0,2993.0,0.0,0.0,0.8405585821899382,1
2023-10-26,260375.5,24,12688.0,9206.0,10848.979166666666,12730.0,261142.5,732.0,128.0,15,118978.5,23472.0,85870.0,4957.5,2593.0,3.0,21553.5,2948.0,0.0,0.0,0.8550582571458596,1
2023-10-27,238590.0,24,11050.0,8976.0,9941.25,11060.5,238738.5,141.0,55.0,6,120598.0,11345.5,74847.0,4830.0,2531.0,33.0,21548.5,2857.0,0.0,0.0,0.8996606334841629,1
2023-10-28,239712.5,24,11798.0,8411.0,9988.020833333334,11798.0,239720.5,7.5,7.5,1,122878.5,12175.0,72349.5,4945.5,2789.0,49.5,21314.5,3210.0,0.0,0.0,0.846585932643951,1
2023-10-29,243147.5,24,11825.0,8502.0,10131.145833333334,11825.0,243063.5,0.0,0.0,0,122145.5,15693.0,72979.0,4945.0,2669.0,116.0,21493.0,3108.0,0.0,0.0,0.8567565186751234,0
2023-10-30,244870.5,24,11977.0,8476.0,10202.9375,11977.0,244870.5,0.0,0.0,0,121335.0,18478.5,73489.5,4514.0,2726.0,104.5,21264.0,2959.0,0.0,0.0,0.8518775569842197,0
2023-10-31,251472.0,24,12466.0,8643.0,10478.0,12466.0,251472.0,0.0,0.0,0,118538.5,24707.0,77236.0,4015.0,2861.0,30.5,21228.0,2855.0,0.0,0.0,0.8405262313492701,0
2023-11-01,256465.0,24,12524.0,8872.0,10686.041666666666,12570.0,257515.5,1003.0,414.0,9,114357.0,24762.0,85540.0,4312.5,2846.0,25.0,21285.5,3109.0,0.0,0.0,0.85324510273608,1
2023-11-02,259213.5,24,12608.0,9243.0,10800.5625,12650.0,260987.5,1694.0,383.0,11,117690.0,25433.5,84301.5,4924.0,2559.0,11.0,21423.5,2870.0,0.0,0.0,0.8566435993020305,1
2023-11-03,239199.0,24,11014.0,8889.0,9966.625,11058.0,239397.0,190.0,50.0,7,111471.0,18847.0,78300.5,3898.0,2455.0,46.0,21411.5,2780.0,0.0,0.0,0.9049051207554022,1
2023-11-04,245294.5,24,12247.0,8659.0,10220.604166666666,12270.0,245495.0,191.0,62.0,6,113920.5,24843.0,78613.5,3188.5,2196.0,115.0,19296.0,3122.0,0.0,0.0,0.8345394110122206,1
2023-11-05,249019.5,24,12197.0,8894.0,10375.8125,12197.0,249656.5,608.0,292.0,4,112566.0,27811.5,80761.5,3866.0,2033.0,96.5,18272.0,3328.0,0.0,0.0,0.8506856194146102,1
2023-11-06,240345.5,24,11725.0,8534.0,10014.395833333334,11741.0,240820.5,455.0,130.0,7,113184.0,25951.5,73141.5,3861.0,2581.0,150.0,18354.5,3114.0,0.0,0.0,0.8541062544420754,1
2023-11-07,232888.0,24,11253.0,8279.0,9703.666666666666,11253.0,233641.5,719.5,171.0,9,112120.5,26975.0,66444.5,3481.0,2532.0,138.0,17954.0,2884.0,0.0,0.0,0.862318196629047,1
2023-11-08,228402.0,24,11315.0,7970.0,9516.75,11315.0,229301.0,860.0,350.0,4,112856.0,24068.0,64777.5,3019.0,2247.0,79.0,18596.5,2759.0,0.0,0.0,0.8410737958462219,1
2023-11-09,228352.0,24,11740.0,7938.0,9514.666666666666,11740.0,228352.0,0.0,0.0,0,110953.5,21333.0,69186.5,3112.0,2353.0,109.0,18471.0,2834.0,0.0,0.0,0.8104486087450312,0
2023-11-10,204520.5,24,9498.0,7737.0,8521.6875,9498.0,204520.5,0.0,0.0,0,106211.5,5974.0,65961.5,2966.0,2481.0,146.5,18422.0,2358.0,0.0,0.0,0.8972086228679722,0
2023-11-11,217611.0,24,11207.0,7369.0,9067.125,11207.0,217611.0,0.0,0.0,0,109664.0,11113.5,68271.0,3088.0,2557.0,63.0,19865.5,2733.0,0.0,0.0,0.8090590702239672,0
2023-11-12,228605.0,24,11680.0,7754.0,9525.208333333334,11680.0,228605.0,0.0,0.0,0,106524.5,18047.0,73483.0,2934.0,2531.0,57.0,22049.5,2831.0,0.0,0.0,0.8155144121004567,0
2023-11-13,229111.0,24,11553.0,7806.0,9546.291666666666,11553.0,229111.0,0.0,0.0,0,111896.0,14501.0,73401.0,3047.0,2704.0,15.5,20704.5,2843.0,0.0,0.0,0.8263041345682217,0
2023-11-14,231436.0,24,11657.0,7882.0,9643.166666666666,11657.0,231588.0,146.0,40.0,5,112606.0,13757.0,75822.0,3059.0,2667.0,6.0,20667.0,2916.0,0.0,0.0,0.8272425724171456,1
2023-11-15,233409.5,24,11892.0,8060.0,9725.395833333334,11892.0,233603.5,185.0,35.0,8,111020.0,18111.5,75007.5,3168.0,2208.0,4.0,20680.5,2954.0,0.0,0.0,0.8178099422581008,1
2023-11-16,229824.0,24,11088.0,8260.0,9576.0,11088.0,229857.0,0.0,0.0,0,109889.5,11987.0,79627.0,3168.0,1357.0,174.0,20757.5,2834.0,0.0,0.0,0.8636363636363636,0
2023-11-17,166008.5,24,9164.5,4789.0,6917.020833333333,9164.5,166193.5,0.0,0.0,0,86860.0,2812.5,59701.0,1666.0,1427.5,262.5,11683.0,1597.0,0.0,0.0,0.7547624893156564,0
2023-11-18,191413.5,24,10596.0,5719.0,7975.5625,10596.0,191413.5,0.0,0.0,0,96930.0,17100.0,56904.5,1814.0,2663.0,11.0,14196.0,1795.0,0.0,0.0,0.7526955926764817,0
2023-11-19,216895.0,24,11033.0,7338.0,9037.291666666666,11033.0,216895.0,0.0,0.0,0,104828.0,19363.0,66105.5,2304.0,2609.0,4.0,19059.5,2620.0,0.0,0.0,0.8191146258195111,0
2023-11-20,221590.0,24,11253.0,7592.0,9232.916666666666,11253.0,221686.0,132.0,26.0,6,104308.0,19967.5,69785.0,2711.0,2303.0,20.0,19702.5,2769.0,0.0,0.0,0.8204849077283094,1
2023-11-21,220997.5,24,11034.0,7812.0,9208.229166666666,11034.0,220997.5,0.0,0.0,0,108833.0,13995.5,71556.0,2208.0,1989.0,20.0,19797.0,2609.0,0.0,0.0,0.8345322790163736,0
2023-11-22,215962.5,24,10696.0,7580.0,8998.4375,10696.0,216087.5,120.0,40.0,4,112369.0,7928.0,68931.5,2208.0,2057.0,135.0,19675.0,2669.0,0.0,0.0,0.8412899682124159,1
2023-11-23,212728.0,24,10409.0,7341.0,8863.666666666666,10409.0,212707.0,0.0,0.0,0,104009.0,8310.5,73277.5,2208.0,2215.0,88.5,20008.0,2544.0,0.0,0.0,0.8515387325071252,0
2023-11-24,192107.5,24,9061.0,7277.0,8004.479166666667,9061.0,192102.5,0.0,0.0,0,109734.0,3541.0,60729.0,1196.0,2374.0,25.0,12939.5,2262.0,0.0,0.0,0.8833990913438546,0
2023-11-25,197763.5,24,10583.0,6700.0,8240.145833333334,10583.0,197761.0,0.0,0.0,0,107912.0,10336.0,63546.0,1104.0,2314.0,132.5,10070.0,2349.0,0.0,0.0,0.7786209801883525,0
2023-11-26,210404.0,24,10721.0,7092.0,8766.833333333334,10721.0,210404.0,0.0,0.0,0,110253.0,8473.5,74596.5,1158.0,2746.0,45.0,10659.0,2476.0,0.0,0.0,0.8177253365668626,0
2023-11-27,214811.5,24,10831.0,7273.0,8950.479166666666,10831.0,214811.5,0.0,0.0,0,110738.5,12096.0,74723.0,1984.0,2571.0,33.0,9979.5,2580.0,0.0,0.0,0.8263760656141322,0
2023-11-28,217568.5,24,10847.0,7508.0,9065.354166666666,10847.0,217991.5,403.0,104.0,8,106258.0,11756.0,79559.0,2064.0,2327.0,34.5,13047.0,2513.0,0.0,0.0,0.8357475953412618,1
2023-11-29,216482.5,24,10786.0,7400.0,9020.104166666666,10786.0,216924.5,422.0,59.0,10,109439.5,9680.0,70928.5,1904.0,1810.0,57.0,20102.5,2461.0,0.0,0.0,0.8362788954817973,1
2023-11-30,216611.5,24,10725.0,7398.0,9025.479166666666,10725.0,216611.5,0.0,0.0,0,110320.0,8784.0,72427.5,2064.0,2415.0,40.5,18029.5,2531.0,0.0,0.0,0.8415365190365189,0
2023-12-01,194565.0,24,9203.0,7330.0,8106.875,9203.0,194565.0,0.0,0.0,0,110512.5,5453.0,52234.5,2064.0,2353.0,11.0,19597.0,2341.0,0.0,0.0,0.8808948169075301,0
2023-12-02,203374.5,24,10636.0,6874.0,8473.9375,10636.0,203657.5,353.0,58.0,9,108958.0,10105.0,65092.5,2064.0,2174.0,44.0,12489.0,2448.0,0.0,0.0,0.7967222169988718,1
2023-12-03,214448.0,24,10876.0,7314.0,8935.333333333334,10876.0,214972.0,500.0,85.0,9,106343.5,15306.0,75326.5,2064.0,2278.0,58.5,10651.5,2420.0,0.0,0.0,0.8215643006007111,1
2023-12-04,214919.5,24,10921.0,7224.0,8954.979166666666,10921.0,214919.5,0.0,0.0,0,105850.5,14893.0,76818.5,2064.0,2027.0,34.0,10408.5,2625.0,0.0,0.0,0.8199779476848884,0
2023-12-05,212994.5,24,10838.0,7347.0,8874.770833333334,10838.0,212994.5,0.0,0.0,0,107350.5,16657.0,73002.5,2064.0,973.0,132.0,10365.5,2444.0,0.0,0.0,0.8188568770375839,0
2023-12-06,212148.5,24,10827.0,7309.0,8839.520833333334,10827.0,212178.5,0.0,0.0,0,109589.0,20294.5,63157.5,1969.0,1204.0,37.0,13719.5,2208.0,0.0,0.0,0.81643306856316,0
2023-12-07,201470.5,24,9839.0,6835.0,8394.604166666666,9839.0,201470.5,0.0,0.0,0,108230.0,9470.0,59647.0,2064.0,513.0,31.0,19378.5,2137.0,0.0,0.0,0.85319688653996,0
2023-12-08,180775.83333333334,24,8619.0,6539.0,7532.32638888889,8619.0,180816.5,0.0,0.0,0,102411.83333333333,2038.8333333333333,55514.833333333336,2064.0,1561.0,101.16666666666667,15234.166666666666,1850.0,0.0,0.0,0.8739211496564439,0
2023-12-09,189612.66666666666,24,9849.0,6263.0,7900.527777777777,9849.0,189633.0,0.0,0.0,0,101481.66666666667,6090.666666666666,58874.666666666664,1824.0,1258.0,110.33333333333333,17951.333333333332,2022.0,0.0,0.0,0.8021654764725127,0
2023-12-10,198584.0,24,9773.0,6672.0,8274.333333333334,9773.0,198584.0,0.0,0.0,0,98755.5,11616.5,63567.5,1344.0,1220.0,276.0,19790.5,2054.0,0.0,0.0,0.8466523414850439,0
2023-12-11,197599.5,24,9966.0,6576.0,8233.3125,9966.0,197599.5,0.0,0.0,0,95032.5,17076.0,61571.0,1224.0,1248.0,250.5,19101.5,1986.0,0.0,0.0,0.8261401264298616,0
2023-12-12,198711.5,24,10020.0,6609.0,8279.645833333334,10020.0,198711.5,0.0,0.0,0,90905.5,21265.0,61134.0,2244.0,2100.0,91.5,18971.5,2000.0,0.0,0.0,0.8263119594145044,0
2023-12-13,198283.5,24,10083.0,6602.0,8261.8125,10083.0,198283.5,0.0,0.0,0,88971.0,15967.0,69159.5,2022.0,1802.0,90.0,18387.0,1881.0,0.0,0.0,0.8193803927402559,0
2023-12-14,197470.0,24,9911.0,6526.0,8227.916666666666,9911.0,197238.0,0.0,0.0,0,89304.0,14952.0,68751.0,2178.0,1687.0,333.0,18113.0,1954.0,0.0,0.0,0.8301802710792722,0
2023-12-15,175866.0,24,8466.0,6439.0,7327.75,8466.0,175866.0,0.0,0.0,0,87409.5,7229.5,60448.0,2148.0,2066.0,279.0,14509.0,1771.0,0.0,0.0,0.8655504370422868,0
2023-12-16,166300.5,24,8192.0,5848.0,6929.1875,8192.0,166300.5,0.0,0.0,0,90746.0,2160.5,50856.0,2112.0,2088.0,153.0,16563.0,1822.0,0.0,0.0,0.8458480834960938,0
2023-12-17,185673.0,24,9648.0,5635.0,7736.375,9648.0,185673.0,0.0,0.0,0,102120.0,9246.0,49707.5,1678.0,2275.0,102.0,18503.5,1941.0,0.0,0.0,0.8018630804311775,0
2023-12-18,196005.5,24,10111.0,6274.0,8166.895833333333,10111.0,196005.5,0.0,0.0,0,101616.0,12307.0,56829.0,2208.0,2061.0,84.0,17936.5,2116.0,0.0,0.0,0.807723848613721,0
2023-12-19,197446.5,24,10180.0,6353.0,8226.9375,10180.0,197446.5,0.0,0.0,0,100084.5,10748.0,62370.0,2150.0,2209.0,82.5,17634.5,2162.0,0.0,0.0,0.8081471021611002,0
2023-12-20,199378.0,24,10093.0,6533.0,8307.416666666666,10093.0,199378.0,0.0,0.0,0,98364.5,9427.0,67893.0,2208.0,2408.0,103.5,17001.0,1973.0,0.0,0.0,0.8230869579576604,0
2023-12-21,202379.0,24,10145.0,6620.0,8432.458333333334,10145.0,202398.5,0.0,0.0,0,98250.5,10730.0,69938.0,2148.0,2395.0,1.0,16862.5,2054.0,0.0,0.0,0.8311935271890916,0
2023-12-22,183236.5,24,8733.0,6628.0,7634.854166666667,9635.0,185936.5,0.0,0.0,0,96146.0,2006.0,64687.166666666664,2064.0,2284.0,7.0,14000.333333333334,2041.0,0.0,0.0,0.8742533111950839,0
2023-12-23,191815.0,24,9910.0,6197.0,7992.291666666667,9910.0,191815.0,0.0,0.0,0,88621.0,13086.0,67906.33333333333,2064.0,1183.0,0.0,16654.666666666668,2300.0,0.0,0.0,0.806487554658594,0
2023-12-24,202099.0,24,10203.0,6565.0,8420.791666666666,10203.0,202099.0,0.0,0.0,0,91132.0,15838.5,70147.5,2064.0,1841.0,0.0,18676.0,2400.0,0.0,0.0,0.8253250677905191,0
2023-12-25,200095.0,24,9985.0,6658.0,8337.291666666666,9985.0,200095.0,0.0,0.0,0,97046.5,9592.0,70440.5,2064.0,1884.0,1.0,16901.0,2162.0,0.0,0.0,0.8349816391253546,0
2023-12-26,202516.5,24,10225.0,6544.0,8438.1875,10225.0,202516.5,0.0,0.0,0,93651.0,13311.5,70891.5,2064.0,1946.0,5.0,18398.5,2249.0,0.0,0.0,0.8252506112469438,0
2023-12-27,206157.0,24,10396.0,6680.0,8589.875,10396.0,206157.0,0.0,0.0,0,95859.0,16650.5,68769.0,2064.0,2052.0,0.0,18437.5,2305.0,0.0,0.0,0.8262673143516738,0
2023-12-28,208210.0,24,10487.0,6840.0,8675.416666666666,10487.0,208210.0,0.0,0.0,0,94674.5,18169.5,70836.5,2016.0,2127.0,0.0,18317.5,2176.0,0.0,0.0,0.8272543784367947,0
2023-12-29,188493.0,24,9033.0,6765.0,7853.875,9033.0,188493.0,0.0,0.0,0,94651.0,5957.0,66551.5,2048.0,2286.0,34.0,15061.5,1904.0,0.0,0.0,0.8694647403963246,0
2023-12-30,197874.0,24,10262.0,6281.0,8244.75,10262.0,197874.0,0.0,0.0,0,93931.5,11907.0,69475.0,2064.0,2197.0,10.5,16454.0,2037.0,0.0,0.0,0.8034252582342624,0
2023-12-31,205215.0,24,10204.0,6752.0,8550.625,10204.0,205215.0,0.0,0.0,0,93507.5,13573.5,73526.5,2064.0,1715.0,1.0,18796.5,2029.0,0.0,0.0,0.83796795374363,0
2024-01-01,200165.0,24,9944.0,6598.0,8340.208333333334,9944.0,200165.0,0.0,0.0,0,91285.5,13848.5,74451.5,2064.0,1342.0,35.0,14884.5,2248.0,0.0,0.0,0.8387176521855726,0
2024-01-02,201152.0,24,10056.0,6514.0,8381.333333333334,10056.0,201152.0,0.0,0.0,0,87540.0,15205.5,76123.5,2064.0,1160.0,71.0,16624.0,2242.0,0.0,0.0,0.8334659241580483,0
2024-01-03,203015.0,24,10131.0,6464.0,8458.958333333334,10131.0,203765.0,0.0,0.0,0,89991.0,13056.0,75672.5,2094.0,1589.0,69.0,18400.5,2143.0,0.0,0.0,0.8349578850393183,0
2024-01-04,204676.0,24,10107.0,6481.0,8528.166666666666,10107.0,204676.0,0.0,0.0,0,95714.5,13723.0,70402.5,2064.0,2003.0,66.0,17861.0,2151.0,0.0,0.0,0.8437881336367533,0
2024-01-05,190101.0,24,9230.0,6576.0,7920.875,9230.0,190101.0,0.0,0.0,0,96954.5,11677.5,60502.0,2064.0,2099.0,171.0,14572.0,2058.0,0.0,0.0,0.8581663055254605,0
2024-01-06,187591.0,24,9219.0,6149.0,7816.291666666667,9219.0,187591.0,0.0,0.0,0,96395.5,10940.5,57431.0,1976.0,2042.0,303.5,16431.5,2071.0,0.0,0.0,0.8478459341215606,0
2024-01-07,151144.0,24,7458.0,5192.0,6297.666666666667,7458.0,151144.0,0.0,0.0,0,86061.0,70.0,44732.5,1558.0,2117.0,422.0,14470.5,1713.0,0.0,0.0,0.8444176276034684,0
2024-01-08,180815.5,24,9566.0,4997.0,7533.979166666667,9566.0,181015.5,0.0,0.0,0,100975.5,8424.0,49122.5,1522.0,1536.0,418.0,16811.5,2033.0,0.0,0.0,0.7875788382465677,0
2024-01-09,197602.0,24,9746.0,6272.0,8233.416666666666,9746.0,197602.0,0.0,0.0,0,107773.0,13208.5,52926.5,1806.0,1176.0,450.5,17974.5,2287.0,0.0,0.0,0.8447995758943839,0
2024-01-10,201276.5,24,10086.0,6495.0,8386.520833333334,10086.0,201276.5,0.0,0.0,0,108295.5,16822.0,52733.0,1770.0,1005.0,247.5,18096.5,2307.0,0.0,0.0,0.8315011732434399,0
2024-01-11,206907.5,24,10280.0,6716.0,8621.145833333334,10280.0,206907.5,0.0,0.0,0,107836.5,22154.5,53298.5,1834.0,963.0,475.5,18019.5,2276.0,0.0,0.0,0.8386328631647212,0
2024-01-12,190420.0,24,9589.0,6656.0,7934.166666666667,9589.0,190420.0,0.0,0.0,0,108297.5,12428.0,50156.0,1824.0,889.0,298.5,14507.0,2030.0,0.0,0.0,0.8274237841971704,0
2024-01-13,197127.0,24,10286.0,6118.0,8213.625,10286.0,188127.0,0.0,0.0,0,111565.0,15644.5,48549.0,1824.0,958.0,174.5,16255.0,2157.0,0.0,0.0,0.7985246937585067,0
2024-01-14,209444.0,24,10289.0,6652.0,8726.833333333334,10289.0,209444.0,0.0,0.0,0,106969.0,27426.5,50805.5,1764.0,1115.0,28.0,19040.0,2296.0,0.0,0.0,0.8481711860563061,0
2024-01-15,207673.5,24,10368.0,6722.0,8653.0625,10368.0,207673.5,0.0,0.0,0,103755.0,22962.0,57401.5,1824.0,857.0,23.0,18496.0,2285.0,0.0,0.0,0.8345932195216049,0
2024-01-16,211942.0,24,10517.0,6811.0,8830.916666666666,10517.0,212631.0,744.0,301.0,4,99470.0,22406.0,67141.5,1824.0,1003.0,0.0,18332.5,1755.0,0.0,0.0,0.8396802003106082,1
2024-01-17,212375.0,24,10501.0,6792.0,8848.958333333334,10501.0,212375.0,0.0,0.0,0,102365.0,24062.0,64844.5,1829.0,1155.0,52.0,16154.5,1905.0,0.0,0.0,0.8426776814906517,0
2024-01-18,213494.0,24,10544.0,6736.0,8895.583333333334,10544.0,214355.0,822.0,250.0,4,97352.0,25366.5,69026.5,1884.0,1429.0,121.5,16060.5,2254.0,0.0,0.0,0.843663062721295,1
2024-01-19,197807.66666666666,24,9530.0,6937.0,8241.986111111111,9620.0,198253.5,160.0,120.0,2,75790.0,28044.333333333332,74830.0,1824.0,1903.0,182.16666666666666,13581.833333333334,2102.3333333333335,0.0,0.0,0.8648463915121838,1
2024-01-20,201173.33333333334,24,9794.0,6485.0,8382.222222222223,10550.0,206901.0,5469.0,759.0,14,71056.0,29983.666666666668,79855.0,1824.0,1634.0,105.33333333333333,14448.666666666666,2262.6666666666665,0.0,0.0,0.8558527896898328,1
2024-01-21,209481.0,24,10276.0,6956.0,8728.375,10700.0,215739.0,5977.0,808.0,11,71490.0,32657.0,84541.5,1824.0,1081.0,80.5,15896.0,2209.0,0.0,0.0,0.8493942195406773,1
2024-01-22,213518.0,24,10558.0,6937.0,8896.583333333334,10616.0,214605.0,1028.0,278.0,12,85402.5,24245.0,82681.5,1794.0,1380.0,138.5,15461.5,2415.0,0.0,0.0,0.8426390730567659,1
2024-01-23,213740.0,24,10713.0,6763.0,8905.833333333334,10713.0,215396.0,1582.0,437.0,9,96434.33333333333,25706.666666666668,69072.33333333333,1824.0,1771.0,55.833333333333336,16442.833333333332,2361.0,0.0,0.0,0.831310868415321,1
2024-01-24,214487.0,24,10455.0,6840.0,8936.958333333334,10455.0,216626.0,2122.0,322.0,10,98418.16666666667,26911.333333333332,65707.66666666667,1890.0,1424.0,133.66666666666666,17665.166666666668,2382.0,0.0,0.0,0.8548023274350391,1
2024-01-25,213156.5,24,10692.0,6843.0,8881.520833333334,10692.0,216201.5,2908.0,589.0,10,99479.0,25233.0,64719.0,1824.0,1601.0,126.5,17729.0,2445.0,0.0,0.0,0.8306697374984413,1
2024-01-26,196551.0,24,9831.0,7047.0,8189.625,9831.0,196741.0,12.5,12.5,1,98626.5,10839.0,66421.0,1821.0,1956.0,84.0,14551.5,2252.0,0.0,0.0,0.8330408910588953,1
2024-01-27,201388.0,24,10213.0,6284.0,8391.166666666666,10250.0,202464.0,1027.0,117.0,12,86427.5,15139.0,76047.5,1824.0,1983.0,242.0,17403.0,2312.0,0.0,0.0,0.8216162407389275,1
2024-01-28,214269.5,24,10580.0,6939.0,8927.895833333334,10580.0,215036.5,733.0,129.0,10,86335.0,19342.0,83695.5,1824.0,2026.0,431.0,18182.0,2434.0,0.0,0.0,0.8438464870825457,1
2024-01-29,215580.0,24,10717.0,7013.0,8982.5,10717.0,215867.0,274.0,72.0,7,91192.0,18365.0,81426.5,1821.0,2156.0,193.5,17961.0,2465.0,0.0,0.0,0.838154334235327,1
2024-01-30,216810.0,24,10715.0,7021.0,9033.75,10715.0,217703.0,853.0,108.0,12,94952.5,17223.5,81178.5,1149.0,1839.0,201.5,17812.0,2488.0,0.0,0.0,0.8430937937470835,1
2024-01-31,217990.0,24,10704.0,7119.0,9082.916666666666,10704.0,220026.5,1944.0,408.0,12,92242.5,24057.5,78886.5,1104.0,1427.0,25.0,17673.5,2574.0,0.0,0.0,0.848553500249128,1
2024-02-01,214930.5,24,10424.0,6958.0,8955.4375,10500.0,217534.5,2488.0,537.0,12,90599.5,21915.5,78907.0,1104.0,1747.0,21.0,18055.5,2591.0,0.0,0.0,0.859117181504221,1
2024-02-02,199704.5,24,9578.0,7025.0,8321.020833333334,9660.0,200264.5,534.0,99.0,8,86995.0,17743.5,72613.5,1104.0,1778.0,9.0,17141.5,2320.0,0.0,0.0,0.868763920790701,1
2024-02-03,205556.0,24,10550.0,6526.0,8564.833333333334,10550.0,206040.0,462.0,142.0,9,88231.5,22101.0,71132.0,1104.0,2478.0,22.0,18054.5,2431.0,0.0,0.0,0.8118325434439179,1
2024-02-04,211961.0,24,10346.0,7008.0,8831.708333333334,10425.0,213174.0,1159.0,112.0,15,91451.5,23408.5,71974.5,1104.0,2417.0,12.5,19125.0,2468.0,0.0,0.0,0.8536350602487274,1
2024-02-05,215232.0,24,10437.0,7082.0,8968.0,10600.0,218580.5,3198.5,455.0,17,92437.5,24162.5,73923.0,1104.0,1845.0,30.0,18906.0,2649.0,0.0,0.0,0.8592507425505413,1
2024-02-06,215169.5,24,10888.0,6988.0,8965.395833333334,10888.0,217911.5,2530.0,531.0,12,95856.0,22031.5,73122.5,1104.0,1451.0,3.0,18948.5,2653.0,0.0,0.0,0.8234198965221652,1
2024-02-07,217699.5,24,10886.0,7294.0,9070.8125,10980.0,221289.5,3428.0,648.0,17,101866.5,21686.5,68343.0,1104.0,2369.0,30.0,18879.5,2721.0,0.0,0.0,0.8332548686386184,1
2024-02-08,220103.5,24,10783.0,7297.0,9170.979166666666,10850.0,222199.5,2001.5,277.0,17,102342.5,20617.0,71956.5,1104.0,2314.0,290.0,18940.5,2648.0,0.0,0.0,0.8505034931528022,1
2024-02-09,197685.5,24,9670.0,7165.0,8236.895833333334,9670.0,197769.5,80.0,60.0,2,102609.0,2945.0,67918.0,1104.0,2511.0,674.0,17790.5,2344.0,0.0,0.0,0.8517989486384007,1
2024-02-10,208067.5,24,10615.0,6604.0,8669.479166666666,10645.0,208569.5,531.0,80.0,12,98799.0,10912.5,73682.0,1104.0,2227.0,221.0,18264.0,2469.0,0.0,0.0,0.816719657717067,1
2024-02-11,217681.0,24,10644.0,7140.0,9070.041666666666,10740.0,219349.0,1593.0,163.0,18,98783.5,17642.0,75117.5,1058.0,2552.0,164.5,19845.5,2523.0,0.0,0.0,0.8521271765000625,1
2024-02-12,217858.5,24,10798.0,7115.0,9077.4375,10900.0,219410.5,1493.0,116.0,18,98068.5,19227.5,75989.0,1092.0,2554.0,189.0,18246.5,2513.0,0.0,0.0,0.8406591498425634,1
2024-02-13,222247.0,24,10836.0,7288.0,9260.291666666666,10930.0,224166.5,1840.5,152.0,18,103196.0,22656.5,71926.5,960.0,2466.5,454.0,18175.5,2412.0,0.0,0.0,0.8545857942660268,1
2024-02-14,223425.0,24,10980.0,7431.0,9309.375,11043.0,226231.0,2679.5,568.0,18,107101.0,21015.0,71475.5,993.0,1703.0,359.0,18245.5,2534.0,0.0,0.0,0.8478483606557377,1
2024-02-15,228598.5,24,11024.0,7492.0,9524.9375,11095.0,230263.0,1701.5,136.0,19,107617.0,21327.5,75405.0,960.0,2139.0,447.0,18138.0,2565.0,0.0,0.0,0.8640182783018868,1
2024-02-16,208229.5,24,10014.0,6950.0,8676.229166666666,10200.0,210794.5,2020.0,416.0,18,103302.5,15033.5,66352.5,960.0,2355.0,414.0,18324.0,2088.0,0.0,0.0,0.866409942746821,1
2024-02-17,220576.5,24,11152.0,7228.0,9190.6875,11275.0,222363.5,1588.5,186.0,20,104704.0,24306.0,68600.5,960.0,2518.0,122.5,17162.5,2203.0,0.0,0.0,0.8241290799856528,1
2024-02-18,227498.5,24,11192.0,7628.0,9479.104166666666,11350.0,230600.5,2963.5,359.0,24,110033.0,24341.0,75028.0,960.0,2503.0,128.5,12205.0,2302.0,0.0,0.0,0.8469535531331903,1
2024-02-19,230737.0,24,11072.0,7644.0,9614.041666666666,11600.0,234583.0,3056.0,283.0,20,105148.5,24038.0,77002.5,950.0,2346.0,126.5,18853.5,2272.0,0.0,0.0,0.8683202372350673,1
2024-02-20,230625.5,24,11433.0,7763.0,9609.395833333334,11600.0,234197.0,3409.5,388.0,20,107902.0,23544.0,75128.0,905.0,1563.0,9.0,19240.5,2334.0,0.0,0.0,0.8404964430449868,1
2024-02-21,214712.5,24,10042.0,7627.0,8946.354166666666,10042.0,214738.5,25.0,25.0,1,113553.0,11876.5,66957.0,905.0,1676.0,103.0,17524.0,2131.0,0.0,0.0,0.8908936632808869,1
2024-02-22,217558.0,24,10495.0,7368.0,9064.916666666666,10495.0,217667.0,105.0,50.0,3,109255.0,16628.0,68251.5,905.0,1278.0,223.5,18726.0,2291.0,0.0,0.0,0.8637367000158805,1
2024-02-23,202156.0,24,9893.0,7210.0,8423.166666666666,9893.0,202208.0,50.0,50.0,1,106658.5,6468.5,65412.0,905.0,2094.0,105.5,17813.5,2428.0,0.0,0.0,0.8514269348697732,1
2024-02-24,219081.5,24,11132.0,7133.0,9128.395833333334,11132.0,219199.5,113.0,60.0,2,113055.0,11949.0,69446.0,905.0,2650.0,37.0,18565.5,2477.0,0.0,0.0,0.820013998682477,1
2024-02-25,214917.5,24,10307.0,7439.0,8954.895833333334,10307.0,214917.5,0.0,0.0,0,111024.5,9679.0,69562.0,900.0,2019.0,55.5,19228.5,2449.0,0.0,0.0,0.868816904369199,0
2024-02-26,190069.0,24,9551.0,6491.0,7919.541666666667,9551.0,190069.0,0.0,0.0,0,104764.0,2623.5,62608.5,607.5,2789.0,173.5,14308.0,2195.0,0.0,0.0,0.829184553100897,0
2024-02-27,222123.5,24,11041.0,7118.0,9255.145833333334,11075.0,213332.5,200.0,43.0,6,112595.0,17101.0,75599.0,910.0,3021.0,616.5,9704.0,2588.0,0.0,0.0,0.8382524982640461,1
2024-02-28,232164.5,24,11403.0,7604.0,9673.520833333334,11424.0,232582.5,399.0,106.0,11,119473.0,16911.5,73833.0,920.0,3099.0,279.0,14043.0,2606.0,0.0,0.0,0.8483312140080096,1
2024-02-29,236093.5,24,11385.0,7937.0,9837.229166666666,11437.0,236256.5,157.0,51.0,4,118684.5,18407.5,72488.0,912.5,3299.0,229.0,19444.0,2625.0,0.0,0.0,0.8640517493778362,1
2024-03-01,215782.5,24,10151.0,7900.0,8990.9375,10170.0,215973.5,182.0,53.0,6,113287.5,9600.0,67555.5,900.0,3246.0,551.0,19578.5,1064.0,0.0,0.0,0.8857193872524874,1
2024-03-02,224735.0,24,11397.0,7303.0,9363.958333333334,11470.0,225334.0,592.0,72.0,11,115398.5,11117.0,72314.0,840.0,3257.0,302.5,19076.0,2426.0,0.0,0.0,0.8216160685560528,1
2024-03-03,239140.0,24,11834.0,7913.0,9964.166666666666,11930.0,240563.0,1360.0,129.0,15,110724.0,13885.0,88262.5,835.0,2835.0,200.0,19755.5,2643.0,0.0,0.0,0.8419948171933975,1
2024-03-04,237501.0,24,11603.0,8132.0,9895.875,11629.0,238227.5,689.0,111.0,12,110778.0,14234.0,86660.5,554.0,2489.0,220.5,19784.0,2780.0,0.0,0.0,0.8528721020425752,1
2024-03-05,243422.5,24,11921.0,8285.0,10142.604166666666,12040.0,244404.5,941.0,158.0,14,115590.0,13041.0,89174.5,915.0,3680.0,162.0,18039.0,2821.0,0.0,0.0,0.8508182339289209,1
2024-03-06,243114.5,24,11749.0,8334.0,10129.770833333334,11800.0,243723.0,581.0,106.0,13,112927.0,12196.5,90445.0,907.5,3896.0,602.5,19403.0,2837.0,0.0,0.0,0.8621815331801289,1
2024-03-07,243313.5,24,11663.0,8254.0,10138.0625,11750.0,244351.5,998.0,146.0,16,113301.0,15665.5,87389.0,910.0,3342.0,756.5,19254.5,2694.0,0.0,0.0,0.8692499785646918,1
2024-03-08,222102.0,24,10494.0,8246.0,9254.25,10535.0,222469.0,351.0,47.0,11,112290.5,7377.5,75745.0,775.0,3508.0,749.5,19118.0,2534.0,0.0,0.0,0.8818610634648371,1
2024-03-09,231079.5,24,11605.0,7865.0,9628.3125,11700.0,231789.0,799.0,91.0,17,113825.5,14740.5,75523.5,720.0,3775.0,803.5,19108.5,2520.0,0.0,0.0,0.8296693235674278,1
2024-03-10,244495.0,24,11961.0,8334.0,10187.291666666666,12045.0,246141.5,1572.0,142.0,18,112791.5,16748.0,85686.0,720.0,3694.0,709.5,21509.0,2637.0,0.0,0.0,0.8517090265585374,1
2024-03-11,249449.0,24,12244.0,8420.0,10393.708333333334,12400.0,251769.5,2215.0,171.0,19,117667.0,19357.5,83673.0,720.0,3407.0,350.5,21512.0,2762.0,0.0,0.0,0.8488817652183382,1
2024-03-12,258004.0,24,12206.0,8544.0,10750.166666666666,12300.0,260182.0,2079.0,212.0,22,122665.0,24247.5,82888.0,720.0,3083.0,76.5,21470.0,2868.0,0.0,0.0,0.8807280572396089,1
2024-03-13,264759.5,24,12505.0,9209.0,11031.645833333334,12640.0,270270.0,5263.0,504.0,24,118873.5,25122.5,92112.5,720.0,3293.0,34.0,21448.0,3156.0,0.0,0.0,0.8821787951486073,1
2024-03-14,270257.5,24,12427.0,9821.0,11260.729166666666,12490.0,275955.0,5439.0,637.0,24,123084.0,28944.0,90284.0,970.0,2687.0,30.0,21505.5,2753.0,0.0,0.0,0.9061502507979936,1
2024-03-15,254063.5,24,12216.0,8798.0,10585.979166666666,12300.0,257160.0,2960.0,244.0,24,122423.5,24501.5,83561.5,720.0,3076.0,1.0,17200.0,2480.0,0.0,0.0,0.8665667294258895,1
2024-03-16,264735.0,24,12774.0,9286.0,11030.625,12800.0,260985.5,4919.0,690.0,22,121589.0,27228.0,88080.0,720.0,3046.0,156.5,21114.5,2701.0,0.0,0.0,0.8635216063879756,1
2024-03-17,261576.5,24,12925.0,9013.0,10899.020833333334,13000.0,265355.0,4508.0,1000.0,24,117739.0,27414.0,87867.0,720.0,3254.0,327.0,21270.5,2985.0,0.0,0.0,0.8432511283043198,1
2024-03-18,274491.5,24,13327.0,9609.0,11437.145833333334,13450.0,281835.0,7011.5,757.0,24,122254.0,30414.5,93284.0,840.0,2927.0,289.0,21421.0,3065.0,0.0,0.0,0.8581935794502389,1
2024-03-19,272408.0,24,12411.0,9978.0,11350.333333333334,12411.0,278989.0,6285.5,955.0,19,123198.5,30137.5,92018.0,720.0,1880.0,203.0,21280.0,2971.0,0.0,0.0,0.9145381784975694,1
2024-03-20,239685.0,24,11366.0,8117.0,9986.875,11379.0,240362.0,628.5,101.0,11,115515.0,16228.5,80975.5,745.0,1358.0,294.5,21399.5,2829.0,0.0,0.0,0.8786622382544431,1
2024-03-21,229847.5,24,10333.0,8058.0,9576.979166666666,10333.0,229847.5,0.0,0.0,0,114764.5,12494.5,74775.5,720.0,2643.0,277.5,21427.5,2745.0,0.0,0.0,0.9268343333655924,0
2024-03-22,215217.5,24,10354.0,7249.0,8967.395833333334,10354.0,215242.5,24.0,24.0,1,110816.0,8155.0,69957.5,720.0,3166.0,10.0,19799.0,2594.0,0.0,0.0,0.8660803393213573,1
2024-03-23,235978.0,24,11160.0,7730.0,9832.416666666666,11160.0,236048.0,67.0,42.0,2,122630.0,13220.5,72097.5,540.0,2941.0,69.0,21575.0,2901.0,0.0,0.0,0.8810409199522102,1
2024-03-24,240548.5,24,11328.0,7652.0,10022.854166666666,11328.0,240052.5,0.0,0.0,0,117980.5,17620.5,77347.5,630.0,2504.0,134.0,21577.0,2761.0,0.0,0.0,0.8847858551082862,0
2024-03-25,261552.5,24,12883.0,8513.0,10898.020833333334,12925.0,262631.5,1031.0,217.0,10,124016.0,20738.5,89563.0,720.0,2772.0,61.0,20165.0,3108.0,0.0,0.0,0.8459225982560998,1
2024-03-26,245906.5,24,12107.0,7965.0,10246.104166666666,12107.0,246369.0,441.0,157.0,5,118305.5,16934.5,83571.0,720.0,2976.0,58.0,20465.5,2876.0,0.0,0.0,0.8462958756642163,1
2024-03-27,266797.5,24,12152.0,9037.0,11116.5625,12450.0,269101.0,2200.5,500.0,15,124966.5,23738.0,90055.0,720.0,3303.5,9.5,21201.0,2804.0,0.0,0.0,0.9147928324555629,1
2024-03-28,270878.5,24,12652.0,9405.0,11286.604166666666,12695.0,274254.5,3226.0,603.0,14,126962.5,24578.5,91614.0,720.0,2950.0,41.0,21175.5,2838.0,0.0,0.0,0.892080632838023,1
2024-03-29,271466.0,24,13189.0,9493.0,11311.083333333334,13250.0,272813.0,1285.5,193.0,22,125877.5,24870.5,93294.0,720.0,2251.0,115.0,21267.0,2722.0,0.0,0.0,0.8576149316349484,1
2024-03-30,280789.0,24,13406.0,10116.0,11699.541666666666,14050.0,293785.0,12411.5,1060.0,24,126923.5,31161.0,95146.5,780.0,2257.0,259.5,21283.5,2978.0,0.0,0.0,0.8727093589934855,1
2024-03-31,269623.0,24,13898.0,5627.0,11234.291666666666,13950.0,276109.0,6170.0,915.0,17,118468.5,29879.5,94098.0,800.0,2805.0,310.5,20210.5,3078.0,0.0,0.0,0.8083387297932556,1
2024-04-01,290362.0,24,13757.0,10843.0,12098.416666666666,14650.0,308070.0,16908.5,1184.0,24,121759.5,35883.5,103618.5,1090.0,3440.0,550.5,20732.0,3288.0,0.0,0.0,0.8794371350342856,1
2024-04-02,293825.5,24,14008.0,11162.0,12242.729166666666,15100.0,322925.0,27790.0,1732.0,24,130377.0,36177.0,102395.5,840.0,3477.0,419.0,17040.0,3100.0,0.0,0.0,0.8739812369122406,1
2024-04-03,304216.5,24,14091.0,11640.0,12675.6875,15300.0,329725.0,24374.5,1645.0,24,131710.0,40496.0,103974.5,720.0,3598.0,148.0,20547.0,3113.0,0.0,0.0,0.8995591157476404,1
2024-04-04,306782.0,24,14291.0,11689.0,12782.583333333334,15500.0,337850.0,30069.0,1694.0,24,133747.0,42785.0,102694.0,950.0,3364.0,81.0,19918.0,3353.0,0.0,0.0,0.8944498868751896,1
2024-04-05,306004.0,24,14438.0,11832.0,12750.166666666666,15300.0,331900.0,24728.0,1670.0,24,133804.5,42123.0,104507.5,885.0,2378.0,84.0,19341.0,2881.0,0.0,0.0,0.8830978436533222,1
2024-04-06,311008.5,24,14779.0,11791.0,12958.6875,15700.0,343350.0,30887.0,1636.0,24,137170.5,41040.5,105719.0,915.0,3258.0,48.5,20108.0,2751.0,0.0,0.0,0.8768311455443535,1
2024-04-07,298634.5,24,13653.5,11021.0,12443.104166666666,15300.0,320670.0,21216.5,1982.0,24,134621.0,36609.5,100406.0,735.0,2182.0,118.0,21245.0,2528.0,0.0,0.0,0.9113490435907764,1
2024-04-08,283937.0,24,12700.0,10717.0,11830.708333333334,13225.0,290940.0,6689.0,674.0,24,138801.5,27778.0,90186.5,720.0,2438.0,204.0,21478.0,2381.0,0.0,0.0,0.9315518372703413,1
2024-04-09,262983.5,24,12729.0,8851.0,10957.645833333334,12729.0,264185.0,1147.5,267.0,7,139220.5,16494.5,80257.0,960.0,3289.0,385.0,20146.5,2231.0,0.0,0.0,0.8608410584753974,1
2024-04-10,256165.0,24,12050.0,8844.0,10673.541666666666,12050.0,256165.0,0.0,0.0,0,143245.5,16398.5,68136.5,930.0,2915.0,265.5,22191.0,2084.0,0.0,0.0,0.8857710926694329,0
2024-04-11,232716.5,24,11300.5,8439.0,9696.520833333334,11300.5,232716.5,0.0,0.0,0,142833.0,9670.5,57641.5,270.0,2455.0,232.5,17671.0,1943.0,0.0,0.0,0.8580612214798756,0
2024-04-12,240635.0,24,11987.0,8664.0,10026.458333333334,11987.0,240833.0,0.0,0.0,0,144516.0,11755.5,61028.5,330.0,3255.0,142.5,17811.5,1994.0,0.0,0.0,0.8364443424821335,0
2024-04-13,260787.5,24,12653.0,9604.0,10866.145833333334,12700.0,261336.0,621.0,92.0,14,139603.5,19539.5,74062.5,720.0,3480.5,301.5,20938.0,2138.0,0.0,0.0,0.858780197054717,1
2024-04-14,270553.0,24,12823.0,10002.0,11273.041666666666,13000.0,273390.0,2710.0,225.0,24,143195.0,20811.5,78496.0,720.0,3209.0,249.0,21641.5,2229.0,0.0,0.0,0.8791266994203124,1
2024-04-15,292606.0,24,14093.0,10659.0,12191.916666666666,14350.0,298185.0,5328.5,378.0,24,157714.5,25334.0,81230.0,870.0,3102.0,269.5,21601.0,2485.0,0.0,0.0,0.8651044253648383,1
2024-04-16,298039.0,24,13472.0,10794.0,12418.291666666666,13900.0,294084.0,7558.5,552.0,23,164986.0,27932.5,77072.0,855.0,2918.0,31.0,21618.5,2350.0,0.0,0.0,0.9217853077988915,1
2024-04-17,300847.5,24,13591.0,11377.0,12535.3125,14200.0,307660.0,6504.5,582.0,24,173088.5,26286.5,73779.0,814.0,3252.0,317.0,21186.5,2267.0,0.0,0.0,0.9223245162239717,1
2024-04-18,311058.0,24,14761.0,10862.0,12960.75,15080.0,317302.0,5964.0,422.0,22,179000.0,27149.0,76598.5,720.0,3363.0,477.0,21331.5,2419.0,0.0,0.0,0.8780401056838968,1
2024-04-19,306872.0,24,14308.0,11411.0,12786.333333333334,14800.0,316090.0,8426.5,684.0,24,171458.5,28813.0,78864.0,720.0,3179.0,393.0,21423.5,2381.0,0.0,0.0,0.8936492405181251,1
2024-04-20,326518.0,24,15358.0,12059.0,13604.916666666666,15750.0,336910.0,9798.5,530.0,24,178455.0,35592.0,84062.5,715.0,3248.0,698.5,21396.0,2531.0,0.0,0.0,0.8858521074792725,1
2024-04-21,343753.5,24,15666.0,13060.0,14323.0625,16000.0,356020.0,11714.0,966.0,24,181475.0,45735.5,87617.0,875.0,3302.0,586.5,21406.5,2763.0,0.0,0.0,0.9142769373164815,1
2024-04-22,341654.0,24,16233.0,12877.0,14235.583333333334,16700.0,358295.0,15891.5,996.0,24,179426.5,40539.0,94098.5,790.0,3182.0,291.0,20458.0,2809.0,0.0,0.0,0.8769533255302984,1
2024-04-23,342487.0,24,15947.0,13122.0,14270.291666666666,16720.0,361920.0,18561.0,1049.0,24,173819.0,42625.5,98824.0,750.0,3422.0,71.5,20197.0,2768.0,0.0,0.0,0.8948574444514119,1
2024-04-24,343551.0,24,15936.0,12982.0,14314.625,16774.0,365029.0,20511.0,1468.0,24,173854.5,44588.5,97550.5,720.0,3577.0,143.5,20223.0,2792.0,0.0,0.0,0.8982570908634538,1
2024-04-25,343819.5,24,15748.0,13053.0,14325.8125,16650.0,367570.0,23685.5,1474.0,24,177365.5,44475.5,94059.5,870.0,3550.0,336.5,20226.0,2823.0,0.0,0.0,0.9096909131318263,1
2024-04-26,335340.0,24,15550.0,12647.0,13972.5,16250.0,353300.0,17411.0,1554.0,24,176089.5,45912.0,85907.0,750.0,3579.0,138.0,20101.5,2593.0,0.0,0.0,0.8985530546623794,1
2024-04-27,333300.5,24,15810.0,12445.0,13887.520833333334,16750.0,354070.0,19838.0,1516.0,24,176806.5,38263.0,91935.0,780.0,2938.0,181.5,20223.5,2573.0,0.0,0.0,0.8784010647269661,1
2024-04-28,332630.0,24,15816.0,12941.0,13859.583333333334,17150.0,374860.0,40331.5,2366.0,24,173117.5,43555.5,89164.5,720.0,3470.0,178.0,20147.5,2277.0,0.0,0.0,0.8763014247175857,1
2024-04-29,330063.5,24,15595.0,11993.0,13752.645833333334,17200.0,381125.0,48760.5,3196.0,24,176356.0,45681.5,85730.5,720.0,3364.0,297.5,15626.0,2288.0,0.0,0.0,0.8818625093512878,1
2024-04-30,344161.5,24,16477.0,13148.0,14340.0625,17000.0,384900.0,38905.5,2141.0,24,173998.5,47125.5,95974.5,715.0,3369.0,649.0,20112.0,2213.0,0.0,0.0,0.8703078533713662,1
2024-05-01,333736.0,24,15559.0,12523.0,13905.666666666666,16375.0,337725.0,15867.5,1461.0,24,173860.0,44579.0,88183.0,667.5,3396.0,497.0,20314.5,2239.0,0.0,0.0,0.8937378151980633,1
2024-05-02,341867.5,24,15252.0,13298.0,14244.479166666666,15700.0,358490.0,15874.5,1232.0,24,180266.0,52442.0,81907.0,675.0,2895.0,712.0,20235.5,2648.0,0.0,0.0,0.9339417234898155,1
2024-05-03,313751.5,24,14994.0,11149.0,13072.979166666666,15150.0,323632.0,9605.5,898.0,24,168691.0,37314.0,80708.0,720.0,3500.0,429.0,20311.5,2078.0,0.0,0.0,0.8718806967231336,1
2024-05-04,326212.0,24,14985.0,12323.0,13592.166666666666,15400.0,337545.0,10823.5,1170.0,24,167501.5,50417.0,81880.0,720.0,2943.0,46.5,20088.0,2616.0,0.0,0.0,0.9070514959403848,1
2024-05-05,296938.5,24,14353.0,9168.0,12372.4375,14400.0,298439.0,1506.0,326.0,14,158725.0,35786.5,77450.5,690.0,2361.0,364.0,19418.5,2032.0,0.0,0.0,0.8620105552846095,1
2024-05-06,236985.0,24,11237.0,8182.0,9874.375,11237.0,236985.0,0.0,0.0,0,142864.0,8818.5,60955.5,690.0,1737.0,330.0,19565.0,2025.0,0.0,0.0,0.8787376523983269,0
2024-05-07,248501.5,24,13609.0,7282.0,10354.229166666666,13609.0,248501.5,0.0,0.0,0,144553.0,17219.0,63230.0,420.0,2875.0,340.5,17840.0,2024.0,0.0,0.0,0.7608368849045974,0
2024-05-08,250458.5,24,12618.0,6874.0,10435.770833333334,12618.0,250526.5,65.0,65.0,1,150968.5,14253.0,62602.0,630.0,1956.0,174.0,17510.0,2363.0,0.0,0.0,0.8270542743171132,1
2024-05-09,273097.5,24,12574.0,9604.0,11379.0625,12615.0,273608.5,487.5,118.0,7,171793.5,20821.0,62821.5,720.0,3236.0,49.0,11160.5,2496.0,0.0,0.0,0.9049675918562112,1
2024-05-10,260390.5,24,12787.0,9080.0,10849.604166666666,12787.0,260602.5,202.0,120.0,2,153864.5,21137.0,69614.0,720.0,2725.0,6.0,9706.0,2310.0,0.0,0.0,0.8484870702015067,1
2024-05-11,266019.5,24,13040.0,8796.0,11084.145833333334,13040.0,266019.5,0.0,0.0,0,152185.5,20927.0,68770.5,720.0,2699.0,30.0,18417.5,2272.0,0.0,0.0,0.8500111835378323,0
2024-05-12,287123.0,24,13938.0,10196.0,11963.458333333334,13975.0,288132.0,1155.0,351.0,14,166469.5,29069.5,64796.0,795.0,3307.0,49.0,20091.0,2346.0,0.0,0.0,0.8583339312192089,1
2024-05-13,307064.5,24,15016.0,10826.0,12794.354166666666,15100.0,308644.5,1318.0,311.0,15,164826.0,39097.0,76532.5,692.5,3396.0,41.0,20066.5,2399.0,0.0,0.0,0.8520480931450897,1
2024-05-14,329542.0,24,15292.0,12270.0,13730.916666666666,15600.0,334471.0,4572.0,362.0,22,165453.5,51511.0,86388.0,720.0,3134.5,49.0,19719.5,2571.0,0.0,0.0,0.8979150318249193,1
2024-05-15,338786.0,24,15619.0,12482.0,14116.083333333334,16000.0,346990.0,7835.0,670.0,24,166100.5,58204.0,87811.0,720.0,3369.0,45.0,19999.5,2546.0,0.0,0.0,0.9037763834645838,1
2024-05-16,340984.5,24,15001.0,13000.0,14207.6875,16000.0,357390.0,15668.0,1096.0,24,165468.5,64783.5,83978.5,720.0,3519.0,50.0,20233.0,2532.0,0.0,0.0,0.9471160255982934,1
2024-05-17,336776.5,24,15577.0,12654.0,14032.354166666666,16000.0,345380.0,8119.0,994.0,24,162268.5,64357.5,83138.5,720.0,3543.0,69.0,20216.0,2563.0,0.0,0.0,0.900838041129015,1
2024-05-18,315923.0,24,15058.0,11178.0,13163.458333333334,15800.0,319752.0,3657.5,821.0,13,160307.0,45251.5,84488.0,720.0,2638.0,56.0,20075.5,2377.0,0.0,0.0,0.8741837118696596,1
2024-05-19,313904.0,24,13907.0,11810.0,13079.333333333334,14100.0,306701.0,2671.0,272.0,22,164518.5,39706.0,83443.5,720.0,2239.0,103.0,20189.0,2310.0,0.0,0.0,0.9404856067687736,1
2024-05-20,297838.5,24,14068.0,10691.0,12409.9375,14170.0,287532.5,1045.0,116.0,12,169070.5,30282.5,72833.5,665.0,2481.0,77.0,20206.0,2215.0,0.0,0.0,0.8821394299118567,1
2024-05-21,320460.0,24,15519.0,11354.0,13352.5,15585.0,321736.0,1217.5,191.0,11,172610.0,45953.5,75408.5,825.0,3452.0,61.0,20198.0,2177.0,0.0,0.0,0.8603969327920613,1
2024-05-22,320080.5,24,15428.0,10853.0,13336.6875,15550.0,323141.0,2923.0,291.0,20,169325.0,49130.0,75971.0,712.5,2915.0,37.0,20157.5,1945.0,0.0,0.0,0.8644469471091522,1
2024-05-23,340434.0,24,16067.0,12609.0,14184.75,16400.0,350250.0,9374.5,802.0,24,169606.5,63899.5,80235.0,575.0,3807.0,67.0,20194.0,2050.0,0.0,0.0,0.882849940872596,1
2024-05-24,333499.0,24,15601.0,11731.0,13895.791666666666,15850.0,338044.0,4820.0,474.0,23,160257.5,56992.5,89570.5,642.5,3891.0,165.0,20046.0,1834.0,0.0,0.0,0.8906987799927355,1
2024-05-25,336354.0,24,15125.0,12749.0,14014.75,15795.0,345327.0,8568.5,996.0,23,127752.5,72370.0,109118.5,750.0,3943.0,487.0,20115.0,1818.0,0.0,0.0,0.9265950413223141,1
2024-05-26,312727.5,24,14236.5,12092.0,13030.3125,15400.0,325020.0,11757.0,1251.0,24,114333.0,67771.5,104145.5,773.0,2471.0,1246.5,20041.5,1925.0,0.0,0.0,0.9152749973659257,1
2024-05-27,149378.0,24,12290.0,3751.0,6224.083333333333,12402.5,149961.5,556.5,183.0,4,75089.5,7050.5,53166.5,293.0,617.0,1151.5,11318.0,624.0,0.0,0.0,0.5064347708163819,1
2024-05-28,183541.5,24,12607.0,3651.0,7647.5625,12900.0,184062.5,498.0,280.0,3,85486.0,31529.0,48957.5,469.0,2724.0,1176.5,12132.5,1067.0,0.0,0.0,0.6066123978741969,1
2024-05-29,306329.0,24,14920.0,11296.0,12763.708333333334,15050.0,308000.0,1595.5,425.0,12,144662.5,58979.0,76526.0,1040.0,2332.0,887.0,20130.5,1772.0,0.0,0.0,0.8554764298480787,1
2024-05-30,310403.0,24,14593.0,11253.0,12933.458333333334,14925.0,316859.0,5379.5,742.0,22,136165.0,58235.5,90947.0,1013.5,1545.0,327.0,20173.0,1976.0,0.0,0.0,0.8862782384248156,1
2024-05-31,299744.0,24,14350.0,11003.0,12489.333333333334,14675.0,303475.0,3562.0,375.0,24,134131.0,47231.5,92705.5,1598.5,2291.0,128.0,19916.5,1742.0,0.0,0.0,0.8703368176538908,1
2024-06-01,323062.5,24,15336.0,11903.0,13460.9375,15850.0,333480.0,9948.5,691.0,24,131232.5,54453.0,109694.5,1699.0,3122.0,55.0,20789.5,2013.0,0.0,0.0,0.8777345787689097,1
2024-06-02,330825.0,24,15199.0,12504.0,13784.375,15950.0,346520.0,14987.5,920.0,24,127589.0,60701.5,115027.0,1402.5,2962.0,179.0,20873.0,2091.0,0.0,0.0,0.9069264425291138,1
2024-06-03,324015.0,24,14908.0,12345.0,13500.625,15540.0,335440.0,10997.0,948.0,24,127823.5,57948.0,110405.5,1943.0,2902.0,249.0,20871.0,1873.0,0.0,0.0,0.9055959887308828,1
2024-06-04,322054.0,24,14778.0,11768.0,13418.916666666666,14950.0,315161.0,5448.0,643.0,24,132386.5,56540.0,105243.5,2305.5,2672.0,316.5,21150.0,1971.0,0.0,0.0,0.9080333378445437,1
2024-06-05,329087.0,24,15714.0,12071.0,13711.958333333334,16250.0,340815.0,11200.0,812.0,24,132694.0,56039.5,111283.5,2319.5,3410.0,119.5,21124.0,2110.0,0.0,0.0,0.8725950320308854,1
2024-06-06,321291.5,24,15251.0,11044.0,13387.145833333334,15980.0,327560.0,6035.5,696.0,24,131412.5,51048.0,109991.5,2387.5,3393.0,140.0,21210.0,2001.0,0.0,0.0,0.8777880685419536,1
2024-06-07,311110.5,24,15076.0,10490.0,12962.9375,15815.0,320574.0,8956.5,715.0,20,130177.0,45608.5,106992.0,1945.5,3016.0,427.5,21239.0,1708.0,0.0,0.0,0.8598393141416821,1
2024-06-08,317352.5,24,15745.0,11237.0,13223.020833333334,16400.0,323940.5,6291.0,685.0,20,131799.0,46645.5,110218.0,2663.0,2711.0,346.5,21175.5,1794.0,0.0,0.0,0.8398234889382873,1
2024-06-09,336904.0,24,15520.0,12608.0,14037.666666666666,15975.0,345205.0,7907.0,608.0,24,133842.0,57665.5,117357.0,2645.0,1974.0,178.5,21140.0,2101.0,0.0,0.0,0.9044888316151203,1
2024-06-10,323553.5,24,15257.0,10963.0,13481.395833333334,15575.0,327167.0,3450.0,418.0,17,134573.0,46788.5,113908.5,2733.0,2445.0,89.0,21184.5,1832.0,0.0,0.0,0.8836203600533089,1
2024-06-11,340486.0,24,15798.0,12517.0,14186.916666666666,16700.0,350080.0,10162.5,1009.0,24,136907.0,54710.0,119792.0,2737.0,3138.0,144.5,21126.5,1936.0,0.0,0.0,0.8980197915347934,1
2024-06-12,345611.0,24,15726.0,12936.0,14400.458333333334,16650.0,360870.0,14478.0,1055.0,24,133153.5,62831.5,120805.5,2722.0,2444.0,333.0,21161.5,2076.0,0.0,0.0,0.9157101827122812,1
2024-06-13,326849.0,24,15395.0,11365.0,13618.708333333334,16290.0,336572.0,9296.0,992.0,24,122877.0,58453.0,117312.0,2730.5,2266.0,309.5,21227.0,1674.0,0.0,0.0,0.8846189238930389,1
2024-06-14,301981.5,24,14747.0,10682.0,12582.5625,14820.0,303441.5,1394.5,175.0,13,126323.0,45900.5,106453.0,2729.5,1926.0,493.5,16664.0,1520.0,0.0,0.0,0.8532286227707331,1
2024-06-15,298328.5,24,14576.5,10854.0,12430.354166666666,14710.0,299765.0,1371.5,254.0,8,130731.0,37516.0,102559.0,2735.5,1477.0,639.5,21032.5,1637.0,0.0,0.0,0.8527667249797047,1
2024-06-16,274497.5,24,13641.5,9737.0,11437.395833333334,13641.5,274497.5,0.0,0.0,0,145407.0,17731.0,84293.0,2632.5,1498.0,406.0,20953.0,1717.0,0.0,0.0,0.8384265537758556,0
2024-06-17,265657.5,24,13008.0,8882.0,11069.0625,13008.0,265657.5,0.0,0.0,0,148144.0,14945.5,74477.0,2743.0,1441.0,396.0,21751.0,1760.0,0.0,0.0,0.8509426891143912,0
2024-06-18,254865.5,24,12839.5,9027.0,10619.395833333334,12874.0,255410.0,519.0,67.0,10,144609.0,13105.5,68892.5,2703.5,1110.0,559.5,22127.0,1757.0,0.0,0.0,0.8270879577345951,1
2024-06-19,231691.5,24,11714.5,8058.0,9653.8125,11729.5,232076.5,109.5,29.0,6,142499.5,7228.5,54833.5,2666.5,602.0,593.5,22194.0,1344.0,0.0,0.0,0.8240908702889581,1
2024-06-20,229501.5,24,11156.0,8396.0,9562.5625,11156.0,229515.0,0.0,0.0,0,145661.5,8028.5,47433.0,2734.0,1725.0,350.0,21359.5,1387.0,0.0,0.0,0.8571676676228038,0
2024-06-21,253062.0,24,12886.0,8961.0,10544.25,13100.0,253500.0,418.0,204.0,3,160122.5,12391.0,50825.5,2727.5,3158.0,169.0,22090.5,1578.0,0.0,0.0,0.8182717678100264,1
2024-06-22,280845.5,24,13818.0,10115.0,11701.895833333334,13930.0,281516.0,640.5,169.5,6,157445.5,24645.0,69111.0,2743.0,2690.0,306.0,22064.0,1841.0,0.0,0.0,0.8468588676605394,1
2024-06-23,311955.5,24,14536.0,11109.0,12998.145833333334,14650.0,312886.0,887.5,155.0,10,145627.5,55628.0,81930.5,2891.0,3262.0,125.5,22004.0,1987.0,0.0,0.0,0.8942037584846817,1
2024-06-24,316974.0,24,14395.0,12024.0,13207.25,15450.0,332209.0,14551.0,1705.0,23,135279.0,71346.0,80099.5,3233.0,2810.0,45.0,22066.5,2095.0,0.0,0.0,0.9174887113581105,1
2024-06-25,311394.0,24,13792.0,12257.0,12974.75,15700.0,354050.0,40763.0,2051.0,24,129174.0,78720.0,73037.0,3450.5,2785.0,11.5,22083.0,2136.0,0.0,0.0,0.9407446345707656,1
2024-06-26,311287.0,24,13874.0,12476.0,12970.291666666666,15450.0,350200.0,37154.5,2240.0,24,129763.0,74172.5,76636.0,3366.0,3166.0,173.5,22070.0,1940.0,0.0,0.0,0.9348631733218009,1
2024-06-27,315221.0,24,14393.0,12300.0,13134.208333333334,15275.0,339585.0,23269.0,1981.0,24,130911.5,73595.0,80558.5,2924.0,2617.0,808.5,21757.5,2049.0,0.0,0.0,0.9125413974385698,1
2024-06-28,295625.0,24,13895.0,10612.0,12317.708333333334,14575.0,304185.0,8176.5,916.0,24,128741.5,61270.0,75308.5,3290.5,2302.0,1113.0,21833.5,1767.0,0.0,0.0,0.8864849466234858,1
2024-06-29,294397.5,24,13796.0,10792.0,12266.5625,14650.0,303682.0,8866.0,944.0,22,130689.5,65290.0,68506.5,3403.5,1617.0,1121.5,21999.5,1770.0,0.0,0.0,0.8891390620469701,1
2024-06-30,298940.0,24,13493.0,11601.0,12455.833333333334,14400.0,309491.0,10076.0,1313.0,21,128775.5,69698.0,70914.0,3379.5,1147.0,1094.5,22173.5,1661.0,0.0,0.0,0.9231329825341535,1
2024-07-01,298350.0,24,14004.0,11049.0,12431.25,14070.0,302871.5,4453.0,820.0,21,129611.5,59364.0,79957.0,3204.5,1411.0,832.0,22168.0,1802.0,0.0,0.0,0.8876928020565553,1
2024-07-02,295578.5,24,13729.0,11107.0,12315.770833333334,13800.0,297860.0,2180.0,223.0,24,125191.5,38894.0,101992.0,3846.5,1166.0,520.5,22153.0,1815.0,0.0,0.0,0.8970624833078399,1
2024-07-03,299014.5,24,14126.0,11080.0,12458.9375,14270.0,302515.0,3132.0,292.0,24,130666.5,39504.0,103446.0,3701.0,1911.0,472.0,16667.0,1778.0,0.0,0.0,0.8819862310632876,1
2024-07-04,302437.0,24,14123.0,11302.0,12601.541666666666,14250.0,295625.0,3999.5,311.0,24,129929.5,42060.5,100335.0,3952.5,1874.0,687.5,21798.0,1797.0,0.0,0.0,0.8922708820127924,1
2024-07-05,281703.5,24,13456.5,10321.0,11737.645833333334,13675.0,284034.0,2224.0,265.0,11,132720.5,35610.0,84290.0,3982.5,1410.0,289.5,21854.0,1547.0,0.0,0.0,0.8722658814203793,1
2024-07-06,301893.0,24,14551.0,10978.0,12578.875,14660.0,303923.0,1941.0,158.0,20,132452.5,47054.5,91605.0,3970.5,2638.0,266.5,22063.0,1845.0,0.0,0.0,0.8644680777953405,1
2024-07-07,321041.5,24,15064.0,12068.0,13376.729166666666,15400.0,326157.5,4885.5,346.0,22,126796.0,61725.5,100612.0,3984.0,3458.0,274.5,22109.5,2082.0,0.0,0.0,0.8879931735705434,1
2024-07-08,326147.5,24,14895.0,12560.0,13589.479166666666,15550.0,337172.5,10527.5,967.0,24,125329.0,62744.5,107039.5,3976.0,2881.0,276.5,21877.0,1994.0,0.0,0.0,0.9123517399574801,1
2024-07-09,325972.5,24,15047.0,12564.0,13582.1875,15450.0,339580.0,12993.5,968.0,24,126807.5,62211.0,105787.5,3975.5,2835.0,409.0,22007.0,1895.0,0.0,0.0,0.9026508606366718,1
2024-07-10,311389.5,24,14096.0,11875.0,12974.5625,15600.0,341390.0,28650.0,1973.0,24,108429.5,63921.5,108079.0,3984.0,2446.0,353.0,21952.5,1974.0,0.0,0.0,0.9204428561293984,1
2024-07-11,309089.0,24,13911.0,12028.0,12878.708333333334,15250.0,340870.0,30350.0,1895.0,24,102250.0,56089.5,120963.0,3774.0,1711.0,354.0,21861.5,2086.0,0.0,0.0,0.925793137325378,1
2024-07-12,287340.5,24,13801.0,10668.0,11972.520833333334,14025.0,292365.5,4800.5,677.0,17,104270.0,39614.5,111944.5,4704.0,2415.5,519.5,22131.5,1744.0,0.0,0.0,0.8675111103060165,1
2024-07-13,310886.0,24,14973.0,11407.0,12953.583333333334,15450.0,318202.0,6977.0,854.0,24,121430.5,41827.5,115071.0,4539.0,3676.0,482.0,21976.0,1958.0,0.0,0.0,0.8651294552416573,1
2024-07-14,328871.0,24,15172.0,12389.0,13702.958333333334,15700.0,340335.0,10945.5,823.5,24,128382.0,47342.5,120611.5,4632.0,3735.0,455.5,21902.5,1987.0,0.0,0.0,0.9031741585376571,1
2024-07-15,329701.0,24,15062.0,12819.0,13737.541666666666,15750.0,347440.0,16935.5,1110.0,24,126015.0,51627.0,119286.5,4471.0,3560.0,971.5,21722.0,2048.0,0.0,0.0,0.9120662373301465,1
2024-07-16,329367.0,24,15110.0,12785.0,13723.625,16050.0,349240.0,18980.0,1173.0,24,125739.0,52504.5,118762.5,4597.0,3173.0,623.5,21877.5,2090.0,0.0,0.0,0.908247849106552,1
2024-07-17,325208.5,24,15146.0,12472.0,13550.354166666666,15900.0,346245.0,20086.5,1587.0,24,124444.0,47711.5,120345.0,4797.5,3676.0,176.0,21940.5,2118.0,0.0,0.0,0.8946490272459174,1
2024-07-18,331739.5,24,15219.0,13078.0,13822.479166666666,15900.0,358020.0,25098.0,1327.0,24,123857.5,48106.0,126726.0,4774.0,3820.0,383.5,21766.5,2307.0,0.0,0.0,0.9082383314716254,1
2024-07-19,312667.5,24,14434.5,11350.0,13027.8125,15450.0,325900.0,12656.5,1175.0,24,121887.0,38418.5,118203.5,4613.0,3512.0,1102.5,21970.0,1961.0,0.0,0.0,0.9025468495618137,1
2024-07-20,302854.0,24,13964.0,11191.0,12618.916666666666,14575.0,309276.0,6166.5,635.0,23,128715.0,25875.0,114800.5,4764.0,3955.0,931.5,22003.0,1810.0,0.0,0.0,0.903674926000191,1
2024-07-21,289384.0,24,13608.0,10308.0,12057.666666666666,13885.0,291235.0,1767.0,272.0,12,133427.0,15612.5,107613.0,4637.0,3636.0,600.0,22006.5,1852.0,0.0,0.0,0.8860719184793259,1
2024-07-22,278188.0,24,13377.0,9765.0,11591.166666666666,13497.5,279195.5,961.0,166.0,10,139957.0,10208.0,95925.5,4769.0,2687.0,965.0,21854.5,1818.0,0.0,0.0,0.8664997134384889,1
2024-07-23,282570.0,24,13727.0,10496.0,11773.75,13820.0,282826.5,245.0,89.0,5,147487.5,9504.0,93499.5,4767.0,3089.0,781.0,21744.0,1698.0,0.0,0.0,0.8577074378961171,1
2024-07-24,311097.5,24,14605.0,11428.0,12962.395833333334,14930.0,312727.0,1582.5,323.0,16,138014.5,29606.0,111765.0,4837.0,3108.0,165.0,21763.0,1824.0,0.0,0.0,0.8875313819468219,1
2024-07-25,324721.0,24,15051.0,12075.0,13530.041666666666,15500.0,320593.0,8444.0,523.0,24,132341.0,47981.5,112149.0,4781.0,3461.0,385.0,21677.5,2013.0,0.0,0.0,0.8989463601532567,1
2024-07-26,318156.0,24,14677.0,11420.0,13256.5,15350.0,327260.0,8694.5,765.0,24,127628.5,49404.0,108739.5,4635.0,3548.0,559.5,21565.5,2076.0,0.0,0.0,0.9032159160591402,1
2024-07-27,326026.5,24,15193.0,12402.0,13584.4375,15700.0,335670.0,9208.0,499.0,24,126420.0,45573.5,121149.0,4837.0,3691.0,645.5,21479.5,2231.0,0.0,0.0,0.8941247614032778,1
2024-07-28,335156.5,24,15223.0,12907.0,13964.854166666666,15975.0,353070.0,17157.5,1076.0,24,127993.5,54431.0,119459.5,4806.0,3660.0,807.5,21741.0,2257.3333333333335,0.0,0.0,0.91735230681644,1
2024-07-29,331670.5,24,14985.0,12735.0,13819.604166666666,15750.0,352427.5,19823.0,1121.0,24,126156.0,49222.5,123745.0,4769.5,3562.0,432.5,21726.0,2050.6666666666665,0.0,0.0,0.9222291736180624,1
2024-07-30,327310.0,24,15156.0,12576.0,13637.916666666666,15800.0,347695.0,19373.5,1156.0,24,125534.0,45667.0,124213.0,4781.5,3145.0,176.5,21545.0,2248.0,0.0,0.0,0.8998361485000439,1
2024-07-31,324986.0,24,14757.0,12697.0,13541.083333333334,15525.0,347070.0,21085.5,1418.0,24,125906.5,52608.5,114955.0,4773.5,3114.0,445.5,20956.0,2227.0,0.0,0.0,0.9176040749023063,1
2024-08-01,292022.5,24,14097.5,11014.0,12167.604166666666,14990.0,300860.0,8217.5,984.0,17,120552.5,35231.5,104980.0,4764.0,1763.0,933.5,21970.0,1828.0,0.0,0.0,0.8631036826860554,1
2024-08-02,252417.66666666666,24,12084.0,9462.0,10517.402777777777,12084.0,252555.0,0.0,0.0,0,115710.16666666667,16233.833333333334,89720.33333333333,4760.5,1063.0,1005.8333333333334,21994.666666666668,1593.0,0.0,0.0,0.8703577273897531,0
2024-08-03,270440.8333333333,24,13163.0,9444.0,11268.368055555555,13280.0,271029.0,495.0,151.0,5,119624.33333333333,26013.666666666668,94590.16666666667,4749.0,1426.0,559.1666666666666,21773.833333333332,1698.0,0.0,0.0,0.8560638194602715,1
2024-08-04,284970.0,24,12949.0,10148.0,11873.75,13100.0,288461.0,3561.0,309.0,23,119244.5,31348.0,103061.5,4822.0,2793.0,176.5,21721.5,1803.0,0.0,0.0,0.9169626998223801,1
2024-08-05,261868.5,24,12602.5,8617.0,10911.1875,12910.0,264268.5,2291.0,314.0,10,127449.0,12184.5,91135.5,4661.5,2366.0,314.0,21940.0,1822.0,0.0,0.0,0.8657954770878794,1
2024-08-06,272175.5,24,13202.0,9991.0,11340.645833333334,13250.0,272223.5,46.0,46.0,1,133788.0,12264.5,93981.5,5008.5,3304.0,377.5,21136.5,1771.0,0.0,0.0,0.859009682876332,1
2024-08-07,295115.0,24,13760.0,11112.0,12296.458333333334,13840.0,299005.0,3711.5,234.0,24,139153.5,15826.5,107893.0,5091.5,3024.0,528.0,21607.5,1991.0,0.0,0.0,0.8936379602713179,1
2024-08-08,298855.0,24,13746.0,11274.0,12452.291666666666,13910.0,304195.0,5108.5,323.0,24,130008.0,26354.5,111461.0,4675.5,2437.0,603.5,21303.5,2002.0,0.0,0.0,0.905884742228042,1
2024-08-09,281289.5,24,13365.5,10196.0,11720.395833333334,13600.0,284739.0,3294.0,291.0,22,131291.5,22271.5,97045.0,5022.0,2526.0,384.5,20867.5,1856.0,0.0,0.0,0.8769141321561733,1
2024-08-10,295577.0,24,13972.0,10927.0,12315.708333333334,14130.0,299470.0,3718.0,306.0,24,129308.0,36167.5,99557.0,5071.5,2302.0,526.5,20905.5,1839.0,0.0,0.0,0.8814563651111748,1
2024-08-11,306357.0,24,14167.0,11654.0,12764.875,14500.0,311745.0,5145.0,488.0,24,125191.0,52341.0,98471.0,5118.5,1522.0,219.5,21649.0,1845.0,0.0,0.0,0.9010287993223689,1
2024-08-12,309058.0,24,14219.0,11810.0,12877.416666666666,14550.0,318230.0,8757.5,859.0,24,121806.5,52231.0,104949.0,5111.5,2172.0,127.5,21014.5,1646.0,0.0,0.0,0.9056485453735612,1
2024-08-13,310812.0,24,14012.0,11934.0,12950.5,15100.0,326010.0,14512.5,1438.0,24,121528.0,53028.0,104412.0,5088.0,2908.0,183.5,20817.5,1947.0,0.0,0.0,0.9242435055666571,1
2024-08-14,315536.0,24,14416.0,12343.0,13147.333333333334,15450.0,339295.0,23645.5,1511.0,24,122390.0,62763.0,96878.0,5092.0,3831.0,328.5,19040.5,2232.0,0.0,0.0,0.9119959304476508,1
2024-08-15,321901.5,24,14198.0,12648.0,13412.5625,15530.0,344100.0,21204.0,1521.0,24,124439.5,68338.0,97254.0,5104.0,3494.0,368.5,20648.5,2255.0,0.0,0.0,0.9446797084096351,1
2024-08-16,297335.0,24,13731.0,10787.0,12388.958333333334,15075.0,306170.0,8437.5,1329.0,17,123475.0,50882.0,92114.0,4992.0,3132.0,641.5,20222.5,1876.0,0.0,0.0,0.9022619134318938,1
2024-08-17,290904.5,24,13635.0,11005.0,12121.020833333334,14060.0,298345.0,7105.5,765.0,24,123718.5,43025.5,93879.0,5096.5,3100.0,771.0,20111.0,1203.0,0.0,0.0,0.8889637574868599,1
2024-08-18,299174.5,24,13903.0,11087.0,12465.604166666666,14250.0,305055.0,5616.5,417.0,24,123313.0,44319.5,101403.0,5116.5,2096.0,638.5,21132.0,1333.0,0.0,0.0,0.8966125416576758,1
2024-08-19,288999.0,24,13327.0,10938.0,12041.625,13675.0,293335.0,4148.5,358.0,24,121655.0,38845.5,98049.0,5117.0,1789.0,752.0,21414.5,1377.0,0.0,0.0,0.9035510617543333,1
2024-08-20,288815.5,24,13843.0,10594.0,12033.979166666666,13890.0,290274.0,1394.0,128.0,19,124789.0,33212.5,100634.5,4702.0,2266.0,862.5,21067.0,1282.0,0.0,0.0,0.8693187290808831,1
2024-08-21,283284.0,24,13262.0,10722.0,11803.5,13450.0,287253.0,3790.5,1125.0,17,121923.0,58949.5,75624.0,3020.5,1383.0,391.0,20605.0,1128.0,0.0,0.0,0.8900241290906349,1
2024-08-22,278675.0,24,12807.0,10277.0,11611.458333333334,12910.0,280495.0,1737.5,240.0,15,119651.5,38242.5,92868.0,4509.0,1564.0,434.0,20596.0,810.0,0.0,0.0,0.9066493584237787,1
2024-08-23,262469.5,24,12686.0,9678.0,10936.229166666666,12760.0,262657.5,215.0,71.0,5,115552.0,26363.0,89706.5,5245.0,3051.0,573.0,20707.0,1272.0,0.0,0.0,0.8620707210047821,1
2024-08-24,285306.5,24,13643.0,10462.0,11887.770833333334,13970.0,288584.0,3037.0,365.0,23,122611.0,40754.0,90179.0,5244.0,3633.0,396.0,21048.5,1378.0,0.0,0.0,0.8713458061521171,1
2024-08-25,285278.5,24,12861.0,10821.0,11886.604166666666,13250.0,289181.0,3686.5,371.0,22,122781.0,37630.0,93866.5,5253.0,2496.0,571.0,21435.0,1249.0,0.0,0.0,0.9242363864914599,1
2024-08-26,272647.5,24,13033.0,10029.0,11360.3125,13225.0,276170.0,3267.5,308.0,24,122148.5,29579.5,89752.0,5239.5,2367.0,592.5,21368.5,1150.0,0.0,0.0,0.8716575232103123,1
2024-08-27,286641.5,24,13691.0,10428.0,11943.395833333334,14100.0,292765.0,5850.0,404.0,24,121140.5,33548.0,101106.0,5126.0,2688.0,248.5,21547.5,1237.0,0.0,0.0,0.8723537968982057,1
2024-08-28,301932.5,24,13957.0,11361.0,12580.520833333334,14470.0,311185.0,8834.5,500.0,24,120520.0,40459.0,81630.5,5190.0,3396.0,98.0,20758.5,1354.0,27769.0,0.0,0.901377146473693,1
2024-08-29,309708.0,24,14388.0,11578.0,12904.5,15100.0,324840.0,13933.0,956.0,24,121658.5,44613.5,83548.5,5071.0,3738.0,38.0,20951.0,1590.0,29039.5,0.0,0.8968932443703086,1
2024-08-30,300097.5,24,13869.0,11242.0,12504.0625,14650.0,310035.0,9491.0,895.0,24,120343.5,39886.0,84271.5,5037.0,4021.0,286.0,20646.5,1462.0,24171.0,0.0,0.9015835676689019,1
2024-08-31,314145.5,24,14610.0,11705.0,13089.395833333334,15250.0,328130.0,13353.0,976.0,24,120888.0,50109.5,83425.0,5003.0,3240.0,414.5,20465.5,1590.0,29009.0,0.0,0.8959203171343829,1
2024-09-01,315212.0,24,14448.0,12047.0,13133.833333333334,15060.0,329146.0,14862.5,1037.0,24,123214.5,46948.5,83268.5,5090.0,2537.0,189.0,19636.0,1571.0,32757.0,0.0,0.9090416205241787,1
2024-09-02,312662.0,24,14505.0,12138.0,13027.583333333334,15250.0,332440.0,18889.0,1280.0,24,121346.5,43320.0,83865.0,5176.0,3363.0,43.5,19914.5,1526.0,34107.5,0.0,0.8981443180512467,1
2024-09-03,304560.0,24,14363.0,11212.0,12690.0,14980.0,320150.0,14869.5,1535.0,24,120218.0,44536.5,76428.5,5168.0,2221.0,17.0,19945.0,1598.0,34428.0,0.0,0.8835201559562765,1
2024-09-04,307678.0,24,14107.0,11709.0,12819.916666666666,15350.0,327270.0,19426.5,1360.0,24,116150.5,46317.0,80216.0,5136.0,3562.0,62.0,19956.0,1533.0,34745.5,0.0,0.9087627891590463,1
2024-09-05,304940.5,24,13976.0,11873.0,12705.854166666666,15350.0,332540.0,26357.0,1696.0,24,117291.5,52351.5,77403.0,5108.5,2188.0,60.0,19891.0,1557.0,29090.0,0.0,0.9091195024804426,1
2024-09-06,295894.0,24,14253.0,10638.0,12328.916666666666,14925.0,308125.0,11679.5,1643.5,24,115728.0,47825.5,77166.5,4746.0,4054.0,103.0,20628.5,1298.0,24344.5,0.0,0.8650050281812016,1
2024-09-07,308771.0,24,14373.0,11542.0,12865.458333333334,15600.0,330855.0,21091.0,1360.0,24,119272.5,48739.5,84762.0,5057.0,3850.0,143.5,21064.0,1530.0,24345.5,0.0,0.8951129432500754,1
2024-09-08,316019.5,24,14548.0,12411.0,13167.479166666666,15900.0,345035.0,27709.5,1796.0,24,118583.5,47915.0,93595.5,4667.0,3565.0,476.0,21027.0,1584.0,24289.0,0.0,0.9051057991934744,1
2024-09-09,313625.5,24,14034.0,12420.0,13067.729166666666,16100.0,351025.0,35718.5,2273.0,24,120030.5,49335.0,87923.0,4691.0,4016.0,488.0,20893.5,1766.0,24473.5,0.0,0.931147867084699,1
2024-09-10,311226.5,24,14654.0,12171.0,12967.770833333334,15900.0,354695.0,41513.0,2293.0,24,118093.0,52575.5,84661.5,5066.0,3393.0,193.0,21086.0,1743.0,24427.5,0.0,0.8849304512988491,1
2024-09-11,319433.0,24,14811.0,12447.0,13309.708333333334,15900.0,352879.0,31939.0,1672.0,24,119389.0,50828.5,93399.0,5057.0,3566.0,115.5,20661.5,1961.0,24455.5,0.0,0.8986367114531992,1
2024-09-12,321223.0,24,14826.0,12649.0,13384.291666666666,15300.0,346315.0,23962.5,1449.0,24,123836.0,49806.0,91922.0,4892.0,3284.0,237.5,20674.5,1729.0,24842.0,0.0,0.9027581051306264,1
2024-09-13,294327.5,24,13871.5,10662.0,12263.645833333334,14925.0,305195.0,10378.0,1287.0,24,120904.0,34027.5,86942.5,4894.5,2956.0,1248.5,17051.0,1490.0,24813.5,0.0,0.8840893799036394,1
2024-09-14,240690.5,24,11456.0,7837.0,10028.770833333334,11490.0,241073.0,366.5,131.5,4,115077.0,14561.5,69379.0,5106.0,1407.0,1192.5,10639.0,1217.0,22111.5,0.0,0.8754164484404098,1
2024-09-15,243708.0,24,11948.0,8695.0,10154.5,11948.0,244120.0,393.5,115.0,7,116638.5,14506.0,67476.0,5087.0,1261.0,987.0,14959.0,1150.0,21643.5,0.0,0.8498911951791095,1
2024-09-16,264629.5,24,13328.0,9207.0,11026.229166666666,13480.0,265505.5,836.0,188.0,5,103371.0,29540.5,84069.0,5155.5,1790.0,463.5,17263.5,1314.0,21762.5,0.0,0.827298106742697,1
2024-09-17,305755.5,24,14603.0,10774.0,12739.8125,15050.0,312787.5,6714.5,440.0,24,111237.0,44771.0,92643.5,5139.0,4109.0,86.0,21246.5,1567.0,24956.5,0.0,0.8724106348010683,1
2024-09-18,326202.5,24,15344.0,12280.0,13591.770833333334,15720.0,337225.0,10527.0,634.0,24,117951.0,52663.5,99102.5,5047.0,4050.0,15.0,20672.0,1852.0,24849.5,0.0,0.8858036257386167,1
2024-09-19,334822.0,24,15717.0,12619.0,13950.916666666666,16300.0,352240.0,16634.5,1187.0,24,121841.0,57771.5,99078.0,5095.0,4002.0,2.0,20542.0,1617.0,24873.5,0.0,0.8876322877563572,1
2024-09-20,328752.5,24,14837.5,12419.0,13698.020833333334,15950.0,342870.0,13483.5,1287.0,24,120819.5,54185.0,97835.0,4864.0,3908.0,48.0,20655.0,1599.0,24839.0,0.0,0.923202752035945,1
2024-09-21,296228.5,24,13641.5,10936.0,12342.854166666666,14475.0,304620.0,8007.0,917.0,24,119554.0,33433.0,89148.0,4494.0,3190.0,194.5,20371.0,1448.0,24388.0,0.0,0.9048018301995137,1
2024-09-22,317292.0,24,15383.0,11543.0,13220.5,16100.0,328682.5,10879.0,1065.0,24,122364.0,52816.5,95643.5,4962.0,4386.0,14.0,10665.0,1599.0,24842.0,0.0,0.8594227393876357,1
2024-09-23,328622.5,24,15185.0,12955.0,13692.604166666666,16100.0,355085.0,25272.0,1379.0,24,123288.0,61584.0,98295.0,5058.0,3353.0,111.0,10298.0,1769.0,24866.5,0.0,0.9017190758423883,1
2024-09-24,317080.0,24,14784.0,11903.0,13211.666666666666,15050.0,326451.0,8950.5,1084.0,23,119549.5,49695.5,93712.0,5095.0,3088.0,551.5,18890.5,1576.0,24922.0,0.0,0.8936462842712842,1
2024-09-25,296299.0,24,14094.0,11447.0,12345.791666666666,14695.0,302386.0,5814.0,896.0,16,119916.5,36134.0,84983.0,5108.5,1709.0,784.0,21319.0,1438.0,24907.0,0.0,0.8759608107468899,1
2024-09-26,274682.0,24,12464.0,10371.0,11445.083333333334,12464.0,275492.5,775.5,133.0,15,121984.5,23403.0,75789.0,5115.0,1058.0,434.0,21319.5,1209.0,24380.0,0.0,0.9182512302096706,1
2024-09-27,261148.5,24,12430.0,9747.0,10881.1875,12460.0,261345.0,188.5,29.0,8,119490.5,19794.0,69087.0,4052.0,2526.0,102.5,21502.5,1326.0,23268.0,0.0,0.875397224456959,1
2024-09-28,291495.0,24,14513.0,10428.0,12145.625,14700.0,294112.0,2498.5,357.0,24,121266.0,38423.5,77299.0,4057.5,3514.0,11.0,21448.5,1484.0,23991.5,0.0,0.8368790050299731,1
2024-09-29,312262.0,24,14896.0,11659.0,13010.916666666666,15200.0,319745.0,7146.0,610.0,24,116467.5,47894.5,92586.0,4039.0,3288.0,4.0,21446.0,1613.0,24924.0,0.0,0.8734503669889008,1
2024-09-30,318966.5,24,15064.0,12189.0,13290.270833333334,15420.0,334515.0,14847.0,1142.0,24,117701.5,64366.5,79448.0,4063.0,3109.0,24.0,21301.0,1621.0,27332.5,0.0,0.8822537727916446,1
2024-10-01,309470.5,24,14677.0,11677.0,12894.604166666666,15200.0,327310.0,17034.0,1443.0,24,111314.0,58439.0,85030.0,4060.0,2957.0,22.0,20983.0,1519.0,25146.5,0.0,0.8785585723694669,1
2024-10-02,308092.5,24,14082.0,12111.0,12837.1875,14525.0,324119.0,15306.5,1377.0,24,117478.5,54911.5,80986.5,3947.0,2783.0,209.0,21418.0,1501.0,24858.0,0.0,0.9116025777588411,1
2024-10-03,292384.0,24,13390.0,10963.0,12182.666666666666,13775.0,296989.0,4397.5,761.0,19,118003.5,44828.5,76298.0,4054.5,1314.0,317.5,21148.0,1307.0,25113.0,0.0,0.909833208862335,1
2024-10-04,255297.0,24,12429.0,9506.0,10637.375,12429.0,255297.0,0.0,0.0,0,117628.5,16428.0,68939.5,4050.5,1320.0,644.0,21511.0,1204.0,23571.5,0.0,0.8558512350148846,0
2024-10-05,260982.0,24,13204.0,9075.0,10874.25,13204.0,261051.0,65.0,28.0,4,120094.5,21902.0,67485.0,4034.0,1559.0,466.5,21594.5,893.0,22953.5,0.0,0.8235572553771584,1
2024-10-06,287239.0,24,13928.0,10241.0,11968.291666666666,14030.0,288538.0,1240.0,313.0,16,118667.5,37336.0,76303.5,4044.0,2553.0,97.5,21614.0,1354.0,25269.5,0.0,0.859297219031208,1
2024-10-07,299255.0,24,14347.0,10945.0,12468.958333333334,14520.0,301520.0,2134.5,180.0,24,120996.0,44019.0,78121.0,4042.0,3752.0,8.0,21580.5,1399.0,25337.5,0.0,0.8690986501243001,1
2024-10-08,302225.0,24,13705.0,11476.0,12592.708333333334,13750.0,304785.0,2448.0,296.0,24,120977.5,47305.5,78266.0,4045.0,3145.0,6.0,21631.5,1516.0,25332.5,0.0,0.9188404475252342,1
2024-10-09,293765.5,24,13510.0,11003.0,12240.229166666666,13510.0,296741.0,2843.0,305.0,20,123485.5,42317.0,76277.0,4055.0,3059.0,17.0,17676.5,1518.0,25332.5,0.0,0.9060125215889464,1
2024-10-10,286696.0,24,13804.0,10335.0,11945.666666666666,13900.0,288928.0,2132.0,203.0,20,121793.5,43282.0,74713.0,4496.0,3262.0,33.0,11453.0,1513.0,26150.5,0.0,0.8653771853569013,1
2024-10-11,278968.5,24,12806.5,10527.0,11623.6875,13004.0,280810.0,1757.5,377.0,9,125029.5,36427.5,68937.0,5145.5,3746.0,12.0,11891.0,1538.0,26242.0,0.0,0.9076396751649553,1
2024-10-12,289034.5,24,13950.0,10039.0,12043.104166666666,14010.0,290256.0,1167.0,152.0,13,126305.0,36529.0,69616.5,5166.5,3324.0,45.0,20190.0,1689.0,26169.5,0.0,0.8633049581839904,1
2024-10-13,292937.5,24,13719.0,10710.0,12205.729166666666,13790.0,295839.5,2906.0,294.0,18,126451.0,37596.5,72026.5,5000.0,3314.0,44.0,21377.5,1723.0,25334.0,0.0,0.8896952523264572,1
2024-10-14,298260.0,24,14122.0,10899.0,12427.5,14300.0,302860.0,4389.5,472.0,24,119231.5,48230.5,73801.0,4515.5,3745.0,55.5,21668.5,1722.0,24290.5,0.0,0.8800099136099703,1
2024-10-15,296827.5,24,14092.0,10950.0,12367.8125,14270.0,304110.0,6955.0,679.0,24,123197.5,40909.5,75493.5,5129.0,3245.0,14.0,21923.5,1631.0,25284.5,0.0,0.8776477788816349,1
2024-10-16,295539.0,24,13855.0,11109.0,12314.125,14250.0,305945.0,9938.5,722.0,24,122015.0,39407.5,77436.5,5135.0,3324.0,3.0,21219.0,1698.0,25401.0,0.0,0.8887856369541681,1
2024-10-17,283124.5,24,13758.0,8906.0,11796.854166666666,13820.0,287554.0,4227.5,720.0,21,116820.5,33850.0,77111.5,5140.5,2092.0,5.0,21400.5,1674.0,25030.5,0.0,0.8574541478897126,1
2024-10-18,266582.0,24,12548.0,9838.0,11107.583333333334,12675.0,267488.0,865.0,184.0,10,117564.0,21725.5,71268.5,4887.0,2809.0,3.0,21532.5,1448.0,25344.5,0.0,0.8852074699819361,1
2024-10-19,277560.0,24,13501.0,9957.0,11565.0,13545.0,277760.0,191.0,45.0,5,124083.5,30284.0,75335.5,5137.0,3255.0,110.0,12071.5,1938.0,25345.5,0.0,0.856603214576698,1
2024-10-20,284236.5,24,13654.0,10147.0,11843.1875,13730.0,285183.5,904.0,92.0,16,122235.5,31486.5,71998.5,5140.0,4052.0,109.0,21941.5,1978.0,25295.5,0.0,0.8673786070016113,1
2024-10-21,285688.0,24,13785.0,10246.0,11903.666666666666,13900.0,286650.0,919.0,310.0,12,115138.0,37784.0,74142.0,5141.0,4057.0,62.0,22087.5,1906.0,25370.5,0.0,0.86352315318583,1
2024-10-22,292930.0,24,13994.0,10536.0,12205.416666666666,14237.0,297034.5,3918.5,455.0,21,118625.0,40610.0,75198.0,5148.5,4363.0,72.0,22077.0,1755.0,25058.5,0.0,0.8721892715925873,1
2024-10-23,290913.0,24,13391.0,11162.0,12121.375,13435.0,293969.0,2918.0,535.0,17,120959.5,40856.5,72923.5,5162.5,2520.0,85.5,21772.5,1778.0,24855.0,0.0,0.9051881860951385,1
2024-10-24,252801.5,24,11698.5,9384.0,10533.395833333334,11754.5,253365.5,538.5,107.0,7,119674.0,15414.0,62338.0,5156.5,1406.0,648.5,21816.5,1633.0,24715.0,0.0,0.9004056787907282,1
2024-10-25,235400.0,24,11329.0,8574.0,9808.333333333334,11329.0,235400.0,0.0,0.0,0,119553.5,13014.0,51547.5,4527.5,2005.0,695.5,19690.0,1367.0,23000.0,0.0,0.8657722070203313,0
2024-10-26,266313.5,24,13219.0,9122.0,11096.395833333334,13400.0,267514.5,1147.0,500.0,6,123741.0,30210.0,58101.0,5139.0,2482.0,251.5,21845.0,1464.0,23080.0,0.0,0.8394277807196713,1
2024-10-27,282297.0,24,13538.0,10402.0,11762.375,13850.0,289088.0,6516.0,800.0,20,125193.0,37742.5,62665.5,4459.0,3961.0,16.0,21850.0,1650.0,24760.0,0.0,0.8688414093662284,1
2024-10-28,285582.5,24,13396.0,10552.0,11899.270833333334,13970.0,295435.0,9408.5,965.0,24,126217.5,40964.0,62075.0,4225.0,4159.0,66.0,21879.0,1635.0,24371.0,0.0,0.8882704414253011,1
2024-10-29,284300.0,24,13112.0,10626.0,11845.833333333334,13900.0,295011.0,10230.0,960.0,22,126643.0,40033.5,62462.0,4194.0,3498.0,57.0,21496.0,1540.0,24376.5,0.0,0.9034345129143787,1
2024-10-30,281827.0,24,12933.0,10925.0,11742.791666666666,13900.0,300051.0,17405.0,1319.0,24,124539.0,40795.0,60844.5,4190.5,3507.0,14.0,21968.5,1592.0,24376.5,0.0,0.9079712105982113,1
2024-10-31,275710.5,24,12638.0,10591.0,11487.9375,14000.0,301825.0,25001.5,1584.0,24,125886.5,41614.5,62298.5,4670.0,3226.0,35.5,21777.5,1777.0,14425.0,0.0,0.9089996439310017,1
2024-11-01,270037.0,24,12310.0,10190.0,11251.541666666666,13350.0,276958.0,6609.5,1685.0,10,123127.0,42387.5,56371.0,4055.0,3146.0,87.0,21719.0,1583.0,17936.5,0.0,0.914016382344977,1
2024-11-02,270127.0,24,13195.0,9970.0,11255.291666666666,13195.0,275334.0,4970.5,714.0,12,127236.5,41273.0,53663.5,4178.0,3049.0,136.0,21651.5,1478.0,17461.5,0.0,0.8529967159277504,1
2024-11-03,275953.0,24,13041.0,10205.0,11498.041666666666,13400.0,282479.0,6235.0,808.0,16,124599.5,48300.5,54507.0,4202.0,3509.0,79.0,21631.5,1626.0,17498.5,0.0,0.8816840477468496,1
2024-11-04,277416.5,24,13200.0,9945.0,11559.020833333334,13350.0,280288.0,2742.0,456.0,15,121446.5,46295.5,61500.0,4185.0,3645.0,4.0,21246.5,1588.0,17502.0,0.0,0.8756833964646465,1
2024-11-05,273978.5,24,12750.0,10034.0,11415.770833333334,12820.0,274277.5,286.5,67.0,7,122397.5,39407.0,64218.0,3768.5,3441.0,38.0,21632.5,1583.0,17493.0,0.0,0.8953545751633988,1
2024-11-06,248914.0,24,12536.0,8435.0,10371.416666666666,12580.0,248958.0,42.0,42.0,1,117142.5,28032.5,55419.5,4131.5,3683.0,177.0,21603.0,1302.0,17420.0,0.0,0.8273306211444373,1
2024-11-07,256698.0,24,12630.0,8983.0,10695.75,12630.0,256698.0,0.0,0.0,0,122597.0,34798.5,51747.5,4025.5,3873.0,3.0,21588.0,1300.0,16765.5,0.0,0.8468527315914489,0
2024-11-08,231468.5,24,10899.0,8637.0,9644.520833333334,10899.0,231468.5,0.0,0.0,0,121223.5,14603.0,53248.5,3155.5,4102.0,3.0,21515.0,1208.0,12410.0,0.0,0.8848996085267762,0
2024-11-09,241682.0,24,12270.0,8390.0,10070.083333333334,12330.0,241746.0,61.0,61.0,1,117212.0,27876.5,53893.0,3171.5,4339.0,10.0,21489.0,1299.0,12392.0,0.0,0.820707688128226,1
2024-11-10,251742.0,24,12177.0,8759.0,10489.25,12450.0,253559.0,1734.0,510.0,6,114067.0,50326.0,44922.5,3159.0,4204.0,4.0,21346.5,1347.0,12366.0,0.0,0.8613985382278065,1
2024-11-11,253289.5,24,12314.0,8891.0,10553.729166666666,12550.0,256379.5,2953.0,702.0,10,118861.5,48230.5,44323.5,2302.0,3943.0,19.0,21704.5,1477.0,12429.5,0.0,0.8570512560229548,1
2024-11-12,254836.5,24,12505.0,9198.0,10618.1875,12650.0,258486.5,3485.0,670.0,7,122770.0,45268.0,43540.5,2376.0,3854.0,50.0,21779.5,1520.0,13678.5,0.0,0.8491153538584566,1
2024-11-13,251460.0,24,12414.0,8836.0,10477.5,12414.0,251540.0,76.0,76.0,1,123115.5,35094.5,44192.0,3741.5,3721.0,290.0,21756.0,1285.0,18265.5,0.0,0.8440067665538907,1
2024-11-14,247085.5,24,12251.0,8748.0,10295.229166666666,12251.0,247237.5,187.0,78.0,3,119417.5,33838.0,44671.0,3193.0,3745.0,444.0,21977.0,1403.0,18397.0,152.0,0.8403582700731913,1
2024-11-15,219228.0,24,10277.0,8329.0,9134.5,10277.0,219228.0,0.0,0.0,0,117776.0,12269.0,41406.5,2150.0,3504.0,401.5,21800.5,1220.0,18282.5,418.0,0.8888294249294542,0
2024-11-16,220068.0,24,11246.0,7630.0,9169.5,11246.0,220191.5,0.0,0.0,0,121772.0,16118.0,39695.5,2185.0,2829.0,296.0,21806.0,1264.0,14083.5,19.0,0.8153565712253246,0
2024-11-17,223410.5,24,11186.0,7794.0,9308.770833333334,11186.0,223410.5,0.0,0.0,0,122790.5,15366.5,40488.0,2220.0,3619.0,106.0,21903.5,1281.0,15636.0,0.0,0.8321804785744086,0
2024-11-18,218744.5,24,10934.0,7425.0,9114.354166666666,10934.0,218744.5,0.0,0.0,0,121664.5,14677.0,38550.5,2130.0,3667.0,68.5,21722.0,1224.0,14959.5,0.0,0.8335791262727882,0
2024-11-19,220532.5,24,11273.0,7562.0,9188.854166666666,11273.0,220532.5,0.0,0.0,0,117053.5,17580.0,39402.0,2244.0,3997.0,34.5,21542.0,1220.0,17459.5,0.0,0.8151205683195836,0
2024-11-20,221923.0,24,11087.0,7657.0,9246.791666666666,11087.0,221923.0,0.0,0.0,0,119237.5,17880.0,39107.0,2261.0,4076.0,0.0,21816.5,1100.0,16445.0,0.0,0.8340210757343435,0
2024-11-21,220366.5,24,11166.0,7499.0,9181.9375,11166.0,220366.5,0.0,0.0,0,121551.5,16336.0,39166.0,2258.0,3742.0,10.0,21808.0,1091.0,14413.0,0.0,0.8223121529643561,0
2024-11-22,195966.5,24,9183.0,7259.0,8165.270833333333,9183.0,195966.5,0.0,0.0,0,111512.0,2588.5,39475.0,2263.0,3553.0,91.0,21771.0,988.0,13727.0,0.0,0.8891724744999818,0
2024-11-23,207103.5,24,10471.0,6915.0,8629.3125,10471.0,207103.5,0.0,0.0,0,115621.0,5605.0,44187.5,2222.0,3136.0,51.0,21774.0,931.0,13576.0,0.0,0.824115414000573,0
2024-11-24,213834.0,24,10624.0,7309.0,8909.75,10624.0,213834.0,0.0,0.0,0,113999.0,6786.5,49144.0,2098.0,2930.0,46.0,21817.5,947.0,15997.0,0.0,0.8386436370481928,0
2024-11-25,210737.0,24,10545.0,7125.0,8780.708333333334,10545.0,210737.0,0.0,0.0,0,117331.5,2590.5,50064.0,2273.0,3184.0,155.5,21793.0,1126.0,12219.5,0.0,0.8326892682155841,0
2024-11-26,212790.0,24,10676.0,7150.0,8866.25,10676.0,212790.0,0.0,0.0,0,116426.5,5744.5,47771.0,2283.0,3608.0,106.5,21708.0,1337.0,13805.5,0.0,0.8304842637692019,0
2024-11-27,213121.0,24,10666.0,7131.0,8880.041666666666,10666.0,213121.0,0.0,0.0,0,113838.5,6646.5,50819.0,2276.0,3759.0,100.5,21669.0,1289.0,12698.5,0.0,0.8325559409963122,0
2024-11-28,215314.5,24,10800.0,7235.0,8971.4375,10800.0,215314.5,0.0,0.0,0,113176.0,5845.5,53967.0,2278.0,3730.0,49.0,21781.0,1224.0,13258.0,0.0,0.8306886574074074,0
2024-11-29,199417.0,24,9360.0,7303.0,8309.041666666666,9360.0,199417.0,0.0,0.0,0,112633.5,2900.0,45439.0,1202.0,3830.0,12.0,19898.5,1235.0,12237.0,0.0,0.8877181267806267,0
2024-11-30,210173.5,24,10812.0,7064.0,8757.229166666666,10812.0,210173.5,0.0,0.0,0,112247.5,5330.0,52500.5,1362.0,3072.0,75.5,20256.0,1183.0,14147.0,0.0,0.8099546029103465,0
2024-12-01,218074.0,24,10745.0,7244.0,9086.416666666666,10745.0,218074.0,0.0,0.0,0,111408.5,10595.0,63976.5,1668.5,3738.0,99.0,10905.5,1324.0,14359.0,0.0,0.8456413835892662,0
2024-12-02,216594.0,24,10749.0,7433.0,9024.75,10749.0,216594.0,0.0,0.0,0,112066.0,11923.0,59955.5,1173.5,3318.0,0.0,10516.0,1229.0,16413.0,0.0,0.839589729277142,0
2024-12-03,216976.5,24,11049.0,7279.0,9040.6875,11049.0,216976.5,0.0,0.0,0,110899.5,17650.0,62821.0,1568.0,3741.0,0.0,10275.5,1134.0,8887.5,0.0,0.8182358131957643,0
2024-12-04,216082.0,24,10889.0,7375.0,9003.416666666666,10889.0,216169.0,83.0,83.0,1,111172.0,12033.0,60675.0,1163.5,3082.0,0.0,10036.0,960.0,16960.5,0.0,0.8268359506535647,1
2024-12-05,214673.0,24,10745.0,7202.0,8944.708333333334,10745.0,214673.0,0.0,0.0,0,113045.5,14763.0,56260.5,1157.0,2793.0,0.0,10508.5,1189.0,14983.5,0.0,0.8324530789514504,0
2024-12-06,192865.0,24,9404.0,7163.0,8036.041666666667,9404.0,192865.0,0.0,0.0,0,102162.0,4130.5,56307.0,1151.0,3151.0,0.0,11431.5,1119.0,13413.0,0.0,0.8545344179781653,0
2024-12-07,195592.5,24,10236.0,6403.0,8149.6875,10236.0,195592.5,0.0,0.0,0,100130.0,6376.0,58229.0,1158.5,3257.0,0.0,11433.5,1167.0,13741.5,0.0,0.7961789273153576,0
2024-12-08,207872.5,24,10201.0,6833.0,8661.354166666666,10201.0,207872.5,0.0,0.0,0,100273.5,9846.0,66553.0,1129.5,3003.0,0.0,10599.5,1127.0,15341.0,0.0,0.8490691272097506,0
2024-12-09,206798.0,24,10267.0,6809.0,8616.583333333334,10267.0,206798.0,0.0,0.0,0,101752.0,11152.0,64035.5,889.0,1707.0,78.0,10101.0,1165.0,15918.5,0.0,0.8392503490146425,0
2024-12-10,209960.5,24,10406.0,6955.0,8748.354166666666,10406.0,209960.5,0.0,0.0,0,100574.5,14502.0,64136.5,759.0,2488.0,403.0,10123.0,1213.0,15698.5,0.0,0.8407028797488628,0
2024-12-11,206184.5,24,10162.0,6771.0,8591.020833333334,10162.0,206184.5,0.0,0.0,0,96892.0,10454.0,67469.5,960.0,2571.0,754.5,10253.0,1086.0,15744.5,0.0,0.8454064980646855,0
2024-12-12,206233.0,24,10354.0,6734.0,8593.041666666666,10354.0,206233.0,0.0,0.0,0,110526.0,5992.5,60051.5,960.0,2061.0,499.0,10798.5,1255.0,14062.5,0.0,0.8299248277638271,0
2024-12-13,189642.0,24,9396.0,6590.0,7901.75,9396.0,189642.0,0.0,0.0,0,101815.5,3150.0,55798.0,725.0,3048.0,236.0,11576.0,986.0,12304.5,0.0,0.8409695615155385,0
2024-12-14,199151.5,24,10123.0,6258.0,8297.979166666666,10123.0,199151.5,0.0,0.0,0,104908.0,4540.0,59063.5,960.0,3125.0,475.5,11454.5,1088.0,13537.0,0.0,0.8197154170371102,0
2024-12-15,205404.0,24,10291.0,6617.0,8558.5,10291.0,205404.0,0.0,0.0,0,108546.5,7082.5,58124.5,960.0,3725.0,337.5,11484.0,1084.0,14060.0,0.0,0.8316490137012924,0
2024-12-16,183651.5,24,8653.0,6569.0,7652.145833333333,8653.0,183651.5,0.0,0.0,0,97371.0,875.0,53770.0,960.0,3872.0,179.0,12150.5,1092.0,13382.0,0.0,0.8843344312184599,0
2024-12-17,200756.5,24,10320.0,6024.0,8364.854166666666,10320.0,200756.5,0.0,0.0,0,103543.5,4951.0,52692.5,960.0,3331.0,135.0,20027.0,1180.0,13936.5,0.0,0.810547884366925,0
2024-12-18,210353.0,24,10454.0,6975.0,8764.708333333334,10454.0,210353.0,0.0,0.0,0,116017.5,4116.0,52376.0,960.0,3165.0,238.0,19970.0,1186.0,12324.5,0.0,0.8384071487787769,0
2024-12-19,212444.5,24,10513.0,7031.0,8851.854166666666,10513.0,212444.5,0.0,0.0,0,114986.0,6009.5,52651.5,960.0,3324.0,248.0,19968.5,1208.0,13089.0,0.0,0.8419912647832841,0
2024-12-20,193336.0,24,9235.0,6989.0,8055.666666666667,9235.0,193336.0,0.0,0.0,0,114023.0,1422.5,42012.5,940.0,3055.0,122.5,18680.0,1039.0,12041.5,0.0,0.8722974192384046,0
2024-12-21,201177.5,24,10282.0,6512.0,8382.395833333334,10282.0,201177.5,0.0,0.0,0,114951.0,3921.5,45334.0,960.0,2084.0,476.0,19813.0,835.0,12281.0,0.0,0.8152495461323997,0
2024-12-22,211997.0,24,10614.0,6909.0,8833.208333333334,10614.0,211997.0,0.0,0.0,0,114872.0,10581.0,46581.0,960.0,2780.0,352.5,20110.0,995.0,14765.5,0.0,0.8322223792475347,0
2024-12-23,210205.5,24,10454.0,6945.0,8758.5625,10454.0,210205.5,0.0,0.0,0,114540.5,16821.5,36038.5,960.0,3615.0,351.5,20403.0,1168.0,16307.5,0.0,0.8378192557872585,0
2024-12-24,211020.5,24,10482.0,7010.0,8792.520833333334,10482.0,211020.5,0.0,0.0,0,106810.5,14776.0,47155.5,960.0,3569.0,182.0,20696.5,1211.0,15660.0,0.0,0.8388209152197419,0
2024-12-25,210228.5,24,10341.0,6910.0,8759.520833333334,10341.0,210228.5,0.0,0.0,0,110587.0,8284.0,51171.0,960.0,3059.0,262.5,20586.5,1188.0,14130.5,0.0,0.8470670953808466,0
2024-12-26,212649.5,24,10424.0,6950.0,8860.395833333334,10424.0,212649.5,0.0,0.0,0,108997.0,8901.5,53935.5,956.0,3509.0,581.0,20686.5,1160.0,13923.0,0.0,0.849999600281402,0
2024-12-27,193638.0,24,9293.0,6981.0,8068.25,9293.0,193638.0,0.0,0.0,0,107912.0,1823.5,47472.5,877.5,3385.0,719.5,19049.0,960.0,11359.0,0.0,0.8682072527709028,0
2024-12-28,199911.0,24,10411.0,6518.0,8329.625,10411.0,199911.0,0.0,0.0,0,111881.5,3285.0,48820.5,203.0,2909.0,122.0,19907.5,797.0,11985.5,0.0,0.8000792431082508,0
2024-12-29,214038.0,24,10501.0,7009.0,8918.25,10501.0,214038.0,0.0,0.0,0,115872.0,4763.0,53880.5,707.0,3378.0,98.5,20626.0,901.0,13812.0,0.0,0.8492762594038663,0
2024-12-30,216015.0,24,10613.0,7106.0,9000.625,10613.0,216015.0,0.0,0.0,0,112643.0,5243.5,58862.0,903.5,3038.0,497.5,20701.0,1122.0,12977.5,0.0,0.8480754734759257,0
2024-12-31,214678.0,24,10380.0,7101.0,8944.916666666666,10380.0,214678.0,0.0,0.0,0,111644.0,2761.0,61922.5,724.0,2557.0,530.5,20703.5,1219.0,12616.5,0.0,0.8617453436095054,0
2025-01-01,212910.0,24,10336.0,6952.0,8871.25,10336.0,212910.0,0.0,0.0,0,101143.0,5718.5,68854.5,810.0,1886.0,298.5,19134.5,1186.0,13879.0,0.0,0.8582865712074303,0
2025-01-02,214761.5,24,10500.0,6826.0,8948.395833333334,10500.0,214761.5,0.0,0.0,0,98274.0,6910.0,72201.0,946.0,1672.0,187.5,18897.0,1191.0,14483.0,0.0,0.8522281746031747,0
2025-01-03,195279.0,24,9993.0,6844.0,8136.625,9993.0,195279.0,0.0,0.0,0,91989.0,2045.0,66475.0,624.0,2393.0,129.5,17536.0,1241.0,12846.5,0.0,0.8142324627239067,0
2025-01-04,204101.0,24,10370.0,6330.0,8504.208333333334,10440.0,204383.0,268.0,67.0,6,94027.5,7241.0,66707.0,924.0,2382.0,38.5,17977.0,1180.0,13624.0,0.0,0.8200779492124719,1
2025-01-05,215784.5,24,10807.0,6874.0,8991.020833333334,10844.0,216317.5,508.0,79.0,10,100590.0,5530.5,70524.5,774.0,2869.0,94.5,19128.0,1190.0,15084.0,0.0,0.8319626939329448,1
2025-01-06,219057.0,24,10786.0,7081.0,9127.375,10786.0,219266.0,199.0,75.0,4,103500.0,10349.0,67281.5,788.0,2951.0,53.0,19019.5,1268.0,14053.0,0.0,0.8462242722047099,1
2025-01-07,218883.0,24,10731.0,7151.0,9120.125,10731.0,218972.0,85.0,25.0,4,106769.0,6423.5,68170.0,804.0,2740.0,39.0,19175.0,1263.0,13499.5,0.0,0.8498858447488584,1
2025-01-08,218569.5,24,10707.0,7238.0,9107.0625,10707.0,218569.5,0.0,0.0,0,104339.5,6891.0,68599.5,724.0,1454.0,129.0,20526.5,1236.0,14670.0,0.0,0.8505708882039787,0
2025-01-09,218816.0,24,10689.0,7157.0,9117.333333333334,10689.0,219045.0,218.5,105.0,4,108345.0,5393.5,66970.0,846.0,3094.0,203.0,20334.5,1284.0,12645.0,0.0,0.8529641064022204,1
2025-01-10,198140.5,24,9685.0,7119.0,8255.854166666666,9725.0,198180.5,38.0,38.0,1,98743.5,2467.5,59714.5,740.0,3418.0,223.5,18769.5,1266.0,12798.0,0.0,0.8524371880915504,1
2025-01-11,208899.5,24,10725.0,6594.0,8704.145833333334,10725.0,208899.5,0.0,0.0,0,91905.0,9560.5,68954.0,689.0,3616.0,116.0,19501.0,1204.0,13354.0,0.0,0.8115753690753691,0
2025-01-12,221731.0,24,10975.0,7177.0,9238.791666666666,10975.0,221783.0,50.0,30.0,2,95635.0,11446.0,73460.5,1000.0,3032.0,35.0,20043.5,1255.0,15924.0,0.0,0.8418033409263477,1
2025-01-13,225756.0,24,11155.0,7495.0,9406.5,11155.0,225756.0,0.0,0.0,0,93010.0,13585.0,77341.5,960.0,3092.0,29.0,20601.0,1308.0,15829.5,0.0,0.8432541461228149,0
2025-01-14,225380.0,24,10901.0,7469.0,9390.833333333334,10901.0,225567.0,179.0,45.0,5,101851.5,8675.5,73979.0,960.0,2980.0,431.0,20671.5,1311.0,14520.5,0.0,0.8614653089930588,1
2025-01-15,224029.0,24,10893.0,7365.0,9334.541666666666,10893.0,224060.0,30.0,30.0,1,109277.5,8109.5,68207.5,960.0,3398.0,410.0,20637.5,1215.0,11814.0,0.0,0.8569302916245907,1
2025-01-16,227748.0,24,10940.0,7525.0,9489.5,10940.0,227748.0,0.0,0.0,0,112713.0,13591.5,74491.0,960.0,3420.0,102.0,20872.5,1213.0,385.0,0.0,0.8674131627056673,0
2025-01-17,206521.0,24,10194.0,7469.0,8605.041666666666,10194.0,206521.0,0.0,0.0,0,109630.5,1637.5,59299.0,820.0,3142.0,91.0,19751.0,1141.0,11009.0,0.0,0.844128081878229,0
2025-01-18,215800.0,24,10776.0,6991.0,8991.666666666666,10799.0,215876.0,73.0,51.0,2,109654.0,3422.5,65000.5,720.0,3519.0,231.5,20020.5,1191.0,12041.0,0.0,0.834415986142044,1
2025-01-19,226700.5,24,10985.0,7429.0,9445.854166666666,10985.0,226722.5,21.0,21.0,1,109484.5,5643.0,72228.5,720.0,3844.0,452.5,20876.0,1182.0,12254.0,0.0,0.8598865877712031,1
2025-01-20,226376.5,24,10956.0,7521.0,9432.354166666666,10966.0,226648.5,260.0,100.0,7,109629.0,5456.5,72135.5,725.0,3428.0,330.5,20921.5,1236.0,12514.5,0.0,0.8609304642813679,1
2025-01-21,226668.0,24,11009.0,7357.0,9444.5,11067.0,227089.0,404.0,55.0,12,108496.0,7375.5,70876.5,840.0,2940.0,281.0,21067.0,1166.0,13626.0,0.0,0.8578889999091652,1
2025-01-22,226766.5,24,10964.0,7542.0,9448.604166666666,11070.0,228293.5,1461.0,250.0,24,107760.5,5957.0,74194.5,900.0,1912.0,401.5,20992.0,1291.0,13358.0,0.0,0.8617844004621183,1
2025-01-23,227583.5,24,10832.0,7313.0,9482.645833333334,10890.0,228480.0,855.0,143.0,11,101414.5,9197.5,76741.5,905.0,2003.0,493.0,20596.0,1271.0,14962.0,0.0,0.8754288989414082,1
2025-01-24,207024.0,24,10392.0,7222.0,8626.0,10392.0,207236.0,203.0,60.0,4,102874.0,2298.5,64349.5,900.0,2127.0,696.0,20091.5,1259.0,12428.5,0.0,0.8300615858352579,1
2025-01-25,218736.5,24,11028.0,6968.0,9114.020833333334,11028.0,219326.5,564.0,90.0,10,105359.0,5774.5,67683.5,915.0,2680.0,548.0,20469.0,1202.0,14105.5,0.0,0.8264436736791199,1
2025-01-26,227595.0,24,10895.0,7447.0,9483.125,10968.0,228329.0,703.0,85.0,15,106328.0,7894.5,71936.5,960.0,3429.0,554.5,21134.0,1274.0,14084.5,0.0,0.8704107388710418,1
2025-01-27,229973.5,24,10965.0,7600.0,9582.229166666666,11025.0,230675.5,670.0,77.0,16,107285.5,7641.0,73830.0,960.0,3037.0,176.5,21175.5,1324.0,14444.0,0.0,0.873892308861529,1
2025-01-28,231406.5,24,11091.0,7642.0,9641.9375,11180.0,232796.0,1326.5,193.0,23,106616.5,9611.0,73724.5,960.0,3117.0,6.0,21335.0,1306.0,14730.5,0.0,0.8693478946893878,1
2025-01-29,230956.5,24,11054.0,7501.0,9623.1875,11140.0,232398.5,1378.5,120.0,20,105050.5,8462.5,75694.5,960.0,3057.0,129.0,21353.5,1314.0,14711.5,0.0,0.8705615614257283,1
2025-01-30,231681.0,24,11138.0,7569.0,9653.375,11225.0,232933.0,1198.5,90.0,24,101806.5,11567.0,78781.0,960.0,2370.0,79.0,20115.5,1245.0,14757.0,0.0,0.8667063207038965,1
2025-01-31,213545.0,24,10561.0,7654.0,8897.708333333334,10600.0,213729.5,178.5,46.0,6,91804.0,8854.0,74607.0,960.0,2406.0,12.0,19039.0,1264.0,14599.0,0.0,0.8425062336268662,1
2025-02-01,223911.0,24,11385.0,7076.0,9329.625,11385.0,224148.0,225.0,54.0,7,95367.0,18718.0,70459.0,960.0,2336.0,13.0,19291.0,1454.0,15313.0,0.0,0.8194664031620553,1
2025-02-02,232598.0,24,11229.0,7652.0,9691.583333333334,11229.0,232674.0,73.0,32.0,3,102386.5,19802.0,69855.5,960.0,2215.0,19.0,19590.0,1412.0,16358.0,0.0,0.8630851663846588,1
2025-02-03,232132.5,24,11348.0,7525.0,9672.1875,11380.0,232378.5,236.0,72.0,6,103200.5,19970.5,67366.0,960.0,3211.0,315.5,20191.0,1369.0,15531.0,0.0,0.8523252996122664,1
2025-02-04,234083.5,24,11442.0,7713.0,9753.479166666666,11480.0,234904.5,785.0,220.0,12,107695.5,17986.0,66042.5,960.0,3398.0,495.5,20206.5,1278.0,16021.5,0.0,0.8524278243896755,1
2025-02-05,237184.5,24,11541.0,7781.0,9882.6875,11635.0,237928.5,711.0,95.0,15,108092.0,28983.5,58829.5,960.0,3152.0,94.0,20204.5,1061.0,15808.0,0.0,0.8563111948704618,1
2025-02-06,238744.0,24,11542.0,7825.0,9947.666666666666,11620.0,239508.0,730.0,81.0,17,101473.5,37104.0,57754.0,960.0,3445.0,95.0,20365.5,1009.0,16538.0,0.0,0.8618668052908218,1
2025-02-07,214288.5,24,10313.0,7877.0,8928.6875,10423.0,215276.0,884.5,105.0,22,101979.0,12071.5,57614.0,960.0,4331.0,366.5,19640.5,1007.0,16319.0,0.0,0.8657701444778435,1
2025-02-08,220671.0,24,11202.0,6901.0,9194.625,11275.0,221407.0,753.0,70.0,17,108073.0,15368.5,54366.5,960.0,4150.0,604.5,20716.0,953.0,15506.5,0.0,0.8208020889126941,1
2025-02-09,231351.0,24,11280.0,7502.0,9639.625,11374.0,232470.0,1068.5,105.0,18,107203.0,21795.5,59048.5,960.0,3733.0,355.5,21223.5,1073.0,15959.0,0.0,0.8545766843971632,1
2025-02-10,233158.5,24,11376.0,7537.0,9714.9375,11420.0,233870.5,678.0,78.0,16,109740.0,16491.5,63732.0,960.0,3644.0,217.5,20913.5,1066.0,16394.0,0.0,0.8539853639240507,1
2025-02-11,235926.0,24,11535.0,7719.0,9830.25,11650.0,237105.0,1127.0,110.0,15,105468.0,22095.5,66583.5,960.0,3235.0,18.0,21015.0,1035.0,15517.0,0.0,0.8522106631989597,1
2025-02-12,239326.5,24,11807.0,7813.0,9971.9375,11870.0,240328.5,956.0,89.0,15,106168.5,27424.0,61514.0,960.0,3352.0,5.0,21227.5,1394.0,17279.5,0.0,0.8445784280511561,1
2025-02-13,246249.0,24,11942.0,8223.0,10260.375,12070.0,247764.0,1448.0,130.0,17,105142.5,30720.5,66029.0,960.0,3387.0,67.0,21298.0,1540.0,17105.0,0.0,0.8591839725339139,1
2025-02-14,219325.5,24,10559.0,8246.0,9138.5625,10606.0,219586.5,250.5,45.0,10,106083.0,12572.0,55321.0,960.0,4318.0,39.0,21118.0,1263.0,17651.5,0.0,0.8654761341036082,1
2025-02-15,204816.0,24,10317.0,6920.0,8534.0,10317.0,204816.0,0.0,0.0,0,111429.0,7008.0,45069.5,960.0,4034.0,53.0,20497.5,1173.0,14565.0,0.0,0.8271784433459339,0
2025-02-16,234676.0,24,11739.0,7474.0,9778.166666666666,11739.0,234902.0,241.0,72.0,6,119083.5,23960.0,47972.0,960.0,3916.0,34.0,21182.5,1467.0,16101.0,0.0,0.8329641934293096,1
2025-02-17,246588.5,24,12063.0,8061.0,10274.520833333334,12170.0,247336.5,714.0,102.0,14,116180.5,38826.0,46548.0,960.0,3677.0,70.0,21089.0,1537.0,17637.0,0.0,0.8517384426206859,1
2025-02-18,252419.5,24,12116.0,8356.0,10517.479166666666,12210.0,253137.5,686.0,110.0,13,112809.0,43289.0,51432.5,960.0,3444.0,20.0,21146.5,1643.0,17675.5,0.0,0.8680652993287113,1
2025-02-19,252448.0,24,12249.0,8579.0,10518.666666666666,12312.0,253659.0,1156.5,99.0,17,108672.5,47672.5,50105.5,960.0,3171.0,51.0,22011.0,1631.0,18173.5,0.0,0.8587367676272892,1
2025-02-20,252696.16666666666,24,12219.0,8520.0,10529.006944444443,12315.0,253805.83333333334,1061.0,111.0,17,108694.0,43483.666666666664,54914.666666666664,960.0,2818.0,40.0,21954.0,1650.3333333333333,18181.5,0.0,0.8616913777268552,1
2025-02-21,230302.33333333334,24,10645.0,8634.0,9595.930555555557,10645.0,230550.66666666666,238.0,67.0,6,109652.0,19202.333333333332,56606.333333333336,960.0,3542.0,92.0,21182.0,1470.6666666666667,17595.0,0.0,0.9014495590000523,1
2025-02-22,229871.0,24,11001.0,8083.0,9577.958333333334,11040.0,230322.0,429.0,100.0,6,110289.0,18395.5,58195.5,960.0,2928.0,74.0,20950.0,1364.0,16715.0,0.0,0.8706443353634519,1
2025-02-23,241365.0,24,11841.0,8391.0,10056.875,11910.0,241774.0,393.0,66.0,12,108777.0,23436.0,64131.5,1026.0,2676.0,295.5,21869.5,1512.0,17635.5,0.0,0.8493264926948737,1
2025-02-24,248717.5,24,12073.0,8336.0,10363.229166666666,12280.0,250857.5,2042.5,198.0,18,107008.0,29190.5,66078.5,1030.0,4346.0,349.5,21974.5,1532.0,17208.5,0.0,0.8583806151467461,1
2025-02-25,253998.5,24,12658.0,8489.0,10583.270833333334,12658.0,255616.0,1545.5,168.0,19,102354.5,34944.0,70342.5,1000.0,3745.0,598.5,21958.0,1475.0,17579.0,0.0,0.8360934455153527,1
2025-02-26,255123.0,24,12341.0,8547.0,10630.125,12500.0,255883.0,726.0,152.0,10,102177.0,44280.0,70874.0,960.0,4035.0,511.5,22005.5,1345.0,8935.0,0.0,0.8613665829349323,1
2025-02-27,253571.0,24,12335.0,8431.0,10565.458333333334,12460.0,255296.0,1646.0,135.0,17,106545.0,32744.0,69712.0,960.0,3689.0,226.5,22025.0,1596.0,16073.5,0.0,0.8565430347250372,1
2025-02-28,240859.0,24,11397.0,8654.0,10035.791666666666,11470.0,242563.5,1541.0,150.0,22,107349.0,19500.5,73966.0,960.0,3176.0,184.5,16484.0,1557.0,17682.0,0.0,0.8805643297943903,1
2025-03-01,261090.0,24,13454.0,8392.0,10878.75,13454.0,261090.0,0.0,0.0,0,107458.0,30402.5,79282.0,990.0,3536.0,44.5,22046.5,1600.0,15730.5,0.0,0.8085885238590753,0
2025-03-02,276423.5,24,12827.0,9370.0,11517.645833333334,12850.0,276588.5,158.0,39.0,6,111177.0,37209.0,80498.0,915.0,3945.0,1.0,22023.0,1781.0,18874.5,0.0,0.897922026454614,1
2025-03-03,279271.5,24,12887.0,9611.0,11636.3125,12887.0,279313.5,40.0,40.0,1,113176.0,18136.5,91478.0,960.0,3831.0,27.0,21971.0,1608.0,28084.0,0.0,0.9029496779700473,1
2025-03-04,275416.5,24,12565.0,9305.0,11475.6875,12565.0,275416.5,0.0,0.0,0,127750.5,16911.0,81982.0,1040.0,4265.0,65.0,21864.5,1323.0,20845.5,0.0,0.9133058097890967,0
2025-03-05,269013.5,24,12391.0,9171.0,11208.895833333334,12391.0,269013.5,0.0,0.0,0,124565.5,12145.0,82229.0,960.0,4762.0,80.0,21975.0,1244.0,21053.0,0.0,0.9045997767196622,0
2025-03-06,268214.0,24,12245.0,9120.0,11175.583333333334,12245.0,268329.0,110.0,53.0,3,126664.0,11005.5,80373.0,960.0,4626.0,20.0,21909.0,1239.0,21417.5,0.0,0.9126650333469444,1
2025-03-07,244606.5,24,11044.5,8665.0,10191.9375,11044.5,244606.5,0.0,0.0,0,119018.0,7240.0,70038.0,960.0,4556.0,58.0,21855.5,1098.0,19783.0,0.0,0.9228066005704196,0
2025-03-08,255400.5,24,12293.0,8359.0,10641.6875,12293.0,255421.5,20.0,20.0,1,124287.0,7298.0,73044.5,840.0,3792.0,42.0,21950.5,1072.0,22555.5,0.0,0.8656705035385992,1
2025-03-09,276320.5,24,12758.0,9195.0,11513.354166666666,12758.0,276320.5,0.0,0.0,0,131031.0,12135.0,79796.0,986.0,4076.0,67.0,21966.0,1252.0,25011.5,0.0,0.9024419318597481,0
2025-03-10,283785.0,24,13102.0,9467.0,11824.375,13102.0,283816.0,30.0,30.0,1,132035.0,13926.5,83215.5,960.0,4208.0,360.5,21984.5,1346.0,25749.0,0.0,0.9024862616394443,1
2025-03-11,286144.0,24,13283.0,9717.0,11922.666666666666,13283.0,286529.0,367.0,60.0,8,124872.0,25314.0,79313.0,1000.0,3751.0,272.0,21940.0,1431.0,28251.0,0.0,0.8975883961956385,1
2025-03-12,291856.5,24,13628.0,9836.0,12160.6875,13628.0,292305.5,428.5,65.0,11,126776.5,25141.0,83849.5,960.0,3783.0,43.0,21790.5,1425.0,28088.0,0.0,0.8923310463751101,1
2025-03-13,303163.5,24,14420.0,10221.0,12631.8125,14420.0,303641.5,457.0,93.0,8,132598.5,27257.5,86257.5,960.0,3663.0,386.5,21839.0,1509.0,28695.5,0.0,0.875992545076283,1
2025-03-14,298045.5,24,13902.0,10671.0,12418.5625,13902.0,298321.5,263.0,91.0,4,127989.0,28965.0,83529.5,960.0,3447.0,307.0,21864.0,1523.0,29461.0,0.0,0.8932932311897569,1
2025-03-15,315847.0,24,15335.0,11195.0,13160.291666666666,15375.0,316327.0,460.0,73.0,9,133447.0,40473.5,84110.0,960.0,3450.0,89.0,21909.0,1479.0,29929.5,0.0,0.8581866101510705,1
2025-03-16,326756.5,24,14917.0,11817.0,13614.854166666666,15035.0,328599.0,1760.5,263.0,17,131928.0,44382.5,90577.5,960.0,3877.0,91.5,21808.5,1697.0,31433.5,0.0,0.91270725793837,1
2025-03-17,318728.0,24,14492.0,11721.0,13280.333333333334,14492.0,320264.5,1467.0,198.0,15,144321.5,29840.5,89155.0,1092.0,3126.0,103.0,21759.0,1703.0,27628.0,0.0,0.9163906523139204,1
2025-03-18,317319.0,24,14568.0,11366.0,13221.625,14568.0,318629.0,1252.0,190.0,13,147252.5,29545.0,83346.0,1144.0,4557.0,160.5,21637.5,1678.0,27997.5,0.0,0.907579969796815,1
2025-03-19,319012.5,24,14683.0,11151.0,13292.1875,14730.0,320508.5,1586.0,207.0,18,144877.0,32817.5,83514.5,1104.0,4671.0,70.0,21674.0,1668.0,28618.5,0.0,0.9052773615746101,1
2025-03-20,316357.5,24,13877.5,11919.0,13181.5625,14002.5,318447.5,1996.5,215.0,17,143629.5,32521.5,83649.5,1104.0,2735.0,39.0,21302.0,1699.0,29615.0,0.0,0.9498513781300667,1
2025-03-21,276318.0,24,12960.0,10490.0,11513.25,12984.5,276579.5,250.5,47.0,9,137707.0,17038.0,73043.0,1104.0,2128.0,429.0,21461.5,1540.0,21867.5,0.0,0.8883680555555555,1
2025-03-22,268482.5,24,12568.0,9361.0,11186.770833333334,12568.0,268619.5,132.0,30.0,5,134725.0,12526.5,71440.0,1104.0,2337.0,567.5,21568.5,1421.0,22793.0,0.0,0.8900995252493105,1
2025-03-23,280328.0,24,12962.0,9314.0,11680.333333333334,12962.0,280328.0,0.0,0.0,0,140743.5,14591.0,74584.5,1104.0,3897.0,137.0,21714.0,1424.0,22134.0,0.0,0.9011212261482282,0
2025-03-24,286582.0,24,13178.0,9454.0,11940.916666666666,13178.0,286582.0,0.0,0.0,0,136894.0,16923.0,78723.5,1104.0,4760.0,378.5,21843.0,1437.0,24519.5,0.0,0.9061251075024029,0
2025-03-25,294917.0,24,13727.0,9802.0,12288.208333333334,13727.0,295327.0,392.0,392.0,1,140124.0,20636.0,80468.5,1104.0,4765.0,336.5,21861.0,1550.0,24072.0,0.0,0.8951852796192419,1
2025-03-26,298678.0,24,14278.0,10220.0,12444.916666666666,14278.0,298678.0,0.0,0.0,0,139727.5,19239.0,84939.0,1104.0,4399.0,102.5,21862.5,1056.0,26248.5,0.0,0.8716148386795536,0
2025-03-27,319602.5,24,14876.0,10622.0,13316.770833333334,14876.0,319800.5,190.0,70.0,5,139198.5,33268.5,88238.5,1104.0,3946.0,40.0,21835.0,843.0,31129.0,0.0,0.8951849175405575,1
2025-03-28,315129.5,24,14989.0,11117.0,13130.395833333334,14989.0,315674.0,520.0,150.0,5,141429.5,26938.5,88834.0,1090.0,4473.0,121.0,21865.0,792.0,29672.5,0.0,0.8760021237796607,1
2025-03-29,313114.0,24,14350.0,11293.0,13046.416666666666,14350.0,313677.0,539.5,75.0,12,145962.5,24399.0,86512.0,1104.0,4595.0,165.0,21623.5,835.0,27918.0,0.0,0.9091579558652729,1
2025-03-30,293740.0,24,13824.0,10734.0,12239.166666666666,13824.0,293795.0,52.0,40.0,2,148851.0,17029.0,77765.0,1104.0,3302.0,87.5,21561.5,909.0,23131.0,0.0,0.8853563850308641,1
2025-03-31,266973.5,24,12532.5,9702.0,11123.895833333334,12560.0,267109.0,129.0,40.0,4,148182.5,13189.0,58967.5,1104.0,2979.0,45.0,21521.0,664.0,20321.5,0.0,0.887603896535674,1
2025-04-01,268236.0,24,12713.0,10037.0,11176.5,12713.0,268236.0,0.0,0.0,0,137490.5,13515.0,68822.5,1104.0,2822.0,57.0,21454.0,604.0,22367.0,0.0,0.8791394635412569,0
2025-04-02,277136.0,24,12949.0,10470.0,11547.333333333334,12949.0,277136.0,0.0,0.0,0,129639.0,18342.0,75725.5,1104.0,3698.0,53.0,21394.0,592.0,26588.5,0.0,0.8917548330630423,0
2025-04-03,282184.5,24,13077.0,10659.0,11757.6875,13077.0,282666.5,459.0,80.0,9,124352.5,19786.0,82128.0,1104.0,4155.0,35.0,21203.0,606.0,28815.0,0.0,0.8991119905177029,1
2025-04-04,283195.0,24,13033.0,10788.0,11799.791666666666,13033.0,283195.0,0.0,0.0,0,134110.5,13828.0,83248.0,1104.0,2873.0,22.0,21268.0,638.0,26103.5,0.0,0.9053780147829867,0
2025-04-05,295512.5,24,13354.0,11011.0,12313.020833333334,13354.0,295512.5,0.0,0.0,0,138588.5,20925.5,79886.0,1026.0,4078.0,43.0,21704.0,748.0,28513.5,0.0,0.9220473890469773,0
2025-04-06,316646.5,24,15045.0,11418.0,13193.604166666666,15045.0,317224.0,551.0,98.0,8,136765.5,32783.0,88496.0,959.0,4050.0,106.0,21788.0,851.0,30848.0,0.0,0.8769427827628226,1
2025-04-07,291527.0,24,14707.0,9267.0,12146.958333333334,14800.0,292479.0,911.0,164.0,9,127312.5,28458.0,80987.0,960.0,4272.0,198.5,21674.0,804.0,26861.0,0.0,0.825930395956574,1
2025-04-08,329878.0,24,15399.0,11984.0,13744.916666666666,15500.0,333012.5,2994.5,347.0,20,124734.0,56599.5,97293.0,1030.0,3842.0,83.0,21653.0,931.0,23712.5,0.0,0.8925850163430525,1
2025-04-09,337799.0,24,15818.0,12308.0,14074.958333333334,15880.0,341320.0,3332.0,432.0,24,128999.5,61903.5,101145.0,1104.0,3667.0,121.0,21614.0,975.0,18273.0,0.0,0.8898064441353732,1
2025-04-10,322300.0,24,14979.0,11171.0,13429.166666666666,15135.0,324279.0,1888.0,236.0,17,126715.5,55731.0,94813.0,1104.0,3499.0,127.0,21826.0,965.0,18285.5,0.0,0.8965329238711974,1
2025-04-11,281554.5,24,14147.0,9809.0,11731.4375,14147.0,282008.5,433.0,45.0,12,125210.0,27307.5,86332.0,1095.0,4393.0,157.5,21579.5,906.0,14574.0,0.0,0.8292526684102637,1
2025-04-12,317425.5,24,15199.0,11363.0,13226.0625,15350.0,321161.5,3608.0,428.0,21,128400.0,57771.5,101285.0,1074.5,4457.0,52.0,21577.5,931.0,1877.0,0.0,0.8701929403250214,1
2025-04-13,313393.0,24,15284.0,9713.0,13058.041666666666,15380.0,314830.0,1629.5,201.5,17,126646.0,51053.5,90555.5,1063.0,4709.0,61.0,21632.0,933.0,16740.0,0.0,0.8543602241995987,1
2025-04-14,313920.0,24,14485.0,11707.0,13080.0,14555.0,314829.0,866.5,74.0,18,129636.5,43561.0,95343.0,1047.0,4161.0,23.0,21623.0,728.0,17809.5,0.0,0.9030031066620642,1
2025-04-15,306426.0,24,15303.0,9666.0,12767.75,15447.0,307753.0,1268.0,200.0,15,134333.0,40030.5,84608.5,966.0,4021.0,124.0,21575.5,830.0,19934.5,0.0,0.8343298699601386,1
2025-04-16,301969.5,24,14540.5,9060.0,12582.0625,14619.0,302954.0,941.0,90.0,15,131315.0,29700.5,84557.0,960.0,3710.0,209.0,21294.5,729.0,29494.5,0.0,0.8653115436195454,1
2025-04-17,262667.0,24,12282.0,9881.0,10944.458333333334,12282.0,262725.0,55.0,22.0,3,130169.0,12324.5,71743.5,960.0,2774.0,125.0,21516.0,728.0,22327.0,0.0,0.8910974054171417,1
2025-04-18,251592.5,24,11740.0,9349.0,10483.020833333334,11740.0,251848.5,245.0,58.0,8,123183.5,9646.0,70794.0,960.0,3387.0,147.5,21788.0,1334.0,20352.5,0.0,0.8929319278818854,1
2025-04-19,279972.5,24,14304.0,9519.0,11665.520833333334,14335.0,280086.5,109.0,49.0,3,130913.0,17439.5,79172.0,960.0,4267.0,233.0,21780.0,1745.0,23461.0,0.0,0.8155425638516033,1
2025-04-20,320110.5,24,15570.0,11241.0,13337.9375,15750.0,322341.0,2130.0,225.0,18,142865.5,38471.0,80884.0,960.0,3888.0,384.5,21756.0,2001.0,28899.5,0.0,0.856643384714194,1
2025-04-21,313286.0,24,14943.0,10208.0,13053.583333333334,15025.0,315166.0,1796.0,220.0,20,137595.5,35365.5,82022.0,960.0,3290.0,229.5,21624.5,1600.0,30599.0,0.0,0.8735584108501194,1
2025-04-22,328415.0,24,15660.0,11947.0,13683.958333333334,15750.0,330330.5,1832.0,157.0,24,145566.5,42136.5,82848.0,960.0,2544.0,282.5,20830.5,1518.0,31729.0,0.0,0.8738159855257557,1
2025-04-23,337642.0,24,15867.0,12611.0,14068.416666666666,16050.0,340270.0,2511.0,250.0,24,143274.0,50219.5,84777.5,960.0,3711.0,569.5,21170.5,894.0,32066.0,0.0,0.8866462889435095,1
2025-04-24,350484.0,24,16221.0,12966.0,14603.5,16350.0,354140.0,3493.5,235.0,24,145060.5,58263.0,86483.5,960.0,4184.0,574.0,21451.5,933.0,32574.5,0.0,0.9002835830096788,1
2025-04-25,335938.0,24,15707.0,12389.0,13997.416666666666,15900.0,339645.0,3540.0,228.0,24,144779.5,44467.5,87831.5,930.0,3760.0,402.0,20779.0,921.0,32067.5,0.0,0.8911578701640457,1
2025-04-26,331035.5,24,15227.5,12547.0,13793.145833333334,16000.0,343211.0,11630.0,2223.0,24,143068.0,55160.0,75046.5,937.0,3908.0,232.0,19566.0,952.0,32179.0,0.0,0.9058050128605046,1
2025-04-27,341154.0,24,15877.0,12461.0,14214.75,16000.0,343944.0,2677.0,348.0,19,144361.5,53285.0,83460.5,953.0,3829.0,123.5,21819.0,942.0,32384.5,0.0,0.8953045285633306,1
2025-04-28,300587.0,24,15277.0,11180.0,12524.458333333334,15495.0,301923.0,1277.5,218.0,15,140497.5,27696.5,75747.5,951.0,3137.0,45.0,21573.0,789.0,30150.5,0.0,0.8198244637908839,1
2025-04-29,283024.5,24,14069.0,9058.0,11792.6875,14069.0,283771.0,713.5,133.0,9,141213.5,24164.0,64802.5,915.0,4188.0,179.0,21264.5,717.0,25581.0,0.0,0.8382036747458952,1
2025-04-30,301714.0,24,13974.0,11115.0,12571.416666666666,13974.0,302638.0,884.0,156.0,18,144667.5,30099.5,72251.0,943.0,3744.0,85.0,21133.0,806.0,27985.0,0.0,0.8996290730404083,1
2025-05-01,259473.0,24,12807.0,9009.0,10811.375,12862.5,259878.5,387.0,74.0,7,137501.0,9875.5,61990.0,920.0,4780.0,40.5,21717.0,792.0,21860.5,0.0,0.8441770125712501,1
2025-05-02,270101.5,24,13647.0,9271.0,11254.229166666666,13647.0,270588.5,464.0,93.0,7,143786.0,9131.0,67207.5,880.0,4960.0,116.0,21769.0,743.0,21549.0,0.0,0.8246668987078967,1
2025-05-03,303868.5,24,14876.0,10969.0,12661.1875,14886.0,303908.5,39.0,29.0,2,152955.0,18836.5,79972.5,951.0,4756.0,97.5,21983.5,598.0,23818.5,0.0,0.8511150510890024,1
2025-05-04,316976.5,24,14538.0,11795.0,13207.354166666666,14538.0,317251.5,262.0,57.0,6,144870.0,27720.0,87275.0,960.0,4102.0,87.0,21929.0,838.5,29189.0,0.0,0.9084711904434356,1
2025-05-05,324057.5,24,15153.0,11719.0,13502.395833333334,15210.0,324672.0,586.5,55.0,14,143972.0,33860.5,89619.0,960.0,4477.0,87.5,21694.0,869.0,28518.5,0.0,0.891070800061594,1
2025-05-06,313649.0,24,14500.0,11865.0,13068.708333333334,14542.5,314523.5,871.0,96.0,16,142512.5,29225.0,87177.0,960.0,3637.0,64.0,21880.0,881.0,27312.5,0.0,0.9012902298850575,1
2025-05-07,327772.0,24,16063.0,11524.0,13657.166666666666,16120.0,328538.0,744.0,109.0,13,141459.0,39305.0,90550.5,954.0,4765.0,37.0,21956.5,885.0,27860.0,0.0,0.8502251551183879,1
2025-05-08,349137.5,24,16036.0,12844.0,14547.395833333334,16170.0,351440.0,2199.0,243.0,22,139630.0,55706.0,93467.0,959.0,4781.0,111.0,22075.5,974.0,31444.0,0.0,0.9071711045979879,1
2025-05-09,335125.0,24,16163.0,12000.0,13963.541666666666,16330.0,337526.0,2291.0,202.0,19,132446.0,49223.0,94089.0,960.0,4752.0,104.0,21857.5,981.0,30694.5,0.0,0.8639201674606611,1
2025-05-10,352093.5,24,16603.0,13269.0,14670.5625,17000.0,359565.0,7133.0,620.0,24,124120.5,67068.5,99800.0,1000.0,4783.0,62.0,21565.0,1070.0,32624.5,0.0,0.8836091369029694,1
2025-05-11,353717.5,24,16232.5,12756.0,14738.229166666666,16650.0,358835.0,4885.5,437.0,22,129915.5,52231.0,110060.0,956.0,4594.0,51.0,21895.5,1028.0,33026.5,0.0,0.9079457364341085,1
2025-05-12,323827.5,24,14987.0,12048.0,13492.8125,14987.0,324127.5,288.0,53.0,11,127406.0,40161.5,96998.5,957.0,3457.0,68.0,21438.0,899.0,32441.5,0.0,0.9003010942817108,1
2025-05-13,338721.5,24,15936.0,12251.0,14113.395833333334,16060.0,342190.0,3312.0,298.0,24,125385.0,62218.0,88821.0,946.0,3707.0,140.0,21891.5,928.0,34685.0,0.0,0.8856297586178046,1
2025-05-14,344543.5,24,15782.0,13386.0,14355.979166666666,15950.0,349180.0,4427.5,345.0,24,135507.0,58913.5,88769.5,945.0,3711.0,160.5,21728.0,812.0,33997.0,0.0,0.9096425780424956,1
2025-05-15,329270.5,24,15114.5,12419.0,13719.604166666666,15295.0,330921.0,1576.5,172.5,23,133432.0,49216.5,85767.5,937.0,3105.0,168.0,21820.5,1067.0,33757.0,0.0,0.9077114139843637,1
2025-05-16,313023.5,24,14252.5,12045.0,13042.645833333334,14395.0,314657.0,1561.5,200.0,14,134493.0,28815.0,91603.0,915.0,3081.0,262.0,21771.0,884.0,31199.5,0.0,0.915112845699585,1
2025-05-17,294815.5,24,13914.0,10304.0,12283.979166666666,13914.0,294815.5,0.0,0.0,0,134331.5,25494.0,84732.0,921.0,3130.0,524.5,22018.0,888.0,22776.5,0.0,0.8828503066455847,0
2025-05-18,298698.0,24,14548.0,10232.0,12445.75,14650.0,299476.0,744.0,97.0,17,131088.0,26265.5,89104.5,933.0,3860.0,169.0,21988.0,739.0,24551.0,0.0,0.8554956007698653,1
2025-05-19,311294.5,24,14687.0,11709.0,12970.604166666666,14725.0,312640.0,1286.5,90.0,24,132963.5,28601.5,97694.5,945.0,3361.0,192.5,22048.5,788.0,24700.0,0.0,0.8831350287101972,1
2025-05-20,306092.5,24,13994.5,11826.0,12753.854166666666,14047.5,307206.5,1065.5,106.0,24,135610.0,25123.0,92865.0,947.0,2869.0,543.0,22048.0,736.0,25353.5,0.0,0.911347612752629,1
2025-05-21,306577.5,24,14193.0,11198.0,12774.0625,14193.0,307457.0,840.0,87.0,21,133878.0,24936.0,93751.5,944.5,3193.0,335.5,22053.0,757.0,26729.0,0.0,0.9000255407595293,1
2025-05-22,314782.5,24,15049.0,11205.0,13115.9375,15120.0,315812.5,984.0,138.0,24,134737.5,30289.5,95881.5,942.5,3931.0,418.5,21926.5,1026.0,25629.5,0.0,0.8715487740049173,1
2025-05-23,308236.5,24,14480.5,11552.0,12843.1875,14630.0,309462.0,1169.5,147.0,14,129132.0,26215.5,99493.5,937.0,2600.0,190.0,21839.0,873.0,26956.5,0.0,0.8869298366769103,1
2025-05-24,321016.0,24,15316.0,11970.0,13375.666666666666,15400.0,323330.0,2213.0,238.0,24,131085.0,31779.5,102719.0,931.0,3853.0,87.0,21578.5,894.0,28089.0,0.0,0.873313310699051,1
2025-05-25,333713.0,24,15132.0,12551.0,13904.708333333334,15235.0,338482.0,4557.5,297.0,24,129404.5,38447.5,106935.0,928.0,3912.0,133.0,21863.5,1039.0,31050.5,0.0,0.9188942858401622,1
2025-05-26,330298.5,24,15016.0,12578.0,13762.4375,15130.0,334340.0,3858.5,327.0,24,125934.5,38058.0,111151.0,922.5,3150.0,252.5,17764.0,949.0,32117.0,0.0,0.9165182139051679,1
2025-05-27,336140.0,24,16022.0,12344.0,14005.833333333334,16420.0,341640.0,5252.5,509.0,24,124710.5,44036.5,111609.0,929.0,4783.0,182.5,21558.5,949.0,27382.0,0.0,0.8741626097449341,1
2025-05-28,343848.0,24,15623.0,12869.0,14327.0,16150.0,350284.0,6144.0,506.0,23,122005.0,60706.0,108084.5,936.0,3770.0,1141.0,21914.5,828.0,24472.0,0.0,0.9170453818088715,1
2025-05-29,274967.5,24,14719.5,9698.0,11456.979166666666,15135.0,277710.0,2618.0,474.0,16,112372.0,20401.0,93399.5,922.0,1784.0,1443.0,22098.0,296.0,22252.0,0.0,0.7783538276888934,1
2025-05-30,230598.0,24,13299.0,7297.0,9608.25,13299.0,230598.0,0.0,0.0,0,105193.0,7639.5,75575.0,578.0,1543.0,1170.0,17445.0,230.0,21325.5,0.0,0.7224791337694564,0
2025-05-31,301805.5,24,14695.0,11376.0,12575.229166666666,14700.0,301907.5,98.0,69.0,2,116525.5,30887.5,103051.5,1858.0,3056.0,777.5,20775.0,576.0,24298.5,0.0,0.8557488374730634,1
2025-06-01,307808.0,24,14135.0,11687.0,12825.333333333334,14181.0,308230.0,404.0,88.0,7,118414.0,31258.5,103918.0,2583.0,2664.0,529.0,21876.0,799.0,25766.5,0.0,0.9073458318594506,1
2025-06-02,305161.0,24,14972.0,10385.0,12715.041666666666,15030.0,305305.0,138.0,55.0,3,134199.5,22435.5,92379.0,3721.0,3808.0,399.0,22098.5,797.0,25323.5,0.0,0.8492547199216315,1
2025-06-03,280754.0,24,14306.0,8827.0,11698.083333333334,14306.0,280871.0,112.0,28.0,5,129657.5,16976.0,82005.5,3438.0,4374.0,420.0,19395.0,903.0,23585.0,0.0,0.8177046926697423,1
2025-06-04,294313.5,24,14053.0,10098.0,12263.0625,14053.0,294413.0,95.0,41.0,3,134538.5,18834.0,87619.5,3928.0,3205.0,576.5,18984.0,1091.0,25537.0,0.0,0.8726295097132285,1
2025-06-05,284773.0,24,13499.0,10521.0,11865.541666666666,13499.0,284773.0,0.0,0.0,0,143851.5,13373.5,77166.5,3778.0,3333.0,278.5,19506.5,713.0,22772.5,0.0,0.8789941230214583,0
2025-06-06,266597.5,24,12886.5,9770.0,11108.229166666666,12886.5,266597.5,0.0,0.0,0,150318.5,9845.0,58005.0,3658.0,4366.0,103.5,19264.0,763.0,20273.5,0.0,0.8620051345723561,0
2025-06-07,264225.0,24,13105.0,9253.0,11009.375,13105.0,264225.0,0.0,0.0,0,165676.0,11721.5,46009.5,3690.0,4540.0,60.0,17285.0,750.0,14493.0,0.0,0.8400896604349485,0
2025-06-08,282715.5,24,13497.0,10538.0,11779.8125,13497.0,282715.5,0.0,0.0,0,179854.5,16157.0,48519.0,3968.0,4189.0,36.0,17757.0,799.0,11427.0,0.0,0.8727726531821887,0
2025-06-09,294774.0,24,14140.0,10940.0,12282.25,14235.0,295306.5,509.5,91.0,10,168662.0,22171.0,58273.5,4008.0,4792.0,25.0,22125.5,825.0,13892.0,0.0,0.8686173974540311,1
2025-06-10,299717.5,24,14033.5,11377.0,12488.229166666666,14117.5,300449.5,699.5,84.0,11,165920.5,21492.0,66187.5,4008.0,4629.0,94.5,22112.0,882.0,14392.0,0.0,0.8898869965914894,1
2025-06-11,291665.5,24,14364.0,10828.0,12152.729166666666,14400.0,292102.0,417.5,67.0,10,162461.0,18168.0,64877.5,4008.0,4829.0,167.0,21493.0,823.0,14839.0,0.0,0.8460546621182585,1
2025-06-12,313405.5,24,14990.0,11695.0,13058.5625,15080.0,314275.0,830.5,135.0,13,161345.0,25703.5,79815.5,4088.0,4560.0,174.5,20988.0,909.0,15822.0,0.0,0.8711516010673782,1
2025-06-13,323982.5,24,15327.0,12068.0,13499.270833333334,15490.0,325278.0,1237.0,186.0,10,154718.0,35615.5,87806.5,4128.0,4901.0,108.0,17984.5,975.0,17751.0,0.0,0.8807510167242992,1
2025-06-14,336309.5,24,15617.0,12689.0,14012.895833333334,15617.0,337830.0,1453.0,292.0,10,135951.5,48618.5,100664.5,3968.0,3645.0,150.0,20058.5,953.0,22300.5,0.0,0.8972847431218117,1
2025-06-15,342344.0,24,15598.0,13013.0,14264.333333333334,15640.0,342841.5,476.5,83.0,10,134112.5,43573.0,102140.0,4128.0,3583.0,361.5,20666.0,924.0,31963.0,893.0,0.9144975851604907,1
2025-06-16,337866.5,24,15376.5,12646.0,14077.770833333334,15423.5,338073.5,243.5,53.5,8,149536.5,33931.0,93410.0,4128.0,4049.0,893.0,21587.5,898.0,27970.5,912.0,0.9155380504882993,1
2025-06-17,314798.5,24,14868.5,11745.0,13116.604166666666,14890.0,315444.0,616.5,524.0,5,144480.5,23605.5,91677.0,3955.0,2433.0,880.0,18414.0,749.0,27692.5,912.0,0.8821740032058827,1
2025-06-18,307016.5,24,14182.0,11357.0,12792.354166666666,14182.0,307016.5,0.0,0.0,0,125118.0,31253.5,93238.5,4128.0,1942.0,1045.5,19691.5,690.0,28997.5,912.0,0.9020134090161237,0
2025-06-19,303071.0,24,14304.0,10824.0,12627.958333333334,14304.0,303180.0,104.0,36.0,4,94550.0,48286.5,97206.0,4138.0,1949.0,895.5,22150.0,678.0,32318.0,912.0,0.8828270646905295,1
2025-06-20,289354.0,24,14092.0,10710.0,12056.416666666666,14092.0,289585.0,221.0,68.0,5,102427.5,34266.0,90167.0,4370.0,2044.0,545.5,22408.0,711.0,31503.0,912.0,0.855550430504305,1
2025-06-21,319295.0,24,15691.0,11549.0,13303.958333333334,15720.0,319426.0,126.0,39.0,4,128176.0,38004.5,90445.0,4368.0,2943.0,199.0,21804.0,698.0,31731.5,912.0,0.8478719223333971,1
2025-06-22,338634.0,24,15590.0,12564.0,14109.75,15630.0,338946.5,298.5,51.0,7,147139.0,38896.5,89014.5,4238.0,3723.0,314.5,21112.0,805.0,32479.5,912.0,0.9050513149454779,1
2025-06-23,340260.5,24,15680.0,12695.0,14177.520833333334,15680.0,340619.0,344.0,73.0,7,145884.5,39674.0,95338.5,4128.0,3746.0,400.5,21115.0,839.0,28223.0,912.0,0.90417862457483,1
2025-06-24,339708.5,24,15628.0,12584.0,14154.520833333334,15700.0,340340.5,604.0,69.0,13,134590.5,46602.5,101115.0,4128.0,3481.0,935.5,17098.0,938.0,29908.0,912.0,0.9057154359696272,1
2025-06-25,337799.0,24,15468.0,12781.0,14074.958333333334,15510.0,337579.0,651.5,91.0,13,126647.0,49799.0,106548.5,4128.0,3522.0,1119.5,10597.5,941.0,33580.5,912.0,0.9099404146194294,1
2025-06-26,337336.5,24,15437.0,12651.0,14055.6875,15520.0,337994.0,628.0,144.0,9,133462.0,46156.0,103204.5,4128.0,3919.0,706.0,10703.0,940.0,33206.0,912.0,0.9105193690483903,1
2025-06-27,309823.5,24,15163.5,11029.0,12909.3125,15297.5,310927.5,1053.0,177.0,10,134772.5,25131.5,95212.0,3968.0,3672.0,731.0,17706.5,873.0,26098.0,912.0,0.8513412140996471,1
2025-06-28,319954.5,24,15476.0,11397.0,13331.4375,15520.0,320263.5,296.0,90.0,7,142594.5,27077.0,92307.5,4038.0,3673.0,494.5,21960.0,912.0,25986.0,912.0,0.8614265637115534,1
2025-06-29,336408.5,24,15485.0,12526.0,14017.020833333334,15570.0,337300.0,851.5,129.0,11,143378.0,31662.5,100297.5,4017.0,3859.0,742.5,22240.0,902.0,28398.0,912.0,0.9051999246582715,1
2025-06-30,336270.0,24,15333.0,12569.0,14011.25,15395.0,337197.0,885.0,127.0,12,140142.5,35868.0,99718.0,3990.0,3258.0,633.0,22294.0,923.0,28531.5,912.0,0.9137970390660667,1
2025-07-01,342736.5,24,15761.0,13052.0,14280.6875,15920.0,343855.0,1068.0,209.0,10,139018.0,42104.0,97685.0,4008.0,4546.0,773.0,21898.5,1035.0,30747.0,922.0,0.9060775014275744,1
2025-07-02,339978.5,24,15485.0,12876.0,14165.770833333334,15540.0,340920.0,900.5,191.5,9,139883.5,44162.0,90588.0,4128.0,3824.0,932.0,21620.5,1019.0,32909.5,912.0,0.9148059950489722,1
2025-07-03,335376.0,24,15394.0,12545.0,13974.0,15465.0,336129.0,719.5,130.0,9,139355.5,43420.0,88810.0,4128.0,3794.0,861.0,21329.0,957.0,31809.5,912.0,0.9077562686761076,1
2025-07-04,305276.0,24,14996.0,11040.0,12719.833333333334,15060.0,305633.0,341.0,75.0,6,142957.5,25222.5,80477.0,4128.0,3013.0,550.5,21352.0,886.0,25782.5,912.0,0.8482150795767761,1
2025-07-05,310723.0,24,14938.0,11588.0,12946.791666666666,14965.0,310784.0,58.0,32.0,2,143960.5,29140.0,81292.0,4128.0,3314.0,549.5,21371.5,889.0,25166.5,912.0,0.8667018119337706,1
2025-07-06,315525.5,24,14785.0,11716.0,13146.895833333334,14880.0,316715.0,1138.0,110.0,22,142921.0,33803.5,81017.5,4128.0,3437.0,642.5,21371.0,899.0,26394.0,912.0,0.8892049938000226,1
2025-07-07,316247.0,24,14352.0,12090.0,13176.958333333334,14440.0,316539.0,279.0,84.0,6,144499.5,31341.0,81715.5,4129.0,2692.0,708.0,21372.0,852.0,28026.0,912.0,0.9181269741731699,1
2025-07-08,296504.0,24,13703.0,11365.0,12354.333333333334,13703.0,296504.0,0.0,0.0,0,143393.0,15966.0,83082.0,4128.0,2053.0,991.5,21290.5,749.0,23939.0,912.0,0.9015787297185531,0
2025-07-09,280604.5,24,13031.0,10365.0,11691.854166666666,13031.0,280604.5,0.0,0.0,0,137620.5,12041.0,78410.0,4408.0,1800.0,1077.0,21400.5,730.0,22219.5,912.0,0.8972338398178702,0
2025-07-10,288651.5,24,13843.0,10432.0,12027.145833333334,13875.0,288740.5,86.0,31.0,3,135918.5,15871.5,85121.0,5109.0,1871.0,728.0,21628.0,712.0,21540.5,152.0,0.8688250981242024,1
2025-07-11,290830.0,24,14630.0,10480.0,12117.916666666666,14630.0,290830.0,0.0,0.0,0,133188.5,15627.5,87620.5,4756.0,4453.0,351.5,21763.5,772.0,21404.5,893.0,0.8282923217133743,0
2025-07-12,332632.5,24,16168.0,12366.0,13859.6875,16270.0,333304.0,641.0,247.0,7,144756.0,35695.0,95365.0,3987.0,4795.0,46.0,21309.5,907.0,24754.0,912.0,0.8572295583869372,1
2025-07-13,347313.5,24,15602.0,12975.0,14471.395833333334,15680.0,348179.5,826.0,104.0,12,137494.5,49710.0,102032.0,4035.0,3784.0,645.0,21245.5,1031.0,26424.5,912.0,0.9275346643592702,1
2025-07-14,312096.5,24,15141.5,11745.0,13004.020833333334,15240.0,312487.0,373.0,103.0,5,131736.0,30856.5,92993.0,4418.5,2330.0,701.5,21374.5,791.0,25983.5,912.0,0.8588330636550761,1
2025-07-15,309276.5,24,14369.0,11800.0,12886.520833333334,14369.0,309276.5,0.0,0.0,0,130837.5,32540.5,91242.5,4909.0,1851.0,356.5,21229.5,650.0,24758.0,912.0,0.8968279513768066,0
2025-07-16,320129.5,24,14916.0,12108.0,13338.729166666666,14916.0,320157.5,27.0,27.0,1,133555.5,31525.5,99675.0,5007.0,2533.0,113.5,21232.5,680.0,24895.5,912.0,0.894256447215518,1
2025-07-17,325340.0,24,14992.0,12235.0,13555.833333333334,15030.0,325652.0,298.5,46.0,9,131939.5,31673.0,105728.5,5043.5,2562.0,16.5,21527.5,656.0,25254.5,912.0,0.904204464603344,1
2025-07-18,316102.0,24,14937.0,11488.0,13170.916666666666,15000.0,316585.5,461.5,65.0,10,130400.0,27362.0,103799.5,4828.5,3412.0,23.0,21047.0,632.0,23686.0,912.0,0.8817645221039476,1
2025-07-19,336840.5,24,16006.0,12721.0,14035.020833333334,16130.0,337838.0,952.0,127.0,12,138669.0,41332.0,100089.0,5010.5,3910.0,14.0,20821.5,678.0,25404.5,912.0,0.8768599795909867,1
2025-07-20,344274.0,24,15702.0,12754.0,14344.75,15810.0,345887.0,1542.0,156.0,20,131578.5,51687.0,102809.5,5151.5,2549.0,16.0,20817.5,642.0,28111.0,912.0,0.913561966628455,1
2025-07-21,345232.5,24,15640.0,12929.0,14384.6875,16000.0,349608.5,4180.0,812.0,23,133044.0,54774.0,94804.0,5254.0,4282.0,28.5,20770.0,623.0,30743.0,912.0,0.9197370524296675,1
2025-07-22,352822.5,24,16078.0,13571.0,14700.9375,16370.0,358370.0,5298.0,352.0,24,132809.5,61041.0,95040.5,5266.0,3296.0,68.0,20537.0,643.0,33209.5,912.0,0.9143511319815898,1
2025-07-23,363013.5,24,16794.0,13971.0,15125.5625,17100.0,368370.0,5115.5,441.0,24,134863.0,64466.5,97600.5,5266.0,4412.0,114.0,20678.0,1029.0,33672.5,912.0,0.9006527628915089,1
2025-07-24,336805.0,24,16072.0,11501.0,14033.541666666666,16360.0,339602.0,2670.0,277.0,19,131804.5,42401.0,102797.0,5243.5,3276.0,313.5,20534.0,835.0,28691.0,912.0,0.8731671022067363,1
2025-07-25,289284.3333333333,24,14748.0,9796.0,12053.513888888889,14900.0,290085.0,764.6666666666666,145.0,10,125117.83333333333,19538.5,88177.66666666667,5238.0,3547.0,1253.5,20467.0,754.3333333333334,24278.5,912.0,0.8172982023927915,1
2025-07-26,322284.6666666667,24,15395.0,12083.0,13428.52777777778,15550.0,322905.0,592.3333333333334,150.0,6,139175.66666666666,31432.0,92451.33333333333,5266.0,3612.0,756.0,20489.0,892.6666666666666,27298.0,912.0,0.8722655263252861,1
2025-07-27,339115.5,24,15221.0,12886.0,14129.8125,15320.0,340872.0,1679.0,179.0,21,131007.5,44235.5,100945.0,5252.0,2622.0,424.0,20807.5,894.0,32026.0,912.0,0.9283103935352474,1
2025-07-28,325357.5,24,14883.0,12370.0,13556.5625,14935.0,325932.0,549.5,127.5,8,121516.0,34711.5,107938.5,5262.5,1749.0,275.5,20833.0,1039.0,31150.5,912.0,0.9108756635087012,1
2025-07-29,322169.5,24,14891.0,12290.0,13423.729166666666,15000.0,322790.5,593.0,147.0,11,127021.5,37781.5,98381.5,5240.0,3332.0,369.5,20539.5,941.0,27689.0,912.0,0.9014659302039263,1
2025-07-30,328364.5,24,15216.0,12414.0,13681.854166666666,15360.0,329005.0,612.0,139.0,8,129877.5,38812.0,100467.5,5254.5,3571.0,449.0,20071.0,920.0,28030.0,912.0,0.8991754841395022,1
2025-07-31,319477.0,24,14655.0,12261.0,13311.541666666666,14735.0,319918.0,421.5,76.5,8,133597.5,27959.0,108466.0,5260.5,3186.0,498.5,10315.5,943.0,28939.0,912.0,0.9083276469919254,1
2025-08-01,293590.0,24,13989.0,10832.0,12232.916666666666,14028.0,293685.0,91.0,37.0,3,128660.5,21400.0,96836.0,5274.5,3047.0,175.0,10366.0,920.0,26098.0,912.0,0.874466842995687,1
2025-08-02,317192.5,24,15156.0,11937.0,13216.354166666666,15156.0,317238.5,44.0,44.0,1,137028.5,25406.0,105711.0,5273.5,2444.0,321.5,12634.0,1051.0,26411.0,912.0,0.8720212567080143,1
2025-08-03,326994.5,24,14855.0,12586.0,13624.770833333334,14855.0,327141.5,138.5,19.0,9,137524.0,27511.5,103957.0,5277.0,2975.0,566.5,21187.0,924.0,26159.5,912.0,0.9171841691910693,1
2025-08-04,318563.0,24,14981.0,11638.0,13273.458333333334,14981.0,318563.0,0.0,0.0,0,132254.5,27097.0,102821.5,5218.0,1736.0,290.0,21244.0,727.0,26263.0,912.0,0.8860195136061233,0
2025-08-05,282461.5,24,13863.5,10386.0,11769.229166666666,13863.5,282461.5,0.0,0.0,0,129334.0,12009.0,87604.5,4978.0,2586.0,108.0,21707.5,796.5,22346.0,912.0,0.8489363556581431,0
2025-08-06,310143.5,24,14703.0,11127.0,12922.645833333334,14790.0,311104.5,918.0,304.0,7,137780.5,20936.5,96624.5,4925.0,3367.0,31.0,21672.5,855.0,22938.5,912.0,0.8789121834546239,1
2025-08-07,322370.0,24,14690.0,12298.0,13432.083333333334,14730.0,322958.0,562.0,106.0,8,138287.0,25470.0,99655.5,4938.0,2984.0,219.0,21710.0,937.0,27287.5,912.0,0.9143691853868845,1
2025-08-08,285303.5,24,14397.5,9862.0,11887.645833333334,14397.5,285303.5,0.0,0.0,0,130438.5,16624.0,85357.5,4622.5,1984.0,371.0,21426.5,872.0,22695.5,912.0,0.8256743068819818,0
2025-08-09,299535.5,24,14647.0,10888.0,12480.645833333334,14647.0,299682.5,140.5,61.0,4,139107.0,20353.0,83951.5,5283.5,3226.0,117.5,21622.0,919.0,24044.0,912.0,0.8520957078810223,1
2025-08-10,328523.5,24,15567.0,12096.0,13688.479166666666,15620.0,328737.5,206.0,51.0,5,139313.0,30351.5,97346.5,5267.5,3696.0,183.5,20919.0,941.0,28913.5,912.0,0.8793267274790689,1
2025-08-11,342018.5,24,15947.0,12846.0,14250.770833333334,16100.0,342799.0,744.0,146.0,10,139045.0,38444.0,102750.0,5268.5,3996.0,73.0,21828.0,1001.0,28701.0,912.0,0.893633337513848,1
2025-08-12,349650.0,24,15956.0,13457.0,14568.75,16010.0,350134.0,464.0,90.0,9,138686.0,44998.5,102731.5,5281.0,2894.0,53.0,21738.0,1071.0,31323.0,912.0,0.9130577839057408,1
2025-08-13,329914.5,24,15596.5,12497.0,13746.4375,15640.0,330067.0,145.5,41.5,4,139394.5,29957.5,99993.5,5266.0,1683.0,415.0,21749.0,993.0,29577.0,912.0,0.8813796364568974,1
2025-08-14,325561.0,24,15162.0,12321.0,13565.041666666666,15162.0,325720.0,151.0,36.0,5,137007.5,29048.0,102255.5,5278.0,3663.0,455.0,21394.0,884.0,24664.0,912.0,0.894673635843996,1
2025-08-15,311933.0,24,14780.0,11371.0,12997.208333333334,14810.0,311963.0,29.0,29.0,1,137193.0,21311.5,95053.0,5253.0,4531.0,185.0,21364.0,960.0,25170.5,912.0,0.8793781010374381,1
2025-08-16,333335.5,24,15941.0,12515.0,13888.979166666666,16040.0,333734.5,381.5,98.0,5,143875.5,29971.0,100583.5,5189.0,5119.0,47.0,21823.5,1031.0,24784.0,912.0,0.8712740208686197,1
2025-08-17,346844.5,24,15868.0,12625.0,14451.854166666666,16030.0,348093.0,1191.5,160.0,12,143258.5,40087.0,109526.5,5262.0,3844.0,154.5,21427.5,1063.0,20347.5,912.0,0.9107546109570623,1
2025-08-18,342176.0,24,15944.0,12953.0,14257.333333333334,16150.0,343278.5,1053.0,197.0,9,141103.0,39963.0,109677.0,5185.0,4599.0,715.5,21412.5,1108.0,17481.0,912.0,0.8942130791102192,1
2025-08-19,336126.5,24,15447.0,12814.0,14005.270833333334,15500.0,336742.0,588.0,89.0,11,139126.0,38044.0,107818.5,5299.0,4006.0,827.5,21110.5,981.0,18000.0,912.0,0.9066660732396798,1
2025-08-20,327646.0,24,15018.0,12281.0,13651.916666666666,15018.0,327781.0,129.0,46.0,4,132390.5,34444.0,110130.5,5293.0,3424.0,687.0,21029.0,981.0,18255.0,912.0,0.9090369334576286,1
2025-08-21,321050.0,24,14680.0,12300.0,13377.083333333334,14710.0,321200.0,142.5,57.0,4,132112.5,30961.5,109572.0,5279.5,2420.0,614.5,20512.0,929.0,17737.0,912.0,0.9112454586739328,1
2025-08-22,289013.5,24,14114.5,10376.0,12042.229166666666,14114.5,289013.5,0.0,0.0,0,126711.5,15973.0,93112.0,5122.0,3137.0,758.0,20279.0,877.0,22132.0,912.0,0.8531814209973195,0
2025-08-23,296916.5,24,14201.0,11058.0,12371.520833333334,14201.0,296916.5,0.0,0.0,0,135667.0,16663.0,90435.0,5282.0,3127.0,815.0,20711.0,892.5,22411.5,912.0,0.8711725113254936,0
2025-08-24,313035.5,24,14827.0,11644.0,13043.145833333334,14827.0,313035.5,0.0,0.0,0,138268.0,20886.5,97352.5,5294.0,3656.0,264.0,20976.5,916.0,24510.0,912.0,0.8796887997122367,0
2025-08-25,327762.5,24,15672.0,12199.0,13656.770833333334,15750.0,328057.5,282.0,74.0,4,134433.5,30092.5,104139.5,5302.0,4875.0,118.5,20857.0,990.0,26042.5,912.0,0.87141212565935,1
2025-08-26,345145.0,24,16026.0,12972.0,14381.041666666666,16100.0,345569.0,415.5,71.0,7,133112.0,41727.0,110091.5,5279.5,4914.0,220.0,20460.0,1078.0,27351.0,912.0,0.8973568992054578,1
2025-08-27,345290.5,24,15765.0,13000.0,14387.104166666666,15820.0,345568.5,271.0,53.0,6,130655.5,45747.5,111732.0,5292.0,4810.0,596.0,17830.5,1020.0,26695.0,912.0,0.9125977904641083,1
2025-08-28,338214.5,24,15471.5,12858.0,14092.270833333334,15535.0,338675.0,439.0,69.0,9,130256.0,39819.0,108944.0,5289.0,3555.0,386.5,20658.5,907.0,27487.5,912.0,0.9108535586939427,1
2025-08-29,309744.0,24,15018.0,11165.0,12906.0,15018.0,309852.0,103.0,103.0,1,133487.0,23216.5,97288.5,5300.0,3552.0,294.5,21047.0,921.0,23725.5,912.0,0.8593687574910108,1
2025-08-30,320129.5,24,15398.0,11904.0,13338.729166666666,15398.0,320129.5,0.0,0.0,0,139125.5,26718.5,97975.5,5309.0,3690.0,158.0,21627.0,907.0,23707.0,912.0,0.866263746373988,0
2025-08-31,342028.5,24,15808.0,13017.0,14251.1875,15850.0,342335.5,294.0,113.0,5,136295.5,43799.5,103508.0,5202.0,4614.0,6.5,21971.0,1048.0,24672.0,912.0,0.9015174278846154,1
2025-09-01,350654.5,24,16137.0,13365.0,14610.604166666666,16300.0,351886.0,1178.0,196.0,12,130255.0,52413.5,106222.0,5223.0,5336.0,260.0,21971.0,1056.0,27006.0,912.0,0.9054101857015967,1
2025-09-02,332043.5,24,15915.0,12046.0,13835.145833333334,16070.0,332936.0,852.0,157.0,7,132157.5,40002.0,101866.0,5297.5,4666.0,670.5,21987.0,1115.0,23370.0,912.0,0.8693148497224841,1
2025-09-03,345272.5,24,15792.0,12924.0,14386.354166666666,15950.0,347506.0,2133.5,283.0,17,127656.5,51369.0,104767.5,5293.5,4205.0,613.5,21919.0,1135.0,27401.5,912.0,0.9109900054880108,1
2025-09-04,345611.5,24,15875.0,12972.0,14400.479166666666,15930.0,348786.0,3031.0,246.0,21,128314.5,44692.5,105683.0,5276.0,4571.0,420.5,22088.0,1129.0,32525.0,912.0,0.9071167979002625,1
2025-09-05,325928.5,24,15415.5,11911.0,13580.354166666666,15605.0,327551.0,1552.0,181.0,14,126782.0,34970.5,99955.5,5272.0,4717.0,98.0,22209.0,1114.0,29898.5,912.0,0.8809545046652179,1
2025-09-06,337612.5,24,15994.0,12240.0,14067.1875,16160.0,339355.0,1666.5,159.0,20,134171.0,38115.0,101986.0,5275.0,4654.0,31.0,21932.5,1148.0,29388.0,912.0,0.8795290421408029,1
2025-09-07,350643.5,24,15966.0,13254.0,14610.145833333334,16020.0,353001.0,2251.0,251.0,19,136576.0,46094.0,103795.0,5282.0,3037.0,23.0,22118.5,1079.0,31719.0,912.0,0.9150786567288822,1
2025-09-08,349773.5,24,15755.0,13404.0,14573.895833333334,16400.0,356065.0,6007.5,715.0,24,137083.5,44719.5,104047.5,5199.0,4014.0,14.0,21920.5,1116.0,30747.5,912.0,0.9250330582883741,1
2025-09-09,341396.0,24,15415.0,13209.0,14224.833333333334,16300.0,357475.0,15355.0,1653.0,24,127326.5,55605.0,105290.5,5254.0,3622.0,16.0,21962.0,1126.0,20282.0,912.0,0.9227916531516921,1
2025-09-10,346473.5,24,15635.0,13707.0,14436.395833333334,16250.0,362735.0,15528.5,1549.5,24,129348.5,65333.5,100769.0,5203.0,4018.0,47.0,21977.5,1091.0,17774.0,912.0,0.9233383967594073,1
2025-09-11,346985.5,24,15712.0,13416.0,14457.729166666666,15930.0,351229.0,4051.5,675.5,19,138008.0,55087.5,103238.5,5264.0,3524.0,108.0,21899.5,1068.0,17851.0,912.0,0.9201711536829599,1
2025-09-12,319757.5,24,15351.5,11798.0,13323.229166666666,15600.0,322653.0,2765.0,310.0,18,137567.0,31462.5,101016.5,5094.5,3090.0,122.5,21381.0,1064.0,18047.5,912.0,0.8678780032352973,1
2025-09-13,330834.0,24,15248.0,12489.0,13784.75,15670.0,333429.0,2479.0,502.0,16,143597.0,34657.0,102908.5,5252.5,3263.0,198.5,21026.0,1023.0,17996.5,912.0,0.9040365949632738,1
2025-09-14,320938.5,24,14945.5,12367.0,13372.4375,15160.0,322651.0,1635.0,205.0,13,126064.0,29454.0,104899.0,4754.5,1445.0,67.5,21428.5,992.0,30922.0,912.0,0.8947467465123281,1
2025-09-15,308856.0,24,14053.0,11915.0,12869.0,14140.0,310450.0,1520.5,143.5,19,129282.5,19953.0,99952.0,5281.0,2668.0,143.5,21232.0,936.0,28496.0,912.0,0.9157475272183875,1
2025-09-16,303684.0,24,13900.0,11630.0,12653.5,13950.0,304347.0,632.5,88.5,10,131743.0,16927.5,97205.5,5295.5,2647.0,125.5,21132.0,932.0,26764.0,912.0,0.9103237410071943,1
2025-09-17,311737.0,24,14589.0,11654.0,12989.041666666666,14670.0,312047.5,297.0,77.0,7,132805.0,23790.5,97415.0,5293.5,3175.0,0.0,21156.5,993.0,26196.5,912.0,0.8903311855964539,1
2025-09-18,322467.0,24,15244.0,12076.0,13436.125,15400.0,323252.0,750.5,194.0,7,132095.0,29567.0,102693.5,5281.5,2870.0,18.0,21158.0,996.0,26852.0,912.0,0.8814041590133823,1
2025-09-19,310783.5,24,14508.0,11520.0,12949.3125,14550.0,311469.0,654.0,93.0,11,128138.0,23447.0,98183.5,5299.5,3475.0,56.0,21277.0,1078.0,28921.5,912.0,0.8925635856079405,1
2025-09-20,324179.0,24,15614.0,11795.0,13507.458333333334,15740.0,324969.0,754.0,138.0,7,131189.5,30321.0,101757.0,5300.0,3788.0,21.5,21752.0,1056.0,28082.0,912.0,0.8650863541266385,1
2025-09-21,344733.0,24,16055.0,13034.0,14363.875,16200.0,346273.5,1470.5,138.0,17,139617.5,41211.0,101553.0,5285.5,4290.0,113.0,21714.5,1086.0,28897.5,912.0,0.8946667704764871,1
2025-09-22,317653.0,24,15247.0,10618.0,13235.541666666666,15345.0,318888.0,1184.5,156.0,13,129261.0,27324.0,100468.5,5285.0,2974.0,307.0,21392.5,959.0,28770.0,912.0,0.8680751404647908,1
2025-09-23,331257.5,24,15753.0,12165.0,13802.395833333334,16030.0,334459.0,3058.5,329.0,22,131459.0,32928.0,102581.0,5281.0,4862.0,325.5,21392.5,1035.0,30481.5,912.0,0.8761757019826911,1
2025-09-24,341247.5,24,15589.0,12878.0,14218.645833333334,15950.0,346265.0,4793.0,468.0,24,131783.5,39178.5,107842.5,5290.5,4822.0,72.5,21384.0,1150.0,28812.0,912.0,0.9120947997519618,1
2025-09-25,342338.0,24,15844.0,12611.0,14264.083333333334,16220.0,349895.0,7216.5,512.0,24,131836.5,44152.0,106524.5,5015.0,4846.0,49.0,21401.0,1052.0,26550.0,912.0,0.9002829672641589,1
2025-09-26,329284.5,24,15606.5,12117.0,13720.1875,15945.0,332255.0,2836.0,323.0,24,126141.5,45047.5,95789.0,4974.0,4843.0,624.5,21443.5,1097.0,28420.5,912.0,0.8791328933457213,1
2025-09-27,338649.5,24,15938.0,12649.0,14110.395833333334,16090.0,340591.0,1853.5,307.0,18,134207.5,46306.5,96294.0,5238.5,4377.0,208.0,21514.0,1009.0,28583.0,912.0,0.8853303948634291,1
2025-09-28,340843.5,24,15373.5,12760.0,14201.8125,16050.0,347825.0,6668.5,852.0,24,130071.0,56187.0,103363.5,4890.0,4472.0,11.0,22127.5,1004.0,17805.5,912.0,0.923785247341204,1
2025-09-29,346156.5,24,15782.0,13160.0,14423.1875,16100.0,354025.0,7514.0,751.0,24,132176.5,55376.5,109784.0,4762.5,4761.0,57.0,21710.5,895.0,15721.5,912.0,0.9139011215308579,1
2025-09-30,352679.0,24,15678.0,13542.0,14694.958333333334,15825.0,357945.0,5028.5,568.0,24,130252.5,59225.5,114836.5,5121.0,4516.0,134.0,21022.5,919.0,15744.0,912.0,0.9372980184547349,1
2025-10-01,297624.0,24,15221.0,10009.0,12401.0,15475.0,298294.0,639.5,291.0,4,124891.5,27486.5,99192.0,5184.5,2078.0,415.5,20961.0,831.0,15672.0,912.0,0.8147296498258985,1
2025-10-02,286142.0,24,13534.0,10907.0,11922.583333333334,13534.0,286142.0,0.0,0.0,0,127774.5,13445.0,94438.0,5261.0,1728.0,845.0,20322.0,889.0,20527.5,912.0,0.8809356681936851,0
2025-10-03,271447.5,24,13038.0,9829.0,11310.3125,13038.0,271447.5,0.0,0.0,0,130695.5,5131.0,83434.5,5048.0,2666.0,310.0,18794.0,932.0,23524.5,912.0,0.8674883034207701,0
2025-10-04,300450.0,24,14157.0,11139.0,12518.75,14157.0,300450.0,0.0,0.0,0,139838.5,14718.0,89609.5,5270.5,3872.0,158.0,20259.0,1002.0,25170.5,912.0,0.8842798615525889,0
2025-10-05,300852.5,24,13802.5,11573.0,12535.520833333334,13802.5,300852.5,0.0,0.0,0,128710.5,26103.0,89981.5,5281.0,1739.0,183.0,19994.0,921.0,26993.5,912.0,0.9082065447080844,0
2025-10-06,301863.0,24,14417.0,10959.0,12577.625,14417.0,301863.0,0.0,0.0,0,124380.0,26678.0,91656.0,5271.5,3237.0,85.5,20274.0,852.0,28717.0,912.0,0.8724162447111049,0
2025-10-07,305962.0,24,14427.0,11377.0,12748.416666666666,14470.0,306005.0,41.0,41.0,1,122463.5,26003.0,95570.0,5274.5,3692.0,140.0,20749.0,1270.0,29888.0,912.0,0.8836498694577297,1
2025-10-08,309131.0,24,14733.0,11351.0,12880.458333333334,14800.0,309369.0,227.0,64.0,5,122605.5,33825.5,90467.5,5298.0,3313.0,66.5,20164.0,1640.0,30839.0,912.0,0.8742590330097967,1
2025-10-09,313569.0,24,14671.0,11387.0,13065.375,14770.0,314172.0,576.5,143.0,9,119780.5,40952.5,87549.0,5277.5,3527.0,58.5,21255.0,1550.0,32707.0,912.0,0.8905579033467385,1
2025-10-10,288127.5,24,13858.5,10470.0,12005.3125,13890.0,288260.0,127.5,30.5,5,114696.0,26134.5,84267.0,4657.0,3973.0,36.5,21912.0,1558.0,29981.5,912.0,0.8662779160803838,1
2025-10-11,288081.0,24,14101.0,10723.0,12003.375,14150.0,288198.0,112.0,47.0,3,112301.0,25452.5,87802.0,4916.0,3609.0,162.5,21562.5,1473.0,29706.5,912.0,0.8512428196581803,1
2025-10-12,302676.5,24,13947.0,10917.0,12611.520833333334,14280.0,304467.5,1710.0,318.0,6,111485.0,46382.5,90375.0,5156.0,4556.0,22.5,21634.5,1530.0,21489.0,912.0,0.9042461341746134,1
2025-10-13,307872.5,24,14106.0,11096.0,12828.020833333334,14400.0,309702.5,1648.0,366.0,7,113295.0,51911.5,90650.5,5248.5,4739.0,92.0,21416.5,1547.0,18064.5,912.0,0.9094017321234463,1
2025-10-14,308662.0,24,13921.0,11167.0,12860.916666666666,14270.0,311437.0,2648.5,368.0,17,114431.0,49904.0,91727.5,5270.5,5082.0,72.5,21394.0,1596.0,18272.5,912.0,0.923850058664368,1
2025-10-15,305986.0,24,13704.0,11479.0,12749.416666666666,14270.0,313878.0,7536.5,775.0,16,111737.5,49035.5,93181.0,5280.5,4647.0,19.5,21492.0,1698.0,17983.0,912.0,0.9303427223195174,1
2025-10-16,314601.0,24,14318.0,11782.0,13108.375,14700.0,320305.0,5448.0,581.0,18,110145.0,47184.5,91553.5,5266.0,4532.0,14.0,21523.0,1795.0,31676.0,912.0,0.9155171811705546,1
2025-10-17,305899.5,24,14255.0,11289.0,12745.8125,14300.0,306721.0,784.5,172.5,14,116332.5,31867.0,93393.5,5302.5,4598.0,3.0,20972.5,1611.0,30907.5,912.0,0.8941292528937215,1
2025-10-18,313363.5,24,15144.0,11435.0,13056.8125,15250.0,315129.0,1687.5,302.0,15,121721.5,35537.5,92036.0,5301.0,4281.0,0.0,20947.5,1488.0,31139.0,912.0,0.862177264923402,1
2025-10-19,320718.5,24,14308.5,12270.0,13363.270833333334,14900.0,327397.0,6379.5,687.0,19,120590.5,40116.5,93672.0,5276.0,4594.0,17.0,20953.0,1742.0,32801.5,912.0,0.9339393251097833,1
2025-10-20,323434.0,24,14767.0,12171.0,13476.416666666666,15020.0,329695.0,5977.5,559.5,24,119937.0,35675.0,98578.0,5292.0,4993.0,7.0,21403.5,1971.0,34665.5,912.0,0.9126035529672016,1
2025-10-21,328232.5,24,15545.0,12177.0,13676.354166666666,15680.0,332020.0,3616.0,393.0,23,119091.5,35095.0,108398.0,5267.0,5047.0,2.0,22043.5,2052.0,30202.5,912.0,0.8797911975983703,1
2025-10-22,329399.5,24,15636.0,12327.0,13724.979166666666,15800.0,333258.0,3684.5,357.0,24,119680.5,34034.5,108862.5,5256.5,4920.0,9.0,22311.0,2027.0,31403.5,912.0,0.8777807090474972,1
2025-10-23,329077.5,24,15421.0,12303.0,13711.5625,15510.0,332680.0,3441.0,360.0,24,116736.0,36987.5,109034.0,5282.5,4529.0,26.0,22296.5,1932.0,31342.0,912.0,0.8891487257635692,1
2025-10-24,305556.0,24,14251.0,11248.0,12731.5,14350.0,305993.0,418.5,94.5,7,117650.0,20241.0,103719.0,4932.0,4452.0,9.0,21724.0,1864.0,30053.0,912.0,0.8933759034453722,1
2025-10-25,315256.0,24,15235.0,11494.0,13135.666666666666,15330.0,315686.0,411.0,91.0,6,121396.5,29386.0,99870.0,5242.0,4176.0,33.0,21396.0,1783.0,31061.5,912.0,0.862203260037195,1
2025-10-26,330542.5,24,15574.0,12167.0,13772.604166666666,15670.0,331846.0,1244.0,104.0,21,125742.0,39470.0,101592.0,5216.5,4022.0,39.0,21304.0,1836.0,30447.0,912.0,0.8843331300029964,1
2025-10-27,330761.5,24,15644.0,12168.0,13781.729166666666,15730.0,332394.0,1558.0,139.0,20,120076.0,37527.5,108679.0,5276.5,4139.0,3.0,21692.5,1738.0,30718.0,912.0,0.8809594200119322,1
2025-10-28,328594.5,24,15205.0,12229.0,13691.4375,15450.0,332195.0,3439.5,582.0,20,117890.0,41633.0,108146.0,5368.0,4030.0,5.0,21675.0,1722.0,27213.5,912.0,0.9004562643867149,1
2025-10-29,320126.0,24,14677.0,12294.0,13338.583333333334,14730.0,322085.0,1869.5,174.0,24,116579.5,38090.0,106032.5,5275.0,2866.0,26.0,22018.5,1721.0,26605.5,912.0,0.9088085666916491,1
2025-10-30,305175.0,24,14577.0,11190.0,12715.625,14610.0,306914.0,1660.0,140.0,21,120985.5,28440.5,104881.5,5279.0,2386.0,1.0,21877.5,1762.0,18650.0,912.0,0.8723074020717568,1
2025-10-31,289596.0,24,13501.0,10568.0,12066.5,13501.0,290497.0,861.5,98.0,15,128527.0,18303.5,93006.5,5265.0,3303.0,22.0,21659.0,1759.0,16839.0,912.0,0.8937486112139842,1
2025-11-01,283588.5,24,13024.0,10497.0,11816.1875,13024.0,283850.5,250.0,53.0,7,133961.0,13764.5,88465.0,5264.0,1712.0,0.0,21186.5,1713.0,16620.5,902.0,0.9072625537469288,1
2025-11-02,284590.0,24,13364.0,10559.0,11857.916666666666,13364.0,284590.0,0.0,0.0,0,129613.5,19940.0,87586.0,5242.0,2067.0,6.0,21268.0,1486.0,16469.5,912.0,0.8873029532076224,0
2025-11-03,275747.0,24,13199.0,10149.0,11489.458333333334,13199.0,275795.0,46.0,24.0,2,122757.5,14620.5,83762.5,5238.0,4381.0,214.5,21610.5,1620.0,20630.5,912.0,0.8704794555143067,1
2025-11-04,278628.0,24,13748.0,9756.0,11609.5,13820.0,278951.0,309.0,89.0,6,112657.5,28013.5,78025.5,3900.0,4277.0,286.5,21508.5,1537.0,27480.5,912.0,0.8444501018329938,1
2025-11-05,283979.0,24,13660.0,10292.0,11832.458333333334,13710.0,284324.5,332.0,70.0,8,106324.0,36984.0,80223.5,3416.0,3651.0,452.5,21731.0,1330.0,28955.0,912.0,0.8662121766715472,1
2025-11-06,288158.5,24,13305.0,10555.0,12006.604166666666,13750.0,291414.5,3109.0,425.0,13,103835.5,41197.5,82061.0,2690.0,3608.0,64.0,22018.5,1521.0,30251.0,912.0,0.9024129399974946,1
2025-11-07,270197.0,24,12610.0,9957.0,11258.208333333334,12725.0,271143.0,904.0,286.0,11,104216.0,34751.0,72543.0,2017.0,4068.0,114.0,22172.0,1509.0,27879.0,912.0,0.8928000264340471,1
2025-11-08,264786.0,24,12775.0,9444.0,11032.75,12850.0,265356.5,544.0,120.0,18,110528.0,26632.0,69132.5,2056.0,4512.0,421.0,21922.0,1520.0,27164.5,912.0,0.8636203522504893,1
2025-11-09,261828.0,24,12640.0,9336.0,10909.5,12850.0,262396.0,543.5,201.0,14,104060.5,25142.5,73920.5,2064.0,4298.0,275.0,21586.0,1450.0,28119.5,912.0,0.8630933544303797,1
2025-11-10,255871.5,24,12657.0,9163.0,10661.3125,12725.0,256178.0,291.5,65.0,13,100384.5,18867.0,82041.0,2064.0,4258.0,250.5,21817.5,1346.0,23931.0,912.0,0.8423253930631271,1
2025-11-11,247896.0,24,12233.0,8876.0,10329.0,12280.0,247943.0,45.0,45.0,1,100261.5,13964.0,79210.0,2064.0,4328.0,221.5,21543.0,1696.0,23696.0,912.0,0.8443554320281207,1
2025-11-12,239212.0,24,11746.0,8316.0,9967.166666666666,11792.0,239258.0,44.0,44.0,1,97033.0,11138.5,76744.0,2064.0,4274.0,204.0,21508.0,1823.0,23517.5,912.0,0.8485583744820931,1
2025-11-13,237346.0,24,11577.0,8224.0,9889.416666666666,11577.0,237346.0,0.0,0.0,0,95462.0,17656.5,77103.5,2064.0,4210.0,114.0,21504.5,1859.0,16456.5,912.0,0.8542296507442918,0
2025-11-14,212181.0,24,9888.0,7954.0,8840.875,9888.0,212181.0,0.0,0.0,0,97862.5,3513.5,66595.5,2064.0,4202.0,52.5,21508.0,1550.0,13821.0,912.0,0.8941014360841424,0
2025-11-15,220391.5,24,11343.0,7355.0,9182.979166666666,11343.0,220391.5,0.0,0.0,0,102968.5,6433.5,67500.0,2064.0,3830.0,56.0,20981.0,1787.0,13819.5,912.0,0.8095723500543653,0
2025-11-16,233063.0,24,11530.0,7862.0,9710.958333333334,11530.0,233063.0,0.0,0.0,0,105809.5,7641.5,76127.0,2064.0,4391.0,110.5,20502.0,2024.0,14502.5,19.0,0.8422340271754843,0
2025-11-17,238117.0,24,11734.0,8060.0,9921.541666666666,11734.0,238117.0,0.0,0.0,0,102297.5,12292.0,77835.5,2064.0,4733.0,36.0,20673.5,2166.0,16019.5,0.0,0.8455378955741151,0
2025-11-18,238724.5,24,11784.0,8163.0,9946.854166666666,11815.0,238755.5,30.0,30.0,1,99321.0,13864.0,79970.0,2064.0,4729.0,100.0,20950.0,2212.0,15608.5,0.0,0.8440982829825752,1
2025-11-19,241761.5,24,11997.0,8247.0,10073.395833333334,11997.0,241761.5,0.0,0.0,0,100400.5,10608.0,84161.0,2064.0,4642.0,76.0,21339.5,2233.0,16237.5,0.0,0.8396595676696953,0
2025-11-20,242613.5,24,11972.0,8489.0,10108.895833333334,11995.0,242636.5,22.0,22.0,1,94267.5,12906.5,84667.0,2064.0,4248.0,158.0,21253.0,2138.0,20911.5,0.0,0.8443782019155809,1
2025-11-21,213345.0,24,9927.0,7381.0,8889.375,9927.0,213345.0,0.0,0.0,0,85346.5,4623.5,71531.5,2064.0,3924.0,299.0,19384.0,1863.0,24309.5,0.0,0.8954744635841644,0
2025-11-22,221009.0,24,11369.0,7548.0,9208.708333333334,11369.0,221105.0,92.0,26.0,4,101988.0,3780.0,63654.5,2064.0,3771.0,132.0,19797.5,1945.0,23877.0,0.0,0.8099840208754802,1
2025-11-23,229511.0,24,11309.0,7868.0,9562.958333333334,11309.0,229511.0,0.0,0.0,0,101176.0,4980.5,68712.0,1824.0,3598.0,245.5,20756.0,2046.0,26083.0,0.0,0.8456060070150618,0
2025-11-24,228592.0,24,11490.0,7828.0,9524.666666666666,11490.0,228592.0,0.0,0.0,0,99625.5,4078.0,73958.5,1304.0,3811.0,281.5,20957.0,2054.0,22522.5,0.0,0.8289527125036263,0
2025-11-25,227820.5,24,11404.0,7706.0,9492.520833333334,11404.0,227820.5,0.0,0.0,0,96087.5,2751.0,78044.5,1104.0,4192.0,22.5,21073.0,2047.0,22499.0,0.0,0.8323852010990296,0
2025-11-26,227205.0,24,11398.0,7592.0,9466.875,11398.0,227205.0,0.0,0.0,0,98997.5,2126.5,77225.0,991.0,4108.0,19.0,19941.5,2005.0,21791.5,0.0,0.8305733462010879,0
2025-11-27,229862.0,24,11435.0,7774.0,9577.583333333334,11435.0,229862.0,0.0,0.0,0,98763.5,2918.0,78440.5,1104.0,4450.0,46.0,19274.0,2022.0,22834.0,0.0,0.8375674099985425,0
2025-11-28,210672.5,24,10175.0,7835.0,8778.020833333334,10175.0,210672.5,0.0,0.0,0,97859.5,1097.0,65300.5,1029.0,4343.0,163.0,18327.5,1773.0,20793.0,0.0,0.8627047502047502,0
2025-11-29,216117.0,24,11298.0,7121.0,9004.875,11298.0,216117.0,0.0,0.0,0,94624.5,3201.0,69913.0,1104.0,3846.0,113.5,18764.5,1984.0,22566.5,0.0,0.7970326606479022,0
2025-11-30,229869.5,24,11404.0,7642.0,9577.895833333334,11404.0,229869.5,0.0,0.0,0,101466.5,2761.0,76487.5,1104.0,3506.0,59.0,19536.0,2437.0,22512.5,0.0,0.8398716093768269,0
2025-12-01,228798.0,24,11336.0,7737.0,9533.25,11336.0,228798.0,0.0,0.0,0,98213.0,5651.5,72849.5,1104.0,3208.0,14.5,19227.0,2368.0,26162.5,0.0,0.8409712420606916,0
2025-12-02,227761.0,24,11217.0,7704.0,9490.041666666666,11217.0,227761.0,0.0,0.0,0,97132.0,5977.0,72787.0,1104.0,3005.0,74.0,18929.5,2358.0,26394.5,0.0,0.8460409794656919,0
2025-12-03,226252.5,24,11133.0,7537.0,9427.1875,11133.0,226252.5,0.0,0.0,0,93570.5,13385.0,67283.5,942.0,3298.0,287.0,19001.0,2229.0,26256.5,0.0,0.846778720919788,0
2025-12-04,226362.0,24,11202.0,7556.0,9431.75,11202.0,226362.0,0.0,0.0,0,96210.5,7569.5,71749.5,960.0,3534.0,204.0,18757.0,2069.0,25083.5,0.0,0.8419701838957329,0
2025-12-05,205430.0,24,9785.0,7464.0,8559.583333333334,9830.0,205475.0,43.0,43.0,1,98388.5,2410.5,59103.5,960.0,3811.0,97.5,16211.0,1935.0,22513.0,0.0,0.874765797990121,1
2025-12-06,209827.5,24,11002.0,6972.0,8742.8125,11002.0,209827.5,0.0,0.0,0,101369.0,5099.0,56040.0,960.0,3610.0,210.0,16326.0,2220.0,23993.5,0.0,0.7946566533357572,0
2025-12-07,225008.0,24,11335.0,7463.0,9375.333333333334,11335.0,225008.0,0.0,0.0,0,101145.5,5896.5,67190.5,960.0,3739.0,374.5,17334.0,2439.0,25929.0,0.0,0.8271136597559183,0
2025-12-08,223054.5,24,11195.0,7511.0,9293.9375,11195.0,223054.5,0.0,0.0,0,99007.5,5799.5,68716.0,998.0,3534.0,127.5,18620.0,2381.0,23871.0,0.0,0.830186467172845,0
2025-12-09,225768.0,24,11152.0,7602.0,9407.0,11152.0,225768.0,0.0,0.0,0,99915.33333333333,5972.833333333333,70017.33333333333,1086.0,3842.0,11.333333333333334,18568.166666666668,2333.6666666666665,23903.333333333332,0.0,0.843525824964132,0
2025-12-10,226312.0,24,11298.0,7556.0,9429.666666666666,11298.0,226312.0,0.0,0.0,0,98671.66666666667,5163.666666666666,70889.66666666667,1010.0,4112.0,33.666666666666664,19189.333333333332,2353.3333333333335,24888.666666666668,0.0,0.8346314982002714,0
2025-12-11,226614.0,24,11236.0,7477.0,9442.25,11236.0,226614.0,0.0,0.0,0,95486.0,5735.0,73071.0,963.0,4060.0,62.5,19558.5,2355.0,25317.0,0.0,0.8403568885724457,0
2025-12-12,207292.5,24,10170.0,7499.0,8637.1875,10170.0,207292.5,0.0,0.0,0,97132.0,971.0,63379.0,960.0,3951.0,3.0,16831.5,2155.0,21910.0,0.0,0.8492809734513275,0
2025-12-13,213547.5,24,11115.0,6978.0,8897.8125,11115.0,213547.5,0.0,0.0,0,98448.0,3478.0,63290.0,840.0,4221.0,35.0,17161.5,2274.0,23800.0,0.0,0.8005229419703104,0
2025-12-14,227561.5,24,11313.0,7490.0,9481.729166666666,11313.0,227561.5,0.0,0.0,0,97614.0,7414.5,70705.0,840.0,4189.0,112.5,19246.0,2207.0,25233.5,0.0,0.8381268599546244,0
2025-12-15,227096.5,24,11236.0,7627.0,9462.354166666666,11236.0,227096.5,0.0,0.0,0,95885.0,7275.5,72670.0,960.0,3885.0,89.5,19340.0,2268.0,24723.5,0.0,0.8421461522487242,0
2025-12-16,201618.0,24,9342.0,7467.0,8400.75,9342.0,201618.0,0.0,0.0,0,91927.5,714.5,63693.5,960.0,3729.0,7.0,17134.5,2161.0,21289.0,0.0,0.8992453436095055,0
2025-12-17,216486.0,24,11054.0,6766.0,9020.25,11054.0,216486.0,0.0,0.0,0,90268.0,3917.0,71273.5,960.0,3710.0,52.0,19887.0,2520.0,23898.5,0.0,0.8160168264881491,0
2025-12-18,226509.5,24,11238.0,7537.0,9437.895833333334,11238.0,226509.5,0.0,0.0,0,93134.5,8663.5,72608.0,960.0,3810.0,3.5,20030.0,2421.0,24957.0,0.0,0.8398198819481522,0
2025-12-19,208466.0,24,9951.0,7651.0,8686.083333333334,9951.0,208466.0,0.0,0.0,0,88144.5,1119.0,71254.5,960.0,3768.0,119.0,17449.0,2154.0,23498.0,0.0,0.872885472146853,0
2025-12-20,219806.5,24,10983.0,7054.0,9158.604166666666,10983.0,219806.5,0.0,0.0,0,86532.0,5313.0,79626.0,960.0,2630.0,13.0,17598.0,2290.0,24844.5,0.0,0.8338891165133995,0
2025-12-21,223999.0,24,11046.0,7367.0,9333.291666666666,11046.0,223999.0,0.0,0.0,0,85987.0,4551.0,83759.0,960.0,2633.0,0.0,18549.5,2376.0,25183.5,0.0,0.844947643189088,0
2025-12-22,223013.0,24,11203.0,7349.0,9292.208333333334,11203.0,223013.0,0.0,0.0,0,87269.0,6031.5,79010.5,960.0,3043.0,0.0,19997.0,2392.0,24310.0,0.0,0.8294392870957185,0
2025-12-23,223649.5,24,11012.0,7407.0,9318.729166666666,11012.0,223649.5,0.0,0.0,0,84209.5,3711.5,86932.0,960.0,3006.0,0.0,19930.5,2341.0,22459.0,0.0,0.8462340325705291,0
2025-12-24,225314.0,24,11052.0,7451.0,9388.083333333334,11052.0,225314.0,0.0,0.0,0,83841.5,2943.5,90779.5,960.0,2030.0,0.0,18777.5,2237.0,23745.0,0.0,0.8494465556761974,0
2025-12-25,219755.5,24,10553.0,7230.0,9156.479166666666,10553.0,219755.5,0.0,0.0,0,84521.5,1898.5,92303.0,960.0,1971.0,0.0,11192.0,2012.0,24897.5,0.0,0.8676659875548817,0
2025-12-26,198475.5,24,10207.0,6792.0,8269.8125,10207.0,198475.5,0.0,0.0,0,79688.5,727.0,80324.0,680.0,2111.0,0.0,9705.0,1795.0,23445.0,0.0,0.8102099049671794,0
2025-12-27,207548.0,24,10803.0,6605.0,8647.833333333334,10803.0,207548.0,0.0,0.0,0,74584.5,4525.0,86589.5,1412.0,1944.0,0.0,9541.0,1798.0,27154.0,0.0,0.800502946712333,0
2025-12-28,222728.5,24,10843.0,7153.0,9280.354166666666,10843.0,222728.5,0.0,0.0,0,87047.0,4501.0,89340.5,2064.0,1127.0,0.0,10415.0,2004.0,26230.0,0.0,0.8558843647207107,0
2025-12-29,224926.5,24,10892.0,7259.0,9371.9375,10892.0,224926.5,0.0,0.0,0,92039.0,4949.0,86871.0,1364.0,616.0,170.5,12036.5,2135.0,24745.5,0.0,0.8604422970987881,0
2025-12-30,224013.0,24,10931.0,7190.0,9333.875,10931.0,224013.0,0.0,0.0,0,87583.5,4639.0,84062.5,1076.0,1346.0,118.0,18270.0,1937.0,24981.0,0.0,0.8538903119568201,0
2025-12-31,206394.5,24,10078.0,7088.0,8599.770833333334,10078.0,206394.5,0.0,0.0,0,84804.5,569.0,75989.5,1104.0,3216.0,356.0,17765.0,1827.0,20763.5,0.0,0.8533211781438117,0
2026-01-01,213119.0,24,10591.0,6599.0,8879.958333333334,10591.0,213119.0,0.0,0.0,0,87748.0,3290.0,76433.5,1104.0,3100.0,332.0,17565.5,1945.0,21601.0,0.0,0.8384438044880874,0
2026-01-02,204421.5,24,10690.0,6976.0,8517.5625,10690.0,204421.5,0.0,0.0,0,89204.5,620.0,70535.0,1076.0,2544.0,252.0,16915.5,1959.0,21315.5,0.0,0.7967785313376988,0
2026-01-03,211369.0,24,10736.0,6686.0,8807.041666666666,10736.0,211369.0,0.0,0.0,0,90193.5,2910.5,71944.0,1104.0,2518.0,423.0,17934.0,2117.0,22225.0,0.0,0.8203280240933929,0
2026-01-04,222602.5,24,11000.0,6985.0,9275.104166666666,11000.0,222602.5,0.0,0.0,0,99742.5,2119.5,76072.0,1104.0,1477.0,405.0,17935.5,2349.0,21398.0,0.0,0.8431912878787878,0
2026-01-05,225561.5,24,11058.0,7203.0,9398.395833333334,11058.0,225561.5,0.0,0.0,0,102537.0,5112.5,75967.5,1104.0,875.0,512.5,10953.5,2450.0,26049.5,0.0,0.8499182341592815,0
2026-01-06,226525.5,24,11121.0,7255.0,9438.5625,11121.0,226525.5,0.0,0.0,0,100844.0,7276.5,77657.5,1104.0,1803.0,471.5,9253.0,2371.0,25745.0,0.0,0.8487152684111141,0
2026-01-07,226239.0,24,11208.0,7120.0,9426.625,11208.0,226239.0,0.0,0.0,0,91338.5,6881.5,84520.0,1104.0,3444.0,441.0,8726.0,2447.0,27337.0,0.0,0.841062187723055,0
2026-01-08,230351.5,24,11311.0,7383.0,9597.979166666666,11311.0,230351.5,0.0,0.0,0,90496.0,9816.0,86044.0,1104.0,3567.0,455.5,8704.0,2406.0,27759.0,0.0,0.848552662599829,0
2026-01-09,212073.5,24,10860.0,7436.0,8836.395833333334,10860.0,212073.5,0.0,0.0,0,89100.5,4447.5,76716.5,1104.0,3641.0,42.5,7791.5,2180.0,27050.0,0.0,0.8136644413750768,0
2026-01-10,217208.5,24,11094.0,6846.0,9050.354166666666,11094.0,217208.5,0.0,0.0,0,85912.5,7946.5,75478.0,1104.0,3159.0,53.0,16021.5,2376.0,25158.0,0.0,0.8157881888107685,0
2026-01-11,231972.0,24,11379.0,7521.0,9665.5,11379.0,231972.0,0.0,0.0,0,85496.5,10160.0,84988.5,1104.0,3232.0,8.0,17687.0,2450.0,26846.0,0.0,0.8494155901221548,0
2026-01-12,232929.5,24,11430.0,7643.0,9705.395833333334,11430.0,232929.5,0.0,0.0,0,84650.0,15011.5,78422.0,1104.0,3698.0,103.0,16664.0,2459.0,30818.0,0.0,0.8491159959171771,0
2026-01-13,234288.0,24,11519.0,7660.0,9762.0,11519.0,234288.0,0.0,0.0,0,83464.5,17502.0,78199.0,1104.0,3756.0,72.5,17110.5,2468.0,30611.5,0.0,0.8474693983852765,0
2026-01-14,236256.0,24,11624.0,7763.0,9844.0,11624.0,236705.0,0.0,0.0,0,86218.0,15567.5,77157.0,1104.0,3497.5,45.0,18674.0,2534.0,31459.0,0.0,0.8468685478320715,0
2026-01-15,236770.5,24,11608.0,7738.0,9865.4375,11608.0,236770.5,0.0,0.0,0,85631.5,18204.5,78103.0,1104.0,3259.0,25.5,18795.0,2374.0,29274.0,0.0,0.8498826240523777,0
2026-01-16,216459.0,24,10981.0,7697.0,9019.125,10981.0,216459.0,0.0,0.0,0,88819.0,9668.0,74719.5,1104.0,3423.0,132.5,20996.5,2155.0,15421.5,0.0,0.8213391312266642,0
2026-01-17,222302.0,24,11275.0,7286.0,9262.583333333334,11275.0,222302.0,0.0,0.0,0,90246.0,16092.0,71374.5,1104.0,3581.0,15.0,21266.5,2322.0,16216.0,0.0,0.8215151515151515,0
2026-01-18,238331.0,24,11433.0,7835.0,9930.458333333334,11433.0,238331.0,0.0,0.0,0,91201.5,22666.5,79196.5,1104.0,3565.0,72.5,21003.0,2334.0,17188.0,0.0,0.868578529986297,0
2026-01-19,239945.5,24,11418.0,7911.0,9997.729166666666,11418.0,239945.5,0.0,0.0,0,90132.0,30727.5,83423.5,1094.0,3594.0,21.5,10853.0,2332.0,17768.0,0.0,0.8756112424826297,0
2026-01-20,236716.0,24,10913.0,7911.0,9863.166666666666,11450.0,240105.0,3236.0,612.0,8,89744.5,34450.5,76746.5,993.0,3304.0,197.0,10947.5,2672.0,17661.0,0.0,0.9037997495341946,1
2026-01-21,234152.5,24,10790.0,7915.0,9756.354166666666,11500.0,243121.5,8563.0,925.0,17,88513.0,35814.0,73064.0,1010.0,3363.0,381.5,11291.5,2497.0,18194.5,0.0,0.9042033518690145,1
2026-01-22,236771.0,24,11259.0,8032.0,9865.458333333334,11500.0,242472.0,5447.0,569.0,16,91800.0,22263.0,85251.5,1264.0,3659.0,556.0,11331.0,2792.0,17401.0,0.0,0.8762286467122599,1
2026-01-23,219845.5,24,10728.0,7942.0,9160.229166666666,10850.0,219967.5,117.0,117.0,1,91419.5,12439.5,78966.5,2064.0,3456.0,302.0,11363.5,2444.0,17469.5,0.0,0.8538617791449167,1
2026-01-24,228604.5,24,11342.0,7419.0,9525.1875,11500.0,229646.5,996.0,268.0,8,94940.5,19005.0,78716.5,1904.0,2902.0,41.0,11362.0,2649.0,17084.5,0.0,0.8398155087286193,1
2026-01-25,237652.0,24,11186.0,8008.0,9902.166666666666,11700.0,244070.0,6130.0,616.0,24,94333.5,22757.5,84789.0,1104.0,3474.0,111.0,11363.5,2760.0,16959.5,0.0,0.8852285595089099,1
2026-01-26,233395.5,24,10958.0,7984.0,9724.8125,11700.0,243468.0,9620.0,1062.0,17,94668.5,24402.0,76944.5,1098.0,3515.0,582.5,11902.0,2767.0,17516.0,0.0,0.8874623562693922,1
2026-01-27,242508.5,24,11153.0,8020.0,10104.520833333334,11550.0,245320.5,2687.0,469.0,16,95669.5,23181.0,77496.5,960.0,3939.0,296.5,21442.0,2815.0,16709.0,0.0,0.9059912878448251,1
2026-01-28,239768.5,24,11126.0,8033.0,9990.354166666666,11630.0,245895.66666666666,5868.333333333333,643.0,19,96689.16666666667,24829.333333333332,71605.5,960.0,3930.0,27.5,21453.5,2747.6666666666665,17525.833333333332,0.0,0.8979286506081849,1
2026-01-29,235926.0,24,11503.0,8151.0,9830.25,11800.0,247438.33333333334,10995.666666666666,1108.0,24,98706.33333333333,26412.666666666668,64407.0,960.0,3332.0,12.0,21510.0,2797.3333333333335,17788.666666666668,0.0,0.8545814135442928,1
2026-01-30,226700.5,24,11041.0,8228.0,9445.854166666666,11170.0,227617.0,874.5,133.0,14,101039.5,13803.5,64781.5,920.0,3901.0,360.0,21525.0,2530.0,17810.0,0.0,0.8555252392597288,1
2026-01-31,233018.0,24,11899.0,7599.0,9709.083333333334,11980.0,233804.0,750.0,77.0,15,96010.5,13301.0,78069.0,960.0,3953.0,293.0,21460.0,2643.0,16031.5,0.0,0.8159579236350394,1
2026-02-01,246168.5,24,11875.0,8063.0,10257.020833333334,11900.0,246547.5,361.5,78.0,12,100997.0,17384.5,82037.0,960.0,3679.0,224.5,21527.0,2786.0,16573.5,0.0,0.8637491228070175,1
2026-02-02,247535.5,24,12031.0,8181.0,10313.979166666666,12070.0,248348.5,775.0,152.0,17,97507.0,20475.5,83265.0,960.0,3779.0,189.5,21541.5,2751.0,17067.0,0.0,0.857283614551298,1
2026-02-03,240753.5,24,11370.0,8329.0,10031.395833333334,11500.0,243238.5,2374.0,470.0,13,92881.0,17155.0,85178.0,960.0,3951.0,20.0,21541.5,2509.0,16558.0,0.0,0.8822687628261507,1
2026-02-04,218839.0,24,10543.0,7380.0,9118.291666666666,10543.0,218839.0,0.0,0.0,0,101778.5,3806.0,71509.5,945.0,3567.0,11.0,21550.0,2244.0,13428.0,0.0,0.8648668943058585,0
2026-02-05,243457.5,24,11930.0,7796.0,10144.0625,11930.0,243457.5,0.0,0.0,0,107769.0,10658.0,78679.5,960.0,4767.0,597.0,21549.0,2518.0,15960.0,0.0,0.850298616932104,0
2026-02-06,229828.5,24,11448.0,8086.0,9576.1875,11448.0,229828.5,0.0,0.0,0,105481.5,5053.5,74192.0,960.0,4563.0,600.0,21551.0,2464.0,14914.5,0.0,0.8364943658280922,0
2026-02-07,237922.5,24,11969.0,7571.0,9913.4375,11969.0,237922.5,0.0,0.0,0,104566.0,9596.0,77469.0,960.0,4289.0,585.0,21550.0,2818.0,16089.5,0.0,0.8282594619433536,0
2026-02-08,246810.5,24,12017.0,7997.0,10283.770833333334,12017.0,244110.5,0.0,0.0,0,104222.5,14214.5,82250.5,840.0,4251.0,523.5,21551.0,2828.0,16126.5,0.0,0.8557685639788079,0
2026-02-09,245224.5,24,11780.0,7948.0,10217.6875,11780.0,245381.5,100.0,38.0,3,105820.0,4567.0,78506.0,960.0,3981.0,311.5,21610.0,2712.0,26757.0,0.0,0.8673758488964346,1
2026-02-10,231660.0,24,11047.0,7868.0,9652.5,11047.0,231660.0,0.0,0.0,0,107848.5,1939.0,66781.5,960.0,3778.0,135.0,21623.0,2651.0,25933.0,0.0,0.8737666334751516,0
2026-02-11,206549.5,24,10163.0,7195.0,8606.229166666666,10163.0,206549.5,0.0,0.0,0,100572.0,1187.0,56581.0,795.0,4171.0,145.0,21476.0,1660.0,19962.5,0.0,0.8468197546656171,0
2026-02-12,168214.5,24,8261.0,5870.0,7008.9375,8261.0,168214.5,0.0,0.0,0,96526.0,838.0,36149.5,380.0,3900.0,263.0,9999.5,360.0,19798.5,0.0,0.8484369325747488,0
2026-02-13,190377.0,24,10384.0,5563.0,7932.375,10384.0,190377.0,0.0,0.0,0,108876.5,1166.0,41189.5,660.0,4209.0,329.0,10687.5,555.0,22734.5,0.0,0.7639036016949152,0
2026-02-14,228676.0,24,11725.0,6719.0,9528.166666666666,11725.0,228676.0,0.0,0.0,0,114912.5,6862.0,54759.0,960.0,4584.0,302.5,17119.0,1653.0,27514.0,0.0,0.8126368159203979,0
2026-02-15,245811.0,24,12211.0,7691.0,10242.125,12280.0,246557.0,714.0,74.0,16,104019.0,11236.0,70951.0,1295.0,4551.0,201.0,21448.5,2727.0,29382.5,0.0,0.8387621816395053,1
2026-02-16,252059.0,24,12419.0,8152.0,10502.458333333334,12500.0,253564.0,1438.5,135.0,18,98059.0,10140.0,84553.5,1839.0,4237.0,217.5,21419.0,2431.0,29163.0,0.0,0.8456766513675283,1
2026-02-17,256368.0,24,12494.0,8341.0,10682.0,12585.0,257678.5,1253.0,119.0,19,100803.5,8480.5,90778.0,1630.0,4453.0,150.0,21595.5,2289.0,26134.5,0.0,0.8549703857851769,1
2026-02-18,261999.0,24,12934.0,8392.0,10916.625,13000.0,263125.5,1075.5,81.0,18,95789.5,12117.0,95035.5,1675.0,4581.0,38.5,21282.0,2590.0,28890.5,0.0,0.8440254368331529,1
2026-02-19,260974.5,24,12432.0,8501.0,10873.9375,12520.0,261756.5,745.0,84.0,16,112280.0,6943.0,86441.5,1800.0,4364.0,3.0,21305.5,2506.0,25331.5,0.0,0.8746732223294723,1
2026-02-20,245232.0,24,11496.0,8411.0,10218.0,11550.0,245302.5,68.0,52.0,2,109735.0,4762.5,78950.5,1800.0,4099.0,27.0,21291.0,2467.0,22100.0,0.0,0.8888308977035491,1
2026-02-21,245456.0,24,11373.0,8168.0,10227.333333333334,11373.0,245325.5,97.0,25.0,5,113764.0,3825.0,76165.0,1800.0,3978.0,159.0,20794.0,2460.0,22511.0,0.0,0.8992643395175709,1
2026-02-22,260986.0,24,12278.0,8468.0,10874.416666666666,12278.0,260986.0,0.0,0.0,0,117620.0,6416.5,82238.5,1800.0,4078.0,186.5,20389.0,2739.0,25518.5,0.0,0.8856830645599174,0
2026-02-23,266889.0,24,12498.0,8932.0,11120.375,12498.0,267001.0,107.0,60.0,2,118367.0,8334.0,82814.5,1800.0,3935.0,215.5,20494.0,2883.0,28046.0,0.0,0.8897723635781725,1
2026-02-24,268187.0,24,12512.0,9127.0,11174.458333333334,12512.0,268187.0,0.0,0.0,0,111274.5,12525.0,85686.0,1800.0,3084.0,273.0,20620.0,2894.0,30035.5,0.0,0.8930992913469736,0
2026-02-25,272145.0,24,12651.0,9125.0,11339.375,12651.0,272145.0,0.0,0.0,0,104072.0,18146.0,89395.5,1800.0,3870.0,59.5,20997.0,2994.0,30811.0,0.0,0.8963224251047348,0
2026-02-26,273164.0,24,12574.0,9281.0,11381.833333333334,12574.0,273164.0,0.0,0.0,0,106300.0,14264.5,91440.5,1800.0,4107.0,72.0,21024.5,2935.0,31220.5,0.0,0.9051879539791103,0
2026-02-27,252593.0,24,11426.0,8773.0,10524.708333333334,11426.0,252593.0,0.0,0.0,0,108643.0,7031.5,80730.0,1800.0,4035.0,102.0,20474.0,2758.0,27019.5,0.0,0.9211192309936402,0
2026-02-28,261397.0,24,12257.0,8617.0,10891.541666666666,12257.0,261397.0,0.0,0.0,0,113942.5,9390.5,81718.5,1875.0,4370.0,5.0,20782.0,2734.0,26579.5,0.0,0.8885976720785401,0
2026-03-01,274610.5,24,12825.0,8996.0,11442.104166666666,12825.0,274610.5,0.0,0.0,0,113280.5,14650.5,86721.5,1920.0,4118.0,21.0,21320.0,2984.0,29595.0,0.0,0.8921718648473034,0
2026-03-02,285156.5,24,13166.0,9870.0,11881.520833333334,13166.0,285156.5,0.0,0.0,0,115013.0,16800.0,93627.0,1920.0,3470.0,31.0,21030.0,3242.0,29996.5,0.0,0.9024396804901514,0
2026-03-03,282936.5,24,12868.0,9508.0,11789.020833333334,12868.0,282936.5,0.0,0.0,0,113931.5,14677.0,97285.5,1920.0,3979.0,7.0,21413.5,3252.0,26471.0,0.0,0.916150204642006,0
2026-03-04,282328.0,24,12879.0,9493.0,11763.666666666666,12920.0,282544.0,206.0,39.0,8,114596.5,13639.0,95828.5,1920.0,4153.0,88.0,21374.0,3160.0,27569.0,0.0,0.9133990734270259,1
2026-03-05,283724.0,24,13104.0,9632.0,11821.833333333334,13104.0,285331.0,1535.0,299.0,9,113747.0,12955.5,96878.0,1920.0,4234.0,19.0,21519.0,3230.0,29221.5,0.0,0.9021545584045585,1
2026-03-06,273967.5,24,12749.0,9517.0,11415.3125,12749.0,273967.5,0.0,0.0,0,110048.0,9186.0,94909.0,1920.0,3940.0,49.0,21147.0,3052.0,29678.5,0.0,0.8953888540277669,0
2026-03-07,284286.0,24,13746.0,9594.0,11845.25,13746.0,285504.0,1161.0,192.0,9,113079.5,17951.5,93746.0,1920.0,4160.0,129.0,20902.0,3291.0,29107.0,0.0,0.8617234104466754,1
2026-03-08,298980.0,24,13910.0,10381.0,12457.5,13910.0,300829.0,1766.0,328.0,8,110049.0,22719.5,102833.0,1920.0,3832.0,112.0,21296.0,3323.0,33097.5,0.0,0.8955787203450755,1
