date,T2M,T2M_MAX,T2M_MIN,RH2M,WS2M,ALLSKY_SFC_SW_DWN,PRECTOTCORR,dewpoint,apparent_temp,CDD,HDD,CDD_at,THI
2015-04-01,28.13064646586588,34.520374237942896,22.437645922617257,62.32319188748718,2.844553630711656,4.588565346773707,2.3973803343997107,20.245423038988143,29.97521660476837,6.13064646586588,0.0,7.97521660476837,77.46189431700677
2015-04-02,27.612322689684316,33.45958833826282,23.17391742620873,71.78238244703326,3.249342669161587,4.799938184342368,23.15005130681475,22.056193468836092,30.093609245231868,5.612322689684316,0.0,8.093609245231868,77.9739781549928
2015-04-03,28.90336572704775,34.933972354680996,23.418826582966137,67.99300114685822,2.429285326250981,4.977544341160138,7.532731936983159,22.39909423482505,32.14435200636158,6.903365727047749,0.0,10.14435200636158,79.3839662067628
2015-04-04,29.145200096577536,35.70997645922618,24.12439125973321,67.87277237882539,3.422373392889479,5.097607533047626,10.608047322991489,22.60032289849306,31.801144191176498,7.145200096577536,0.0,9.801144191176498,79.72413617561443
2015-04-05,27.403838353353056,32.06868473471359,23.868253757469667,77.63711112452467,2.761350274642361,4.127646375324441,21.18666867869862,23.147544531255836,30.82590481176387,5.403838353353056,0.0,8.82590481176387,78.41887511552872
2015-04-06,27.354947787770875,31.98054083418845,23.918406470694755,74.45642723486449,1.4303126697651958,4.0915709603428505,18.969182109011893,22.409891311092682,31.299794777790915,5.354947787770875,0.0,9.299794777790915,77.92974950313301
2015-04-07,27.704732299148915,32.92508420353715,22.983196716363857,72.57567393010201,1.5484414800507036,5.344567459407256,8.907492605782581,22.32550533650701,31.521414405805444,5.704732299148915,0.0,9.521414405805444,78.21978497002242
2015-04-08,27.648576688597817,33.04343634936923,23.220685700488925,71.96705015995654,1.494257862014849,5.413935105933483,7.399457354982798,22.133167602949936,31.399594879095773,5.648576688597817,0.0,9.399594879095773,78.05347118184176
2015-04-09,28.285792841190325,34.635628659383116,22.89710207038088,66.93639886521399,2.1293861290517295,5.971020178668438,0.4457602462727108,21.554303050754836,31.28743026939391,6.285792841190325,0.0,9.287430269393909,78.32328395472874
2015-04-10,28.58819460373031,35.53505885193457,22.458111909217116,62.29157964628478,2.248355163880003,6.61661609826764,0.10816683768938251,20.668493288969966,31.05754689109378,6.588194603730312,0.0,9.057546891093779,78.10860622493679
2015-04-11,28.698548922556892,35.13347920564979,22.38021548862196,65.2664393070562,1.9159008873060905,6.056438365425245,2.0697537272891893,21.533086955868264,31.83893999041797,6.698548922556892,0.0,9.83893999041797,78.69099289237585
2015-04-12,28.128980503410396,32.32220981469186,24.356175529667414,69.84301684070743,1.420700790728557,5.271866264260277,2.7630361562141603,22.10133456585765,31.91484560404396,6.128980503410396,0.0,9.914845604043961,78.49191856778268
2015-04-13,27.65345143960887,31.673934930886706,24.638331019496597,70.23651898352148,1.252092714432305,5.198193716424217,1.600175650389328,21.738658966414413,31.364900776349693,5.653451439608869,0.0,9.364900776349693,77.83152408803977
2015-04-14,28.24400253516026,33.099171244039354,23.528954548198225,64.34696324017625,1.2650763566125431,5.7023540592744615,0.2854463692883444,20.87114502609248,31.502284629824906,6.244002535160259,0.0,9.502284629824906,77.90339725039685
2015-04-15,28.193701937586766,32.734309168829604,24.435172934146195,63.329391561538,1.2402836965051005,5.596013569143478,0.013071165570109254,20.564562350505195,31.317093102801472,6.193701937586766,0.0,9.317093102801472,77.69042906095518
2015-04-16,28.70623830506429,34.28925937103881,24.120049495986,61.17079676465263,1.6075638317136476,4.626957632643205,0.0005492847226413955,20.484908824104213,31.533777606858436,6.706238305064289,0.0,9.533777606858436,78.1162306023092
2015-04-17,28.583427898835033,34.284280799179086,23.921231967163642,59.704992454880184,2.1907164845777753,3.8914775698678095,0.3212699945675138,19.97691268443355,30.75700700412947,6.583427898835033,0.0,8.75700700412947,77.73495687591085
2015-04-18,28.264562684855438,33.56697289792962,23.71707309712078,68.21151626727833,2.8395116798454763,5.968091271805398,11.222863523872759,21.843015121638203,30.920190239364004,6.264562684855438,0.0,8.920190239364004,78.4688785790515
2015-04-19,28.66750467797429,34.392256896239516,24.085703506971694,72.37259189955938,2.7088519345687216,5.224875288223577,15.06350938612905,23.203942013086895,32.159348786550595,6.667504677974289,0.0,10.159348786550595,79.6597666772203
2015-04-20,29.406765859841858,34.70560330778053,24.573936741715464,70.34607291603791,2.4858447516146556,5.52136671093137,6.1354940544455845,23.44182332543519,33.191098588850615,7.406765859841858,0.0,11.191098588850615,80.48208314197691
2015-04-21,29.81402426510533,35.43823806362046,25.108758375083,71.88416369891955,3.43799299812881,5.2133717752157915,6.893797307901248,24.191733323025204,33.37145295494798,7.814024265105331,0.0,11.371452954947983,81.33146184740376
2015-04-22,29.2215627452164,34.10915253214222,25.625352206193035,76.40583630108047,3.87558882115048,4.519107231242832,13.665519406048167,24.64050811203916,32.74336191164541,7.221562745216399,0.0,10.743361911645408,81.1017891645451
2015-04-23,28.614867507696022,33.19843121868775,25.174447395424647,78.18128085954005,3.4305903301744434,5.890427379730791,14.29528882718658,24.43735493701699,32.32402168229332,6.614867507696022,0.0,10.32402168229332,80.40525949616014
2015-04-24,26.833539566608323,30.390247479929982,24.191067181746853,80.71381662340798,2.6343671153497916,5.003857548137864,13.580083298122776,23.237133589873494,30.39475478333356,4.833539566608323,0.0,8.39475478333356,77.90241597887777
2015-04-25,25.826226836482167,29.382620872819466,22.927936258827792,79.67560391139011,1.9070652501961731,2.8838500694151024,7.78475825436108,22.043767502968077,29.239027256682228,3.826226836482167,0.0,7.239027256682228,76.16489670543822
2015-04-26,25.960297579525566,29.64852357095431,22.10906380153317,72.58442264743165,1.3453455664875964,4.216306030059758,0.6092986056618579,20.651423005517508,29.05134373936672,3.960297579525566,0.0,7.051343739366722,75.5592133180441
2015-04-27,27.204067724995475,31.717265648578508,22.36108529003441,68.42782821271203,1.323181626124223,5.556569849701214,1.7872879821331566,20.883524401569307,30.427086886493157,5.204067724995475,0.0,8.427086886493157,76.9247996470956
2015-04-28,27.427737067664633,32.38445765678759,22.766013158688963,70.70097181143238,1.8167127421983462,5.745357198044306,2.9307436470091144,21.630493495982606,30.68721215811943,5.4277370676646335,0.0,8.68721215811943,77.5529263660088
2015-04-29,27.50508480714674,31.83219291362347,23.72295527252973,76.71524174563892,2.175661857910304,5.913575505523027,5.832754874147403,23.047933206611912,31.281064385991698,5.505084807146741,0.0,9.281064385991698,78.457665336491
2015-04-30,28.074636928834437,32.727417154584415,23.845717993601742,75.60918090179271,1.9346357216152594,5.653043954850004,4.273418241081669,23.357905138033207,32.19556314441905,6.074636928834437,0.0,10.195563144419047,79.19899051625333
2015-05-01,28.85028430011469,33.64742741594737,24.561281463149637,73.89094344178187,2.0943604756443537,5.529334936922798,7.641557312730127,23.72411908187688,33.07146463216911,6.850284300114691,0.0,11.07146463216911,80.15767883946619
2015-05-02,28.527373694694283,32.91605118609284,25.048339470030783,77.7663783424881,2.6925689623951232,4.918019285326252,4.133849218325587,24.26369486048606,32.64847048878951,6.527373694694283,0.0,10.648470488789513,80.20824583302851
2015-05-03,28.789403633729705,33.46780950081487,24.697713526890805,75.61168165630473,1.9485314178789164,6.26873384438945,2.2871515663668744,24.048544476882014,33.30330291210938,6.789403633729705,0.0,11.30330291210938,80.31159297476022
2015-05-04,29.47317679724754,34.762434961067186,24.60231303193095,70.84066819581096,1.8016255206132674,6.187380086919781,0.8562087281946039,23.621678372502235,33.840288153117754,7.47317679724754,0.0,11.840288153117754,80.65648059930413
2015-05-05,29.263431520492546,34.14885676344541,24.776830446067486,70.7400338021368,1.9533258888151148,6.595341914649605,0.7878505462666747,23.397263843386774,33.394844664457146,7.263431520492546,0.0,11.394844664457146,80.32514169814792
2015-05-06,29.54776423009598,34.742504979779085,24.9043381420897,70.42602523088068,2.227339892557494,6.466638274883806,0.9155936500271624,23.59557733418265,33.60182212156884,7.547764230095979,0.0,11.601822121568837,80.70617964267849
2015-05-07,29.597927808293594,34.88161103398322,25.080717088187356,71.32732600953703,2.283476791211444,4.699469445282792,4.956271503591478,23.85499293654371,33.76393988029951,7.597927808293594,0.0,11.76393988029951,80.91861776115053
2015-05-08,28.008721554898298,32.400659745276755,24.47472083056679,74.8444534315205,2.057724391863343,5.380280533590874,5.143316834671335,23.125936253800706,31.911644828951687,6.0087215548982975,0.0,9.911644828951687,78.9923505106998
2015-05-09,28.994784209573254,34.02670429166415,24.020187722581035,73.51277056799661,2.135558037061629,5.308517239089756,0.5218717933240781,23.7778694606092,33.21862619831088,6.994784209573254,0.0,11.21862619831088,80.3248575985364
2015-05-10,29.168038872457295,33.131472807388185,25.98234140158146,79.16603187058611,2.246875113176797,4.871329365606327,14.207647129836424,25.183811007239267,34.16688096657783,7.168038872457295,0.0,12.166880966577828,81.42570145839592
2015-05-11,28.09775819400013,30.613216635480175,26.1349713285447,84.77620389931792,1.8528792177219777,4.417893167139495,22.113375988410702,25.29113207992227,33.439043256595546,6.097758194000129,0.0,11.439043256595546,80.49064597138118
2015-05-12,28.817598237460018,33.445664272348644,25.330835999275674,80.08223939156154,1.8613846803887246,3.949951155912357,5.884919418120361,25.036559686351605,33.99366174461676,6.817598237460018,0.0,11.993661744616759,81.0000141250043
2015-05-13,29.66751856099475,34.75128085954006,25.24500331985272,73.58087402667955,2.0008607472686664,5.96573052453673,0.9226208728194605,24.44049924677293,34.38037475131502,7.6675185609947505,0.0,12.380374751315017,81.36798844816127
2015-05-14,30.339117522786264,35.23277539687331,25.989276875716786,74.30137260819703,2.3283104967706887,6.157981933965113,2.577538480111065,25.250306454812137,35.32401308305092,8.339117522786264,0.0,13.324013083050922,82.51427711929286
2015-05-15,30.283960886098875,35.402989074666515,26.657010321723913,75.3796879338444,2.615521216876924,5.019955870103218,11.140912657693004,25.43955338299079,35.18782370482965,8.283960886098875,0.0,13.187823704829647,82.60044885635435
2015-05-16,28.506535280980263,31.58329570833585,26.365007545119816,81.0119164604334,2.0921977425001512,5.176701925514577,13.375563469547899,24.92753271383389,33.45285972680472,6.506535280980263,0.0,11.452859726804718,80.6332028020735
2015-05-17,28.78982495322026,32.464510774431105,25.95280980261967,77.75671032776,1.917139494175168,5.199793855254422,6.300234200519104,24.51588931828634,33.60617239448714,6.789824953220261,0.0,11.606172394487139,80.62091446812342
2015-05-18,29.079832800144864,33.68953340979055,24.588237460010866,74.01774974346593,2.351285084807147,5.673035655218206,2.3844437737671274,23.97364409560281,33.26775500917108,7.079832800144864,0.0,11.267755009171083,80.52954814488635
2015-05-19,29.74234019436229,34.55619061990705,25.19721977425002,74.23226776121206,2.06245970906018,6.160845699281705,1.1001267580129175,24.659933576922178,34.54571028580384,7.7423401943622885,0.0,12.545710285803843,81.58283920940491
2015-05-20,30.49999456751374,35.11364278384742,26.05473592080643,71.7067272288284,1.422338987143116,5.941891615862861,2.0114384016418176,24.80827810720925,35.84334077217055,8.499994567513738,0.0,13.84334077217055,82.34477484239426
2015-05-21,30.735471117281353,35.36633971147462,26.958035854409374,72.2003995895455,2.1181360536005314,5.735880304219232,1.2903917426208726,25.14927305355608,35.804257269403024,8.735471117281353,0.0,13.804257269403024,82.782652315337
2015-05-22,31.13401219291363,36.85930464175771,26.627027826401886,72.97738757771475,2.9024856642723487,5.964385549586529,4.549733204563289,25.712174263705464,36.01291399966296,9.13401219291363,0.0,14.012913999662963,83.51925468965553
2015-05-23,31.287458803645805,37.029682501358124,26.866876924005552,74.50075270115288,3.481110641636989,5.792440647069475,7.843880606024024,26.20899182590734,36.086950670581054,9.287458803645805,0.0,14.086950670581054,84.01125096372988
2015-05-24,29.850500392346238,34.178155369107266,26.956966861833767,81.42264501720288,3.71377919961369,4.145253926480353,17.903413412204987,26.321907875793702,34.560762547309686,7.8505003923462375,0.0,12.560762547309686,82.8606064017186
2015-05-25,29.848785537514335,34.201721494537345,26.60998611697954,78.47827126214766,3.3726033681414864,5.326619049918513,5.146724210780468,25.697486046343155,34.38780994669659,7.848785537514335,0.0,12.387809946696592,82.4029682508494
2015-05-26,29.447915132492305,33.65343212410213,26.392134363493696,79.02920927144325,3.0037478119152534,5.0311665177763025,10.808956962636568,25.426428394428775,34.07082159419029,7.447915132492305,0.0,12.070821594190292,81.85058044704036
2015-05-27,28.88358483732722,32.3234786020402,25.904617009718113,82.33213315627452,2.8552894307961614,5.194371419086137,12.531624917003683,25.56685432896031,33.69963745774386,6.88358483732722,0.0,11.699637457743862,81.431512223932
2015-05-28,29.39214160680872,33.51506126637292,26.276345747570474,81.32821029757953,3.1807146737490193,5.50245365485604,6.252493511196959,25.855712274747916,34.167679484177214,7.392141606808721,0.0,12.167679484177214,82.1065537395433
2015-05-29,30.086715156636693,34.34489285929861,26.56286533470152,79.27822961308627,3.0273688658175892,5.6089994627874695,2.601833162310618,26.099715035820243,35.13027530440753,8.086715156636693,0.0,13.130275304407533,82.9055221859386
2015-05-30,29.803541377437075,33.2896547353172,27.04113176797248,82.14823866723006,2.509351119695781,4.285497609706042,17.07898110701998,26.42654493290968,35.4268721389526,7.8035413774370745,0.0,13.426872138952596,82.89657103589221
2015-05-31,29.898321361743225,33.70827910907225,27.064839138045517,79.36288827186576,3.1695056437496225,5.426353497917548,4.678518138468039,25.934812676706805,34.73385972260284,7.898321361743225,0.0,12.733859722602837,82.61857255572956
2015-06-01,29.509170036820187,32.62716001690107,26.97678215730066,81.37327397839077,3.1916798454759463,5.977144123860688,3.783269149514094,25.979086096844956,34.35778037319871,7.509170036820187,0.0,12.357780373198707,82.30216235937877
2015-06-02,29.908373875777148,34.24156636687391,26.517128629202638,77.99674654433514,2.8691917667652564,5.355864851813847,2.303027102070381,25.65144805090619,34.77013464529312,7.908373875777148,0.0,12.770134645293119,82.4227261656595
2015-06-03,29.847391802981832,33.4015911148669,26.620273435142153,79.55017987565643,2.2141854288646106,6.1357053540170226,4.677347135872517,25.925175302629206,35.34529944946117,7.847391802981832,0.0,13.345299449461173,82.56634140775492
2015-06-04,30.280964568117348,34.504167924186646,26.76352145832076,75.5035775940122,1.9621222913019862,6.152006754391261,0.8312494718416129,25.46431351156377,35.65800042788956,8.280964568117348,0.0,13.658000427889561,82.61546805985995
2015-06-05,30.48309953522062,34.717918150540235,26.969209875052815,75.45644292871371,2.429222550854108,5.808405728254964,3.1779881692521283,25.648855746911142,35.651747438539964,8.48309953522062,0.0,13.651747438539964,82.92221445013845
2015-06-06,29.697454578378707,33.06263777388786,26.87826160439428,79.9461803585441,3.1303464719019742,4.374647872276212,3.084124464296494,25.86335739670037,34.51354353762944,7.697454578378707,0.0,12.513543537629438,82.38769429019996
2015-06-07,29.986200881269998,33.669012494718416,26.946090420715887,78.97447878312309,3.365667894006157,5.7076103820848685,2.508808474678579,25.937224522619292,34.686093627982835,7.986200881269998,0.0,12.686093627982835,82.69808161308951
2015-06-08,30.353502142814026,34.12792479024567,27.13795557433452,78.12652079435021,3.315397476911934,6.086836355405323,1.526246755598479,26.110920469664244,35.20311375077481,8.353502142814026,0.0,13.203113750774811,83.14671788328393
2015-06-09,30.631228345506127,34.94568479507455,27.456697651958716,77.57144926661437,4.2036289008269465,5.3471190197380345,4.394327880726746,26.259256723779306,34.95766906613856,8.631228345506127,0.0,12.957669066138557,83.49578173778752
2015-06-10,29.78590571618277,33.15053178004467,27.379916098267643,82.84935594857247,3.980299390354319,2.9707317498641883,29.07915494658055,26.55354239012031,34.465043514374,7.785905716182771,0.0,12.465043514374003,82.97584836565824
2015-06-11,28.991749864187845,31.790482887668258,27.053459890143056,88.03946158024992,3.3348174081004416,1.5303326613146622,35.7338075692642,26.80758000416968,34.294560563447895,6.991749864187845,0.0,12.294560563447895,82.4398979069181
2015-06-12,28.675780768998617,31.359733204563295,26.83942657089395,87.5513164725056,3.164479990342247,3.8086264863886043,24.378204865093263,26.40234234401183,33.82310230462327,6.675780768998617,0.0,11.82310230462327,81.83925861518597
2015-06-13,28.32090299993964,31.379527373694696,26.08086859419328,84.73312186877527,3.234616406108529,2.4255508601436593,25.63900525140339,25.50111811833696,32.82875061152009,6.320902999939641,0.0,10.828750611520093,80.85233810412456
2015-06-14,27.967024204744376,30.792126516569084,25.56482404780588,86.7219901008028,2.3938534435926844,4.412394489044487,15.978862799541258,25.54491198532179,33.09108894805899,5.9670242047443764,0.0,11.091088948058989,80.53921275160744
2015-06-15,28.10877648337056,30.92010623528702,26.001182471177643,86.17157662823686,2.287304883201546,3.376508824772138,14.777883141184283,25.576789031976553,33.32801608608739,6.1087764833705585,0.0,11.328016086087388,80.70009001885782
2015-06-16,28.08255085410757,30.724996680147285,25.92917124403936,87.61774431097966,2.765766282368564,3.74175075753003,19.332673386853383,25.831790748176598,33.131642020891384,6.08255085410757,0.0,11.131642020891384,80.85438310585778
2015-06-17,28.546865455423433,31.7753250437617,25.870441238606873,84.61985634091869,2.2915084203537153,5.063372928110099,6.7645620812458525,25.699841684147604,33.84286039286188,6.546865455423433,0.0,11.84286039286188,81.20854958946111
2015-06-18,28.289563590269818,31.285617794410573,25.742235166294446,84.02667531840407,1.9955067302468765,6.349479700609646,4.491035190438825,25.329507461548644,33.55549827537303,6.289563590269818,0.0,11.555498275373033,80.70258937335515
2015-06-19,29.4373477394821,33.2953371159534,25.769441057523995,81.58979477274099,2.1442566547956785,6.5992744250618705,3.1669065008752346,25.95401548116548,35.002654405836275,7.4373477394820995,0.0,13.002654405836275,82.21881935149253
2015-06-20,29.18652924488441,32.53654554234321,26.45265467495624,84.21364097301866,2.9267290396571504,6.185089569626366,3.2286859419327576,26.244623678435417,34.39555933589761,7.186529244884412,0.0,12.395559335897609,82.2014980465649
2015-06-21,29.06783485241746,32.64686907708094,26.397246936681356,84.908931611034,3.315469306452587,5.6275435625037735,15.659503229311284,26.267699567033077,34.019969128942314,7.067834852417459,0.0,12.019969128942314,82.10856974559252
2015-06-22,28.90031327337478,32.38834067724995,26.360442445826042,86.37310557131647,4.198087764833707,2.784148367236072,26.775335908734238,26.393198952045775,33.31822117509077,6.900313273374781,0.0,11.31822117509077,82.04462151048344
2015-06-23,28.645987203476796,31.505186213557078,26.492457898231425,88.55618035854413,4.421335184402728,2.263095841129957,29.935353413412212,26.56666255497331,33.02404907462405,6.645987203476796,0.0,11.024049074624052,81.93249188454746
2015-06-24,28.95445282791091,31.67971388905656,26.760659745276758,89.11978451137804,3.531810828755961,2.0004365364881993,50.04022092110823,26.978422618091336,34.2367314141466,6.9544528279109095,0.0,12.236731414146597,82.53445925937311
2015-06-25,29.010721313454457,31.81305305728255,27.093397114746185,88.43546025230881,2.702659503832921,2.557118518742078,43.76902094525262,26.90261274528168,34.821243074904956,7.010721313454457,0.0,12.821243074904956,82.52963569049919
2015-06-26,28.135449990945858,30.136701273616225,26.583555260457537,91.42921953280619,3.4524259069234025,2.4813929136234685,61.21920323534738,26.605047220787984,33.217166683798524,6.135449990945858,0.0,11.217166683798524,81.46657471879737
2015-06-27,27.679021548862195,29.836564857849943,26.023964507756382,91.04066940303014,4.052074002535161,2.2132562564133518,24.012612422285265,26.081684021965064,31.990903554660363,5.679021548862195,0.0,9.990903554660363,80.63252734734652
2015-06-28,27.880274038751736,30.762930524536728,25.62563831713648,88.52029395786806,3.298472264139555,3.251454825858635,13.549538238667232,25.80576246730504,32.53934335007006,5.880274038751736,0.0,10.539343350070062,80.63699743643059
2015-06-29,27.966149574455244,31.28641395545362,25.3723232932939,86.51118609283516,2.971607412325708,4.853065533892679,3.533296311945434,25.50305098883948,32.65898431338095,5.966149574455244,0.0,10.658984313380948,80.50915656355355
2015-06-30,28.341634574757048,32.193199734411785,25.0885404720227,86.15976821391924,3.0395581577835458,5.598798973863705,3.1875656425424035,25.803004398251662,33.18062246603604,6.341634574757048,0.0,11.180622466036041,81.08538769464793
2015-07-01,28.562535763867935,32.07399167018772,25.534623045813966,86.46893583630111,2.84505221222913,5.232971998551337,2.5924723848614724,26.080372927611794,33.71938476797533,6.562535763867935,0.0,11.719384767975328,81.4962225735465
2015-07-02,28.73444015210962,31.80758194000121,26.262172994507157,88.11364338745699,2.925978752942597,3.927603265527857,10.522898533228709,26.56868174758312,34.16071037343475,6.73444015210962,0.0,12.160710373434753,82.018149598906
2015-07-03,29.095385404720233,32.217843906561235,26.59447093619847,87.36265708939459,3.040513068147522,4.686721307418363,6.321630953099536,26.77826405592787,34.58427825486261,7.095385404720233,0.0,12.58427825486261,82.51458748286686
2015-07-04,29.419692762721077,32.60745457837871,26.595582181445042,86.71824108166838,2.920601798756564,4.726282223697712,1.667481740810044,26.970933357858037,35.12515713437483,7.419692762721077,0.0,13.125157134374831,82.96056758987922
2015-07-05,28.64752338987143,30.883758073278205,26.944729281100987,89.81860083298125,2.2493493088670253,3.5090044848192194,2.7515597271684675,26.808718050317136,34.7105682164402,6.647523389871431,0.0,12.710568216440201,82.11494487403141
2015-07-06,28.840809440453917,31.33395666083177,26.78109313695902,88.42794410575242,1.6421681656304703,4.815409832800145,7.508436651174021,26.733877529193904,35.277980645369354,6.840809440453917,0.0,13.277980645369354,82.24235845278594
2015-07-07,28.873269149514094,31.651947244522244,26.573442989074668,87.77786382567754,1.5167362829721736,4.943865129474256,18.580478058791577,26.640432473508323,35.334738211263414,6.873269149514094,0.0,13.334738211263414,82.20294180479556
2015-07-08,28.58043278807268,31.150236011347868,26.652332951047264,88.442334761876,2.0880630168407075,3.6492224542765745,32.05897144926662,26.480278715700297,34.53347160537958,6.580432788072681,0.0,12.533471605379582,81.80585206756821
2015-07-09,27.770968793384444,29.800750890324135,26.317021790306033,91.92586225629265,3.7441703386249774,1.9585369831592925,71.5943592684252,26.33645220684983,32.46748009096713,5.770968793384444,0.0,10.467480090967129,80.90815339004601
2015-07-10,28.017190197380337,31.649905233295108,25.617208305667898,88.22659262389088,3.404267519768215,2.258962950443653,17.314714190861356,25.884437645071564,32.65355986227065,6.017190197380337,0.0,10.653559862270647,80.82773508016743
2015-07-11,28.23504436530452,31.331781855495873,25.49683165328666,88.78977123196715,2.613492485060663,5.617401352085471,9.052419267217966,26.206578317816106,33.63708473301112,6.235044365304521,0.0,11.637084733011122,81.27213973403866
2015-07-12,28.80127603066337,32.17241504195086,25.860504014003745,86.96874932093922,2.2621669584113,5.073344027283154,2.352576809319732,26.412477691326824,34.58714226283318,6.80127603066337,0.0,12.587142262833183,81.96563047465483
2015-07-13,29.290465986599866,32.674021247057404,26.168026196656005,86.36883382628116,2.20753908372065,5.591117565038934,4.498615923220861,26.775346933705592,35.36065833843597,7.290465986599866,0.0,13.360658338435968,82.69309461320525
2015-07-14,29.41373211806604,32.24565883986238,27.065244763686845,89.45217842699343,2.4615995654010985,4.640168038872458,13.68556829842458,27.49467666488524,35.80676020637693,7.41373211806604,0.0,13.806760206376929,83.36109613725608
2015-07-15,28.67399529184524,30.353321059938434,27.35019255145772,93.0081909820728,3.062577412929318,1.5361147522182652,36.12393553449629,27.429783393574954,34.5995930721413,6.673995291845241,0.0,12.599593072141303,82.61518103528769
2015-07-16,28.0764640550492,29.73813243194302,26.734158870042858,91.79984426872701,2.04792599746484,3.408665087221585,41.88188507273496,26.61541743184014,34.14829063297742,6.0764640550492,0.0,12.148290632977421,81.41614394804296
2015-07-17,27.729409066215972,29.715087221585083,26.20217782338384,90.24729281100984,2.4597102673990467,3.506882422888876,29.664735920806425,25.983433742265603,33.0914155000596,5.729409066215972,0.0,11.091415500059597,80.61295808293801
2015-07-18,27.71800024144384,30.075114987626005,25.87121929136235,91.0028707671878,2.538468038872458,3.4325692279833406,27.79589122955273,26.11317715264067,33.11021757348539,5.718000241443839,0.0,11.110217573485393,80.69416274164996
2015-07-19,27.45899317921169,29.78737610913262,25.534007364036942,91.35889298002053,2.8787287982133165,2.0823423552846023,40.61435142150057,25.92318961496579,32.48797082674129,5.458993179211689,0.0,10.48797082674129,80.29774614623354
2015-07-20,27.709328182531543,30.39626124222853,25.679737429830386,89.54964930283093,2.626959618518742,2.8030573368745095,20.796782760910244,25.83250578031831,32.85566792459147,5.709328182531543,0.0,10.855667924591472,80.48591925804507
2015-07-21,27.936267278324383,30.645684191464962,25.673524476368687,89.5285609947486,2.4811486690408646,3.9000229432003386,13.8714474557856,26.05232559652882,33.32873093052756,5.936267278324383,0.0,11.328730930527563,80.86783912934635
2015-07-22,27.735576145349192,30.228367839681304,26.003522665539936,90.72896541317077,2.731132371582061,3.0047548560391144,16.617967042916643,26.079541389006955,32.97076402274965,5.735576145349192,0.0,10.970764022749648,80.68769118484028
2015-07-23,27.78059515905113,30.24929015512766,25.81749683104968,91.65714432305187,3.142847830023541,3.9635348403452655,17.780663970543852,26.2963638517783,32.87130200477312,5.780595159051131,0.0,10.87130200477312,80.8887475434557
2015-07-24,27.291108830808238,28.919398804853024,26.005028671455303,93.59233114021852,2.911240417697833,2.068587505281584,45.495207943502145,26.165438077899715,32.456483027576986,5.291108830808238,0.0,10.456483027576986,80.29797632922259
2015-07-25,27.293560692943807,29.492769964387033,25.5366777328424,90.95328846502085,3.288867024808354,3.515177165449388,43.77972958290577,25.684555877209746,31.880262509889647,5.293560692943807,0.0,9.880262509889647,79.96196600482077
2015-07-26,27.359723546809928,29.61038329208668,25.447877708698016,90.79470936198467,3.2063059093378405,4.088314619424157,32.03173779199614,25.720488266694918,32.02750350539631,5.359723546809928,0.0,10.02750350539631,80.05452216589072
2015-07-27,27.02398321965353,28.99516810526951,25.356931248868232,91.19960765376955,3.8386020402003993,3.148272523691676,29.92046176133277,25.463710989240553,31.083845529550608,5.02398321965353,0.0,9.083845529550608,79.53220974232454
2015-07-28,27.61353956660832,30.123568539868415,25.581122110219113,89.25299993963905,2.7415663668739056,4.604472879821333,16.657439488139076,25.682060460775112,32.582065087832135,5.6135395666083205,0.0,10.582065087832135,80.28431211469575
2015-07-29,28.25393372366754,31.265236916762245,25.600444860264382,88.08825617190803,2.8178825375746968,4.817269421138408,9.292514637532445,26.090918881902486,33.436433232396936,6.25393372366754,0.0,11.436433232396936,81.20683560732465
2015-07-30,27.86561296553389,30.232572584052637,25.966070501599567,90.3408921349671,5.093294501116678,4.275387746725419,15.79782941993119,26.13542918207822,31.484301628683156,5.8656129655338916,0.0,9.484301628683156,80.85744525693224
2015-07-31,27.176852176012552,28.583834731695543,25.89462787469065,92.40932275004526,5.630232993299934,2.677853425484397,47.997405686002296,25.837152773231605,30.22337975127642,5.176852176012552,0.0,8.223379751276418,79.94848430543766
2015-08-01,26.86235347377317,28.597362829721742,25.446701273616227,91.96961067181748,4.9279175469306455,2.6796691796945735,36.26922919055955,25.4454295855056,30.147871979429546,4.862353473773169,0.0,8.147871979429546,79.35146074939344
2015-08-02,26.960698979899803,29.879677672481446,24.820720106235285,89.89432486267883,3.5992672179634213,4.1378164423251045,7.072127723788254,25.158731142704198,30.99493312846061,4.960698979899803,0.0,8.994933128460609,79.25991472993417
2015-08-03,27.233577594012193,30.4082652260518,24.585406531055714,88.90219351723307,2.5820558942476004,4.949347709301623,5.9076555803706166,25.241272203121856,32.03208825384752,5.233577594012193,0.0,10.032088253847519,79.59619406302274
2015-08-04,27.789066819581095,31.12454155851995,24.914042373392896,88.27989859358968,2.3578692581638196,5.438901001991912,6.587131647250558,25.670074066443398,33.0186231543958,5.789066819581095,0.0,11.018623154395797,80.45110806661903
2015-08-05,28.17673085048591,31.236101285688417,25.47678940061568,87.55005975734895,2.2567513732118067,4.773847286774916,3.3311245246574517,25.91135606298034,33.63409732502689,6.17673085048591,0.0,11.634097325026893,81.00292077259827
2015-08-06,28.489010683889667,31.33645198285749,25.97385465081186,87.51742862316655,1.8317124403935534,5.351853178004467,3.7163910182893707,26.212126816306743,34.442243118309676,6.489010683889667,0.0,12.442243118309676,81.52154841609519
2015-08-07,28.34575360656728,30.816280557735258,26.35269451318887,88.68175952194123,1.6025212772378827,4.0824849157964636,4.526019798394398,26.295011886242186,34.51438145441944,6.345753606567278,0.0,12.514381454419443,81.44394256215227
2015-08-08,28.601148065431286,31.50041045451802,25.93704955634696,86.47656485784995,1.3143942777811315,4.2523444799903425,2.7221790306030065,26.119775787265528,34.85549077105384,6.6011480654312855,0.0,12.855490771053837,81.56158346970702
2015-08-09,28.23501901370194,30.79736826220801,26.044081004406358,87.57755900283698,1.8054783605963665,5.355853353051247,4.568123981408824,25.973983219878885,34.04931380364831,6.23501901370194,0.0,12.04931380364831,81.10438715074008
2015-08-10,28.24218808474679,30.945246574515604,25.88503953642784,88.28378644292874,1.8142584656244343,4.846723353654856,7.486525019617312,26.11687399408344,34.14433705192879,6.24218808474679,0.0,12.144337051928787,81.21415823556381
2015-08-11,28.905349188145113,31.697683346411544,26.541040622925095,86.56754451620692,1.4395485000301804,5.232620800386309,10.914829480292147,26.43627776918603,35.28312406149092,6.905349188145113,0.0,13.283124061490923,82.08120396619486
2015-08-12,28.45022031749864,31.235726444135935,26.171876018591178,89.63718174684617,2.0953974769119332,5.072377105088429,3.846401279652321,26.57973927177302,34.465069222294574,6.4502203174986406,0.0,12.465069222294574,81.75439777582747
2015-08-13,28.542859298605663,31.44066034888634,26.278876078952134,89.15152411420294,2.3408426389811074,4.902191193336151,4.258046115772318,26.57882763897734,34.385379018218835,6.542859298605663,0.0,12.385379018218835,81.84286205691875
2015-08-14,28.718775276151387,31.80229975252007,26.285427053781618,89.08456751373214,2.4790849278686546,4.123573423069959,7.31236554596487,26.739435253724213,34.57376200244157,6.718775276151387,0.0,12.573762002441569,82.13083924894377
2015-08-15,28.416948149936626,30.87628538661194,26.83788495201304,91.02151083479205,2.8195708335848373,4.368267712923282,12.003602342005191,26.807339399130164,34.079645291055584,6.416948149936626,0.0,12.079645291055584,81.89199649895104
2015-08-16,28.310978451137803,30.813314420233,26.39535944950806,90.4859008873061,3.5681022514637535,3.9077026739904634,15.912401158930406,26.602355935932515,33.3100872901921,6.310978451137803,0.0,11.3100872901921,81.6362569346613
2015-08-17,28.252048047322997,31.42879217721978,26.01093257680932,89.9319001629746,3.8725134303132744,3.961277159413292,20.117154584414806,26.4399538523123,32.928523859065415,6.252048047322997,0.0,10.928523859065415,81.45904845830418
2015-08-18,28.16284903724271,30.914430494356253,26.173971147461824,90.58916822599144,3.6683340375445166,3.00089829782097,22.96235709543068,26.475435982985584,33.005997702014135,6.162849037242712,0.0,11.005997702014135,81.39792969683121
2015-08-19,28.51630651294743,31.141276030663374,26.456054204140766,90.65051367175712,3.6595605722218876,2.7850987263837754,28.980546870284307,26.83602316144353,33.610756942712996,6.5163065129474305,0.0,11.610756942712996,82.0095495758245
2015-08-20,28.270249894368327,30.330106838896604,26.71570893945796,92.99100621717875,2.769400615681777,2.0034103036156217,29.060497977907893,27.026575288603485,34.11874323409478,6.270249894368327,0.0,12.11874323409478,81.91428485710495
2015-08-21,27.92475704714191,29.952540592744615,26.36494356250378,90.97438160197984,1.6655272529727776,3.1216896239512284,28.177041105812762,26.31218398379568,34.0602857843906,5.9247570471419095,0.0,12.0602857843906,81.04386972452107
2015-08-22,28.237884348403455,31.136890807026017,25.66949357155792,86.72778052755477,1.5970586104907347,3.8129003440574643,5.737215548982919,25.81207846562568,34.09241199547804,6.237884348403455,0.0,12.092411995478038,80.99159744606297
2015-08-23,27.88727409911269,30.13161103398322,25.99735015392045,89.42359147703267,1.9285791030361565,4.621056268485544,6.732043822055895,25.984177382767932,33.621722662861714,5.887274099112691,0.0,11.621722662861714,80.77062417106832
2015-08-24,28.413571557916345,31.450438220558944,25.88705921410032,88.4375710750287,2.1059576266071103,4.797575523631316,1.1930657330838415,26.315073495146862,34.24323987224348,6.413571557916345,0.0,12.243239872243478,81.52411955301534
2015-08-25,28.24112090299994,30.54875475342548,26.474942355284607,90.33225810345867,1.820267399046297,4.497780388724574,1.1595267700851093,26.504532097898714,34.39758265525294,6.241120902999938,0.0,12.39758265525294,81.49589378090963
2015-08-26,28.169301020100207,30.782733144202336,25.985658236252792,90.34962032957083,1.9270646465865877,4.993709561175832,1.8433735739723547,26.436888174881158,34.20544548982265,6.169301020100207,0.0,12.205445489822651,81.37595200977643
2015-08-27,28.00585018410093,30.685030482284056,26.035574938130022,90.37902275608137,2.392472384861472,4.95358075692642,5.586150781674412,26.281030105481282,33.61184260067754,6.005850184100929,0.0,11.61184260067754,81.10151458132765
2015-08-28,27.69055290638016,30.33924609162794,25.595119212893106,91.18951228345507,3.291805396269693,4.548509343876382,11.610785296070501,26.120720384003093,32.560385586937294,5.690552906380159,0.0,10.560385586937294,80.67203270020676
2015-08-29,28.153100138830208,31.110857125611158,26.00894368322569,90.2688778897809,3.286174926057826,3.833007032051669,16.877685760849886,26.405731138896755,33.21695398369967,6.153100138830208,0.0,11.216953983699668,81.33724928144409
2015-08-30,28.05681052695117,30.507120782278022,26.251771594132915,92.11175771111246,3.1298744492062536,3.1151373634333313,28.01523993481017,26.653589998827677,33.39713599765268,6.056810526951171,0.0,11.397135997652683,81.4249766452119
2015-08-31,27.924982193517238,29.804419629383716,26.674356853986843,93.77833343393493,3.1700398382326314,1.7527942234562688,47.599492967948336,26.82780846903702,33.355829467847,5.924982193517238,0.0,11.355829467847002,81.4234886531307
2015-09-01,27.588898412506794,29.64749622744009,26.10719744069536,92.9901122713829,2.471607412325708,2.3562772077020586,25.61658779501419,26.351283505397912,33.18591894947919,5.5888984125067935,0.0,11.185918949479188,80.73549017115414
2015-09-02,27.421678034647194,29.56201001991912,25.63334822236978,90.89113961489709,2.061915253214221,2.665207502867146,16.038819943260698,25.79961291114716,32.94187508506749,5.4216780346471936,0.0,10.941875085067487,80.17289399039132
2015-09-03,27.28773404961671,29.454448602643808,25.74118247117765,90.03007605480776,1.947381541618881,3.3258443653045213,10.936028852538177,25.50683067528454,32.69926451441786,5.287734049616709,0.0,10.699264514417862,79.83302400630464
2015-09-04,27.523280618096216,30.220000000000002,25.522311221102196,89.52602040200398,1.808139675258043,3.094306235287017,9.605279773042795,25.644576976679424,33.12094162705066,5.523280618096216,0.0,11.120941627050662,80.16737537804602
2015-09-05,27.709508661797553,30.67438944890445,25.38273736946943,89.41893885434902,1.6482320275245972,4.158620776241927,5.478300839017324,25.80802059595668,33.525039044760355,5.709508661797553,0.0,11.525039044760355,80.46882834154508
2015-09-06,28.246695237520377,31.628832015452407,25.50741051487898,87.77675258043098,1.7682857487776906,4.663785670308444,5.123168950322931,26.02387789659552,34.11977850468585,6.2466952375203775,0.0,12.119778504685847,81.15153560922087
2015-09-07,27.954286835274946,30.94433934930887,25.454475765075156,88.45963783424881,1.9858447516146558,4.789217275306332,2.797376109132613,25.867068256843552,33.572162660046594,5.954286835274946,0.0,11.572162660046594,80.75350251371944
2015-09-08,28.057129232812223,31.185320818494603,25.349461580249898,86.97820546870287,1.6642530331381662,5.1755218204865105,7.700520311462546,25.68316424350267,33.78093577378781,6.057129232812223,0.0,11.78093577378781,80.72442931149148
2015-09-09,29.04384137140098,32.41884408764411,25.547124403935538,82.58539385525441,1.1534924850606627,5.3740595883382625,1.3389352326914952,25.775055975997184,35.18564751576757,7.04384137140098,0.0,13.18564751576757,81.72874716923097
2015-09-10,28.73791694332106,31.406142331140224,26.38433029516509,84.27221645439731,1.2098237460010866,5.04932388483129,7.593424277177522,25.81738372613223,34.867467455038046,6.737916943321061,0.0,12.867467455038046,81.47321395618408
2015-09-11,28.266296855194064,31.120901189110885,26.114871732963124,87.38050461761334,1.2092171183678397,5.007855773525685,11.344780587915736,25.966661562950172,34.493209242789106,6.266296855194064,0.0,12.493209242789106,81.12947764800008
2015-09-12,29.132444618820546,32.9648192189292,25.784693668135457,82.80257077322388,1.0594808957566246,6.148573091084686,5.165696263656667,25.90590728172118,35.425321492552,7.132444618820546,0.0,13.425321492552001,81.90479857718134
2015-09-13,28.429079495382393,31.10318343695298,26.04451982857488,87.09080461157725,1.262725297277721,4.779655918391985,9.55516569083117,26.070509015861184,34.68692045342066,6.429079495382393,0.0,12.686920453420662,81.36130180843224
2015-09-14,27.97300718295407,30.65059093378403,25.812390897567457,89.47348403452648,1.78445765678759,4.99130852900344,8.945624434116015,26.078145916658677,33.87019398991574,5.9730071829540705,0.0,11.870193989915741,80.9226481612088
2015-09-15,28.189243677189598,30.844698497012136,26.00701333977184,88.56548318947307,1.9030796161043038,4.838292726504497,8.038270054928473,26.118653278915108,34.03033763109587,6.189243677189598,0.0,12.030337631095868,81.16390523262851
2015-09-16,28.307997223395912,31.20669463391079,25.950174443170162,88.74503470755117,1.72742681233778,5.285823389871433,3.6664664694875357,26.26990636892997,34.37243379742633,6.307997223395912,0.0,12.372433797426332,81.38905474174469
2015-09-17,29.56411118488562,32.89593227500453,26.232436168286355,82.25778958169856,0.7626939095792842,5.825687970060965,0.08590088730609043,26.215566592230477,36.26906145084062,7.564111184885618,0.0,14.269061450840617,82.52495161830652
2015-09-18,29.685740930765984,33.20613146616769,26.739974044787836,83.65863946399469,0.9473688658175893,5.35697937466047,1.7402734351421503,26.620741893469376,36.533285700814126,7.685740930765984,0.0,14.533285700814126,82.93643563928256
2015-09-19,27.580631375626247,29.491383473169556,25.84354620631376,92.82527615138528,2.2225653407376114,3.104938975070924,17.42086738697411,26.313022513849138,33.32643096750976,5.580631375626247,0.0,11.326430967509758,80.6994625734222
2015-09-20,27.014871129353534,29.050113478602047,25.47744914589244,93.2591036397658,3.5248590571618283,2.3400193939759766,35.180613267338686,25.831253206751256,31.531156760911927,5.0148711293535335,0.0,9.531156760911927,79.77641264402953
2015-09-21,27.488789762781437,29.782263535944953,25.8088694392467,92.52402788676287,3.3770290336210547,2.0237116557010926,34.443122472384864,26.167001601368266,32.32935280927009,5.488789762781437,0.0,10.329352809270091,80.5013073003808
2015-09-22,28.03135993239573,30.66986418784331,26.10247842095733,91.39424156455605,2.7589092774793267,2.376218917124404,18.914705740327157,26.4956348446639,33.52455807738772,6.0313599323957305,0.0,11.524558077387717,81.28336597106446
2015-09-23,27.70809500814873,29.79083841371401,26.278594796885375,91.77227077925997,2.6533488259793567,2.176975131285085,27.12170157542102,26.245915729188177,33.107803084009966,5.708095008148732,0.0,11.107803084009966,80.77961699295841
2015-09-24,27.399975855616592,29.835322025713776,25.775795255628662,91.03280618096217,2.440363976579948,3.1562459588338267,10.323072372789282,25.80446069585604,32.65838535045785,5.399975855616592,0.0,10.658385350457849,80.15422350870861
2015-09-25,27.73981469185731,31.22218929196596,25.052636566668678,86.42611758314722,1.888984728677492,5.547314263294502,0.36705619605239337,25.26426532103929,33.03848955797351,5.739814691857308,0.0,11.038489557973513,80.12093568444439
2015-09-26,28.100902396330056,31.894387034466106,23.968309893161102,77.72663910182894,1.0892141003199132,5.5480598297820976,0.06608679905836906,23.84199176597193,33.09391416016701,6.100902396330056,0.0,11.09391416016701,79.52997287635334
2015-09-27,27.985824228888756,31.806962032957088,24.041219291362353,74.06962636566668,0.8990541437798034,5.751657831834369,0.021453491881451077,22.931792391219492,32.59073945633498,5.985824228888756,0.0,10.59073945633498,78.85162862814512
2015-09-28,28.037822780225753,31.74708335848374,24.556887185368502,76.54457717148549,1.0277835456027042,5.751129106054206,0.0005492847226413955,23.526280722372547,32.890185080792826,6.037822780225753,0.0,10.890185080792826,79.26927200670093
2015-09-29,28.45094404539144,32.29014607351965,24.748617734049617,80.37862316653589,1.1262503772559909,5.842233506368081,0.0005492847226413955,24.7418840126879,33.95870060346506,6.4509440453914415,0.0,11.958700603465061,80.45471060189917
2015-09-30,28.85580370616286,32.17248747510111,25.711605601496956,82.02920806422405,1.0728291181263958,5.822909494778778,0.26214885012374,25.477653308547545,34.8624403745404,6.85580370616286,0.0,12.862440374540398,81.34262426441444
2015-10-01,28.998529607050155,32.29350817890989,26.12145650992938,82.32575481378646,1.0821717872879824,4.790824524657452,2.0142977002474804,25.677705688896292,35.127222100429165,6.9985296070501555,0.0,13.127222100429165,81.61717337635827
2015-10-02,28.31456630651295,31.06935715579164,26.257941691314056,87.95806241323112,1.4383473169553935,4.510743254662884,2.678346713345808,26.12555615703467,34.48566177224618,6.314566306512951,0.0,12.485661772246182,81.29063596162345
2015-10-03,28.28906380153317,31.546477334460075,25.559259371038817,85.08664694875355,1.2016237097845115,4.539221373815417,3.450516086195449,25.540070993990092,34.24491021651247,6.289063801533171,0.0,12.244910216512473,80.8489897225242
2015-10-04,28.667250558338868,32.060846864248205,25.67963541981047,79.61450654916402,0.9238142089696385,4.987607496831051,1.5845143960886103,24.79217649889765,34.34787658147245,6.667250558338868,0.0,12.347876581472448,80.69260157682544
2015-10-05,28.079125369710876,31.341888694392466,25.07888935836301,81.71530210659748,0.9486424820426148,4.737909989738638,5.499829178487355,24.655929729637613,33.658133875496034,6.0791253697108765,0.0,11.658133875496034,80.04123891716816
2015-10-06,28.174260276453193,30.92957083358484,25.67373875777148,83.66517233053662,0.9805396269692763,4.897820323534738,3.341746846139917,25.144253539041102,34.03370350979732,6.174260276453193,0.0,12.03370350979732,80.46366681871376
2015-10-07,27.66329208667834,30.243932516448364,25.61256352990886,87.23232570773226,1.3857367054988834,4.591599758556167,17.325035311160743,25.34526310038919,33.36543476713372,5.663292086678339,0.0,11.36543476713372,80.10051182196179
2015-10-08,26.91476670489528,29.179562383050648,25.073528701635787,91.23577895816986,2.0821874811372005,2.1959943200338023,26.055580370616283,25.362424543381483,32.1395404279116,4.914766704895278,0.0,10.139540427911598,79.34975825192512
2015-10-09,27.476371099173058,30.92016659624555,24.827213738154164,86.93409850908434,2.86583388664212,4.932662153679001,11.216398865213979,25.104000147813544,31.990183280876124,5.476371099173058,0.0,9.990183280876124,79.74892221210698
2015-10-10,27.533855858031032,31.426048168044915,24.353676585984186,83.18225629262994,1.5308184945976941,3.7394781915856834,4.646543731514457,24.421297805293545,32.562124376545896,5.533855858031032,0.0,10.562124376545896,79.3521223273568
2015-10-11,27.067261423311404,30.864407557192006,23.908287559606446,82.52561055109557,1.4528659383111004,4.237167664634516,5.865710146677129,23.833453942938934,31.79977423788654,5.067261423311404,0.0,9.799774237886538,78.50754396834026
2015-10-12,26.042146435685403,29.332512223094106,23.20822055894248,84.76569264199915,1.6003808776483373,4.671194307961612,6.424746182169374,23.275632019173255,30.348342815073337,4.042146435685403,0.0,8.348342815073337,77.10226321315287
2015-10-13,25.67700066397055,29.096271503591478,23.238970242047447,86.67813484638138,1.6547033258888153,4.151834278988351,8.595600893342187,23.287077007019153,29.9513647985128,3.6770006639705493,0.0,7.951364798512799,76.71629437332015
2015-10-14,25.32858091386492,28.3298973863705,22.8204195086618,87.77521699764594,1.817352568358786,3.9240623166535884,8.103433331321302,23.152831046778317,29.41262630279749,3.3285809138649185,0.0,7.4126263027974915,76.25545034300018
2015-10-15,25.979744069535826,28.98178728798213,23.352882235769904,84.52278082935958,1.217227017565039,4.738418398020161,1.70166777328424,23.16699379503022,30.492454499419622,3.979744069535826,0.0,8.492454499419622,76.97131695612319
2015-10-16,26.56018892980021,30.148259793565526,23.169346894428692,80.82746846139918,0.9538347316955395,4.905919575058852,2.187850546266675,22.994273374686962,31.1605037580375,4.5601889298002085,0.0,9.1605037580375,77.47692401592099
2015-10-17,26.7874714794471,30.516088006277542,23.228520552906385,79.03782640188327,0.927526407919358,5.019998189171245,0.14976278143296917,22.84533881645159,31.323227956279304,4.787471479447099,0.0,9.323227956279304,77.62076538706589
2015-10-18,26.750479266010743,30.642657089394582,23.07668014728074,78.86648035250799,1.0679453129715701,5.192067924186636,0.001098569445282791,22.773596548677922,31.148081435388832,4.750479266010743,0.0,9.148081435388832,77.54077171657752
2015-10-19,26.80510834792057,30.570892134967107,23.105793444799904,79.78481801171004,1.0288410695961854,5.291385362467556,0.0,23.017906696574364,31.366388187772223,4.805108347920569,0.0,9.366388187772223,77.74147979788033
2015-10-20,26.94550914468522,30.78537997223396,23.037008510895156,77.96733325285206,1.0224277177521581,5.132706766463453,0.0,22.773543151532543,31.375110049685446,4.9455091446852215,0.0,9.375110049685446,77.73780623885193
2015-10-21,26.948447516146555,30.513634936922802,23.01602342005191,75.80142512223094,0.8711402185066699,5.013885090843243,0.0,22.312228833968245,31.23143310373547,4.948447516146555,0.0,9.231433103735469,77.47066006087152
2015-10-22,26.88582543610793,30.498647914528885,23.05573248023179,75.98896480956118,0.9318850727349552,4.68393243194302,1.3580038631013462,22.292366376183587,31.115503892308737,4.885825436107929,0.0,9.115503892308737,77.39650984571364
2015-10-23,26.571745638920742,30.141502384257866,23.113127301261546,75.59414196897447,0.9445059455544155,4.249837453974769,0.7243870344661074,21.90343557949542,30.584428017351165,4.571745638920742,0.0,8.584428017351165,76.85852318952479
2015-10-24,26.060221524717814,29.99069656546146,22.070483491277844,71.89653165932276,0.8613955453612605,4.851090638015331,0.010272227922979419,20.592762739376443,29.461140834760386,4.060221524717814,0.0,7.461140834760386,75.63147207984017
2015-10-25,25.25994990040442,29.568014124464298,20.931182471177642,73.66110158749322,1.0536783968129415,5.225467574093077,0.0,20.216549972448107,28.34208100289547,3.2599499004044183,0.0,6.342081002895469,74.6075186488113
2015-10-26,25.23921953280618,29.73977907889177,20.848155369107264,72.84711112452467,1.0150842035371521,5.351305643749623,0.0,20.016859500067675,28.25241078974448,3.2392195328061817,0.0,6.252410789744481,74.48743392433946
2015-10-27,24.88500995955816,29.200006639705443,20.249727168467437,74.12065733083843,0.9754994869318525,5.225981143236554,0.0,19.95600269795393,27.896624058867047,2.885009959558161,0.0,5.896624058867047,74.07956627087492
2015-10-28,24.941576024627274,28.921229552725297,20.362801955695062,75.3303585440937,0.9353612603368142,5.14602921470393,0.0,20.272425785788595,28.133328162210745,2.941576024627274,0.0,6.133328162210745,74.29426783525176
2015-10-29,25.642904569324564,29.112517655580376,22.41566789400616,74.27201545240538,0.7709168829601015,4.449450817890988,0.004557252369167623,20.719383351305677,29.169485941643487,3.642904569324564,0.0,7.169485941643487,75.26465547448758
2015-10-30,25.260515482585866,28.846101889298005,21.583930705619608,78.48400676042735,1.0073386853383233,2.9331060360958534,1.103940966982556,21.247765848670674,28.88735444501775,3.260515482585866,0.0,6.887354445017749,75.13218009163865
2015-10-31,24.455113780406837,27.611868775276157,21.915534496287805,84.09879338443896,1.4406724210780466,2.7362545240538423,1.691518681716666,21.59169484845318,27.955252825005605,2.455113780406837,0.0,5.955252825005605,74.42032038708007
2015-11-01,24.276027041709426,28.091445644956842,21.520031991308024,85.58214160680872,1.5403953642783847,2.9162670791332173,2.6373561900162983,21.702352530318855,27.763947858831987,2.276027041709426,0.0,5.763947858831987,74.27293708133001
2015-11-02,24.55231846441722,28.32164423251042,20.81758676887789,83.51802378221767,1.049460976640309,4.405698201243436,1.5103374177581943,21.573442710521324,28.31689311436,2.552318464417219,0.0,6.316893114359999,74.52087052109222
2015-11-03,25.05189110883081,29.000960342850245,21.499062594313994,80.24584475161468,0.8877575903905355,4.857789998189172,0.07663789460976642,21.407469986910773,28.844183364308442,3.0518911088308087,0.0,6.844183364308442,74.98921288936806
2015-11-04,25.339264199915494,29.366949960765375,21.299773646405505,75.61736222611216,0.9731786080762962,4.847729238848314,0.08391984064706948,20.718149307181793,28.72342164392233,3.339264199915494,0.0,6.723421643922329,74.9433943948539
2015-11-05,25.377758194000126,29.299511679845477,21.494204744371345,73.21835274944166,0.9118856763445403,4.189039699402428,0.27577895816985576,20.232329278544142,28.56685562836119,3.3777581940001262,0.0,6.566855628361189,74.73994027366385
2015-11-06,25.13804007967647,29.733694694271747,20.73851934568721,73.07857185972114,0.9541371400977849,4.44004102130742,0.09235468099233415,19.970826899177517,28.17185244372761,3.1380400796764683,0.0,6.171852443727609,74.3576383996932
2015-11-07,24.47249230397779,29.455847166053,20.18686786986178,74.69530572825498,1.259524959256353,4.53467909700006,0.0,19.682963071607706,27.15592008944401,2.4724923039777913,0.0,5.15592008944401,73.5016727640934
2015-11-08,23.73995654010986,29.17292207400254,19.116348162008816,74.56097181143238,1.5482350455725238,4.83076794833102,0.0005492847226413955,18.94751843990778,25.882532333531774,1.7399565401098585,0.0,3.882532333531774,72.35592759515923
2015-11-09,23.562006398261605,28.589485121023724,18.64056377135269,76.0554693064526,1.2684776966258227,4.441856853986841,0.0,19.094045344039884,25.966601151961473,1.5620063982616053,0.0,3.9666011519614734,72.21781208269437
2015-11-10,23.973131526528647,28.862913019858762,19.118376893825072,73.8572336572705,0.9623661495744554,4.323345898472868,0.002003983823263114,19.020177755456064,26.55878853306132,1.9731315265286469,0.0,4.558788533061321,72.648955341089
2015-11-11,24.226889599806846,28.755375746966866,20.021622502565343,70.70963723063923,0.7827029637230639,4.5526637351361146,0.022593106778535647,18.566532528370495,26.73571586010644,2.226889599806846,0.0,4.735715860106438,72.73006966692431
2015-11-12,23.538370254119638,28.573528098026195,18.691167380938012,73.76361260336816,1.1707955574334523,4.678009506850969,0.0,18.58109840962828,25.781510568449754,1.5383702541196378,0.0,3.781510568449754,71.97148823580595
2015-11-13,23.576258827790184,28.309909458562203,18.626729643266735,73.54552000965776,1.0846695237520372,4.613076000482889,0.0,18.570246859006772,25.874919963825057,1.5762588277901841,0.0,3.8749199638250573,72.00973433456257
2015-11-14,23.74139916701877,28.231181867568058,19.252721675620208,71.9634375565884,0.8623733928894791,4.260759328786142,0.0,18.381639310447092,26.11293510535748,1.7413991670187698,0.0,4.112935105357479,72.11551129008424
2015-11-15,23.71134967103278,28.287349550310857,19.071290517293416,73.42174986418786,0.8645620812458503,4.04170177461218,0.014641757711112452,18.673362504214175,26.209829995775287,1.7113496710327816,0.0,4.209829995775287,72.2056356012718
2015-11-16,23.631626727832437,28.1996752580431,18.9468708879097,73.61607653769543,1.0478505462666747,3.797045276754995,0.0026691615862859904,18.63889190272234,25.9864615981193,1.6316267278324368,0.0,3.9864615981192983,72.10126277990142
2015-11-17,23.457934447999037,28.22405323836543,19.649936620993543,73.32115772318465,0.9951011046055414,2.519001889298002,0.03699523148427597,18.407530123053515,25.74769734811014,1.4579344479990368,0.0,3.7476973481101403,71.80772996147928
2015-11-18,23.522850848071467,28.098431218687757,19.768717933240783,74.82038812096337,1.0251892316049982,2.4570484155248384,0.5470960342850245,18.793744459018573,25.96239389263726,1.5228508480714673,0.0,3.962393892637259,72.04403309068084
2015-11-19,23.122914227077924,28.282107804671938,18.108201847045336,75.97576567875899,1.3526945131888695,4.048066632462123,0.0072402969759159785,18.65275764932462,25.270168776308264,1.1229142270779242,0.0,3.270168776308264,71.5256322551862
2015-11-20,23.6130180479266,29.29766101285689,17.94730850485906,75.73029516508724,1.1951186092835158,4.744711365968492,0.003844993058489769,19.07458373629608,26.060161099816828,1.6130180479266016,0.0,4.060161099816828,72.26746019964885
2015-11-21,23.70355103519044,29.237461218084142,18.550959739240657,75.74315687813123,1.177787167260216,4.905476779139253,0.0,19.164788749449702,26.203930550317917,1.70355103519044,0.0,4.203930550317917,72.40964408397365
2015-11-22,23.619865998672065,28.900423733928896,18.474763083237765,74.74942415645562,0.953055471720891,4.846317082151265,0.0,18.872142809027626,26.145082703314007,1.619865998672065,0.0,4.1450827033140065,72.18768954094186
2015-11-23,23.43133880606024,28.704539747691197,18.084645982978213,71.16515180781072,0.9648041286895636,4.821282374600108,0.0,17.906358552399645,25.52599637104484,1.4313388060602392,0.0,3.5259963710448403,71.57223701645867
2015-11-24,23.118989557554173,28.017747329027586,17.920990523329515,65.48766403090482,0.9137556588398624,4.679215168708879,0.0,16.294101561861595,24.592735734536927,1.1189895575541726,0.0,2.5927357345369266,70.60505423438408
2015-11-25,22.95233114021851,28.158487354379194,17.76857367054989,65.75057705076357,0.7712754270537816,4.4281537755779565,0.0,16.19875630410155,24.48871388473208,0.9523311402185115,0.0,2.4887138847320784,70.38507198816063
2015-11-26,22.742055894247606,27.99219834610974,17.489222550854112,68.76368624373755,0.9379199613689867,4.318050341039417,0.0,16.70322238483931,24.35971094356171,0.7420558942476063,0.0,2.3597109435617085,70.32994985679572
2015-11-27,22.467985151204203,27.49974286231665,17.658865817589184,67.96918693788857,0.9612778414921229,4.136878897808898,0.0,16.258811457897025,23.894375488948082,0.4679851512042035,0.0,1.8943754889480822,69.85813203050644
2015-11-28,22.299427778113117,27.696631254904332,17.039445282791092,71.66144685217603,1.0747166052996924,3.9010193155067308,0.0,16.93045435429288,23.912106077796494,0.2994277781131167,0.0,1.9121060777964942,69.90038646132905
2015-11-29,23.178962998732423,28.483875173537758,18.117689382507393,72.18307961610431,1.0537194422647433,4.102234544576568,0.0,17.890001958875327,25.204261622153282,1.1789629987324233,0.0,3.2042616221532825,71.2800962498293
2015-11-30,23.213012615440338,28.101393130922922,18.685236313152654,75.41760366994629,1.1060523933120059,3.9890772258103464,0.0,18.621877506896855,25.519292940595964,1.2130126154403378,0.0,3.519292940595964,71.61697301804743
2015-12-01,23.624235528460193,28.420278867628422,19.019509265407134,73.54284903724272,1.02892557493813,3.26030912657693,0.0,18.615858423985767,25.982111764344193,1.6242355284601935,0.0,3.982111764344193,72.08315403230334
2015-12-02,23.029964387034468,27.138987143115834,19.134601919478484,73.63372849640854,0.8584867507696022,2.2857271624313396,0.0,18.063334622095287,25.26589442853245,1.0299643870344681,0.0,3.2658944285324516,71.17853605571328
2015-12-03,22.800530572825497,27.59956962636567,19.134533107985757,76.89848795798878,1.2842041407617553,2.1846739663185857,0.43380153316834674,18.533890105340966,24.94297233841781,0.8005305728254974,0.0,2.9429723384178104,71.10030544921177
2015-12-04,22.544222249049316,27.266468280316296,18.410717088187358,75.48161284481199,1.0886913744190259,3.122992485060663,0.13985573730910847,17.98941957029496,24.58703105040387,0.5442222490493158,0.0,2.587031050403869,70.58276810648789
2015-12-05,22.13848976881753,27.36491700368202,17.756225629262993,71.80838232631136,1.1127452163940366,3.462985410756323,0.0,16.808261087068285,23.675353390664014,0.1384897688175286,0.0,1.6753533906640143,69.667676134529
2015-12-06,22.235340737610915,27.330591537393616,17.71880545663065,69.83248385344362,0.9976205710146677,3.142500826945132,0.0,16.461624992993922,23.715370443917113,0.23534073761091534,0.0,1.715370443917113,69.65988564554317
2015-12-07,21.92015271322509,26.439349308867026,17.765180781070804,72.34889177280137,0.8716442325104123,2.8818192491096757,0.00969215911148669,16.716741376996904,23.589103354528763,0.0,0.07984728677491049,1.5891033545287634,69.37686931822068
2015-12-08,21.986258224180602,26.586758616526833,17.398323776181563,71.31434779984308,0.8726335486207522,3.187143025291242,0.08118730005432487,16.55336917183017,23.589762324306548,0.0,0.013741775819397617,1.5897623243065482,69.39909715433083
2015-12-09,21.927089998189174,26.80964024868715,17.69081909820728,69.73325224844571,1.1099010080280076,3.4140742137985147,0.009725961248264622,16.14431993238869,23.204816405662903,0.0,0.07291000181082552,1.2048164056629034,69.19055665395612
2015-12-10,21.097638679302232,26.53781372608197,16.171598358181928,68.68762660711053,1.256263053057283,3.5022199191163157,0.0,15.115209850094239,21.886639049896136,0.0,0.9023613206977679,0.0,67.87855999097431
2015-12-11,21.535480775034706,27.00605782579828,16.660888513309594,64.59702058308687,1.1084167320577052,2.7083884952013038,0.0,14.578052153039527,22.23554520936792,0.0,0.46451922496529363,0.23554520936792045,68.23769260497915
2015-12-12,21.41792841190318,27.39432425906924,16.004258465624435,73.66623407979719,1.5039952918452346,2.467523993481017,0.07046779742862318,16.517671429576243,22.56507111592463,0.0,0.5820715880968201,0.5650711159246313,68.70418630098773
2015-12-13,22.12529788133036,27.57689623951228,17.522670972415046,75.24252248445706,1.1204527071889903,2.4347572221886886,0.554801110641637,17.534399471144496,23.9534889075334,0.12529788133036135,0.0,1.9534889075334014,69.91294730041557
2015-12-14,20.743881209633606,26.402167562020892,16.06650328967224,70.08890263777388,1.416640912657693,2.0944626184583814,0.042608800627753976,15.091221129775837,21.411700981155278,0.0,1.2561187903663935,0.0,67.44146169218301
2015-12-15,19.041461338806062,24.65289672239995,14.80428079917909,65.78110460554113,1.4809537031448063,2.3257715156636687,0.4972197742500152,12.489595076098087,18.784188049498013,0.0,2.9585386611939377,0.0,64.68637360955061
2015-12-16,17.74709784511378,24.319648699221343,12.477477515542946,60.90858453552244,1.4623106174926062,3.3738671455302716,0.0005492847226413955,10.101757808823228,16.803728797512044,0.0,4.252902154886218,0.0,62.636348196568804
2015-12-17,17.965232691495146,24.158225991428747,12.759396390414683,58.54103096517173,1.1485290034405746,3.693631152290698,0.0,9.714275420057088,17.137165410869596,0.0,4.034767308504854,0.0,62.85931012710471
2015-12-18,16.452092714432307,21.204077382748842,12.8190583690469,73.12526709724152,1.3086056618579105,1.6937939156153803,0.7647703265527859,11.620738116760373,16.048837104470884,0.0,5.5479072855676925,0.0,61.062272450057506
2015-12-19,16.76607412325708,23.157035673326497,11.493909579284118,65.0172209814692,1.4247751554294685,3.2430524295285807,0.009154946580551701,10.15102234187976,15.862052959776413,0.0,5.233925876742919,0.0,61.35121493990908
2015-12-20,17.20060421319491,23.806810526951168,11.917677310315689,56.196112754270544,1.1721434176374723,3.5565033922858698,0.0,8.392015354544993,16.016913547520435,0.0,4.799395786805089,0.0,61.73431407200379
2015-12-21,17.141309832800147,23.385727651355108,11.95156998853142,56.735424639343286,1.149756745337116,3.6001094947787773,0.0,8.477724567823417,15.994432192654688,0.0,4.858690167199853,0.0,61.66834164055935
2015-12-22,17.625911148669044,23.706469487535465,11.666954186032477,60.179506247359214,1.167883141184282,3.5841299752520075,0.0,9.807606000565075,16.809104220535634,0.0,4.374088851330956,0.0,62.442066320182775
2015-12-23,17.893236554596488,24.52946761634575,12.009787529425969,64.06457777509506,1.2912917245125854,3.7884328242892495,0.0,10.99871090086861,17.320699025088775,0.0,4.106763445403512,0.0,62.95251649306471
2015-12-24,17.91696263656667,24.09275185609948,12.701238003259494,63.51835818192794,1.3098297820969398,3.293726468280317,0.0,10.892164225927239,17.300939326320787,0.0,4.083037363433331,0.0,62.96748703387233
2015-12-25,17.09178487354379,24.128008088368446,11.89026438099837,67.6535075753003,1.9351964749200221,2.3452850365183804,0.0,11.058396060564757,16.0853673425858,0.0,4.908215126456209,0.0,61.89451478216877
2015-12-26,16.14698436651174,23.934157059214108,9.977243918633427,62.60054747389389,1.7739234623045814,3.9587433452043217,0.0,8.999705227063295,14.694082672379182,0.0,5.853015633488258,0.0,60.41120927092908
2015-12-27,16.89611818675681,24.284283213617428,10.18967767248144,61.50907768455364,1.4813508782519471,4.131489744673146,0.0,9.445856013520835,15.763733767327544,0.0,5.103881813243191,0.0,61.45223382399596
2015-12-28,17.959276272107203,24.682994507152777,12.425616587191406,59.71604877165449,1.1828417939276876,3.6759160318705866,0.0,10.005580765273498,17.18547300197052,0.0,4.0407237278927965,0.0,62.892880172255225
2015-12-29,18.687183557674892,25.126506307720174,12.94962214039959,56.90248506066277,0.9681390716484578,3.4349930765980563,0.0,9.966063197502377,18.05324838613862,0.0,3.312816442325108,0.0,63.78926082956906
2015-12-30,19.5005758435444,25.23773706766464,14.377053781614054,59.87616526830446,0.8461966560028974,3.3269690770809444,0.0,11.494656646661802,19.38485980130641,0.0,2.4994241564556,0.0,65.05448989655137
2015-12-31,19.916533470151506,26.058836240719504,15.428331623106176,62.854411178849524,0.9648481921892921,3.4010270839620933,0.0,12.624635361327018,20.063410145537492,0.0,2.0834665298484936,0.0,65.80061140626908
2016-01-01,19.592353473773166,26.45515663668739,13.872760306633673,64.29396873302348,1.125660650691133,4.233788742681234,0.0,12.663550693866046,19.63881972242198,0.0,2.4076465262268343,0.0,65.41225289795432
2016-01-02,19.680396571497557,26.580426751976823,14.351843423673568,62.942172390897575,1.1949797790788916,4.14957289792962,0.0,12.422671870677874,19.602658550267297,0.0,2.319603428502443,0.0,65.46791357015309
2016-01-03,19.078757167863827,25.56204684010382,13.572776604092471,60.11131043640974,1.153497917546931,3.6513235166294447,0.0,11.157289639872161,18.64893637746866,0.0,2.9212428321361728,0.0,64.47546798003145
2016-01-04,18.789337840284908,25.507798032232753,12.96069656546146,58.285236916762244,1.1534375565883987,3.724394790849279,0.0,10.421308833164286,18.150517054906064,0.0,3.210662159715092,0.0,63.989806231515075
2016-01-05,18.90039113901129,25.293500331985275,13.165265890022335,55.655143357276515,1.0987740689322145,3.6709932214643572,0.0,9.833798041959449,18.139460373569268,0.0,3.0996088609887096,0.0,64.02501205126393
2016-01-06,18.948160197983945,25.182354680992336,13.578372064948391,58.33774491458926,1.2392297941691317,3.564099209271444,0.0055634695478964215,10.58367094748135,18.294665811581176,0.0,3.0518398020160546,0.0,64.2118222529939
2016-01-07,19.45980744854229,26.65721615259251,13.294679785114988,58.78616949357156,1.2558900223335547,3.6481668195810957,0.0005492847226413955,11.17869091077376,18.964679319596044,0.0,2.540192551457711,0.0,64.94231294158226
2016-01-08,19.616348162008816,25.9373314420233,14.409191163155672,59.26555441540413,1.183660288525382,3.2881444377376714,0.0005492847226413955,11.448316009639083,19.250766406390948,0.0,2.3836518379911844,0.0,65.18457618805932
2016-01-09,19.653214221041836,26.468890565582182,14.17830928955152,66.62048711293536,1.72009416309531,2.800222713828696,0.025640127965232087,13.265535301061371,19.477496702285098,0.0,2.3467857789581643,0.0,65.62228827997754
2016-01-10,19.631654493873366,26.081067181746846,14.234413593287863,62.60480714673749,1.0713508782519467,3.0135303434538545,0.029347498038268856,12.294713695485193,19.60063772319675,0.0,2.3683455061266336,0.0,65.38059080157174
2016-01-11,18.5688978088972,25.050879459165813,13.668778897808899,58.45937647129836,1.27595641938794,3.648504810768395,0.0005492847226413955,10.259426732745185,17.79947274724258,0.0,3.4311021911027986,0.0,63.692229911924684
2016-01-12,18.143432727711716,24.454912778414922,12.347105088428805,53.655844751614666,1.3059847890384502,3.6380836301080466,0.0,8.586013400911458,16.91443375788902,0.0,3.8565672722882844,0.0,62.9233166349315
2016-01-13,18.46692943803948,24.41018229009477,13.373837749743469,55.98499547292812,1.1560711052091508,3.3931856099474857,0.0,9.517805463851518,17.581723271518864,0.0,3.533070561960521,0.0,63.45041381220516
2016-01-14,19.104363493692283,25.382064344781796,13.75851451681053,56.723444799903426,1.2947015150600594,3.2783946037303076,0.0,10.308634453872493,18.335583272941278,0.0,2.895636506307717,0.0,64.35196782448517
2016-01-15,19.079517112331747,25.37932697531237,13.67894911571196,57.43923824470333,1.3896239512283453,3.5544995412567153,0.0,10.473543314981768,18.290011862495746,0.0,2.9204828876682534,0.0,64.35149267271929
2016-01-16,19.741498158990762,26.443720649483915,13.659981891712443,56.514933904750414,1.325317196837086,3.52111679845476,0.0,10.848233331281653,19.10283703872308,0.0,2.258501841009238,0.0,65.2119426812697
2016-01-17,19.397560813665724,25.844594676163464,13.5515337719563,55.50784813182834,1.3353491881451078,3.499883267942295,0.007689986116979538,10.257403384807425,18.58632350997001,0.0,2.6024391863342764,0.0,64.69208711767791
2016-01-18,19.133653045210362,25.5995804913382,13.037976097060424,51.8654198104666,1.1974992454880187,3.6100878251946646,0.0,9.000385905050496,18.08548033007093,0.0,2.8663469547896376,0.0,64.16205146043758
2016-01-19,19.970912054083424,26.944824047805877,14.27959377074908,55.3290583690469,1.1255284601919482,3.0706891591718475,0.5038015331683467,10.742939041930324,19.44229261224358,0.0,2.029087945916576,0.0,65.45906282535883
2016-01-20,18.89195931671395,24.296823202752464,14.622792297941691,72.50833947003079,1.5575656425424036,2.287342325104123,30.57301563348826,13.83955772345998,19.020868916427727,0.0,3.108040683286049,0.0,64.7706125635898
2016-01-21,17.91620510653709,22.972884046598665,14.0256208124585,77.83591899559366,1.807490794953824,2.0525203356069293,1.458162612422285,13.990495752049211,17.92101642150409,0.0,4.083794893462908,0.0,63.46983464367281
2016-01-22,16.486818977485363,23.218481921892923,10.929351723305366,65.33268244099717,1.9739011287499248,3.227607327820366,0.10981469185730672,9.958142884368971,15.145877461393503,0.0,5.513181022514637,0.0,60.952829997667266
2016-01-23,15.54758556165872,23.132048047322993,9.446535280980264,59.88590450896361,1.8424880787106899,3.4285846441721497,0.0,7.77968881052851,13.746041210281,0.0,6.452414438341281,0.0,59.525310442940565
2016-01-24,15.29350033198527,22.826007726202693,9.014137743707371,54.00260035009357,1.645028671455303,4.0800165268304465,0.0,6.0330357431352075,13.236611687630653,0.0,6.706499668014731,0.0,59.11731367899698
2016-01-25,15.7754524053842,23.523024084022456,8.8901563348826,52.1822496529245,1.4528279109072253,4.23133809380093,0.0,5.983338212378324,13.842646358102545,0.0,6.2245475946157995,0.0,59.7381039323421
2016-01-26,16.575001509023966,23.207527615138535,10.226925816381964,49.706571497555395,1.1703712198949718,4.042772849640853,0.0,6.01720494238735,14.847364475359424,0.0,5.424998490976034,0.0,60.74111988737508
2016-01-27,17.16698074485423,23.50606627633247,10.755090239633004,54.6722538781916,1.177239693366331,3.904357179936018,0.03511076235890627,7.955422038880515,15.873579684951949,0.0,4.833019255145771,0.0,61.646355333470765
2016-01-28,18.379749502022094,25.22029033621054,11.935212168769242,64.29921470392951,1.2742337176314362,3.089219605239332,0.017033862497736463,11.515160918518921,17.970006836969223,0.0,3.6202504979779064,0.0,63.66274727860143
2016-01-29,19.534543369348707,26.3248807871069,14.213717027826402,61.264789642059526,1.3509917305486812,3.4508645982978217,0.000688114927265045,11.874108165164158,19.178977967734877,0.0,2.4654566306512926,0.0,65.17330188979076
2016-01-30,19.801857910303617,25.873143598720354,13.987866240115896,52.26702058308686,1.1678976278143298,3.2869516448361202,0.003440574636325225,9.732957254273222,18.96589633561558,0.0,2.1981420896963826,0.0,65.06487651409039
2016-01-31,20.46200881269995,27.017057403271565,13.877556588398624,60.56112814631497,1.4223522665539927,2.7636214462485666,0.0,12.571745536315618,20.272198398421367,0.0,1.537991187300051,0.0,66.44082797546008
2016-02-01,21.130205830868594,27.620146073519653,15.014562684855438,64.45612361924307,1.32844449809863,3.281191978028611,0.02256896239512284,14.16004518275238,21.530133611887003,0.0,0.8697941691314064,0.0,67.64219445486904
2016-02-02,21.61996197259613,28.34957505885194,15.368066034888633,60.89773767127423,1.4446737490191346,3.1514339771835576,0.0005492847226413955,13.746610893750702,21.797828974438488,0.0,0.38003802740387016,0.0,68.09276308011425
2016-02-03,21.60127240900586,27.81488984125068,16.451690106838896,54.41017202873182,1.3551952677008512,3.2749870525743954,0.0,12.005888991939178,21.283662771455013,0.0,0.3987275909941417,0.0,67.59924263320238
2016-02-04,19.98131345445766,27.20520854711173,13.836527434055656,52.53798152954669,1.5424132311221104,4.264953503953644,0.0,9.976224635957042,18.948624774149486,0.0,2.018686545542341,0.0,65.3173601953752
2016-02-05,19.24249652924489,26.34364761272409,13.228690770809443,47.232593106778545,1.4769191766765255,4.644399040260759,0.0,7.719075887806767,17.68368915369778,0.0,2.757503470755111,0.0,64.08123390526401
2016-02-06,20.173669946278746,27.811699764592262,13.144116617371886,45.53417154584416,1.196071708818736,4.565340363372971,0.0,8.02972968821268,18.885952013851288,0.0,1.8263300537212537,0.0,65.16792873485241
2016-02-07,20.723263717027827,27.843930102010024,14.842967344721435,47.1699342065552,0.999080098991972,4.3523634393674175,0.0,9.052580887715758,19.827901906350085,0.0,1.2767362829721733,0.0,65.96129030865126
2016-02-08,20.838809078288165,28.58928532625098,14.198776483370558,59.57448300839019,1.5815301502987869,4.405316007726202,1.138621355707129,12.675170954670644,20.570409698308435,0.0,1.1611909217118352,0.0,66.906934482918
2016-02-09,21.428014124464294,27.358229009476673,16.39623407979719,73.60021609223156,1.6990613870948272,2.8947598841069597,0.9377968250135813,16.513277619777053,22.436885521815306,0.0,0.5719858755357059,0.4368855218153058,68.7150448821697
2016-02-10,21.77976036699463,27.786724210780466,16.65971811432366,65.58303434538541,1.6172523691676224,3.6167813484638143,0.11412265346773706,15.045128717457297,22.29095962762705,0.0,0.2202396330053702,0.29095962762704985,68.66367906968892
2016-02-11,22.330831170398987,29.15628357578318,15.640986298062414,58.7728659383111,1.650416490613871,3.6805438643085657,0.11292569566004709,13.867062675304757,22.405746046560118,0.33083117039898724,0.0,0.40574604656011815,68.92584170789158
2016-02-12,22.97130802197139,29.425583992273797,17.628851330959137,67.06122834550614,1.903627089998189,3.032505396269693,3.8726027645319014,16.527034646590206,23.84329815037675,0.9713080219713888,0.0,1.84329815037675,70.52507086238802
2016-02-13,23.075506126637293,29.959806241323115,17.36663608378101,59.32057765437315,1.1914275366692826,4.287894114806544,0.10458139675258045,14.708809447035149,23.764616841104363,1.0755061266372934,0.0,1.7646168411043632,70.00676525007161
2016-02-14,23.61829299209272,30.45319249109676,16.912666747147945,56.14623166535886,1.2062672783243797,3.826327711716062,0.0005492847226413955,14.36399813449541,24.175758314342296,1.6182929920927194,0.0,2.1757583143422963,70.4703585326061
2016-02-15,24.595077563831712,31.367890384499308,18.436732057705076,55.66867869861773,1.252665539928774,4.309991839198407,0.0,15.140998491225847,25.397846999541663,2.595077563831712,0.0,3.397846999541663,71.7515270231497
2016-02-16,25.37888332226716,32.56859117522786,19.09623890867387,46.64268666626427,1.251511438401642,4.421786943924669,0.0,13.12970808004829,25.489501630877847,3.3788833222671606,0.0,3.4895016308778466,71.82395280527354
2016-02-17,25.507212530934993,32.56770447274703,18.70460373030724,48.05336874509568,1.4431170398985937,4.362785434900706,0.0,13.704556227186925,25.673894821598015,3.507212530934993,0.0,3.673894821598015,72.14315981953966
2016-02-18,25.84999939639042,32.83193577594013,20.12774913985634,51.56766101285689,1.5500887306090423,4.719264073157483,0.0,15.111938737697455,26.434643933643205,3.8499993963904195,0.0,4.434643933643205,72.9844963918171
2016-02-19,25.734172149453734,33.13278626184584,19.11821754089455,57.60107140701395,1.8699329993360294,5.057406036095855,0.0,16.737687123901004,26.71490753239129,3.734172149453734,0.0,4.71490753239129,73.51594231276371
2016-02-20,26.022701152894307,33.648238063620454,19.738698014124466,60.265110762358916,2.2011975614172754,4.685167513732119,0.0,17.7233539481627,27.175997564888156,4.022701152894307,0.0,5.175997564888156,74.22259464568516
2016-02-21,26.70248324983401,34.148430011468584,20.459171244039354,58.33980624132312,3.19254481801171,4.510668539868414,0.0041286895635902696,17.84460545554937,27.21353844478312,4.70248324983401,0.0,5.213538444783119,74.9392314906916
2016-02-22,26.202573791271806,32.90953340979054,21.01089153135752,56.812792901551276,2.662990885495262,4.871931949055352,0.1365443351240418,16.95747903615438,26.716685350703955,4.202573791271806,0.0,4.716685350703955,74.06743083810547
2016-02-23,25.384484215609348,32.57890444860264,19.63461459527978,56.24293233536549,2.05164845777751,4.627712748234443,0.36031689503229314,16.03636042529756,25.963395482395022,3.3844842156093478,0.0,3.963395482395022,72.88558339726154
2016-02-24,24.7418627391803,31.211664755236317,18.982477817347743,56.77612784451017,1.6172451258525988,3.1352056618579107,12.140951288706466,15.584990751169563,25.45351062606869,2.7418627391802985,0.0,3.4535106260686916,72.065199401645
2016-02-25,24.391604394277785,29.657812518862798,20.269605842940784,64.23980443049436,1.440415887004286,4.142816629444076,13.621848856159836,17.197464168902236,25.858015610176324,2.3916043942777847,0.0,3.8580156101763237,72.33187063777495
2016-02-26,24.602498943683226,31.292707188990168,18.966873302348045,64.04676223818434,1.2895183195509143,4.768094356250377,0.9441009235226657,17.349491404534806,26.237154760453045,2.6024989436832264,0.0,4.237154760453045,72.61636939576064
2016-02-27,24.697583147220385,29.491964145590632,20.41390414679785,64.36195992032354,1.0342119876863647,4.907794501116679,0.6384022454276574,17.517320650941578,26.580610814643883,2.697583147220385,0.0,4.580610814643883,72.78579285575228
2016-02-28,26.059942657089397,32.12356612543008,20.061140822116258,55.20034103941571,1.062608800627754,5.0831806180962165,0.09239572644413595,16.371098125690487,27.461204355780207,4.0599426570893975,0.0,5.4612043557802075,73.68428223738518
2016-02-29,26.38000241443834,32.62020220921108,20.033064525864674,51.17245669101227,1.0123981408824774,5.213781559727169,0.07773646405504919,15.48027316667636,27.476876878842365,4.380002414438341,0.0,5.476876878842365,73.63446347866136
2016-03-01,26.15287257801654,32.85382990281886,20.64025834490252,51.735477756986796,1.2706331864550011,4.8419478119152535,0.09272710810647676,15.441794417228763,27.054565736394764,4.152872578016542,0.0,5.054565736394764,73.40270284081998
2016-03-02,26.40412808595401,33.15407013943381,20.439558157783544,54.23870344661074,1.396932456087403,4.572143647009115,0.11225206736282975,16.414303342821906,27.58847177484019,4.40412808595401,0.0,5.58847177484019,74.03418590265511
2016-03-03,26.49511076235891,33.6838570652502,20.32517112331744,52.33341461942417,1.4001213255266496,4.966638105873121,0.01973924065914167,15.93723169011595,27.492783439401006,4.495110762358909,0.0,5.4927834394010056,73.92587307383101
2016-03-04,26.588680509446494,33.96532685459045,19.327447938673266,49.95057282549648,1.5825574938130018,5.218237936862438,0.04496167079133216,15.295118180529164,27.218055936307657,4.588680509446494,0.0,5.218055936307657,73.75926014189537
2016-03-05,27.14406410333796,34.786123619243085,20.067714734109984,49.49282549646889,1.2579441057523995,5.156087444920626,0.11093921651475824,15.66092026078106,28.13699735676054,5.144064103337961,0.0,6.1369973567605385,74.42264869049356
2016-03-06,27.90341220498582,35.79333796100683,21.751072614233113,51.08153196112754,1.368391380455122,4.57179282308203,0.00275245970906018,16.854566181156265,29.283294409595072,5.90341220498582,0.0,7.283294409595072,75.62047958532128
2016-03-07,26.987075511559123,33.91087161224121,20.75608679905837,50.949977062835764,1.5989394579585925,5.178730681475224,2.9059455544154043,15.97088763379583,27.85870404125472,4.987075511559123,0.0,5.858704041254722,74.4027724952685
2016-03-08,27.2576151385284,34.45117703869138,20.54979477274099,52.452833947003086,2.0516550974829486,4.83211577835456,0.000688114927265045,16.677016683079625,28.08786651562626,5.257615138528401,0.0,6.08786651562626,74.95027562897975
2016-03-09,27.93174081004406,35.32410635600893,21.452003380213682,54.92879338443895,2.327116557010925,5.0724853503953655,0.013074183618035855,18.03160414079451,29.12913579499677,5.931740810044062,0.0,7.12913579499677,76.17821459890216
2016-03-10,28.356923401943625,35.25134122049858,22.383287257801655,53.36357216152594,2.046962636566669,4.547079018530814,0.00275245970906018,17.965439742185634,29.722376800516912,6.356923401943625,0.0,7.722376800516912,76.53345161267998
2016-03-11,28.42561055109556,35.257724995472934,22.292220679664396,51.68325768093198,1.7704406349972837,4.8828253938552555,0.003440574636325225,17.52060026978934,29.796938538239125,6.425610551095559,0.0,7.796938538239125,76.38938088332316
2016-03-12,27.846187601859118,34.48773042795919,22.570906621597146,52.82231725719805,2.093456872095129,5.113182338383535,0.0,17.331486632790746,28.912630874342277,5.846187601859118,0.0,6.912630874342277,75.77953795553935
2016-03-13,28.06671515663669,36.39619967405083,21.211079253938557,53.078597814933296,2.427042313031931,4.499822629323354,0.41127482344419636,17.612010721704845,29.016401707007034,6.06671515663669,0.0,7.016401707007034,76.10747289781307
2016-03-14,27.832648638860388,35.015800084505344,21.52898291784874,49.09198768636446,2.0283781010442445,4.28434594072554,0.005601496951771596,16.16448306920025,28.478563471122285,5.8326486388603875,0.0,6.4785634711222855,75.26047312683025
2016-03-15,27.230376652381242,34.22539928774069,21.128849520130384,48.79150962757288,1.7414166716967467,5.734727995412569,0.006810526951167985,15.51700623616734,27.83107349097646,5.230376652381242,0.0,5.831073490976461,74.44443578150545
2016-03-16,27.676770085108956,34.45311945433694,21.90008993782821,49.930539626969285,1.9986823202752462,5.2755769541860325,0.8024512585259854,16.287521773137442,28.391103134654813,5.676770085108956,0.0,6.391103134654813,75.1705790166141
2016-03-17,27.361247057403276,34.44527796221405,20.887683346411546,42.90455181988291,1.5461803585440939,6.297174980382688,0.022653467737067667,13.642596984505449,27.43588021348398,5.361247057403276,0.0,5.43588021348398,73.84996260616926
2016-03-18,27.30234260880063,34.76144021247058,20.022779018530816,43.209185127059826,1.5061918271262147,6.13780735196475,0.043714613388060604,13.698403180426924,27.423669136299438,5.302342608800629,0.0,5.423669136299438,73.81687119060469
2016-03-19,27.564191464960466,34.4507484758858,21.1669982495322,60.99817468461399,2.1216279350516087,3.8473710267399057,4.635986599867206,19.36530329348329,29.49851147812653,5.564191464960466,0.0,7.498511478126531,76.481269677582
2016-03-20,28.374568720951288,34.75319007665842,22.670412265346776,65.2752182048651,1.8516484577775096,3.836491163155671,3.8884463089273864,21.228147010505705,31.402789354355505,6.374568720951288,0.0,9.402789354355505,78.22158520255081
2016-03-21,28.924400313876983,35.809259974648405,23.515285809138657,62.34596245548379,2.613750829963181,5.013457047141909,7.437044123860687,20.99958388121183,31.30364669404102,6.924400313876983,0.0,9.30364669404102,78.5948974176755
2016-03-22,28.439818313514824,35.779405444558456,22.714698497012137,57.79029818313515,2.458311100380274,6.078525369710872,4.060578257982737,19.317157703150208,30.116881714394964,6.439818313514824,0.0,8.116881714394964,77.26550751856249
2016-03-23,28.390377859600413,35.63088911691918,22.046752580430976,53.369633608981715,1.992022092110823,5.94350279471238,0.4881650268606266,17.998189762563406,29.80831531616368,6.390377859600413,0.0,7.808315316163679,76.57891569186117
2016-03-24,28.170059757348948,35.61676223818434,20.372922074002535,48.20115651596548,1.2622888875475344,6.237742620872821,0.1291905595460856,16.185680466565834,29.360625463168432,6.170059757348948,0.0,7.360625463168432,75.57337586186091
2016-03-25,29.027832437979125,36.78493571557917,21.48432365545965,44.28510170821512,1.4117184764894066,6.24977346532263,0.0,15.638009331084396,29.90554847716499,7.027832437979125,0.0,7.9055484771649915,76.10021642324963
2016-03-26,29.295960041045454,36.29490191344239,22.09920746061448,50.71176133276997,1.7249079495382387,5.210088513309592,0.0,18.01991326628609,30.910754736699772,7.295960041045454,0.0,8.910754736699772,77.39077173707612
2016-03-27,29.505899076477338,35.91885253817831,24.11735920806423,61.72083117039899,3.099308263415223,4.767088652139796,1.3016876924005554,21.38297809587249,31.74098092247622,7.505899076477338,0.0,9.740980922476218,79.3282057269453
2016-03-28,27.611554294682207,32.85904991851271,24.056620993541376,73.603371159534,2.9806144745578558,3.18460675439126,15.623444196293837,22.467318719597156,30.502666183494767,5.6115542946822075,0.0,8.502666183494767,78.21339277920407
2016-03-29,27.950387517353782,33.92613448421561,22.763456268485545,69.07595219412086,2.531100380274039,4.814367881933966,7.414601919478483,21.749604651911195,30.77251070949047,5.950387517353782,0.0,8.772510709490469,78.12036921748845
2016-03-30,28.291219894971935,33.678276694633915,23.649727168467436,68.18929196595643,2.3286298062413233,5.204795696263656,4.529563590269814,21.86308420738875,31.315076195926835,6.291219894971935,0.0,9.315076195926835,78.50530040779299
2016-03-31,26.36086014365909,30.373316231061754,23.399841250679064,79.06255507937468,2.289215307539084,3.8887757288585747,15.853895696263658,22.436238282896277,29.71797696786058,4.360860143659089,0.0,7.717976967860579,76.94524975397471
2016-04-01,24.635689623951233,27.870560149695176,22.238847709301623,82.8699963783425,2.059939639041468,3.3830236011347865,19.26033922858695,21.527552926274236,27.66917736630515,2.635689623951233,0.0,5.669177366305149,74.59086731982775
2016-04-02,26.840941027343522,32.82548017142513,21.135467495623832,72.39491519285328,1.6698110701997948,4.073442669161587,0.9364230095973924,21.454879049928532,30.11165250221753,4.840941027343522,0.0,8.111652502217531,76.87936152781305
2016-04-03,27.921697953763513,33.26103820848676,23.57277901853082,76.3373525683588,2.356121808414318,3.207595949779683,10.7537870465383,23.369038058003877,31.753814509571022,5.921697953763513,0.0,9.753814509571022,79.05946460320382
2016-04-04,28.09567332649243,32.80142753666928,24.084554234321246,77.97451198165028,2.73022574998491,3.919155815778355,17.214445584595886,23.88990533042193,31.968102941519085,6.095673326492431,0.0,9.968102941519085,79.55567310012746
2016-04-05,28.891394338142092,34.788078107080345,24.703843182229736,73.70641455906322,3.692061326733869,3.5733239934810173,6.595401702179031,23.722125265455375,31.99305915752371,6.891394338142092,0.0,9.99305915752371,80.1942026567733
2016-04-06,29.277490794953824,36.340499185127065,24.160063379006456,71.53155912355888,3.175815174744976,5.47939436832257,4.127469065008753,23.595374272365262,32.66725717797401,7.277490794953824,0.0,10.667257177974008,80.4640937600575
2016-04-07,29.797789581698556,36.98497253576387,24.282693305969698,68.23447516146557,3.173484638136054,5.891620516689805,1.1229401822900948,23.309922520824077,33.0256420404087,7.797789581698556,0.0,11.025642040408698,80.74483257289768
2016-04-08,30.151015271322507,37.19221886883564,25.062976398865214,64.46203416430254,2.7382730729763987,5.498457433452043,4.880446067483551,22.70506441581145,33.34436092407968,8.151015271322507,0.0,11.34436092407968,80.67423706248243
2016-04-09,30.668872457294626,37.98378885736706,24.3395436711535,63.56086436892618,2.7357650751493936,6.093445856220198,1.1988748717329631,22.962175394516528,34.007388634562744,8.668872457294626,0.0,12.007388634562744,81.27573392277033
2016-04-10,30.92667531840406,38.62138045512164,24.552180237822178,59.10157361018893,2.808875475342549,6.409768479507456,0.007692400555320819,22.006672867349597,33.69259677421893,8.926675318404062,0.0,11.692596774218927,80.90886543334676
2016-04-11,30.918448723365728,38.73263294501117,24.55828333433935,61.69775879760971,3.100234200519105,6.244429836421803,0.04732118066034889,22.706234665987225,33.85971646215196,8.918448723365728,0.0,11.859716462151958,81.32627162914162
2016-04-12,31.21712380032595,38.93444980986298,24.96107623589063,60.39678215730066,3.1921947244522246,5.7152266795436715,1.7331568781312248,22.635438479693562,34.055239230794584,9.21712380032595,0.0,12.055239230794584,81.53070066706718
2016-04-13,30.807399046296858,38.28851330959136,24.441001991911637,56.10026136295045,3.263082030542645,6.456329685519407,2.3358218144504135,21.04331404034103,32.75562220691661,8.807399046296858,0.0,10.755622206916613,80.25051298487227
2016-04-14,30.316356612543014,37.36423251041227,24.34665902094526,62.89867386974106,3.121359932395727,6.43477000060361,12.595370314480594,22.45666932512849,33.1053967161172,8.316356612543014,0.0,11.105396716117198,80.66426252770282
2016-04-15,30.376324017625404,36.68169010683889,25.326621597150965,69.23133035552604,3.131879036639102,5.821301973803345,10.106047564435324,24.102797570885848,34.095548093271645,8.376324017625404,0.0,12.095548093271645,81.76168087341182
2016-04-16,30.673757469668626,37.386643930705624,25.911765558037064,69.86003923462304,4.116121808414318,5.352572282247843,11.01067061024929,24.5378373193672,33.96593783101937,8.673757469668626,0.0,11.965937831019367,82.3078593289928
2016-04-17,29.887876501478846,35.52374720830567,25.50471720890928,72.07385947968854,3.166966861833766,5.020998044304944,6.171655097482947,24.306564797239023,33.70389327070366,7.887876501478846,0.0,11.70389327070366,81.47301154724664
2016-04-18,29.948105269511682,35.419943864308564,26.01205287619967,71.5312500754512,3.011065370918091,4.515020462364942,5.8878185549586535,24.23819787268877,33.832296872950344,7.948105269511682,0.0,11.832296872950344,81.48023827793816
2016-04-19,31.2606374117221,38.40498762600351,25.9713200941631,64.5036759823746,3.45595521216877,5.842421518681716,2.8151723305366088,23.765662583966467,34.55511148545317,9.2606374117221,0.0,12.555111485453168,82.28424085399794
2016-04-20,30.53515724029698,37.11102734351421,25.82308504859057,65.27447938673266,3.7147793806965663,6.00095454216213,2.065877346532263,23.275871770243842,33.365348853759514,8.535157240296979,0.0,11.365348853759514,81.36026567907214
2016-04-21,30.975177159413295,38.03858513913201,25.72362407195027,64.03203356069295,4.529040864368927,5.555782688477094,3.061700368201847,23.37385545221693,33.291695328766394,8.975177159413295,0.0,11.291695328766394,81.79356472899048
2016-04-22,31.185573730910846,38.18722339590753,26.12174141365365,64.6125043761695,4.333858876078952,5.628075759039054,4.411241624917004,23.722660776767423,33.84035478899488,9.185573730910846,0.0,11.84035478899488,82.1940385461786
2016-04-23,31.624152833947008,38.359695177159416,26.30154403331925,64.60915917184765,4.514866300476853,5.849294313997707,2.078616526830446,24.13681872198088,34.396681688840474,9.624152833947008,0.0,12.396681688840474,82.82770258764474
2016-04-24,31.965797066457416,38.94140399589546,26.686182772982438,60.87479326371703,3.7851397356190017,6.674972143417639,1.0898140882477214,23.46866898000076,34.858313477621195,9.965797066457416,0.0,12.858313477621195,82.66578030249596
2016-04-25,31.456019194784812,38.13036397657994,25.782696927627214,60.070739421742026,3.69470151506006,6.20741800567393,3.6934369529788134,22.770252086049382,34.017036021537365,9.456019194784812,0.0,12.017036021537365,81.81049220204935
2016-04-26,31.396742319068025,37.92727168467436,25.98190257741293,64.16638739663186,3.0316043942777817,6.2616820546870295,2.2006518983521457,23.80720358897025,35.01267941920887,9.396742319068025,0.0,13.012679419208872,82.42358937651488
2016-04-27,31.369093982012437,37.5019327578922,26.253590269813486,63.094404539144094,2.7818868835637116,5.750890010261363,0.8970054928472265,23.501195713260024,34.98208299749998,9.369093982012437,0.0,12.98208299749998,82.20182398924842
2016-04-28,31.39437315144565,38.04856703084445,25.968331623106184,63.874657451560346,3.094471539808053,5.651670724935113,2.316048168044909,23.729194699215622,34.92072198872096,9.394373151445649,0.0,12.920721988720963,82.37059615768237
2016-04-29,31.48829721735981,37.815041950866174,26.457639282911817,64.48456449568421,2.9019611275427057,6.007024542765739,1.5372173598116738,23.976114836849327,35.29440320257889,9.488297217359811,0.0,13.294403202578891,82.60995181423044
2016-04-30,31.49727772077021,37.96659262389087,26.07113538962999,62.85145832075814,2.743010201001992,6.101011812639586,0.6120438220558942,23.558071415697118,35.17041051460509,9.49727772077021,0.0,13.170410514605088,82.34371055727033
2016-05-01,31.38480714673749,38.13275125248989,25.912361320697777,60.791995533289075,3.1200706223214825,5.657343514215006,4.931520492545422,22.900495291554254,34.42044358778367,9.38480714673749,0.0,12.420443587783673,81.83324891937241
2016-05-02,29.39141546447758,34.432640791935775,25.728524778173483,71.04353956660833,2.825978752942597,4.4800531417878915,8.495256835878553,23.590867275239948,33.02356035588618,7.3914154644775785,0.0,11.023560355886183,80.56356454868282
2016-05-03,29.335629262992704,34.627654976761036,24.60750467797429,69.12696324017625,1.9285398684131105,5.1643996800869205,5.740294561477636,23.08425263043154,33.30662114211018,7.335629262992704,0.0,11.306621142110181,80.19305036071214
2016-05-04,28.71898472867749,32.483794893462914,25.560186515361867,74.52360536005314,1.8173060904207157,4.731257807689986,11.385098086557617,23.739377452742076,33.142880818809246,6.718984728677491,0.0,11.142880818809246,80.04621145370788
2016-05-05,29.93012615440333,35.14931550673025,25.316117583147225,65.51051306814753,1.5392261725116196,5.636099975855617,3.481723908975675,22.762033364744223,33.99412770918378,7.930126154403329,0.0,11.994127709183779,80.51796624740285
2016-05-06,29.793289672240004,35.45644956841915,24.873739361381062,66.22518862799542,2.011109434417819,5.688375982374601,8.909814691857308,22.811288003942156,33.554176387139705,7.793289672240004,0.0,11.554176387139705,80.42886685928669
2016-05-07,29.159470634393678,34.03518983521458,25.039850908432427,70.7490716484578,1.590097181143237,4.940820564978572,10.381489104846983,23.29984859042512,33.48939155188888,7.159470634393678,0.0,11.489391551888879,80.16976496157523
2016-05-08,29.17288525381783,33.6714227077926,25.077275909941456,70.80018349731392,1.3656745337115954,6.898041467978512,13.877595823021672,23.324659762140588,33.6740631066727,7.172885253817832,0.0,11.674063106672698,80.19753807060492
2016-05-09,29.57426450172029,33.688871853685036,25.586907104484823,70.39030663366934,1.3207158809681898,6.237222019677673,9.417598237460012,23.612507422002103,34.272787947053914,7.57426450172029,0.0,12.272787947053914,80.74062291354119
2016-05-10,30.00434055652804,34.50889358363011,25.917059214100327,69.44901490915676,1.278128206675922,5.814540731574817,1.6215989617915134,23.7998753492585,34.8421644497262,8.004340556528039,0.0,12.842164449726198,81.24053324480118
2016-05-11,30.841439005251406,35.503541981046666,26.23067121385888,66.51565823625279,1.044539144081608,6.02307998430615,4.085034103941571,23.879207290618673,35.89005517684817,8.841439005251406,0.0,13.890055176848172,82.0092825820561
2016-05-12,30.782500754511986,36.127141908613524,26.123459286533475,66.2956950564375,1.6327271081064771,5.10602238787952,4.410435806120602,23.7681370487781,35.35424954489055,8.782500754511986,0.0,13.35424954489055,81.88689334643942
2016-05-13,28.812404176978337,32.54644956841915,26.007076115168715,80.14192128931009,2.533178004466711,3.4337652864127493,25.42821814450414,25.044014492072446,33.52286199723485,6.812404176978337,0.0,11.522861997234848,81.00030095299388
2016-05-14,29.40358242288888,34.39028490372427,25.78474557855979,79.12284964085231,2.6688296010140644,5.450506132673387,21.665285205529067,25.403324851487465,34.24617713744423,7.403582422888881,0.0,12.246177137444228,81.79412789951482
2016-05-15,29.74365787408704,34.067650751493936,26.026007726202693,79.88578620148488,2.971566366873906,5.0792987626003505,17.798727590994147,25.89550343596816,34.69190771067488,7.743657874087042,0.0,12.691907710674883,82.4523280240501
2016-05-16,30.40121385887608,35.3943918633428,26.62271262147643,76.4889756745337,3.5106410333796108,5.488543550431581,9.081446248566428,25.799082367586692,34.90999341547255,8.40121385887608,0.0,12.909993415472549,82.9601356632467
2016-05-17,30.150122532745822,35.417095430675445,26.61859660771413,77.47891169191766,3.6888477093016245,4.86499625762057,17.25198647914529,25.773233798239467,34.51712255565127,8.150122532745822,0.0,12.51712255565127,82.72312155471161
2016-05-18,29.78454880183498,34.39097000060361,26.618221766161646,79.92565038932818,3.480374237942899,5.011614480593952,23.07641214462486,25.94367997663421,34.40816415464617,7.78454880183498,0.0,12.408164154646173,82.52383973079819
2016-05-19,27.751884469125375,30.472769360777452,25.773278203657878,86.69257318766223,2.871990100802801,3.1635991670187718,42.188935836301084,25.327890566746497,32.40272299303682,5.751884469125375,0.0,10.402722993036818,80.17659979062893
2016-05-20,27.22723003561297,29.94931248868232,25.27318886943925,87.9478789159172,2.9305390233596915,3.1829270899981887,43.44277298243496,25.053708642767667,31.664044795974725,5.227230035612969,0.0,9.664044795974725,79.46306076847743
2016-05-21,26.957114142572586,29.33222007605481,24.914926057825802,89.45998672058913,4.399813484638136,2.0246347437677317,76.69497434659263,25.073845448105576,30.37775957694261,4.9571141425725855,0.0,8.377759576942609,79.19928395849271
2016-05-22,29.11480352507997,33.66578016538903,24.982885253817827,78.58839439850306,2.135192249652925,5.503060867990584,6.386723003561297,25.009161324608026,34.08239888543029,7.114803525079971,0.0,12.082398885430287,81.25597064931866
2016-05-23,29.568829601014063,33.18060542041407,26.12018229009477,82.58824289249715,1.9209850908432429,5.6843254662884055,1.1794573549827974,26.28808196397409,35.51119836715909,7.5688296010140625,0.0,13.51119836715909,82.58273351564574
2016-05-24,30.09366873905958,33.77719623347619,26.95767972475403,80.68551759521944,1.5143218446308928,4.948276839500212,2.262846019194785,26.404519152014696,36.39905599027734,8.09366873905958,0.0,14.39905599027734,83.13745284303704
2016-05-25,30.419856340918695,34.805919599203236,26.77047866240116,75.52493450836,2.2108136657210116,5.711750679060785,3.264744974950202,25.603120773338336,35.711882936160514,8.419856340918695,0.0,13.711882936160514,82.83487108254715
2016-05-26,29.460527554777574,33.428467435262874,25.94725780165389,81.02895816985574,2.07535280980262,5.919530735800084,18.5845970906018,25.860060094466956,35.01272127739882,7.460527554777574,0.0,13.012721277398818,82.17181061634238
2016-05-27,29.298777086980145,33.19308565220016,26.064600108649728,80.37480473229915,1.934446791815054,4.597606205106537,14.358695599686124,25.565880371194773,34.759211627213325,7.298777086980145,0.0,12.759211627213325,81.81388466074495
2016-05-28,28.878305667894008,32.66528098026197,25.88139614897085,82.84364157662824,1.9189509265407136,4.30596643327096,33.615791030361564,25.666116498137754,34.41365344066359,6.878305667894008,0.0,12.413653440663587,81.49700018819397
2016-05-29,29.106777328423977,32.84198165026861,25.733414015814574,82.07229613086257,1.5176441117884951,4.759054819822539,14.854320637411721,25.73128876144944,34.96538146001766,7.106777328423977,0.0,12.96538146001766,81.75561170302987
2016-05-30,29.704326069897988,33.30640127965232,25.923693487052578,79.16106476730852,1.6275300295768695,5.743575330476248,2.060376048771655,25.70344519114452,35.46860668685226,7.704326069897988,0.0,13.468606686852262,82.27852832831041
2016-05-31,29.41327760004829,32.74941932757893,26.337315748174085,82.4138860385103,1.97375082996318,5.070649387336272,10.41278746906501,26.10048690644581,35.194181791835646,7.413277600048289,0.0,13.194181791835646,82.30364757198763
2016-06-01,29.035338323172578,32.44356371099174,25.988781915856826,82.36771775215792,1.9559383111003805,5.3300857246333075,8.61026196656003,25.72221896573899,34.581195160253316,7.035338323172578,0.0,12.581195160253316,81.68306482064224
2016-06-02,29.247259612482647,33.07102191102795,25.563756262449452,81.31029275064888,1.8818253153860087,6.571509645681174,3.8975867688778907,25.710847957806553,34.837856200344596,7.247259612482647,0.0,12.837856200344596,81.87015794634462
2016-06-03,29.537771473411002,33.429644473954255,26.03938492183256,80.82463149634818,1.9627512524898898,6.632436282972175,2.634619424156456,25.89261663819149,35.190096759747995,7.537771473411002,0.0,13.190096759747995,82.26526518887255
2016-06-04,29.267822176616164,32.89672481439005,25.787969457354986,80.87874690650088,2.005420414076176,6.473399191163157,3.3855990825134303,25.64111898302502,34.72692040042859,7.267822176616164,0.0,12.72692040042859,81.83916601002693
2016-06-05,29.265693245608745,32.58337236675319,26.41490855314783,83.7226202692099,2.3100585501297766,6.135908897205288,4.058673869741053,26.22301867347849,34.89212346161154,7.265693245608745,0.0,12.89212346161154,82.25850250289359
2016-06-06,28.473613810587317,30.987508903241384,26.580615681777026,86.27342669161588,2.867606687994206,5.284718784330296,13.365238123981412,25.95480506518985,33.5321016755003,6.473613810587317,0.0,11.5321016755003,81.32067994220803
2016-06-07,28.12471720890928,30.872372185670308,26.21664091265769,88.9159419327579,2.8148318947304887,4.290751113659685,19.59508963602342,26.121921551460908,33.329675699502154,6.124717208909281,0.0,11.329675699502154,81.10323535103643
2016-06-08,28.46251705197079,31.23838896601678,26.29616043942778,87.95181445041348,3.0582157300657937,5.349648282730731,15.376007122593107,26.269926141625504,33.59557646235451,6.462517051970789,0.0,11.595576462354508,81.53825254618374
2016-06-09,28.182881028550735,30.572321482465146,26.068600229371643,88.60697712319671,3.1310520915072133,4.2845113237158206,5.944521035794049,26.12031346964417,33.1654838855184,6.182881028550735,0.0,11.165483885518398,81.15889906272596
2016-06-10,29.72187843302952,33.1929069837629,26.25977243918634,81.41083720649485,2.458596607714131,5.496849948693186,6.426712742198347,26.194133396871063,35.22564424300059,7.72187843302952,0.0,13.225644243000588,82.65117225451432
2016-06-11,30.509463994688236,34.41529124162492,27.341918271262152,82.03647552363132,2.1916544938733624,2.939220806422407,9.750737007303679,27.091877429514437,36.810097511910755,8.509463994688236,0.0,14.810097511910755,84.0232076827412
2016-06-12,29.36344117824591,32.10544999094586,27.034769722943203,88.19490553509989,3.0204032112029937,2.8384628236856404,16.765954608559188,27.203413177682688,35.160350225651484,7.36344117824591,0.0,13.160350225651484,83.08774575455095
2016-06-13,28.06407134665299,30.208506669885924,26.2821669584113,91.83063922255086,3.136931248868233,2.302246544335124,13.514900706223216,26.608854071606544,33.36913566375172,6.064071346652991,0.0,11.36913566375172,81.39906113877925
2016-06-14,28.781982857487783,31.673761091326135,26.371056920383896,87.262040804008,2.453605963662703,3.828956884167321,4.848679905836906,26.450621385597824,34.45941847351524,6.781982857487783,0.0,12.459418473515242,81.97559803551665
2016-06-15,28.559872034767913,30.78980805215187,26.645605118609282,88.87539566608318,2.6117015754210176,4.1412694332106,8.577140701394338,26.542926087436754,34.188555680738084,6.559872034767913,0.0,12.188555680738084,81.83253992452538
2016-06-16,28.867616949357153,31.906870284300116,26.427155791633975,85.84259431399771,2.6730216695841134,4.6822622080038645,10.406892014245186,26.256699033714366,34.261936909629775,6.867616949357153,0.0,12.261936909629775,81.91347128422555
2016-06-17,28.40845113780407,30.94803947606688,26.2402673990463,87.61727228828393,2.722499547292811,5.363088235649183,12.123513007786565,26.15220968278436,33.698355270075936,6.408451137804072,0.0,11.698355270075936,81.40058368702427
2016-06-18,28.47594132914831,31.316991609826765,26.330208848916527,88.29230518500633,3.041865153618639,5.2662917728013525,6.910278264018833,26.34861404272938,33.67293189231771,6.475941329148309,0.0,11.672931892317713,81.60872613931271
2016-06-19,28.63215428261001,31.49052453672964,26.249477274099114,86.83815416188808,3.0677225810345874,5.871052326914952,8.445845355224243,26.220862167935806,33.72612636314881,6.63215428261001,0.0,11.726126363148808,81.66466350257863
2016-06-20,28.858786141123925,32.284658658779506,26.123522061930345,85.18470091145048,2.7598388362407196,5.937959014909157,19.651811432365548,26.117786952379948,34.100271884995685,6.858786141123925,0.0,12.100271884995685,81.80370264264181
2016-06-21,28.91220558942476,32.039286533470154,26.469419327578926,85.89326130258948,2.718675076960222,5.419920293354259,12.710822719864792,26.31043439249346,34.310401291234584,6.912205589424762,0.0,12.310401291234584,81.99477113923342
2016-06-22,28.46122291301986,31.216843121868777,26.615481378644294,87.53762841793929,2.5943133940966985,4.419508643689262,13.98889841250679,26.18871019707136,33.865078197043296,6.46122291301986,0.0,11.865078197043296,81.47783939503336
2016-06-23,28.546913140580674,31.148788555562263,26.410011468582123,87.45010502806788,2.091871189714493,3.7755478239874454,11.934158870042857,26.256026219593096,34.347255291310184,6.546913140580674,0.0,12.347255291310184,81.60902091213188
2016-06-24,28.768685941932763,31.551892919659572,26.498414921228953,86.24024808353957,2.1446978934025474,5.245076622200761,9.734015814571135,26.23791164799182,34.520240608394886,6.7686859419327625,0.0,12.520240608394886,81.80653915621369
2016-06-25,29.12230095973924,32.29119333615018,26.536971087100866,84.11707732238787,1.7059727168467436,6.014212319671636,5.186761030965172,26.162353227705644,35.13122808224305,7.122300959739238,0.0,13.131228082243048,82.0818100497299
2016-06-26,29.51823142391502,33.02487173296312,26.409661978632222,84.14707973682621,1.676960825737913,6.4026814691857314,8.135128870646467,26.55576887719673,35.81092504000212,7.518231423915019,0.0,13.810925040002118,82.7361353902117
2016-06-27,29.43212470574033,32.71923281221706,26.87033439971027,85.50036880545665,2.319733204563289,6.112870580068813,11.887697833041589,26.74248259602524,35.40150360780413,7.432124705740328,0.0,13.40150360780413,82.7982218272964
2016-06-28,29.72022092110823,33.29536548560392,26.614048409488746,84.92242771775217,2.4552441600772625,6.550389249713286,7.865420414076176,26.909421343387088,35.70938681949834,7.720220921108229,0.0,13.709386819498341,83.18648027481467
2016-06-29,29.516063258284547,32.772811613448425,27.137799843061515,85.32264320637412,2.112644413593288,6.153292629926963,5.641434176374722,26.789380811381772,35.662515156872985,7.516063258284547,0.0,13.662515156872985,82.91027532734358
2016-06-30,29.29579948089576,32.30188265829661,27.02466590209453,85.99334701515059,2.2705734291060544,5.224299915494658,3.4513520854711177,26.706511901576025,35.274936673144715,7.295799480895759,0.0,13.274936673144715,82.64603612300431
2016-07-01,29.24968551940605,32.31669765195872,26.725436107925393,87.43959135631073,3.0799329993360303,5.095113327699645,11.014250015090239,26.944933883106565,34.82550552011391,7.24968551940605,0.0,12.825505520113907,82.78425275139074
2016-07-02,28.508140278867636,30.573186455000908,27.1715216997646,91.31328967224002,3.4981674412989685,3.3160036578740875,29.10660167803465,26.951936205249766,33.795213458003566,6.508140278867636,0.0,11.795213458003566,82.08911922330248
2016-07-03,28.459634212591297,30.98417456389208,26.88062533953039,90.90315567091207,4.382735558640672,2.4668265346773706,89.81058187964025,26.827385171824854,33.0418836495301,6.459634212591297,0.0,11.0418836495301,81.94835854510572
2016-07-04,28.13584776966259,30.245338323172575,26.676950564374966,91.55227681535584,4.111552483853444,2.2721592080642243,64.57501418482525,26.628285158461168,32.77191898765876,6.13584776966259,0.0,10.771918987658758,81.48415958874745
2016-07-05,28.216298062413234,30.731394338142096,26.60164000724332,91.39028309289552,3.8790800989919725,2.5169393010201,65.43747087583752,26.677747339925176,33.04875755932457,6.216298062413234,0.0,11.04875755932457,81.59979236212828
2016-07-06,28.650859540049503,31.735524838534438,26.513781614052032,89.14703265527857,3.1332293112814638,2.6778768274280202,32.42361743224483,26.684415472686638,34.01041360889033,6.6508595400495025,0.0,12.010413608890332,82.02490603986541
2016-07-07,29.02331260940424,32.14521216876925,26.455353413412205,87.99849037242711,2.5451850063379013,5.425174473350638,14.054836723607172,26.83071929475027,34.89474136046816,7.02331260940424,0.0,12.89474136046816,82.4869444262399
2016-07-08,28.861631556709128,31.975874932093923,26.532246634876564,88.02322931128148,2.463498521156516,5.670504551216273,7.355953401340014,26.67640844031828,34.684780830731064,6.861631556709128,0.0,12.684780830731064,82.21890035268203
2016-07-09,28.505305728254967,31.571253697108713,26.415114987626005,89.5663040985091,3.3890849278686543,5.153978662401159,11.425915977545724,26.620632072068663,33.64231278111898,6.505305728254967,0.0,11.642312781118981,81.83784560519723
2016-07-10,28.352603971751076,31.634431701575423,26.00141305003924,88.39712259310679,2.88584414800507,5.117089853322872,10.956587191404601,26.24729561137292,33.59115710737754,6.352603971751076,0.0,11.59115710737754,81.41578361524034
2016-07-11,28.61243556467677,31.807522182652267,26.135390837206497,87.99097241504197,3.2449568419146506,5.54835921410032,5.938909277479327,26.424982293497845,33.718535156613925,6.612435564676769,0.0,11.718535156613925,81.79560870896177
2016-07-12,28.61506790607835,31.72285869499608,26.335795859238242,89.13534798092593,3.2612585259853932,4.510101074425063,15.261687692400558,26.646913025990127,33.85949153524239,6.615067906078352,0.0,11.859491535242391,81.96270456867055
2016-07-13,28.839197199251526,31.806782760910245,26.223374177581945,88.41275306331866,2.839642059515905,4.717718524778173,30.81557071286293,26.72936967808607,34.43506275486246,6.839197199251526,0.0,12.435062754862457,82.2374495235011
2016-07-14,28.80441842216455,31.639485724633307,26.769225568902037,88.64992454880183,2.7024234924850608,4.784851011046055,18.39275668497616,26.740663356500182,34.50399772259835,6.804418422164549,0.0,12.50399772259835,82.21304080067422
2016-07-15,28.370741836180365,30.795188627995415,26.676732057705077,90.78306512947425,3.323017444317016,4.470826782157301,22.882968551940607,26.717086555357128,33.61937314125608,6.370741836180365,0.0,11.619373141256077,81.77966112915462
2016-07-16,27.586081970181688,29.481011649665,26.28806422405988,92.25703446610733,4.224460674835517,2.3865451439608862,43.73991247661014,26.214400396072154,31.864955902297723,5.586081970181688,0.0,9.864955902297723,80.63395376410503
2016-07-17,27.867865032896727,30.517792599746485,26.003131526528644,89.83473652441602,3.890277056799662,3.3479574515603305,59.0202468763204,26.042597505312862,32.267468493616,5.867865032896727,0.0,10.267468493616,80.7931130940841
2016-07-18,27.89201122713829,30.66765859841854,25.947290396571503,89.93632643206377,3.745885797066458,2.970824331502384,50.646416973501545,26.085538774888416,32.42098636639163,5.8920112271382905,0.0,10.420986366391631,80.84782824120042
2016-07-19,28.080056135691436,30.554244582603975,25.937922979416918,90.56650811854892,3.2433283032534557,3.1375116375928056,39.22816442325104,26.389427711473413,33.16290456315743,6.080056135691436,0.0,11.162904563157433,81.25359405930618
2016-07-20,28.339375867688776,31.10335727651355,26.383647009114508,90.48745940725539,2.8074835516388004,3.8711215005734294,20.051709422345628,26.630689510521783,33.890143145249375,6.339375867688776,0.0,11.890143145249375,81.68488777405065
2016-07-21,28.404843966922204,31.264257258405266,26.478382326311344,89.83660409247301,3.0600048288766826,3.5513303012011836,11.00081547654977,26.5727129441405,33.739669044944975,6.404843966922204,0.0,11.739669044944975,81.70535140187025
2016-07-22,27.667398442687276,30.085440333192494,25.90169795376351,90.4801279652321,3.074037544516208,4.640902673990464,14.842676404901313,25.96576503071628,32.58773259559548,5.667398442687276,0.0,10.587732595595483,80.53827784275047
2016-07-23,27.69344057463633,30.557319369831593,25.648404659866006,90.47805818796404,2.82779441057524,4.166547431641215,21.571395545361263,25.991094142718403,32.802774605823366,5.69344057463633,0.0,10.802774605823366,80.58239935801095
2016-07-24,27.419552121687694,29.714313997706284,25.498617130440035,91.29566065069115,2.7352260517897027,4.835118717933241,18.63436892617855,25.872499689779424,32.515853746063826,5.419552121687694,0.0,10.515853746063826,80.22192782060601
2016-07-25,27.12898412506791,29.324731091929742,25.596716363855858,92.1707484758858,3.0571431158326794,3.2696581698557377,38.36355405323837,25.746128022248726,31.917537439356174,5.128984125067909,0.0,9.917537439356174,79.83558724150609
2016-07-26,27.27595883382628,30.21323896903483,24.8997657994809,88.88137260819703,2.4546652984849398,4.820921126335487,15.94440755719201,25.279092114432842,32.187567575371624,5.27595883382628,0.0,10.187567575371624,79.66509601503222
2016-07-27,28.220936198466834,31.67518681716666,24.67212470574033,84.16074787227622,1.5308136657210119,5.448987300054325,1.974603126697652,25.289178925579204,33.78655354811772,6.220936198466834,0.0,11.786553548117723,80.6085522263533
2016-07-28,28.322435564676773,31.203461700971815,25.88065370918091,87.05934085833283,1.6393094706343938,5.030185235709544,3.5161767368865817,25.959601746215387,34.24371687533969,6.322435564676773,0.0,12.243716875339693,81.17872908577513
2016-07-29,28.52532323293294,31.069533409790548,26.183133337357404,86.27112150660953,1.365882779018531,3.7566148487957993,7.855736705498883,26.005107950512887,34.66804898871801,6.525323232932941,0.0,12.668048988718013,81.40633335583128
2016-07-30,28.243904146797856,30.661106416369897,26.091839198406472,87.29669403030121,1.513551035190439,5.509719659564194,15.943484638136056,25.92843037415628,34.23273847343228,6.243904146797856,0.0,12.232738473432278,81.08039396231659
2016-07-31,27.92436651174021,30.08790909639645,25.590435806120606,87.30504859057164,1.2184686424820428,6.009941956902275,19.0240707430434,25.61593271757162,33.916761768577686,5.92436651174021,0.0,11.916761768577686,80.54694796403396
2016-08-01,28.01422949236434,30.48026679543672,26.025859841854288,88.24144987022395,2.045686002293716,5.806998684131105,30.044041769783306,25.884367728011867,33.601557577419335,6.01422949236434,0.0,11.601557577419335,80.8247770866134
2016-08-02,27.886598056377142,30.65798394398503,25.92529848493994,89.82493752640794,2.57207279531599,5.452484861471601,17.505733083841374,26.059233910817852,33.219909946397166,5.886598056377142,0.0,11.219909946397166,80.82360672368023
2016-08-03,28.772645017202876,32.13457113538963,26.00293293897507,87.90306573308386,2.5748493994084627,6.449198617734051,9.420257137683349,26.565650616931226,34.44269816313433,6.772645017202876,0.0,12.442698163134331,82.05211161081695
2016-08-04,28.679521337598842,31.73283636144142,26.323799118730005,88.98445644956843,2.906608317740086,6.252082471177643,5.021844630892739,26.681642751317668,34.195855952989895,6.6795213375988425,0.0,12.195855952989895,82.05017151594154
2016-08-05,28.09535824228889,30.366622200760553,26.465112573187664,90.69816381964147,3.2917196837085774,5.286109205046176,11.17241323112211,26.429175403590563,33.17099004884857,6.095358242288889,0.0,11.170990048848573,81.29772504810906
2016-08-06,27.79012796523209,30.040853503953645,25.934992454880184,91.73303796704292,3.3583225689623952,4.719876072916039,26.42584595883383,26.319818479757462,32.745650865008756,5.790127965232092,0.0,10.745650865008756,80.91527354236766
2016-08-07,27.770741836180363,29.96217420172633,26.04936560632583,91.1650081487294,2.9644304943562507,4.353257813726083,15.166014365908133,26.195431727221912,32.919249714295866,5.770741836180363,0.0,10.919249714295866,80.8060313534437
2016-08-08,28.094035130077867,30.743759884106964,25.830146677129235,89.02245850184102,2.441955695056438,5.049736210539025,7.6538691374419034,26.1119476990584,33.553390141668416,6.094035130077867,0.0,11.553390141668416,81.0659948449634
2016-08-09,27.75969457354983,30.13862135570713,26.035023842578624,91.14214583207583,3.438190982072796,3.6160014184825258,24.546260638618946,26.180266375624058,32.56650967599196,5.7596945735498295,0.0,10.56650967599196,80.78406796978456
2016-08-10,27.237442506186994,29.270009054143785,25.8378004466711,92.78125369710872,4.719121748053359,2.3125466046960828,53.160153920444266,25.965020008291432,31.005286863320855,5.237442506186994,0.0,9.005286863320855,80.10069410483541
2016-08-11,28.1830759944468,30.975911752278627,26.134759461580252,90.2410448481922,3.5819351723305366,3.5928734773948205,27.838603851029156,26.430091459818115,33.05626440669249,6.183075994446799,0.0,11.056264406692492,81.3844525851666
2016-08-12,28.407675499486928,31.281853081426934,26.023035552604576,88.93416430252913,2.5834749803826886,4.850221826522605,20.64921591114867,26.404189464211413,33.96265512611276,6.407675499486928,0.0,11.962655126112757,81.58374954326837
2016-08-13,28.79220981469186,31.87181022514638,26.230702601557315,88.30690348282732,2.333462304581397,5.111463656666869,15.630403211202996,26.662753553619652,34.6970335734388,6.792209814691859,0.0,12.697033573438802,82.14308268185943
2016-08-14,28.369010080280074,30.79274763083238,26.494148608679907,89.80135389629987,1.9330941027343513,4.581428605058249,17.797335667290398,26.53069934485089,34.464266430240485,6.3690100802800735,0.0,12.464266430240485,81.63956824222618
2016-08-15,28.988300235407742,32.05918935232692,26.165355224240965,87.6036228647311,1.6399058369046902,5.723635727651355,11.140239633005372,26.719804105555852,35.41762475247232,6.988300235407742,0.0,13.417624752472321,82.37051970892747
2016-08-16,28.855800688114932,31.731034586829242,26.59523570954307,87.68402849037241,1.96227138286956,5.631577950141849,9.370738818132432,26.605083642945374,34.981420052056215,6.8558006881149325,0.0,12.981420052056215,82.1600689443701
2016-08-17,28.08936439910666,30.630183497313944,26.10102372185671,90.3516780346472,4.62029154342971,3.3808829782096943,17.32577835456027,26.358355147881156,32.187559760137496,6.08936439910666,0.0,10.187559760137496,81.24006196615579
2016-08-18,28.17736282972174,30.711772197742498,26.31931188507274,90.1975040743647,2.9738075692642,4.919804448602644,7.560319913080221,26.416266901306066,33.46696180396001,6.177362829721741,0.0,11.466961803960011,81.36872766345567
2016-08-19,28.465251403392287,31.49372366753185,25.981088308082334,87.37745759642662,1.9569650510050098,5.580328635238729,3.092925695660048,26.161667157314074,34.29734593852276,6.465251403392287,0.0,12.29734593852276,81.46206020354373
2016-08-20,29.06963481620088,32.574569324560876,25.709250316895037,85.79952495925636,1.6798346109736224,4.486309361984668,4.068636445946762,26.44634240037211,35.286140820088335,7.069634816200882,0.0,13.286140820088335,82.24218483851874
2016-08-21,28.043870344661073,30.246121204804737,25.709885314178788,92.40399106657816,4.074696082573792,1.9066403452646827,90.30189110883082,26.69460347124869,32.750673648496054,6.043870344661073,0.0,10.750673648496054,81.44257701014499
2016-08-22,27.66632884650209,30.99157059214101,24.912348041286894,87.87275366692823,3.431944226474317,5.155565552000965,20.006451379247903,25.47137752231636,32.0163878610323,5.66632884650209,0.0,10.0163878610323,80.1905515451331
2016-08-23,28.43873543791876,31.908154765497677,25.097080944045388,83.26846019194787,1.2879537635057647,5.903738643085653,0.7932522484457054,25.322873467349254,34.19590089710507,6.4387354379187585,0.0,12.19590089710507,80.84082717991126
2016-08-24,29.00201545240539,31.779326371702787,26.12189654131708,82.67202028128207,1.0086720589122957,5.244962093318043,2.6364024868714915,25.751919752000482,35.230153883985714,7.0020154524053915,0.0,13.230153883985714,81.67339353821285
2016-08-25,29.677351964749203,33.26842759703024,26.358576688597818,83.77180479266012,1.1091839198406472,5.890502239391561,9.3891241624917,26.635501118078786,36.42162330126367,7.677351964749203,0.0,14.421623301263672,82.9399950371967
2016-08-26,28.412316653588462,30.418400434598908,26.680308444498102,89.08778475282188,1.1838015331683471,4.545167972475403,13.5161966560029,26.438033301466085,34.969771165402264,6.412316653588462,0.0,12.969771165402264,81.61311582210348
2016-08-27,29.08190499185127,32.29071407013944,26.25452948632825,84.96700126758013,1.1082115047986965,5.781294259672845,9.906818977485365,26.293065185574026,35.5960248431953,7.081904991851271,0.0,13.596024843195302,82.1402983940122
2016-08-28,28.347077925997468,30.85636747751555,26.267935655218206,88.85583992273799,1.5992678215730065,4.137853805758437,21.937251161948456,26.32954888112681,34.54101827795892,6.347077925997468,0.0,12.54101827795892,81.47045557662182
2016-08-29,28.460763566125436,31.349197802861113,26.301198768636446,86.08603488863403,1.5735214583207584,5.256982296130863,15.418837447938676,25.905449867546853,34.39282469250806,6.460763566125436,0.0,12.392824692508057,81.27296468204344
2016-08-30,28.48232691495141,31.23491157119575,26.001097362226112,88.42120420112273,2.2175746966861833,5.278340254723245,8.285587010321724,26.379632020106445,34.27706993132091,6.482326914951411,0.0,12.27706993132091,81.6376245697
2016-08-31,28.044728073881817,30.440773827488385,26.148167441298973,90.27263717027827,2.6161193939759766,3.936739946882357,15.620508842880426,26.29945607771208,33.506482853208475,6.044728073881817,0.0,11.506482853208475,81.15323832611188
2016-09-01,27.81911933361502,30.045087221585085,26.145279773042798,92.20326794229493,2.8629582905776547,3.9430183014426268,27.54354620631376,26.435192762798255,33.19862964802108,5.819119333615021,0.0,11.198629648021083,81.02816202156137
2016-09-02,28.253922858695,30.76156938492183,26.288786141123925,91.05974588036457,2.5164350817890995,3.215239958954549,38.50008812699946,26.65337543576892,34.02372156945842,6.253922858694999,0.0,12.023721569458417,81.61848523654541
2016-09-03,28.42056799661979,31.140834188446917,26.316138105873122,90.0004448602644,2.112755477756987,4.460743290879459,33.16116858815718,26.619170062202677,34.44992437924839,6.420567996619791,0.0,12.449924379248387,81.7550279661895
2016-09-04,28.30858091386492,31.014153437556594,26.450914468521763,90.3917021790306,2.0762805577352568,4.6582781251886285,27.640073036759826,26.582301194432794,34.33839294075064,6.308580913864919,0.0,12.338392940750637,81.6190677680822
2016-09-05,28.24834550612664,31.28961851874208,25.932182652260515,89.86379187541498,2.6967761212048047,4.605051246453794,9.688651536186397,26.423450615572758,33.7367591598722,6.24834550612664,0.0,11.7367591598722,81.44332478871533
2016-09-06,28.04192611818676,31.034802921470398,26.010271624313397,89.98119031810226,3.3995195267700855,3.988771075028672,14.349301020100203,26.241907890919222,32.91700072134579,6.041926118186758,0.0,10.917000721345786,81.10870839800994
2016-09-07,28.16642482042615,31.285410756322815,25.84883201545241,88.60814933301143,2.6607032051668984,4.438173477394821,5.435323232932939,26.104330357276243,33.467704870518716,6.166424820426151,0.0,11.467704870518716,81.13131411904087
2016-09-08,28.20065672722883,31.28289611879037,25.952745820003624,88.72696022212833,2.411061145650993,5.044631248868232,2.755247178125189,26.160723589784045,33.71398408897365,6.200656727228829,0.0,11.713984088973653,81.20542858654386
2016-09-09,28.29137079736827,31.39499486931853,25.839321542826102,87.68598901430555,2.1076634272952255,4.993298158990765,2.6458544093680203,26.050325524705368,33.94432551644966,6.29137079736827,0.0,11.94432551644966,81.2138825092114
2016-09-10,28.010436409730193,30.648786744733513,25.821726927023605,87.7729685519406,1.7163710991730552,4.437536150178066,4.815320818494598,25.790744305267776,33.767356195340554,6.010436409730193,0.0,11.767356195340554,80.75463319747851
2016-09-11,27.44538781915857,29.712466952375205,25.922881028550737,89.32971751071408,1.6706525019617313,3.6453466167682747,9.723054868111305,25.53077346039467,33.066111061901275,5.445387819158569,0.0,11.066111061901275,80.0097183423583
2016-09-12,27.444251222309415,29.62884710569204,25.647905474738945,89.07049616707914,1.5077853564314603,3.445562189895576,16.269911873000545,25.480700657812438,33.14695330310708,5.444251222309415,0.0,11.146953303107082,79.97398026283881
2016-09-13,26.83249109675862,28.87140882477214,25.078977485362472,90.31300356129657,1.624943562503773,3.4276737309108465,17.63848856159836,25.110247196152375,32.218209711373845,4.83249109675862,0.0,10.218209711373845,79.09414900438038
2016-09-14,27.58960705015996,30.316393432727715,25.315922617251164,87.78024627271083,1.3741226534677373,4.736611281463151,20.110418301442632,25.378167284898854,33.320695645952654,5.589607050159959,0.0,11.320695645952654,80.0495551911612
2016-09-15,28.062398744492064,31.186456811734175,25.361930343453857,86.64445524234925,1.2873423069958352,5.755582821271202,9.927991187300055,25.623508342961014,34.01159609904758,6.062398744492064,0.0,12.01159609904758,80.68762996079636
2016-09-16,28.173464115410155,31.337612724090064,25.56204080400797,86.6936844329088,1.3499124766101285,4.717842705378162,5.811223516629445,25.742169195209502,34.15557683578143,6.173464115410155,0.0,12.155576835781432,80.87949480802175
2016-09-17,28.035786805094467,30.799931792116865,25.7188567634454,88.2225701696143,1.4204708154765497,4.3695909398201245,5.1426323414015815,25.90197254803358,34.07227688279876,6.035786805094467,0.0,12.07227688279876,80.85847102637905
2016-09-18,28.08152532142211,30.80648638860386,25.983212410213078,87.48476791211444,1.2988694392466955,4.930873598116738,21.402338987143114,25.80513792359472,34.14011611357,6.081525321422109,0.0,12.140116113570002,80.83447093142098
2016-09-19,28.127617552966747,31.036429045693254,25.745022635359458,87.48626546749563,1.1989098810889118,4.195546538299029,15.824654433512404,25.850748655893817,34.28589346351167,6.127617552966747,0.0,12.28589346351167,80.91187397712442
2016-09-20,27.702378221766168,29.773188265829667,26.004853021065976,89.70297881330357,1.2218639463994692,3.6094399830989325,18.51198165026861,25.854541270175613,33.84662129754084,5.702378221766168,0.0,11.846621297540842,80.49453209534934
2016-09-21,28.13700066397055,30.735577352568356,25.75197923583027,85.87541739602825,1.0309259371038813,4.535571515663669,15.322630530572829,25.546465345657424,34.216281014156195,6.13700066397055,0.0,12.216281014156195,80.70630718905633
2016-09-22,27.766473109192976,30.493794893462912,25.469467616345753,86.34962274400918,1.0513563107382147,5.259630440031388,5.408428804249413,25.275547522130957,33.65864271110408,5.766473109192976,0.0,11.65864271110408,80.15507759132194
2016-09-23,27.607394821029764,30.25849882296131,25.41008148729402,87.8635365485604,1.4271093136959014,4.999932751856099,9.328315325647372,25.411629185457564,33.32269043838321,5.607394821029764,0.0,11.322690438383212,80.09040003251198
2016-09-24,27.67711655701093,30.450063982616047,25.815381179453134,89.47855978752945,1.7679338443894492,4.329618651536187,13.034927265044969,25.787332558502907,33.39538821619696,5.67711655701093,0.0,11.395388216196963,80.42186592213375
2016-09-25,27.689349308867026,30.311616466469488,25.623976579948092,88.83274461278445,1.369893764712984,4.579211818675681,16.49209754330899,25.677164134923714,33.61496223601449,5.689349308867026,0.0,11.614962236014492,80.35677317934031
2016-09-26,27.90813122472385,30.573423069958352,25.86011649664997,87.45008691978029,1.1504629685519407,4.329627578921953,18.206684976157426,25.62795625380213,33.95585129409946,5.908131224723849,0.0,11.95585129409946,80.53937747703807
2016-09-27,28.498716122412027,31.374533107985762,25.908008088368444,83.34101466771293,0.7569288344298908,5.135434786020403,15.84126576930042,25.396143812846397,34.67417274875665,6.498716122412027,0.0,12.674172748756646,80.94898596946823
2016-09-28,28.334401521096158,31.45455664875958,25.689266010744248,86.25068207883142,1.1550298786744735,3.740150196173116,24.781474618216944,25.813710572303428,34.49950848553613,6.334401521096158,0.0,12.499508485536133,81.08603757242543
2016-09-29,28.30077382748838,31.316195448783727,25.84578680509447,87.68686666264261,1.4588688356371098,4.847451059334823,11.242744612784453,26.05974320725602,34.414092493208756,6.300773827488381,0.0,12.414092493208756,81.22977207317595
2016-09-30,28.37584233717632,30.876651174020644,26.034630289128987,86.79288223576991,1.1554427476308327,5.38244350817891,2.082981831351482,25.960262312737832,34.6363179084056,6.375842337176319,0.0,12.636317908405601,81.23071025090337
2016-10-01,28.547839681294143,31.583720649483915,26.039984306150785,84.32482042614836,1.0999764592261725,5.350535745759642,3.6149351119695785,25.64188888768277,34.64051805215328,6.547839681294143,0.0,12.640518052153283,81.16841215046597
2016-10-02,28.40442204382206,31.20260638618942,26.367653165932282,85.4241824108167,0.9100808836844331,4.868538878493392,5.861171606205107,25.71988444258145,34.68022911219823,6.404422043822059,0.0,12.680229112198226,81.08670066735283
2016-10-03,28.769843665117406,32.19232087885556,25.782433753848018,84.51566125430072,1.0590221524717813,4.770997911510835,6.642421681656305,25.897352342112253,35.057083998094626,6.769843665117406,0.0,13.057083998094626,81.56064332687714
2016-10-04,28.755493450836,31.659068630409855,26.11684976157422,84.40913200941631,1.0042548439669223,4.660635582785055,5.99049677068872,25.861999804683155,35.05799895264925,6.755493450835999,0.0,13.05799895264925,81.52174217818808
2016-10-05,28.103295104726268,30.855451198165035,25.96307297639887,86.98532504376172,1.21644655037122,3.9815001690106837,11.787708698014125,25.729906359965163,34.170824521590106,6.103295104726268,0.0,12.170824521590106,80.80249187233304
2016-10-06,27.624352628719745,29.949731393734538,25.962678819339654,89.06966620389932,1.2806869077080945,4.486296728436048,14.655282791090725,25.65803947235155,33.600008874700734,5.624352628719745,0.0,11.600008874700734,80.27836884700307
2016-10-07,27.837043520251104,30.90504496891411,25.686229854530094,86.88932697531239,1.300736403694091,4.036252483853444,10.134044184221647,25.449697866004218,33.66528422780948,5.837043520251104,0.0,11.66528422780948,80.34499149632688
2016-10-08,27.50146918573067,30.15274582000363,25.40621959316714,89.45674231906803,1.466433270960343,4.183994863282429,11.589022756081366,25.610016362709988,33.316057348351144,5.50146918573067,0.0,11.316057348351144,80.12132287807572
2016-10-09,27.30674292267762,29.682985453008996,25.489416913140587,90.24250860143661,1.546340918693789,3.9694169312488685,11.777393010201003,25.56530169067808,33.03647793040665,5.306742922677621,0.0,11.036477930406647,79.89276293030477
2016-10-10,26.913631918874874,29.142133759884114,25.19522182652261,91.63295406531056,2.0831707611516874,2.9905459709060183,26.048008088368448,25.43441549619894,32.18350408196814,4.913631918874874,0.0,10.183504081968138,79.39751612322456
2016-10-11,26.752548439669223,29.170187118971448,24.97932033560693,92.22905354017021,2.6204382205589427,2.341687179332408,60.79825617190803,25.384174511651032,31.6142005660342,4.752548439669223,0.0,9.6142005660342,79.19467726573336
2016-10-12,26.56975252007002,29.396868473471358,24.465125248988954,91.63006096456813,2.6431387698436652,2.7840324440152115,34.081757107502874,25.09376065887541,31.232152115886308,4.569752520070018,0.0,9.232152115886308,78.80695366943323
2016-10-13,27.00621416068088,30.08839439850305,24.04883925876743,81.14924246997045,1.1839518319550915,4.234742059515906,11.77308142693306,23.49448341683709,31.73001981269858,5.00621416068088,0.0,9.730019812698579,78.23481862407938
2016-10-14,26.78350214281403,30.70220196776725,23.493377799239457,77.40521518681717,1.0249459769421139,4.276450884288042,4.798850727349551,22.497276735890978,31.05923568504599,4.783502142814029,0.0,9.05923568504599,77.41227819556053
2016-10-15,26.066748355163885,30.51416611335788,22.242157904267525,81.26526589002233,1.4999499004044181,5.473651825918996,3.374540351300779,22.602791615154942,30.067152904075343,4.0667483551638846,0.0,8.067152904075343,76.73441275567484
2016-10-16,26.431700971811434,31.46693547413533,22.095473531719687,84.01300416490615,1.5389473048832019,5.647857493813003,0.0021500573429106056,23.50911239798308,30.91492333042926,4.431700971811434,0.0,8.91492333042926,77.65355421600614
2016-10-17,26.856258827790185,31.659964990644053,22.545113176797248,85.02765316593228,1.7129039657149758,5.6577110339832215,0.004007967646526228,24.12450464132102,31.57843384674141,4.856258827790185,0.0,9.578433846741412,78.4762716157764
2016-10-18,27.098303857065254,31.667155791633974,22.991606808716128,83.7748149936621,1.6133916822599146,5.42104495080582,0.006011951469789341,24.11398129582473,31.884100342562135,5.098303857065254,0.0,9.884100342562135,78.71662364924168
2016-10-19,26.71492485060663,31.371763747208306,22.850357940484095,83.40721615259251,1.4840103820848678,5.488196643930706,0.012573187662220077,23.66593194287273,31.327574511534664,4.714924850606629,0.0,9.327574511534664,78.0434758696601
2016-10-20,26.15848493994085,30.94686002293717,21.945795255628664,80.81642783847408,1.4594078589968011,5.634216593227502,0.002003983823263114,22.600863107067905,30.186287379668066,4.158484939940848,0.0,8.186287379668066,76.8295754483378
2016-10-21,25.65791211444438,30.48541256715157,21.21226293233537,79.86369227983343,1.4474008571256114,5.610767085169313,0.0,21.918811659139394,29.325966755386368,3.657912114444379,0.0,7.325966755386368,75.91731397976945
2016-10-22,25.547970664574155,30.134044787831236,21.385040140037425,78.53671757107503,1.4026619182712623,5.416680618096215,0.0,21.537662267183414,29.047515867898284,3.547970664574155,0.0,7.047515867898284,75.59362676740223
2016-10-23,24.971005613569147,29.851348463813604,20.50230518500634,81.02807508903241,1.4512301563348826,5.474455731273013,0.0,21.48722801420063,28.40997297285778,2.9710056135691474,0.0,6.40997297285778,74.94228685708396
2016-10-24,25.045410756322816,29.61983219653528,20.75282851451681,83.92274400917488,1.541070803404358,5.132245149996983,0.010380274038751736,22.1349881963546,28.762502827785767,3.0454107563228163,0.0,6.762502827785767,75.37024942281222
2016-10-25,26.068934025472323,30.463685640127967,21.49083720649484,82.11544757650752,1.1896155006941511,5.018199402426511,0.01666384982193517,22.776579107619746,30.382439472570738,4.068934025472323,0.0,8.382439472570738,76.83714462280183
2016-10-26,26.412662521880847,30.21596064465504,22.56556226232873,81.4813490674232,0.9507617552966743,3.834338576688598,0.43918452345023246,22.983742599617987,31.009098998914382,4.412662521880847,0.0,9.009098998914382,77.31820949924993
2016-10-27,26.577257198044315,29.585174141365364,23.966223214824655,81.84709543067542,0.7822876803283636,2.212138196414559,11.808627995412568,23.21831756537137,31.42402365945442,4.577257198044315,0.0,9.42402365945442,77.62853707815758
2016-10-28,26.411725116194848,29.55440997163035,23.701375626244943,83.39588157179938,0.8901744431701576,3.2844340194362283,9.505480171425122,23.367288727578167,31.267672460933042,4.411725116194848,0.0,9.267672460933042,77.54666414558781
2016-10-29,26.00448783726686,29.55539204442567,23.269181505402305,84.32428079917909,1.1952755477756989,4.279176634272953,6.963430313273374,23.15230178475691,30.524277098690987,4.004487837266861,0.0,8.524277098690987,76.98899117901698
2016-10-30,25.772469366813546,29.560133397718356,22.275782579827375,82.81844087644112,1.06908553147824,4.483119780286112,3.4398273676585984,22.62777951771498,30.08795998978559,3.772469366813546,0.0,8.087959989785588,76.4364773121967
2016-10-31,26.639058369046904,30.493828091990103,23.30749441661134,80.47967284360477,0.9415198889358365,4.642312054083419,1.857365847769663,22.99976142409724,31.25113886967158,4.639058369046904,0.0,9.251138869671578,77.5612008297843
2016-11-01,26.552226112150667,30.431518078107082,22.640813665721012,82.18936802076418,1.1010744250618703,4.924607243315024,0.38176797247540295,23.26301530964993,31.20120774107844,4.552226112150667,0.0,9.201207741078441,77.62961873175145
2016-11-02,26.9253866119394,30.654531297157,23.35253576386793,82.16096939699403,1.0915422224904932,5.051955833886643,0.20352990885495265,23.62138213940997,31.787104377733023,4.925386611939398,0.0,9.787104377733023,78.23128835064223
2016-11-03,26.52260517897024,29.764856039113905,23.54932214643569,84.32479688537454,1.031930343453854,4.576473254059275,0.910493752640792,23.659586621387508,31.447852824809416,4.522605178970242,0.0,9.447852824809416,77.84044633755875
2016-11-04,25.476168889961976,29.041981650268607,22.595922617251162,84.59686968069053,1.0710738214522848,2.081226413955454,10.324458864006761,22.688331400763015,29.823361256404944,3.4761688899619756,0.0,7.823361256404944,76.15102727342389
2016-11-05,23.582256896239514,26.49330778052756,21.422590088730608,88.62466831653288,1.8944304943562504,1.4340653588458985,51.37552846019195,21.59205688596234,26.7642609511252,1.5822568962395138,0.0,4.764260951125198,73.40355023525584
2016-11-06,23.85298484939941,27.470353111607416,21.252049858151747,88.95877346532265,2.6518947304883205,2.7698262328725787,47.803146013158695,21.920446427070935,26.67729857591683,1.8529848493994088,0.0,4.677298575916829,73.89164725740801
2016-11-07,23.915639524355647,27.54631798152955,21.03295527252973,87.36838232631135,1.920778656365063,3.5702717329631195,18.282415645560455,21.686571621019787,27.128750604173593,1.9156395243556474,0.0,5.128750604173593,73.84617193991716
2016-11-08,23.26986237701455,27.72095370314481,19.38611637592805,82.63366813545,1.4393686243737551,4.617148216333675,0.21962395122834552,20.146957206880717,26.04701183749807,1.269862377014551,0.0,4.047011837498069,72.34538254230498
2016-11-09,23.07111969578077,27.767443109796588,18.29407376109133,79.38776241926722,1.1319327578921956,4.684484390656123,0.0,19.307028162295683,25.668292010940927,1.0711196957807694,0.0,3.6682920109409274,71.74070365980134
2016-11-10,23.055157843906564,27.997568056980747,18.747906078348528,80.8244172149454,1.1516599263596308,4.637937840284904,0.0,19.580127009637504,25.764979012516637,1.0551578439065636,0.0,3.764979012516637,71.83960716149636
2016-11-11,22.918760789521343,27.378413110400196,18.583631918874875,78.07728134242772,1.0468648518138468,4.470123251041227,0.0,18.891926026716863,25.386724761823235,0.9187607895213432,0.0,3.386724761823235,71.38622546014007
2016-11-12,23.332637170278268,27.756273314420238,18.750353111607414,75.75451499969819,0.8403181022514639,4.317885815174746,0.0,18.808779245476973,25.908185323631127,1.332637170278268,0.0,3.908185323631127,71.83298570124968
2016-11-13,23.144990040441844,27.93900706223215,18.588372668557977,79.86719744069538,1.272457898231424,4.544683654252429,0.0,19.47570884821251,25.72173794039541,1.1449900404418436,0.0,3.7217379403954105,71.90037049412231
2016-11-14,22.334644172149456,27.671935775940124,18.117997223395907,82.45907345928654,1.592768757167864,4.604081523510594,0.0,19.199520071087182,24.559455519645674,0.3346441721494564,0.0,2.559455519645674,70.81054940436528
2016-11-15,21.267173899921534,27.127204684010387,16.440786503289676,79.92644473954246,1.572018470453311,4.528947141908614,0.0,17.660885147064977,22.831655451388837,0.0,0.7328261000784657,0.831655451388837,68.90242707222629
2016-11-16,21.046452586467073,27.414655037121996,15.762675197682142,79.94301985875536,1.6070441238606872,4.618546218385948,0.0,17.44942819691873,22.498023190061936,0.0,0.9535474135329274,0.49802319006193585,68.55053698027578
2016-11-17,20.74388905655822,27.224435926842524,15.319139856340922,80.04351481861532,1.7102921470392953,4.8521901973803345,0.0,17.17491207750423,22.009961129023385,0.0,1.2561109434417794,0.00996112902338453,68.07298302230927
2016-11-18,20.73619725961248,27.212446429649304,15.270169614293476,81.41522303374177,1.66469366813545,4.964370706826825,0.0,17.436437325975625,22.14183437245525,0.0,1.2638027403875185,0.14183437245525,68.14758693846132
2016-11-19,21.000321120299393,27.098551940604825,15.240983280014486,79.27924609162794,1.317912718053963,4.838071280255932,0.0,17.272506249830172,22.5812043762706,0.0,0.9996788797006069,0.5812043762705983,68.43294172003937
2016-11-20,21.422096336089815,27.06442807991791,16.06530271020704,76.40349127784148,1.076617975493451,4.559859081306211,0.0,17.09710557984817,23.100421042780795,0.0,0.5779036639101847,1.1004210427807948,68.90280383053786
2016-11-21,21.26655580370616,26.478800024144384,16.416217178728797,77.31229311281464,1.1861037001267583,4.45383101949659,0.0,17.13343514735566,22.882944635148334,0.0,0.7334441962938385,0.8829446351483341,68.72193639268122
2016-11-22,21.247890988108896,26.37553691072614,16.372000362165753,78.65960041045453,1.1839675258043099,4.514837749743466,0.0,17.388764833475502,22.970609716290724,0.0,0.752109011891104,0.9706097162907241,68.7848364782771
2016-11-23,21.493898110702,26.27809983702541,16.603461097362228,77.55105148789764,0.947654373151446,4.3511480171425125,0.0,17.402567351012806,23.387896853122914,0.0,0.5061018892980016,1.387896853122914,69.0965110648911
2016-11-24,21.535997464839742,26.37935474135329,16.70510895153015,77.00471841612844,0.9677026619182713,4.309379724754029,0.0,17.331374962800293,23.386581706504096,0.0,0.46400253516025813,1.3865817065040957,69.12385272585371
2016-11-25,21.527875294259673,26.062835757831834,16.707616949357156,75.58540954910364,0.8945481982253879,4.153654674956239,0.000688114927265045,17.029268243169543,23.30616042520155,0.0,0.4721247057403275,1.3061604252015506,69.00993396872329
2016-11-26,22.13337659202028,26.741943019255153,17.096433270960347,75.87809742258708,0.8941818072070984,4.034891929739844,0.0,17.675684404972515,24.179099101813843,0.13337659202028007,0.0,2.1790991018138435,69.97464029816491
2016-11-27,22.531943019255145,26.770427959196,17.913217239089757,76.34263475583992,0.7602589485121025,3.9783370978451145,0.29179513490674236,18.15818661390411,24.877142460977005,0.5319430192551451,0.0,2.877142460977005,70.63369397314709
2016-11-28,22.312512223094103,26.53028731816262,18.611495140942843,76.6099674050824,0.7887831230759946,3.8682114746182172,0.9010134604937527,18.001546768668593,24.57029640429468,0.3125122230941031,0.0,2.5702964042946803,70.31178281351083
2016-11-29,22.528754149815903,26.834725055833893,18.29771714854832,78.57336391621898,0.793307780527555,4.061977262026922,0.021663548017142518,18.614875046702977,25.050404094677152,0.528754149815903,0.0,3.050404094677152,70.81003889984233
2016-11-30,22.842336572704777,27.166183376592024,18.39411058127603,78.51536126033682,0.808237460010865,4.2033018591175235,0.0,18.90744365013426,25.484263773711277,0.8423365727047774,0.0,3.4842637737112767,71.30240031703651
2016-12-01,22.836313756262452,27.249920927144327,17.850975433089882,77.2659666807509,0.7815150600591538,4.134110895153015,0.0,18.644768044707206,25.379661793041958,0.8363137562624523,0.0,3.379661793041958,71.18745038100731
2016-12-02,22.616359026981353,27.301575421017688,18.116305305728257,76.84853564314602,0.9112621476429048,4.178593746604697,0.0,18.345208710940753,24.93703977354842,0.6163590269813533,0.0,2.9370397735484204,70.8072388170037
2016-12-03,21.511211444437738,26.672878614112395,17.187010321723914,82.66612724090058,1.3547087583750832,4.342238335244764,0.0,18.435436880933505,23.560197655036852,0.0,0.4887885555622624,1.560197655036852,69.48753225657858
2016-12-04,21.036751373211807,27.03839983098932,16.397188386551576,83.06364218023784,1.637790185308143,4.463685597875295,0.0,18.04829313776666,22.719442843977134,0.0,0.963248626788193,0.7194428439771343,68.74212851160613
2016-12-05,20.53588941872397,26.790601798756565,15.022031146254605,81.19665177763024,1.5019876863644597,4.188924138347318,0.0,17.198573392595236,21.957324300967947,0.0,1.4641105812760316,0.0,67.81084829976093
2016-12-06,21.2132196535281,27.47659262389087,15.766736282972177,78.20896360234201,1.152693305969699,4.2363116074123255,0.0,17.264132915064135,22.906446153702767,0.0,0.7867803464719003,0.9064461537027668,68.69912420179789
2016-12-07,21.208532625098087,27.12253817830628,15.778232631134184,75.18704653829904,1.0262914227077928,4.54860947667049,0.0,16.637423616399595,22.73728436178792,0.0,0.791467374901913,0.7372843617879212,68.48596069348625
2016-12-08,20.741333977183558,26.96742077624193,15.579892557493816,78.09954004949597,1.335428261000785,4.6286218023782215,0.0,16.78414966908926,22.111847738706196,0.0,1.258666022816442,0.1118477387061958,67.94561985092962
2016-12-09,19.982689080702603,26.518655761453495,14.84488199432607,81.25056558218147,1.5472988471056919,4.3557154041166175,0.0,16.66973200094026,21.158844372891597,0.0,2.0173109192973975,0.0,66.92211771732764
2016-12-10,19.25835697470876,25.987375505523033,13.83014607351965,80.74084867507695,1.6835836301080462,4.283280750890325,0.0,15.864929387973588,20.026056782489373,0.0,2.741643025291239,0.0,65.72936423281166
2016-12-11,18.967236675318407,25.46454035130078,13.524883201545244,80.20338685338324,1.4963970543852236,4.306869209875053,0.0,15.476983046252041,19.720074457857976,0.0,3.032763324681593,0.0,65.23686783946994
2016-12-12,18.31371883865516,24.909904629685524,13.17982978209694,79.90991489104849,1.6406458622562927,4.167641347256595,0.0,14.78380242794139,18.712656477670503,0.0,3.6862811613448407,0.0,64.1784244639684
2016-12-13,17.670437013339775,24.387889177280137,12.300133397718355,78.70650992937769,1.6535323232932941,3.9997747147944716,0.0,13.923501394563214,17.76006316428761,0.0,4.329562986660225,0.0,63.11039644331014
2016-12-14,17.341809621536793,24.142023299329995,11.904796281764956,80.4037333252852,1.6171696746544337,3.694107901249472,0.0,13.932906061249732,17.4599286141713,0.0,4.658190378463207,0.0,62.63877246026746
2016-12-15,17.662628719744074,24.49667471479447,12.171919478481321,80.64639584716608,1.688358181927929,3.808373223878796,0.14211504798696206,14.291981479014693,17.85455490697896,0.0,4.337371280255926,0.0,63.16129544814339
2016-12-16,18.49635359449508,24.841982253878193,12.657353775577958,80.67114384016419,1.458989557554174,4.0596301804792665,0.0,15.1090360745329,19.13982050208506,0.0,3.50364640550492,0.0,64.50165817601292
2016-12-17,19.357557192008212,25.20994627874691,14.311905595460857,82.00368382929922,1.221428743888453,3.925468111305608,0.0,16.204986866700402,20.5792040603233,0.0,2.642442807991788,0.0,65.95142527899768
2016-12-18,19.634486026438097,25.02059455544154,14.89588036458019,79.40444498098631,1.0695647974889844,3.6026756081366575,0.0,15.969581825342466,20.872070003266003,0.0,2.365513973561903,0.0,66.26400339805093
2016-12-19,19.000829963179815,24.385126456208127,14.275375746966864,80.65990644051429,1.3464604333916823,3.430206887185369,0.0,15.59834442047349,19.903889435356128,0.0,2.9991700368201855,0.0,65.31168911433184
2016-12-20,18.447635661254303,24.125698074485424,14.008873664513793,77.22005191042435,1.3819599203235347,3.1930420353715223,0.013132733747811914,14.38302624330126,18.886149725029156,0.0,3.552364338745697,0.0,64.28369488776886
2016-12-21,17.72691555501902,23.715684795074548,12.85365183799119,73.02065853805759,1.2631297156998855,3.130674129293174,0.0,12.826540691182574,17.72813711763392,0.0,4.273084444980981,0.0,63.01086809129518
2016-12-22,18.74347256594435,25.201939397597634,13.168464417214945,76.0833349429589,1.184069535824229,3.1710555803706164,0.0,14.439879306628425,19.34054765163481,0.0,3.2565274340556485,0.0,64.69943683325846
2016-12-23,19.911563952435568,25.260388120963363,15.481818675680572,78.28607593408583,0.9816683768938251,3.4719283817227025,0.000688114927265045,16.01643420906725,21.228752886771485,0.0,2.088436047564432,0.0,66.64403830290786
2016-12-24,20.64554536126034,25.80956600470816,15.81477756986781,76.51385163276395,0.8790318102251464,3.5189529848494,0.0,16.36838858631096,22.171148934896966,0.0,1.3544546387396608,0.1711489348969657,67.69514360037998
2016-12-25,21.135610551095553,25.956855194060484,16.78144866300477,75.91095732480233,0.8389955936500273,3.4319399830989314,0.01137622985453009,16.71793508337095,22.827430742118146,0.0,0.864389448904447,0.8274307421181462,68.42155489188347
2016-12-26,20.959363795497076,26.06468702843002,17.168393794893465,77.80740749683106,0.9752942596728437,3.188057970664574,0.9377889780889721,16.93650926324079,22.643282614154057,0.0,1.040636204502924,0.6432826141540566,68.27116195395968
2016-12-27,19.75700126758013,25.42674111184886,15.505763264320638,80.68594917607292,1.480026558821754,3.3749645922617253,0.06658356974708758,16.340057436459592,20.850339854497825,0.0,2.2429987324198706,0.0,66.5279483341854
2016-12-28,18.717325405927443,24.972584656244344,13.453948813907168,79.1933101949659,1.4700066397054388,3.5872948149936623,0.10698134846381363,15.036355757931302,19.3268017371523,0.0,3.2826745940725566,0.0,64.79289322558415
2016-12-29,19.312727711716065,25.442041407617555,13.702546628840464,76.68504798696203,1.1620450292750648,3.785037725599083,0.0,15.113126317378152,20.165976879151966,0.0,2.6872722882839355,0.0,65.6175097725711
2016-12-30,19.58729160379067,25.095169312488686,14.748941268787348,77.78277117160621,1.1397561417275308,3.7236882658296615,0.0,15.600867845268123,20.6363086769341,0.0,2.4127083962093288,0.0,66.10465244121298
2016-12-31,19.964309168829605,25.18467254179997,15.104418422164546,75.74433693487053,0.9818730005432487,3.5742192310013885,0.0,15.551058401421216,21.10543799190534,0.0,2.0356908311703954,0.0,66.58609641999988
2017-01-01,20.132284058670855,25.426203295708333,15.587051367175713,73.98349731393735,1.0734067724995473,3.9278728315325653,0.0,15.346106247002204,21.133391388711964,0.0,1.8677159413291449,0.0,66.74677146951069
2017-01-02,19.943181626124225,26.083209995774734,14.975090843242592,73.31572402969759,1.1522454276573915,4.04858157179936,0.0,15.022693936845556,20.770786787780988,0.0,2.0568183738757746,0.0,66.41856904437353
2017-01-03,19.644475161465568,25.980177461218087,14.62310738214523,76.96797488984124,1.4745216394036338,3.7625130922919063,0.029361381058731217,15.491817300413805,20.41850740516333,0.0,2.355524838534432,0.0,66.15214645455323
2017-01-04,19.097588579706645,25.54609766403091,14.028096818977485,77.28085652200159,1.690589726564858,4.065908190982073,0.0005492847226413955,15.02515580455487,19.548799131825866,0.0,2.9024114202933546,0.0,65.30840755404233
2017-01-05,18.28208607472687,25.373728496408525,12.932589485121024,73.75687752761515,1.7283026498460798,3.7280298484939944,0.004201122713828696,13.515170200957447,18.18235896147591,0.0,3.7179139252731304,0.0,63.8889743314344
2017-01-06,17.7050576447154,25.09694875354621,12.038714311583268,71.01758254361079,1.6547661012856887,3.634782326311342,0.001098569445282791,12.38091873294146,17.291574538924838,0.0,4.294942355284601,0.0,62.911218156722
2017-01-07,17.942972777207704,24.999415102311826,12.224924246997043,67.64968914106358,1.3939011287499246,3.9108459346894433,0.0,11.869651220498056,17.5553404870879,0.0,4.057027222792296,0.0,63.15118829189968
2017-01-08,18.261477636264864,25.548709482706585,12.423286050582485,66.40469910062173,1.4965702903362108,4.375270386913744,0.0,11.89120778069209,17.808634021635694,0.0,3.738522363735136,0.0,63.57338471421137
2017-01-09,18.73134001327941,25.54488803042193,12.991332769964387,68.36265527856582,1.424010985694453,4.165341643025292,0.0,12.781878411315109,18.60615223497661,0.0,3.268659986720589,0.0,64.34609105284432
2017-01-10,18.57273616225026,25.56430796161043,13.688764411178852,72.90949176072917,1.6520172632341403,2.9348653709180907,0.1394766704895274,13.617385297588916,18.560621439812174,0.0,3.4272638377497415,0.0,64.30050965821303
2017-01-11,17.784684010382087,24.352877406893224,12.562844811975616,78.03049013098327,1.8219466409126577,3.8342025291241626,0.02623106174926058,13.901394704168311,17.7489601838844,0.0,4.215315989617913,0.0,63.26883273099183
2017-01-12,16.61751071407014,23.620003621657517,11.255844751614658,69.37958471660531,2.1154934508359995,3.910793541377437,0.020634997283756867,10.985015715304293,15.463582365982298,0.0,5.382489285929861,0.0,61.2325082957242
2017-01-13,14.780280678457173,22.545746966861838,8.974054445584597,63.49052755477758,2.1516997645922618,4.164392303977787,0.0,7.914625981346668,12.794195858447434,0.0,7.2197193215428275,0.0,58.46566675170708
2017-01-14,13.732217058006883,21.772554475765077,7.2484384620027775,62.82110279471239,1.904808353956661,4.454221416068087,0.9771431158326794,6.76690962259543,11.653279644064263,0.0,8.267782941993117,0.0,56.96626503797046
2017-01-15,14.47425122230941,22.883421259129594,7.548417335667291,66.490328967224,1.817805879157361,4.4350042735558635,0.0,8.304074735651902,12.816074089916118,0.0,7.525748777690589,0.0,58.02877085982324
2017-01-16,15.754326673507576,23.95677672481439,9.124652019074064,64.6993794893463,1.7258278505462668,4.472344787831231,0.0,9.117224216145285,14.36506410226865,0.0,6.245673326492424,0.0,59.87970229282416
2017-01-17,16.922204985815174,24.390797368262213,10.756855194060481,60.76693728496409,1.4052182048650936,4.33995213979598,0.0,9.289803107076763,15.802392828849865,0.0,5.077795014184826,0.0,61.470430710580686
2017-01-18,17.599517112331743,25.041629142270782,11.484213798515121,63.258219955332905,1.6805541135993245,4.257558320758134,0.0,10.529913029254052,16.621513359177445,0.0,4.400482887668257,0.0,62.50357126229272
2017-01-19,17.914451620691736,26.12982555682985,11.414376169493572,66.57915977545724,1.81550371219895,4.625544546387397,0.0,11.600614109904683,17.150992198666696,0.0,4.085548379308264,0.0,63.071453656324884
2017-01-20,17.937074304339955,26.177648337055597,11.252599746483973,65.19815899076478,1.7862757288585747,4.536863077201667,0.0,11.305028603466477,17.10687197511007,0.0,4.062925695660045,0.0,63.05576677203702
2017-01-21,17.71035250799783,25.654942958894186,11.242734351421502,63.125630470211874,1.6763620450292755,4.654685742741595,0.0,10.603282733269456,16.755880690341762,0.0,4.289647492002171,0.0,62.65796289785836
2017-01-22,17.842669765195872,26.166020402003983,11.075813967525804,63.549575662461535,1.7447866240115895,4.7225265588217535,0.0,10.829212464486877,16.90420451010903,0.0,4.157330234804128,0.0,62.861937839398536
2017-01-23,18.11222188688357,25.666919176676522,11.302781432969153,63.47192672179635,1.5986020402003984,4.525618295406533,0.0,11.066022075592613,17.344034713065582,0.0,3.887778113116429,0.0,63.24599626530008
2017-01-24,19.22920564978572,26.47088790970001,13.039783907768454,62.91384982193518,1.3905722218868837,4.497394084626065,0.0,11.989199613829308,18.880722783146528,0.0,2.770794350214281,0.0,64.82160370992717
2017-01-25,20.34771956298666,27.370646465865878,13.552526709724148,63.303311402185074,1.2437134061688901,4.778496674111185,0.0,13.141276786765406,20.465218694530467,0.0,1.6522804370133386,0.0,66.44327908667546
2017-01-26,21.238903241383476,27.782876199674046,14.59572946218386,61.068832015452415,1.0156672903965716,4.918433790064587,0.0,13.43096466549909,21.611505334473794,0.0,0.7610967586165245,0.0,67.56756092528659
2017-01-27,21.85786322206797,28.367865032896724,16.12851330959136,61.79597090601799,1.06009416309531,3.5834109796583573,0.01913321663548017,14.196682640667339,22.45864979467223,0.0,0.1421367779320306,0.45864979467222966,68.49494956457411
2017-01-28,20.679574455242353,27.4047286774914,15.109900404418424,68.99004828876683,1.7083678396812945,3.898060789521338,0.13257198044304944,14.784044034784241,21.03241980349529,0.0,1.3204255447576472,0.0,67.27594101319465
2017-01-29,19.015304521035794,25.856419387939884,12.929133216635483,67.21923583026498,1.718982917848736,4.50317193819038,0.19367175710750287,12.794944150292899,18.68793115780306,0.0,2.9846954789642055,0.0,64.71461604710856
2017-01-30,19.20109011891109,26.274097905474743,13.093607170881874,64.20607412325708,1.4900857125611155,4.46802087281946,0.0,12.2718079698463,18.869676274607826,0.0,2.7989098810889104,0.0,64.8434635756013
2017-01-31,19.52874449206254,26.136748355163885,13.476935474135333,60.588309289551525,1.3617987565642544,4.121657059214101,0.0,11.700227433994128,19.11329360773252,0.0,2.4712555079374603,0.0,65.13041516917173
2017-02-01,19.593077805275552,26.91694573549828,13.573457475704714,59.48477575903906,1.3117462425303312,4.035193149031207,0.0,11.482327457165354,19.147869956968968,0.0,2.406922194724448,0.0,65.16355293168104
2017-02-02,18.822489285929862,26.375766282368566,12.785314782398746,60.852934146194244,1.8671950262570172,4.279717715941329,0.00688114927265045,11.10112523745782,17.876713090986506,0.0,3.177510714070138,0.0,64.14920592153328
2017-02-03,18.51160077262027,25.51637592804974,12.465006337900647,61.153099535220626,1.5516176736886582,4.179548536246756,0.03332226715760246,10.882370034400468,17.723769021951522,0.0,3.4883992273797304,0.0,63.72365193106759
2017-02-04,20.115853805758434,27.904193879398807,12.534011589304038,60.25543369348706,1.3126601074425064,4.861722641395546,0.0,12.16897928931404,19.8773125176892,0.0,1.8841461942415663,0.0,65.93679554455218
2017-02-05,21.837444317015756,29.434886823202756,15.766702480835399,56.504269934206555,1.0286123015633488,5.22619107865033,0.0,12.801343401544528,21.996658039121208,0.0,0.1625556829842445,0.0,68.0724290667055
2017-02-06,21.742648638860388,29.20549224361683,15.36880847467858,60.398657572282254,1.217536065672723,5.230159636627031,0.0,13.735306977991321,22.075764320783666,0.0,0.2573513611396123,0.0757643207836658,68.22898011920944
2017-02-07,21.72008028007485,28.989063197923585,15.312038993179213,59.49559908251344,1.6123456268485543,4.777809205046177,0.0,13.48232044776535,21.692253497919115,0.0,0.2799197199251502,0.0,68.13118984001133
2017-02-08,21.14112150660953,28.459451318886945,14.47341582664333,53.73033862497737,1.5008028007484757,5.004606814752219,0.0,11.388203199294388,20.536470232312194,0.0,0.8588784933904705,0.0,66.9349246179101
2017-02-09,20.78741534375566,28.67536729643267,13.871189714492667,48.14237218567032,1.435485000301805,5.174568998611699,0.0,9.41460692158906,19.680368304484013,0.0,1.2125846562443385,0.0,66.10498554284
2017-02-10,21.257217963421258,29.032677612120484,13.699899197199253,49.24179573851633,1.3845156033077806,4.851306042131949,0.0,10.182509814489963,20.39171610258735,0.0,0.7427820365787419,0.0,66.78239163362974
2017-02-11,21.941295346170097,28.967539083720652,15.141317679724754,52.189371038812105,1.243839560572222,4.220518567030846,0.0,11.688515601542534,21.605933028674695,0.0,0.05870465382990275,0.0,67.88879088628146
2017-02-12,22.215151204201124,29.56157179936018,15.7767435262872,53.82568177702663,1.4148807871068994,4.41057247540291,0.0,12.411290278263673,21.981056718691175,0.2151512042011241,0.0,0.0,68.37867938092766
2017-02-13,22.353974769119336,29.037271684674355,15.775463270356735,54.57873604152833,1.3147745518198828,4.21410636204503,0.0,12.752208038323788,22.297451138380776,0.35397476911933623,0.0,0.29745113838077586,68.62435870934287
2017-02-14,22.96009416309531,29.96541015271323,16.9846628840466,56.638714311583264,1.5043381420896962,4.366129661375024,0.0,13.885212761965596,23.143732107136056,0.9600941630953095,0.0,1.1437321071360564,69.61640260831432
2017-02-15,22.57348222369771,29.651694935715582,16.569531598961795,54.347555381179454,1.624365908130621,4.766870314480594,0.0,12.891157363836728,22.344742156543955,0.5734822236977095,0.0,0.3447421565439548,68.90087355705313
2017-02-16,22.595594857246336,29.827276513551038,16.48695841129957,50.987820365787414,1.2518337659202028,4.94383933120058,0.0,11.938905199393103,22.33039021315047,0.5955948572463363,0.0,0.33039021315046924,68.65523106951754
2017-02-17,22.969369227983343,30.10137441902578,16.121332166354804,48.231394338142096,0.9891277841492123,5.012357517957385,0.0,11.439786437875632,22.73884160355616,0.9693692279833428,0.0,0.7388416035561605,68.90862164702672
2017-02-18,23.53713225086015,30.521184282006402,17.468383533530517,50.25198044304944,1.0336892617854774,4.777334985211565,0.0,12.584238748981653,23.624702566042664,1.5371322508601502,0.0,1.6247025660426644,69.82129571244593
2017-02-19,23.54970242047444,30.250831170398982,17.81064405142754,57.36643085652201,1.3423661495744554,3.8941936319188755,0.0,14.633090450087748,24.106507463694705,1.5497024204744392,0.0,2.1065074636947045,70.48861964899854
2017-02-20,23.819100018108287,30.010890927747937,18.382117462425303,68.75074726866664,2.34025411963542,3.10496176133277,0.7392973984426873,17.728810155525615,24.87598150094733,1.819100018108287,0.0,2.8759815009473293,71.9309816629192
2017-02-21,24.733718235045576,31.5449628780105,19.380565582181447,71.69065793444801,3.5339536427838483,4.371904080400797,3.6975662461519887,19.273374513369273,25.63516489929211,2.7337182350455755,0.0,3.6351648992921106,73.59528517983266
2017-02-22,25.277684553630714,32.28151083479206,20.08931912838776,71.70379428985333,3.3210907225206734,4.368971763143599,6.407297639886521,19.798323712728326,26.57288841151089,3.2776845536307135,0.0,4.572888411510888,74.4218601987391
2017-02-23,24.41840707430434,31.030312066155613,19.236668075089035,65.14537755779563,2.2849864187843307,4.423177769058973,6.126058429407859,17.444516341702585,25.39544969670036,2.4184070743043407,0.0,3.3954496967003607,72.46125477327594
2017-02-24,22.99349308867025,30.662132552664936,15.996691012253274,44.194805939518325,1.678370857729221,5.790600633790064,0.15256292629926965,10.14632500735835,21.913052873343087,0.9934930886702489,0.0,0.0,68.59267206489994
2017-02-25,21.869422345626855,29.3344655037122,14.478314722037789,38.15130560753305,1.4540761755296676,5.931481873604152,0.8375614172753064,6.96254368394708,20.15244466200779,0.0,0.13057765437314472,0.0,66.74522002269894
2017-02-26,22.627331442023305,29.951877829419935,15.22110943441782,36.044458864006764,1.2785929860566188,5.843660994748597,0.0,6.80639627501851,20.99828539007914,0.6273314420233049,0.0,0.0,67.46736225084422
2017-02-27,22.854299511076242,30.546885978149334,15.436794229492364,43.28581758918332,1.4251035190438825,5.711479936017384,0.0,9.709748365624252,21.833240026418714,0.8542995110762419,0.0,0.0,68.34295227366867
2017-02-28,23.532349248506065,30.96510955513974,16.316319792358303,41.961027343514225,1.2842807991790912,5.723085573730911,0.0,9.857128101441193,22.6495657289258,1.5323492485060655,0.0,0.6495657289258006,69.0579069640757
2017-03-01,24.347708094404545,31.87360898171064,16.594818011710025,38.774341160137624,1.1414082211625523,5.607011046055413,0.0,9.409596889032692,23.446498373534954,2.3477080944045454,0.0,1.4464983735349541,69.73532474966268
2017-03-02,24.760116496649974,33.61036759823747,16.926313756262452,46.526530452103586,1.8759872034767913,5.648180123136357,0.0,12.528004405605495,24.24092810055522,2.7601164966499745,0.0,2.2409281005552195,71.02829595400723
2017-03-03,25.39400555320819,33.80770024747993,18.108815717993604,58.624897688175295,2.25751071407014,4.843739294984005,0.0,16.697229978390155,26.087113068268245,3.3940055532081885,0.0,4.087113068268245,73.16042894996716
2017-03-04,25.154431097965837,32.86394519224966,18.64798816925213,60.11075390837207,2.1645512162733147,3.6536723848614723,0.02245608740266796,16.867252826833084,25.980476359670988,3.154431097965837,0.0,3.9804763596709876,72.98811448991634
2017-03-05,25.256293837146135,32.325163880002414,19.17265829661375,66.24723848614717,2.5388133035552602,3.9413908734230705,4.943877587976097,18.506950864222233,26.510259120449916,3.256293837146135,0.0,4.510259120449916,73.797029938768
2017-03-06,24.645990825134305,31.23246272710811,19.566758616526833,66.3636023420052,1.8711541015271322,4.582144818011711,18.89815355827851,17.954846163064392,26.127638902610048,2.645990825134305,0.0,4.127638902610048,72.91640126729791
2017-03-07,24.86009657753365,31.16471177642301,19.092800144866303,58.86335848373274,1.091061145650993,5.1472548560391145,11.862670368805457,16.261051474251623,26.197869992379893,2.8600965775336498,0.0,4.197869992379893,72.44524140820522
2017-03-08,24.901162552061326,31.121228345506125,19.200575239934814,58.29483310194966,1.4090167199855135,2.875641830144263,6.881006820788315,16.147141894212183,25.972277494874664,2.901162552061326,0.0,3.972277494874664,72.44256522513766
2017-03-09,24.14593468944287,29.79086255809742,18.887274099112695,70.11721856703085,1.65970724935112,4.058321615259251,3.028619544878373,18.354620783837838,25.947802626327306,2.1459346894428712,0.0,3.947802626327306,72.55032607915103
2017-03-10,25.560380274038753,31.327840284903722,20.31824108166838,72.0718132431943,2.160907828816322,4.069835794048409,7.036491821090121,20.152395203875763,27.836732468908274,3.560380274038753,0.0,5.836732468908274,74.89179264756652
2017-03-11,24.897688778897813,29.091895937707495,21.740949477877713,84.57504074364702,3.033179211685882,2.343322152471781,50.04477877708699,22.11754649951254,27.56084792680132,2.8976887788978125,0.0,5.560847926801319,75.19657558501234
2017-03-12,23.969877467254186,29.089418120359756,19.947994205347985,67.7664725055834,2.234123860686908,4.138664230095975,13.557106899257562,17.643689254206194,25.065349169546685,1.9698774672541859,0.0,3.0653491695466855,72.06107035646818
2017-03-13,22.626601074425064,29.019685519406046,15.536345143960885,50.60827186575724,1.720421923100139,6.190673580008451,3.151476429045694,11.854030303267882,22.007690569738372,0.6266010744250643,0.0,0.007690569738372233,68.6646214965964
2017-03-14,22.590485905716186,29.65026075934086,16.012876199674054,44.31213134544576,1.4418953340979055,6.529589110883082,0.0,9.82085409709103,21.587278904522893,0.5904859057161858,0.0,0.0,68.10176759694413
2017-03-15,22.42624132311221,29.199409066215974,15.852547232450052,45.1386310134605,1.4462135570712862,6.4911312971570005,0.0,9.94799074784965,21.454180175077227,0.42624132311221175,0.0,0.0,67.96392851357928
2017-03-16,22.89056014969518,29.94258767429227,15.764609766403092,43.2332359509869,1.4490517293414622,6.56292538781916,0.0,9.724372219104948,21.85664910948584,0.8905601496951796,0.0,0.0,68.38319202283432
2017-03-17,23.33086135087825,30.869975855616595,16.073437556588402,49.03326854590452,1.5804647793806967,6.149052713225086,0.003440574636325225,12.02093268887382,22.860898669402147,1.3308613508782514,0.0,0.8608986694021468,69.44378231034113
2017-03-18,23.73569264199915,30.77424880787107,17.5919943260699,69.31352447636868,1.9928617130440034,4.222164042977003,6.016815959437436,17.778640655031182,25.05672934583123,1.735692641999151,0.0,3.0567293458312292,71.85945171804995
2017-03-19,24.388277298243498,30.959632401762548,18.093755055230282,62.398690167199874,1.5781843423673567,5.562699776664453,2.944824651415465,16.735138476052953,25.571431079147604,2.388277298243498,0.0,3.5714310791476045,72.14317604296653
2017-03-20,22.132483853443595,26.82259552121688,18.309671636385588,71.86589062594315,1.998469849701213,3.0093479869620334,8.7465871914046,16.815120056845423,23.05208387958965,0.13248385344359548,0.0,1.0520838795896488,69.66300547153936
2017-03-21,23.25160318705861,29.299093982012433,17.221868775276153,66.3831417878916,1.2529317317559003,5.835445125852599,2.2849888332226715,16.633740067087334,24.621437320740704,1.2516031870586097,0.0,2.6214373207407036,70.87725484381353
2017-03-22,24.41309410273435,30.50918090179272,18.03478239874449,64.95720468401039,1.5003808776483372,5.717420492545423,2.300965171726927,17.39364016862082,25.91827615790546,2.4130941027343518,0.0,3.91827615790546,72.43470131370321
2017-03-23,25.657869861773403,31.55708215126457,19.536636083781012,67.83940906621596,1.4886593831110038,5.235651825918995,0.0041286895635902696,19.269713153094372,27.989977631625948,3.6578698617734027,0.0,5.989977631625948,74.56356827708942
2017-03-24,26.670039234623044,32.936960222128334,20.737743707370075,70.55109796583571,2.137273495503109,5.32348751131768,0.4500138830204624,20.870348132438654,29.316192151893546,4.670039234623044,0.0,7.316192151893546,76.39267878856381
2017-03-25,26.162500754511985,31.61640610852901,21.813348825979354,77.86321542826099,2.112556890203417,4.388562189895577,22.868918331623107,21.992579037366845,29.404486010232496,4.162500754511985,0.0,7.404486010232496,76.48866190584607
2017-03-26,26.248723969336634,31.895309953522062,21.402348041286896,76.56379428985333,1.5541027343514215,4.844155417396028,3.0316031870586104,21.80014358781944,29.77993677937902,4.248723969336634,0.0,7.779936779379021,76.47081182132476
2017-03-27,27.005236916762243,32.87324621234986,21.81161948451742,74.9510864972536,2.0137140097784756,4.870933186455002,1.0842590692340195,22.18159578729911,30.41807935172009,5.005236916762243,0.0,8.418079351720088,77.451951558076
2017-03-28,27.20495020220921,32.60162491700368,22.749017323595105,77.87280919901009,2.738960584294079,4.023855900283697,4.44526890807026,23.00496950436405,30.56223174478115,5.204950202209211,0.0,8.562231744781151,78.13553460076201
2017-03-29,27.047204080400796,31.590169614293476,23.427301261544034,80.42232631134183,3.3247286774913984,3.4013016176736888,18.20098509084324,23.385141824064725,30.20973789536481,5.047204080400796,0.0,8.20973789536481,78.2089389991219
2017-03-30,28.196002293716425,34.16384559666808,23.892629926963245,76.68505341944831,3.9151330959135637,4.899119937224604,7.427594012192914,23.709709637291574,31.133658785840765,6.196002293716425,0.0,9.133658785840765,79.53627356365789
2017-03-31,27.897669463391082,33.261539808052156,23.815215790426752,78.65352326914952,3.207278927989376,4.970484656244342,10.07116858815718,23.842163788567827,31.40795236741222,5.8976694633910824,0.0,9.407952367412221,79.33452816289406
2017-04-01,27.802418059998796,33.52579706645742,23.52350516086196,77.73285567694815,3.442585863463512,5.342741570592142,10.6589473048832,23.554130566219794,30.980281655781233,5.8024180599987965,0.0,8.980281655781233,79.06001673579914
2017-04-02,27.890241443834128,33.97903241383474,23.643109796583573,77.29685700488925,4.19764350817891,4.643344980986298,9.074888634031508,23.545817666983407,30.534843018360114,5.890241443834128,0.0,8.534843018360114,79.13972579352208
2017-04-03,27.76220498581518,32.960006036095855,24.031272409005858,79.0187674292268,4.034586225629263,4.323089279893765,13.205206736282971,23.78774670949237,30.661387422710092,5.762204985815181,0.0,8.661387422710092,79.16841366980998
2017-04-04,27.271678034647195,32.315843544395484,23.679101828937043,80.48904508963604,3.58817106295648,3.7183728375686607,13.196339107865034,23.61734157417819,30.383724311082233,5.271678034647195,0.0,8.383724311082233,78.57763316481771
2017-04-05,26.983754451620694,31.41552846019195,23.664525864670733,81.56972897929619,2.7569970423130323,3.3805767187782942,24.409127784149213,23.55837755637038,30.64325290630743,4.983754451620694,0.0,8.643252906307431,78.25153796290367
2017-04-06,27.32353413412205,32.13005311764351,23.017234864489645,80.22280678457173,1.8499631798152953,4.016633053660893,16.57769662582242,23.61276656930257,31.64972175368827,5.323534134122049,0.0,9.649721753688269,78.62644912545255
2017-04-07,28.483902939578684,33.72813424277177,23.767640490130987,78.50798877286171,2.3093788857367055,4.998960391139011,7.399345083599929,24.380025279224153,32.943149030703545,6.483902939578684,0.0,10.943149030703545,80.24411129024813
2017-04-08,29.02025291241625,33.93938250739422,24.81773827488381,77.52948934629082,2.2705698074485423,5.064361411239211,2.8536633065733086,24.690121013073867,33.69575199507367,7.02025291241625,0.0,11.695751995073671,80.95120975406553
2017-04-09,29.096233476187606,35.125213979598,24.138282127120185,72.02054143779804,2.397773284239754,5.122528876682562,2.5822991489104847,23.534629964300745,32.99536105353606,7.0962334761876065,0.0,10.995361053536058,80.26129370146333
2017-04-10,28.046925816381965,34.498386551578434,22.78171002595521,67.59227077925998,2.113277600048289,6.273260705015997,0.21738335244763687,21.48640900177244,31.024457680089185,6.046925816381965,0.0,9.024457680089185,78.0618077039592
2017-04-11,27.81235709543068,34.62988350335004,21.910730971207823,62.58665841733567,1.6333319249109677,6.595624844570533,0.9046912536971088,20.013526488614385,30.393032496463526,5.812357095430681,0.0,8.393032496463526,77.04423179737503
2017-04-12,27.792453672964328,34.3369819520734,21.41619786322207,63.55954186032476,1.3189328182531541,6.59385995654011,0.0,20.24426970716532,30.704153865616014,5.792453672964328,0.0,8.704153865616014,77.14614513676382
2017-04-13,28.3061061145651,34.98452526106115,22.150857125611157,64.80041830144263,1.6016128448119757,6.642576241926723,0.0,21.0442635704242,31.41592586568578,6.3061061145651,0.0,9.415925865685779,78.05609982333276
2017-04-14,28.132993299933606,34.7224917003682,22.238031025532685,66.13555501901371,1.9257674895877346,6.488611625520614,0.0,21.212518144904397,31.101171786529,6.132993299933606,0.0,9.101171786529001,77.98878597958193
2017-04-15,27.7836596849158,34.107252369167625,22.053366330657333,71.36508480714674,2.8590837206494837,5.890945626848556,1.2810406229250921,22.12477854686479,30.574918073188876,5.783659684915801,0.0,8.574918073188876,78.17818783237271
2017-04-16,26.926194845174138,31.31352628719744,23.138696203295712,77.0931991308022,1.6464845777750952,5.082475885797067,28.70989014305547,22.56889696884971,30.806153725029027,4.9261948451741375,0.0,8.806153725029027,77.59780021164168
2017-04-17,27.443601134786018,33.59316593227501,20.93567272288284,68.99273072976399,1.708308685941933,7.010754421440213,0.3633174382809199,21.24604881528141,30.580577889487273,5.443601134786018,0.0,8.580577889487273,77.35401751621617
2017-04-18,28.304967706887187,33.547207702058316,23.17091326130259,72.95615319611275,2.3172771171606206,6.186099837025412,0.23567694814993664,22.98851593276453,31.94914948559768,6.3049677068871866,0.0,9.94914948559768,79.18850370761638
2017-04-19,27.914094887426817,31.362278626184587,24.96023238969035,82.71959678879702,3.402709603428503,4.127175873724875,38.610909036035494,24.699413256172587,31.801738656258365,5.914094887426817,0.0,9.801738656258365,79.91008071047634
2017-04-20,27.325677551759522,30.653472565944348,25.133627089998196,85.89240236614958,3.3143713406168893,4.295864362890083,47.27917184764893,24.753854655442414,31.30803225031879,5.325677551759522,0.0,9.308032250318789,79.36271701271599
2017-04-21,26.773435745759645,29.336630651294747,24.772767549948696,89.67004949598602,3.2821162552061325,2.7316778414921226,71.06946701273617,24.932052027826646,30.887944222179577,4.773435745759645,0.0,8.887944222179577,78.9140145541844
2017-04-22,26.83701937586769,29.875582181445047,24.93197561417275,89.38650751493934,3.5299209271443233,1.8996673326492426,69.73818736041528,24.941635213054287,30.784076560113014,4.8370193758676905,0.0,8.784076560113014,78.9866327597386
2017-04-23,27.18495804913382,30.561589304038154,24.5374835516388,86.66109494778777,2.7129957143719445,3.144665063077202,38.54168648518139,24.764971029921757,31.594979733508744,5.184958049133819,0.0,9.594979733508744,79.22755107330175
2017-04-24,27.514282006398258,31.04957626607111,24.688926178547717,86.97219894971933,3.5273507575300296,3.291128007484759,30.211165570109255,25.148610332674444,31.593045304231886,5.514282006398258,0.0,9.593045304231886,79.81720504255054
2017-04-25,28.216204502927514,32.361910424337545,25.151008631617074,86.85055169916099,3.8555278565823627,5.188573893885435,26.505773525683587,25.814665864116662,32.49146321984991,6.216204502927514,0.0,10.491463219849912,80.97241343701887
2017-04-26,28.246413351844026,32.1967767248144,25.365748777690587,85.67646405504921,3.4782326311341825,5.727877068871854,11.215743948813907,25.614689395276255,32.65649872254136,6.246413351844026,0.0,10.656498722541357,80.8602480397814
2017-04-27,27.706826220800387,31.553144202329932,24.991124524657454,85.61659443471963,2.7377177521579044,5.964289231604997,11.252383050642843,25.073769396509118,32.29162354977424,5.706826220800387,0.0,10.291623549774243,79.9583124142359
2017-04-28,27.407942294923643,31.30935293052454,24.27306814752218,84.68448904448603,2.2402806784571743,5.712799969819521,2.577743103760488,24.597389693104613,32.04639833592713,5.407942294923643,0.0,10.04639833592713,79.34206330359659
2017-04-29,27.823715216997645,32.08580430977244,24.01958109494779,84.7916611335788,2.4469095189231607,6.145025599082514,6.3394452827910905,25.02578872549191,32.58222180046729,5.823715216997645,0.0,10.582221800467288,80.04116329193141
2017-04-30,27.73482344419629,31.446818977485364,24.41025532685459,85.92922556890204,2.3770513671757105,5.886902203174987,6.075165087221585,25.16245161870468,32.62770619901202,5.734823444196291,0.0,10.627706199012017,80.0463692719353
2017-05-01,27.00893885434901,29.86950624735921,24.491178245910547,87.33289551518078,1.8984444980986301,6.207747027222792,18.29683889660168,24.721346404535378,31.962162315976222,5.008938854349012,0.0,9.962162315976222,79.01890247872086
2017-05-02,27.356754391259738,31.1376109132613,23.98398503048229,80.83016840707431,1.2775855616587193,6.660023824470334,20.17359811673809,23.77043766071348,32.17535523371904,5.356754391259738,0.0,10.175355233719038,78.75836990755403
2017-05-03,27.953005975734897,32.1347123800326,23.495339530391742,79.92030542645018,1.5067417154584417,6.440872765135511,4.423969940242651,24.162045296644724,32.842870804897565,5.9530059757348965,0.0,10.842870804897565,79.5940085508603
2017-05-04,28.138997404478786,32.4446918573067,24.176796040321122,81.22476730850485,1.7098539264803527,6.409102390293958,4.885704714190862,24.613510114295476,33.15928501809011,6.138997404478786,0.0,11.15928501809011,80.07066659589245
2017-05-05,28.250073036759822,33.06474376773103,24.236931852477824,82.3621011649665,2.4497965835697477,5.57632812217058,1.540578257982737,24.954785475146164,32.96275784162562,6.250073036759822,0.0,10.962757841625617,80.40726959536573
2017-05-06,27.961834369529793,31.92719925152411,24.625733687450957,84.82898472867748,2.5430910846864254,5.484430747872277,4.067967646526227,25.168463646399307,32.74249028690965,5.961834369529793,0.0,10.74249028690965,80.2738339018808
2017-05-07,27.690779863584233,31.068722762117467,24.71102553268546,85.44135389629987,2.3371455302710213,5.910174805335909,4.677563831713647,25.02363929919675,32.52465092995051,5.690779863584233,0.0,10.52465092995051,79.90844614969055
2017-05-08,28.3579072855677,32.250594555441545,25.04749019134424,82.76222671576025,1.8629172451258529,5.943515693849219,6.031413653648821,25.141406791497648,33.59807930300997,6.357907285567698,0.0,11.598079303009968,80.63820070091131
2017-05-09,27.583698919538843,30.850140641033384,24.965658839862378,84.23918452345025,1.4546194241564558,3.6538088549526173,6.833543791875415,24.68121656671318,32.823535347065175,5.583698919538843,0.0,10.823535347065175,79.57279959547752
2017-05-10,27.67788917728014,30.858781312247242,24.632991489104846,80.13362407195028,1.1423637351361138,5.734942150057343,7.170919901008029,23.938937839224977,32.69030217460924,5.677889177280139,0.0,10.690302174609243,79.18236513983595
2017-05-11,28.595925635299086,32.64309349912477,24.592780829359572,79.97540049495989,1.6348825979356554,6.025807454578379,3.519549707249351,24.79863441007642,33.78271632215334,6.595925635299086,0.0,11.782716322153341,80.62998888903638
2017-05-12,29.28868714915193,33.34544878372669,25.192415041950866,76.47530271020705,1.171466167682743,6.4080606989799005,2.615075149393373,24.72061086554347,34.75252323634167,7.288687149151929,0.0,12.752523236341673,81.21711828621117
2017-05-13,29.178273676585988,33.05271684674353,25.35649121748053,79.81561417275307,1.5185404720226956,5.41126515361864,5.184071346652986,25.331153060104945,34.78000845876003,7.178273676585988,0.0,12.78000845876003,81.53798884036618
2017-05-14,29.089246695237524,33.08312307599445,25.52552182048651,82.76677913925273,1.9214649604635725,5.085582145228467,15.370670610249292,25.856425055132146,34.74641420203792,7.089246695237524,0.0,12.746414202037919,81.82921372565724
2017-05-15,28.95119393975977,32.40481801171003,26.06366873905958,85.81481378644295,2.4245005130681476,4.905686756805698,19.750591537393618,26.33319289256981,34.57053937380262,6.951193939759769,0.0,12.570539373802617,82.04803513491683
2017-05-16,28.198197621778238,30.782062533953038,25.976762238184346,87.26965714975555,2.2799945675137323,5.414744371340618,42.90723245005131,25.878267987782397,33.61771975263984,6.198197621778238,0.0,11.617719752639843,81.00019785479418
2017-05-17,28.747189593770752,31.927653165932277,25.749243677189597,84.85510170821514,1.4918838655157844,5.2467966801472805,20.937333252852053,25.94289603534278,34.76116974671469,6.747189593770752,0.0,12.761169746714693,81.57207399708123
2017-05-18,29.171278445101713,32.5823812398141,25.913807569264208,85.0365250196173,1.7340236614957447,5.958795599686124,9.09707370073037,26.39448459282373,35.3151781876228,7.171278445101713,0.0,13.315178187622799,82.29800464676762
2017-05-19,29.317021186696444,32.31861471600169,26.808346109736224,86.34847166052998,2.0536349369227986,6.003132425906926,20.15110339832196,26.79740387285655,35.510050356064234,7.317021186696444,0.0,13.510050356064234,82.73423676134698
2017-05-20,29.379809862980625,33.00038631013461,26.3423395907527,85.20282972173598,2.2292913623468342,6.005858809681899,10.737200458743285,26.631966576817323,35.33729083756209,7.3798098629806255,0.0,13.337290837562087,82.6670697805797
2017-05-21,29.302169372849644,32.634868111305614,26.377804068328604,86.01783424880787,2.1470749079495386,6.426718494597695,8.64477756986781,26.71760058885107,35.37531225395735,7.302169372849644,0.0,13.375312253957347,82.66025884889413
2017-05-22,29.38625580974226,32.805056437496226,26.441046055411363,84.96384680388726,2.1553039174262087,5.924049785718598,5.258360596366271,26.59057763949374,35.367500187054404,7.386255809742259,0.0,13.367500187054404,82.64190407562188
2017-05-23,29.430890324138353,32.43884589847286,26.536696444739547,85.94068147522185,1.8829697591597756,5.901930005432487,6.213350033198528,26.828624366805716,35.764875849112734,7.430890324138353,0.0,13.764875849112734,82.86236183566837
2017-05-24,29.747612724090065,33.01041528339471,27.24832437979115,85.02808716122414,1.8739910665781374,5.591679181505404,7.653565521820486,26.95742217896982,36.17674276742602,7.7476127240900645,0.0,14.17674276742602,83.24787170347847
2017-05-25,29.926008329812284,33.320366994627875,26.900623528701633,83.37991911631556,1.987912718053963,6.042092913623469,4.639064405142753,26.798869137097732,36.166702773303406,7.926008329812284,0.0,14.166702773303406,83.28637985123973
2017-05-26,29.951183074787235,33.29084143176194,26.673190680268,80.18364881994329,1.475552604575361,5.745344154041167,5.59110038027404,26.160196687830375,36.120839197796315,7.9511830747872345,0.0,14.120839197796315,82.83045248386364
2017-05-27,29.686664453431522,32.69318162612423,26.5105879157361,80.71078288163217,1.2050437616949359,5.834369131405808,9.078941268787348,26.013717816135802,35.94882859484086,7.686664453431522,0.0,13.948828594840862,82.48731811959797
2017-05-28,29.95270598177099,32.81777509506851,26.61978752942597,78.32704653829903,1.1690245669101227,6.428133446007123,4.727074907949539,25.765711415246752,36.07850282725403,7.95270598177099,0.0,14.078502827254027,82.54414003772337
2017-05-29,29.22682863523873,32.248776483370555,26.547389388543493,81.08452948632825,1.3366300476851574,4.648977328423976,8.918921349671033,25.644051619502147,35.15592817908296,7.2268286352387285,0.0,13.155928179082963,81.80372714481848
2017-05-30,27.486869680690535,29.71312669765196,25.667843302951656,90.40514577171487,4.794236132069778,2.3215538962998736,38.5427753968733,25.7735032950336,31.0775635964552,5.4868696806905355,0.0,9.0775635964552,80.22069935633506
2017-05-31,28.34895635902698,31.295374539747694,25.53391078650329,87.811545844148,2.7572505583388667,4.46722956479749,25.03408040079676,26.131176964758797,33.60056854037012,6.348956359026982,0.0,11.60056854037012,81.32795929520876
2017-06-01,28.75696263656667,31.032512223094102,26.906702480835403,90.83481982253879,3.470399589545482,2.796712120480474,52.31488259793568,27.108328374650718,34.171974897132095,6.756962636566669,0.0,12.171974897132095,82.44669125216788
2017-06-02,28.802112633548624,31.53976881752883,27.01686062654675,89.31135389629988,3.771034586829239,3.790296511136597,55.36473712802561,26.86481908173956,33.83858592411228,6.802112633548624,0.0,11.83858592411228,82.30441188953122
2017-06-03,29.37585742741595,32.86376531659323,26.693948813907163,87.6765292448844,3.656404901309833,5.134979954125671,48.88640610852901,27.115102457638113,34.66605478601198,7.375857427415951,0.0,12.666054786011983,83.0309979589533
2017-06-04,29.297843906561237,32.14228466228044,27.177261423311403,90.15150600591538,3.1320160560149697,4.013172559908252,25.128120359751314,27.513496787635372,35.23479495219706,7.297843906561237,0.0,13.234794952197063,83.26890576942444
2017-06-05,28.690409850908438,31.02423492485061,26.966661435383596,90.75108287559607,2.8810351904388245,3.732165642542404,12.974940544455846,27.026867021895942,34.46142114378476,6.690409850908438,0.0,12.461421143784762,82.32102956778701
2017-06-06,29.151829540653104,32.1187131043641,26.53389086738698,87.21788193396512,1.5773441178245915,6.113529812277419,10.93839560572222,26.805539191851803,35.68364832616534,7.151829540653104,0.0,13.68364832616534,82.5876969043891
2017-06-07,29.60299933602946,32.78059938431822,26.781199975855618,84.05626727832438,1.479191766765256,6.532208402245429,1.4691923703748417,26.620362822637844,36.07792276480684,7.602999336029459,0.0,14.077922764806843,82.86147322503837
2017-06-08,29.481751071407018,32.43861230156335,27.002316049978873,84.92328906863041,1.5983044606748356,5.80604266312549,6.719700609645682,26.67600985887101,35.91093043488298,7.481751071407018,0.0,13.910930434882978,82.79331991610786
2017-06-09,28.999668014728076,32.13744492062534,26.677804068328605,86.07617854771534,1.630202812820668,5.800141552483853,6.156802076416974,26.43230891231328,35.24142082351023,6.999668014728076,0.0,13.241420823510232,82.16657071951349
2017-06-10,28.873243194301928,31.505294863282433,26.453022876803285,86.82403633729704,1.744921832558701,6.451139506247359,5.9636083781010445,26.454931547561646,35.049749930312466,6.873243194301928,0.0,13.049749930312466,82.06484848564762
2017-06-11,28.244110581276036,30.064674352628725,26.487546327035677,90.49650027162433,3.4973863704955646,4.478023504557252,37.922086678336456,26.538315418220996,33.24936726286985,6.244110581276036,0.0,11.249367262869853,81.52372403480928
2017-06-12,27.733083237761818,29.579750105631682,26.42601738395606,91.00280618096215,5.3083165328665425,1.9597956117583148,79.54629987324198,26.12806991751179,31.196256341950416,5.733083237761818,0.0,9.196256341950416,80.71994648701619
2017-06-13,28.858014728073886,31.678105269511683,26.549543671153504,89.53277962214038,3.521295949779683,3.655851475825436,29.52402366149575,26.962085464807302,34.13627698956666,6.858014728073886,0.0,12.13627698956666,82.4310742466821
2017-06-14,28.70377437073701,31.400218506669884,26.80077382748838,88.41289008269452,2.7140061568177707,4.246606440514276,14.189439246695237,26.596065690979483,34.296912420473596,6.703774370737008,0.0,12.296912420473596,82.00939980866595
2017-06-15,27.98892074606145,30.463107985754814,26.186669282308205,89.37935896662039,3.603496106718175,4.979206591416672,20.746757409307662,26.076031273393347,32.611403886402094,5.988920746061449,0.0,10.611403886402094,80.93682685016097
2017-06-16,27.540946459829787,29.786438703446613,25.62516991609827,91.62806905293657,3.486475523631315,3.102575843544396,59.5050371219895,26.053966527369155,32.23035189167702,5.540946459829787,0.0,10.230351891677017,80.47355266428609
2017-06-17,28.639969215911147,31.42474557855979,26.260657934448002,87.79225146375326,3.056117583147221,4.682634345385406,35.87922737973079,26.413725078789273,33.87073587522779,6.639969215911147,0.0,11.870735875227787,81.81356495512269
2017-06-18,28.964780587915733,31.82710086316171,26.612827307297643,89.69190137019378,3.5583394700307847,3.967348946701274,31.871425122230946,27.097630856720816,34.3110326424494,6.964780587915733,0.0,12.311032642449398,82.6352531100311
2017-06-19,28.165672119273253,29.956517776302285,26.896930041649064,92.68781432969156,3.7708474678577897,1.9982499969819525,48.426843725478356,26.86737146740133,33.20333719763828,6.165672119273253,0.0,11.203337197638277,81.69163831056471
2017-06-20,27.527393613810595,29.30097181143237,26.163640369409073,92.31360173839562,2.6098321965352813,3.353297899438643,32.152892497132854,26.166680962366208,32.90482245448501,5.527393613810595,0.0,10.904822454485007,80.54028475033317
2017-06-21,27.640066397054387,29.88638679302227,25.726198466831654,90.2487052574395,2.0321699764592265,3.8411025532685468,21.192309410273438,25.895503431785553,33.24373818818117,5.640066397054387,0.0,11.243738188181169,80.46104161621042
2017-06-22,28.251817468461404,30.87296674111185,26.05814269330597,89.51784088851332,2.2434109977666443,4.156931466167683,21.12710327760005,26.36147212129029,34.016084258241534,6.251817468461404,0.0,12.016084258241534,81.40130189635369
2017-06-23,28.23890022333555,30.75166777328424,26.41292871370798,89.14791271805397,2.0046381360536007,5.557646170097181,12.27220076054808,26.27855898818624,34.11497575773616,6.238900223335548,0.0,12.114975757736161,81.32821087090619
2017-06-24,28.65331683467134,31.764977968250136,26.070353111607417,88.05415223033744,2.226010744250619,6.021058519949297,6.287624796281766,26.477385792217984,34.507923491444295,6.65331683467134,0.0,12.507923491444295,81.87329077121089
2017-06-25,28.607043520251107,31.730249894368328,26.068420957324804,88.22080762962517,2.8845964869922143,5.816247673085048,5.752436771895939,26.46392556009456,33.991540257249184,6.607043520251107,0.0,11.991540257249184,81.81920335005874
2017-06-26,28.611610430373638,31.65218687752762,26.25511438401642,88.72971569988532,2.870274642361321,5.8939481016478545,9.244275366692824,26.566043635369557,34.074959803849225,6.611610430373638,0.0,12.074959803849225,81.8992098755447
2017-06-27,28.008206072312436,30.193662099354142,26.23349127784149,90.33142632945012,2.6109295587613928,6.027632281040624,3.827715941329149,26.274431568395357,33.456888164385575,6.008206072312436,0.0,11.456888164385575,81.09905150082062
2017-06-28,28.550395967887972,31.290249290758737,26.243214824651417,89.15723124283214,2.8510182893704354,5.086960300597574,6.207773284239754,26.58734273211321,34.04155964332612,6.550395967887972,0.0,12.041559643326117,81.85641802917665
2017-06-29,28.533460493752646,31.161167380938014,26.610883080823324,89.9375535703507,2.6700935594857254,5.636286430856523,6.845761453491881,26.71868711717159,34.24040358641974,6.533460493752646,0.0,12.240403586419738,81.93805699791525
2017-06-30,28.46152049254542,30.73546387396632,26.607487776905902,90.87272227922979,3.028874871732963,4.522216641516268,14.905117402064345,26.823552811681527,33.98885008906202,6.4615204925454215,0.0,11.98885008906202,81.94730285946412
2017-07-01,28.414655640731578,30.5500657934448,27.028743284843365,91.91510714070141,3.1746942717450364,3.776467779320336,31.172059515905122,26.97133922874919,33.94143824765362,6.414655640731578,0.0,11.941438247653622,82.01331026016405
2017-07-02,28.680511860928355,31.418256171908016,26.628084143176196,89.75654010985697,3.2917571075028675,3.8779593046417578,31.391923703748418,26.82950293346434,34.02813583456915,6.680511860928355,0.0,12.028135834569149,82.16210284508972
2017-07-03,28.324585622019686,30.301073217842706,26.801972596124827,92.02181022514638,3.542727108106477,2.182574183618036,74.31340797971872,26.90196997215902,33.54587204462152,6.324585622019686,0.0,11.545872044621518,81.87332425334873
2017-07-04,28.10998853141788,29.838702239391562,26.75262630530573,92.66946399468826,3.3932027524597093,2.5438240055532084,56.26335908734231,26.808851758444483,33.37184597926097,6.10998853141788,0.0,11.371845979260968,81.59296371093248
2017-07-05,28.45954004949599,30.867929015512765,26.63052393312006,90.71855495865276,3.597172692702361,2.7090290517293414,14.465644956841917,26.79271639703372,33.56796134533191,6.459540049495988,0.0,11.56796134533191,81.92224360633261
2017-07-06,28.660453914408166,31.480563771352685,26.443179211685884,88.45127240900587,3.071374419025775,4.7365195810949485,9.345325043761695,26.560782953215618,33.97953121418737,6.660453914408166,0.0,11.979531214187368,81.94191607012044
2017-07-07,28.4619285326251,31.07640852296735,26.62598358181928,89.33086557614536,2.5880231786080765,4.597508619544879,11.543313213013823,26.533169792691368,34.10049979301447,6.461928532625102,0.0,12.100499793014471,81.73118530099305
2017-07-08,28.237261423311402,30.66397175107141,26.35541075632282,90.47128085954007,3.2624023661495754,4.502218241081669,7.221106416369893,26.526821288061992,33.39924640221117,6.237261423311402,0.0,11.399246402211169,81.50855678420197
2017-07-09,28.26460433391683,30.764795074545788,26.313869137441902,90.27530814269332,3.423316834671335,4.581001653890264,11.656145349188145,26.517012131344917,33.30736525307028,6.264604333916829,0.0,11.30736525307028,81.52799775234209
2017-07-10,28.096352990885496,30.610356129655344,26.27132069777268,91.29819822538784,3.2311227138286958,2.8357997464839735,20.211864550009057,26.542044505981014,33.29035325972558,6.096352990885496,0.0,11.290353259725578,81.38160589597587
2017-07-11,27.64822538781916,29.498912295527255,26.344830083901737,92.33206313756263,2.818165026860627,2.8121971509627577,40.33459527977304,26.289688579681936,32.96162397684167,5.64822538781916,0.0,10.961623976841672,80.75094013994311
2017-07-12,27.6039433814209,29.908917728013524,25.772954668920146,90.43385404720226,2.7340665177763026,3.612656413351844,38.11935111969578,25.894462508977664,32.715571181885586,5.603943381420901,0.0,10.715571181885586,80.42398959116612
2017-07-13,27.71203416430253,30.20156757409308,25.661211444437743,90.47497857185974,2.410336210539023,4.794938612905172,15.680613870948273,26.008879185089256,33.12527897423797,5.71203416430253,0.0,11.125278974237972,80.61368738907339
2017-07-14,27.80403814812579,30.529072855676947,25.581364157662826,90.44640550491943,2.3876296251584477,5.637027796221405,10.517859600410455,26.094385348814097,33.28953377561587,5.804038148125791,0.0,11.289533775615872,80.76670121598858
2017-07-15,28.552640791935776,31.533635540532387,25.70307659805638,87.20466107321785,1.8894736524416011,6.231432190499186,3.9397132854469734,26.214054617122283,34.46678598536321,6.552640791935776,0.0,12.46678598536321,81.58387506906618
2017-07-16,28.342919659564195,30.767483551638804,26.23942898533229,89.04200820909037,1.6404291664151631,6.497593903543188,5.534228285145169,26.360928422603738,34.52900619705592,6.3429196595641955,0.0,12.52900619705592,81.48939139550738
2017-07-17,29.050859540049505,31.730998370254124,26.242144021247057,86.6998605661858,1.4022587070682686,6.212671129353535,4.651744431701576,26.60509375643773,35.5687030053968,7.050859540049505,0.0,13.568703005396799,82.34296242501026
2017-07-18,29.00970242047444,31.844270537816136,26.856046357216155,88.682302770568,1.9527331442023304,5.830105323836543,5.967118367839681,26.94905943215509,35.37714377921038,7.00970242047444,0.0,13.377143779210378,82.5639824707837
2017-07-19,27.741916460433394,29.429448904448602,26.36410031991308,93.02198708275489,3.877271684674353,2.568449628780105,43.19070682682442,26.508721349684553,32.46076654193244,5.741916460433394,0.0,10.460766541932443,81.00444897476302
2017-07-20,27.58994326069898,29.51591839198407,26.125467495623834,92.80070380877649,3.4163240176254,1.9675935957023,110.26961489708458,26.317760606100283,32.503281819387105,5.5899432606989805,0.0,10.503281819387105,80.71231478646612
2017-07-21,28.25607412325708,30.931515060059155,26.05599565401099,91.06624434116013,3.0753491881451085,2.791119828574878,85.26864429287137,26.656713807439786,33.63690136466634,6.256074123257079,0.0,11.636901364666343,81.62306561578322
2017-07-22,28.213187058610497,30.463681414860872,26.578440272831536,90.81013883020464,2.3960904207158817,4.7713330838413714,12.154020039838233,26.56650718196663,34.00835375873275,6.213187058610497,0.0,12.008353758732753,81.51432399168846
2017-07-23,27.60098931611034,29.520506428442083,25.99292086678337,92.69139554536129,3.9427645319007665,3.2255230277056803,40.30984487233658,26.308729727414608,32.139808301172316,5.60098931611034,0.0,10.139808301172316,80.716972675785
2017-07-24,27.160787710508842,28.838859781493337,25.92262630530573,93.3249302830929,5.003407979718719,1.689099136838293,139.30480895756628,25.987821457695336,30.74449646596525,5.160787710508842,0.0,8.744496465965248,80.03762640281295
2017-07-25,27.207872879821334,29.132466952375204,25.734106959618522,91.94736282972173,4.21526649363192,2.2126127663427297,74.50363976579949,25.78324566088038,31.209881309054595,5.207872879821334,0.0,9.209881309054595,79.94279965143592
2017-07-26,27.471166777328428,29.93820486509326,25.40125550793747,89.84833826281164,2.4698152954668924,3.085027518560995,47.941817468461394,25.65377445533949,32.6115289428394,5.471166777328428,0.0,10.6115289428394,80.12115956285305
2017-07-27,27.941429951107622,30.67270477455183,25.489154946580555,88.86806241323113,1.827460010864973,4.846081825315386,12.085392648035253,25.932227842033043,33.712700348286745,5.941429951107622,0.0,11.712700348286745,80.78715038148039
2017-07-28,28.568618337659206,31.222394519224967,26.047959195992032,88.80367598237461,1.5941812035975136,5.501825912959498,10.281882054687028,26.53783880560742,34.90614251113513,6.568618337659206,0.0,12.90614251113513,81.83714858988156
2017-07-29,28.102426510532993,29.92288283937949,26.517563831713648,91.1292316049979,1.551318886943925,3.5160839620933184,6.26685941932758,26.516605707034014,34.455139602321914,6.102426510532993,0.0,12.455139602321914,81.36885719871464
2017-07-30,28.303764109374058,31.145738516327636,26.109826764049014,87.58092352266554,1.6655918391984068,4.296865057041106,15.06268726987385,26.042237038319104,34.26086093810817,6.3037641093740575,0.0,12.260860938108173,81.22005629890197
2017-07-31,28.868247117764234,31.977113538963003,25.932635359449513,87.31156214160681,1.9175408945494055,5.875013798515121,8.460880666384982,26.545042998824457,34.98460039709415,6.868247117764234,0.0,12.984600397094148,82.12705026723934
2017-08-01,28.638759582302164,30.98945554415404,26.645094464900104,89.59117160620511,2.3689539445886405,4.379330838413715,8.509317317559004,26.75695977434757,34.58270507738501,6.638759582302164,0.0,12.582705077385008,82.06767919781703
2017-08-02,28.577358000845056,31.20418241081669,26.681083479205654,90.59222731936984,2.2962304581396755,3.8185178547715344,17.470951288706463,26.88537517915031,34.66006302857763,6.577358000845056,0.0,12.660063028577632,82.10547078868245
2017-08-03,28.89557131647251,31.636529244884418,26.726733868533838,89.86131285084808,1.9641552483853446,5.071510575239935,40.80965232087887,27.061520442584165,35.33262251704546,6.895571316472509,0.0,13.332622517045458,82.54236774339117
2017-08-04,29.300072433150245,31.718047322991488,26.81472747027223,87.2712090299994,1.1308504859057165,4.84919468823565,18.220051910424342,26.961645197338463,36.25182509992488,7.300072433150245,0.0,14.25182509992488,82.84353130527606
2017-08-05,28.868457777509505,31.249429588941872,27.084354439548505,90.07287921772198,2.2792672179634215,4.928200748475886,14.331919478481321,27.074841911860595,35.09413796598341,6.868457777509505,0.0,13.094137965983407,82.52692272061084
2017-08-06,28.510275849580495,31.240860143659084,26.615468702843003,89.74981710629567,2.557466046960826,3.9735421017685764,19.583046417577112,26.660304333114254,34.25633156408234,6.510275849580495,0.0,12.256331564082338,81.8721674478567
2017-08-07,28.466740508239276,31.435824228888762,26.1742476006519,89.12047564435323,2.8703869137441904,4.298942729522545,25.77420534798093,26.497894256926294,33.88388798802334,6.466740508239276,0.0,11.88388798802334,81.70973845519117
2017-08-08,28.59885193456872,31.75774068932215,26.14575903905354,89.46251343031327,2.9629534617009723,5.0605043640973015,23.07672058912296,26.69317849360699,34.083502160453044,6.598851934568721,0.0,12.083502160453044,81.98173136656882
2017-08-09,28.34003138769844,30.75399649906441,26.603949417516752,90.80193456872097,3.2662739180298184,4.412873417033863,28.879655942536367,26.69028084319158,33.61010857973644,6.340031387698438,0.0,11.61010857973644,81.72984328967584
2017-08-10,28.1464393070562,30.263570954306758,26.503214824651415,91.90877950141848,3.9843043399529185,3.1670696203295705,47.208224784209584,26.70479521835067,32.92356109634597,6.146439307056198,0.0,10.92356109634597,81.55133603766356
2017-08-11,27.899809862980632,29.389680690529367,26.497801653890267,93.3286599867206,3.812496529244885,1.3926156334882598,112.50186394639948,26.72111370162403,32.80804161268099,5.899809862980632,0.0,10.808041612680988,81.31903953625948
2017-08-12,27.876543127904874,29.11090179272047,26.870189533409793,94.50022514637533,3.4544498098629806,1.1476998490976038,129.2498358181928,26.910225005744703,33.16481235750871,5.876543127904874,0.0,11.164812357508708,81.43659810014238
2017-08-13,27.42840767791393,29.059381903784637,26.117342910605423,92.28704472747027,2.607082151264562,3.031948101647854,70.66046296855197,26.063820741396384,32.73975801783245,5.428407677913931,0.0,10.73975801783245,80.36625856332475
2017-08-14,28.00055713164726,30.56511800567393,25.82480231786081,90.27373211806604,2.1681088911691924,3.4109242228526595,29.950292750648885,26.256057305796357,33.746981456353325,6.000557131647259,0.0,11.746981456353325,81.07817621690558
2017-08-15,28.367365847769666,31.112911209029996,26.23194784813183,90.40622925092052,2.321190921711837,3.764391670187723,39.64735437918755,26.643070596366943,34.266964491036596,6.3673658477696655,0.0,12.266964491036596,81.72126146686514
2017-08-16,27.976392829118126,30.178868232027526,26.33578921953281,92.16895635902698,2.476116979537635,3.1347410514878975,34.12877708698014,26.584542963157855,33.72748080435764,5.976392829118126,0.0,11.72748080435764,81.29433384509446
2017-08-17,28.332486267881936,31.4067477515543,25.851093740568608,89.23495865274342,2.3707744310979657,5.316419182712622,14.507770869801414,26.38734429879454,34.0249938881867,6.3324862678819365,0.0,12.0249938881867,81.49863737474915
2017-08-18,28.063617432244833,30.714524053841973,25.937231846441723,90.14583690469004,2.426791815054023,4.688468877889782,8.073727289189353,26.294284127732162,33.65447486396542,6.063617432244833,0.0,11.654474863965419,81.1680762315481
2017-08-19,28.19621114263295,31.393305366089216,25.638555562262326,88.74436590813063,2.3058845898472873,5.701160270417096,5.226419387939881,26.159664831492275,33.78245687995172,6.196211142632951,0.0,11.782456879951717,81.20032901198283
2017-08-20,28.04932335365486,30.892290698376293,25.7705963662703,87.94765980563773,1.7261471600169014,5.878280811251283,3.9581107019979473,25.862574411486897,33.84615628687607,6.049323353654859,0.0,11.846156286876067,80.84371915176771
2017-08-21,28.81421319490553,32.0364598297821,25.88920746061448,83.84860747268667,1.1306615561055111,5.621547256594436,5.992175408945495,25.8069444832105,34.9924702087645,6.8142131949055305,0.0,12.992470208764502,81.53748759799697
2017-08-22,28.639762781432974,31.493622261121505,26.10083539566609,84.89905535099899,1.0538347316955394,4.047749640852297,27.88827428019557,25.84641856735936,34.897295285576796,6.6397627814329745,0.0,12.897295285576796,81.40123431080612
2017-08-23,28.470324138347323,31.23937767851754,25.97681958109495,86.40449990945856,1.310705015995654,5.163047286774915,30.597066457415348,25.977236188659514,34.6333346932899,6.470324138347323,0.0,12.633334693289903,81.3336525180567
2017-08-24,28.21099474859661,30.554013400132796,26.389773646405505,88.93467857789582,1.617113538962999,5.28205100500996,25.983829299209273,26.210497334833118,34.31307498118155,6.210994748596612,0.0,12.31307498118155,81.25155958695176
2017-08-25,28.210816683768943,30.84773525683588,26.220855314782405,88.91645982978211,1.7337876501478844,5.4511910726142325,13.25392104786624,26.206852679192842,34.228807122074166,6.210816683768943,0.0,12.228807122074166,81.24874261580342
2017-08-26,27.893485845355233,29.840469608257386,26.27230095973924,92.16925092050464,1.9245584595883385,4.321885133095915,24.421798152954672,26.5025392137252,33.97523217661327,5.893485845355233,0.0,11.975232176613268,81.15163350301242
2017-08-27,28.114847588579714,30.735417396028254,25.836048168044915,89.18000965775337,2.358807871068993,5.216692171183679,23.88281583871552,26.162385145371996,33.66576241116261,6.114847588579714,0.0,11.66576241116261,81.12278047490531
2017-08-28,27.831580853503958,30.30018229009477,26.10187058610491,90.7039186334279,2.4596595641938794,5.278815651596547,12.782525502504981,26.169701543699052,33.31644702321044,5.831580853503958,0.0,11.316447023210443,80.84823485134848
2017-08-29,28.034125671515667,31.003339168225995,25.686223214824658,90.15929981288104,2.2399486931852484,4.911211975614174,9.406141727530633,26.267705724880095,33.73804554984447,6.0341256715156675,0.0,11.738045549844472,81.11973277825933
2017-08-30,28.1835649182109,30.62618880907829,26.05990764773345,89.1180726745941,1.4100482887668255,4.478372101164967,11.920012675801292,26.218350780806908,34.43577339913298,6.183564918210902,0.0,12.435773399132977,81.23049933552977
2017-08-31,27.97405565280377,30.158469849701216,26.273342186273922,90.33548318947307,1.8243296915555025,3.344871895937708,23.061844630892736,26.241477135809376,33.9514058869158,5.97405565280377,0.0,11.9514058869158,81.04143328461129
2017-09-01,27.70471177642301,29.51516388000242,26.10940846260639,93.33467073097123,2.4449351119695786,3.915328417939277,41.61280980261967,26.52880144719454,33.439692364282756,5.704711776423011,0.0,11.439692364282756,80.98167834936757
2017-09-02,27.841544636928838,30.256591416671696,26.09536488199433,90.81340737610914,2.535765075149394,3.6739388845294867,38.866136898653956,26.199968330599273,33.29319981909058,5.8415446369288375,0.0,11.293199819090582,80.87996039831881
2017-09-03,27.807276513551034,30.23364580189534,25.988797609706044,90.80089213496711,2.2905957626607116,4.169049019134424,26.412949840043463,26.16378112842422,33.40654327104939,5.8072765135510345,0.0,11.406543271049387,80.81974789614708
2017-09-04,28.03244824047806,30.616438099837023,25.92772258103459,89.90289551518079,1.8753558278505464,4.85418566427235,10.337728617130441,26.217813233189794,33.95842677859069,6.032448240478061,0.0,11.958426778590692,81.08192429018055
2017-09-05,28.250702601557318,30.862348041286896,26.012589485121026,89.90161103398324,1.7807696022212836,4.542115567091206,12.920672421078047,26.432912622916742,34.38667155920479,6.250702601557318,0.0,12.386671559204792,81.4525668595717
2017-09-06,28.337183557674898,31.010792539385527,25.81205529063802,88.84426148367237,1.3074660469608261,4.4386298967827615,11.022584052634757,26.317592592113918,34.727396123186686,6.337183557674898,0.0,12.727396123186686,81.45213464957999
2017-09-07,27.99254240357337,30.554169131405814,25.986470694754633,88.61557010925334,1.7633784028490374,4.089309180901793,12.024061085290034,25.93449565110271,33.81020554166404,5.9925424035733705,0.0,11.81020554166404,80.83914286612725
2017-09-08,28.001419086135094,30.870327760004834,25.604386430856522,89.44387517353776,2.1595750588519347,3.772379169433211,21.261487294018227,26.10056187543151,33.650831425825814,6.001419086135094,0.0,11.650831425825814,80.96677157814048
2017-09-09,27.35122472384862,29.541751675016602,25.677667652562327,90.59081608015936,2.8252489889539443,3.2089317377919966,22.761018892980022,25.674168956438205,32.255813956243166,5.35122472384862,0.0,10.255813956243166,80.01359994878874
2017-09-10,27.358454759461583,29.344792660107448,25.739876863644596,92.85503048228406,2.538853745397477,2.552741021307419,42.38342669161586,26.098343310620105,32.740241268870825,5.3584547594615834,0.0,10.740241268870825,80.31934092450031
2017-09-11,27.32750467797429,29.623951831955093,25.314282006398265,91.60555381179455,1.972539989135028,2.3302170036820185,35.78519888935837,25.838712592855064,32.9355863711835,5.327504677974289,0.0,10.935586371183497,80.10431599668343
2017-09-12,27.455122230941033,29.817780527554778,25.54299329993361,90.09647854167925,1.653575783183437,3.8823822116255213,32.53789762781433,25.684456097828196,33.18662717121147,5.455122230941033,0.0,11.18662717121147,80.12630318414261
2017-09-13,27.723929498400434,30.251827729824353,25.53351240417698,89.5233476187602,1.6745397476911936,4.559644486026439,14.805582785054629,25.841944679549165,33.54312009767048,5.723929498400434,0.0,11.543120097670482,80.5071713200519
2017-09-14,28.004796281764957,30.68500694151023,25.619491760729165,88.13211202993904,1.4044461882054688,4.2917275547775695,21.583316231061758,25.85414123600481,34.02128059066074,6.004796281764957,0.0,12.021280590660737,80.79403132590204
2017-09-15,28.90373272167562,32.077114746182176,25.79068932214644,83.31213557071287,0.9474956238305067,5.438677575903906,3.511829540653105,25.786103505597776,35.19676266954337,6.90373272167562,0.0,13.196762669543368,81.60635564523673
2017-09-16,29.70336512343816,32.72556648759583,26.595376954186037,82.42418422164546,0.9257741292931734,6.041151119695781,11.969367417154588,26.385679836573246,36.40770422436059,7.703365123438161,0.0,14.407704224360593,82.77636596020423
2017-09-17,28.8086883563711,31.65065974527676,26.731894730488317,89.62141546447758,1.6939035431882659,2.6253373513611398,14.997128025593048,26.930288440968617,35.344161073828445,6.8086883563711,0.0,13.344161073828445,82.36022113994203
2017-09-18,27.563966922194723,29.439133820245065,25.923227500452708,90.51260698979898,1.9197277720770207,5.075023420051911,20.397686968069053,25.86969098368947,33.22943441877847,5.563966922194723,0.0,11.229434418778467,80.36622318230903
2017-09-19,27.629623951228346,29.55971751071407,26.214773948210297,92.03648155972719,2.3676278143296914,3.4728332105993847,45.003286654192074,26.216964079223644,33.210027568692865,5.629623951228346,0.0,11.210027568692865,80.6797795692762
2017-09-20,27.82839802016056,30.3640954910364,26.10099233415827,92.23554958652743,2.531802981831351,3.0920400736403697,32.18720226957204,26.45031491587039,33.44987984891731,5.828398020160559,0.0,11.449879848917313,81.04847513068991
2017-09-21,28.098634635118014,30.728721554898296,25.944956841914657,90.6249387336271,1.8533476187601858,4.197224723848616,10.985110158749322,26.418713115060864,34.17411262940987,6.098634635118014,0.0,12.17411262940987,81.29328695351353
2017-09-22,28.050799782700555,30.45345264682803,26.097461218084145,89.7414637532444,1.4522134363493693,5.159329727772078,7.759799601617675,26.2054842886973,34.26481746921521,6.050799782700555,0.0,12.26481746921521,81.09106736518063
2017-09-23,28.63523148427597,31.837779320335613,26.068099837025414,87.99980503410396,1.3329770024747993,5.147035202511016,2.910929558761393,26.449115369026956,35.09594040477564,6.63523148427597,0.0,13.09594040477564,81.83516113973701
2017-09-24,29.081383473169552,32.479346290819095,26.248958773465326,85.3954324862679,1.1888851330959136,5.072941516267278,3.306813544999095,26.377802387354894,35.59561629360228,7.081383473169552,0.0,13.595616293602284,82.20233769041624
2017-09-25,29.07899861169795,32.387417758194,25.97012313635541,85.05201062352872,1.070088730609042,3.897181608015936,6.663972354680993,26.307162529642067,35.629198011866,7.078998611697951,0.0,13.629198011866002,82.14798234800733
2017-09-26,29.109991549465807,32.03011046055411,26.498373272167566,85.60823021669584,0.9937731635178366,3.6267434900706226,10.481996136898655,26.448056787092682,35.80793470886495,7.109991549465807,0.0,13.807934708864948,82.28095667009583
2017-09-27,28.495000301804797,31.313300537212534,26.598099837025416,85.60158206072313,0.9601086497253577,3.431191114866905,13.847962817649549,25.843709009738806,34.81622914992333,6.495000301804797,0.0,12.81622914992333,81.26154349125244
2017-09-28,27.96525261061146,31.010835999275674,25.91773223878796,88.00703265527856,1.3776537695418605,4.071790046477938,21.546812941389515,25.79124565002772,33.95955394645797,5.965252610611461,0.0,11.959553946457973,80.71057838328102
2017-09-29,27.119336633065735,29.17475825436108,25.738079314299515,92.35416068087162,2.355100500995956,1.9941117100259553,53.81408160801595,25.770127445777604,32.41486201439662,5.1193366330657355,0.0,10.414862014396618,79.84230589809508
2017-09-30,27.260781674412993,29.351681656304706,25.74648095611758,92.53996257620572,1.9952260517897027,3.315837315144565,48.5437170278264,25.944124815368053,32.921698008010765,5.260781674412993,0.0,10.921698008010765,80.10998788803971
2017-10-01,27.36418965413171,29.56177159413292,25.72817528822358,89.7975499486932,1.2741455906319794,3.5239150117703866,18.25049073459287,25.538701982465934,33.267464983302915,5.36418965413171,0.0,11.267464983302915,79.93287640341761
2017-10-02,27.515183799118738,30.350610852900346,25.400552906380153,89.15878493390474,1.3644582603971753,4.576139071648458,16.31693547413533,25.567302699365612,33.37373023452931,5.515183799118738,0.0,11.373730234529312,80.10548555643757
2017-10-03,27.943337961006822,30.76334399710268,25.56487475101105,84.76732057705077,0.9597989980080885,4.575405323836542,6.244531900766585,25.138129995166526,33.81322989942266,5.943337961006822,0.0,11.813229899422659,80.23499507504553
2017-10-04,28.369229190559548,31.286438099837024,25.365743948813908,82.62091507213135,0.7745608740266795,5.6382908311704,2.0483026498460797,25.123754456938723,34.36018718030572,6.3692291905595475,0.0,12.360187180305722,80.63688833821122
2017-10-05,28.63907949538239,32.013558278505464,25.742926902879223,85.02829057765437,1.165198889358363,4.924934339349309,2.048798816925213,25.871438809465527,34.834957121960116,6.63907949538239,0.0,12.834957121960116,81.41850948522286
2017-10-06,28.22178245910545,30.94078650328968,26.040208245306935,87.2074304339953,1.1156781553691073,4.729488241685279,3.869153135751796,25.889400947996972,34.46361244933346,6.221782459105452,0.0,12.46361244933346,81.03104729004691
2017-10-07,27.148899016116374,29.11530512464538,25.634749200217303,91.5942729522545,1.6261930343453854,3.8563048107683957,12.115542343212413,25.659990385940137,32.88347783129374,5.148899016116374,0.0,10.883477831293739,79.79638057612202
2017-10-08,26.619445886400676,28.86133337357398,25.139258163819644,91.3031749864188,2.0332329329389753,3.66650272227923,23.39349671032776,25.082886603321988,31.702022936004738,4.619445886400676,0.0,9.702022936004738,78.8522987691517
2017-10-09,26.936065672722883,29.263236554596492,24.935006337900653,90.55735317196839,2.4125369710871007,2.708147141908614,22.167219170640436,25.25792634945413,31.863456733934996,4.936065672722883,0.0,9.863456733934996,79.30118180329586
2017-10-10,27.630698979899808,30.83743345204322,24.934261483672366,85.72779923945193,1.6324029697591602,4.762914975553812,7.766293233536551,25.020899536092003,32.956122447466214,5.630698979899808,0.0,10.956122447466214,79.84694624338456
2017-10-11,28.20737852357096,31.869087342307,25.05336512343816,85.01268726987385,1.139598599625762,5.5190806422406,0.6617848735437919,25.44538915924744,34.14603771263536,6.207378523570959,0.0,12.146037712635362,80.70392634326788
2017-10-12,28.02910484698497,31.1028291181264,25.42894307961611,88.23623528701636,1.626857004889238,4.345934291060542,1.4041286895635903,25.89801190735128,33.91853203046683,6.029104846984971,0.0,11.918532030466828,80.84909289788779
2017-10-13,27.438359992756688,30.362518862799543,25.05481137200459,88.92910243254663,2.148523570954307,4.753089285929861,4.326738697410515,25.448141970398495,32.6717592380426,5.438359992756688,0.0,10.671759238042597,79.94558450768812
2017-10-14,27.736450172028736,30.923695901490916,25.203615621416073,87.9532281040623,1.6457065250196177,4.584130880666385,2.961761332769964,25.55579100332238,33.39096083122788,5.736450172028736,0.0,11.39096083122788,80.31899857841204
2017-10-15,28.31245125852599,31.921397959799606,25.20204925454216,81.3953781614052,1.0118349731393737,4.793860185911753,10.605129474256051,24.817642983763207,33.94682842789048,6.312451258525989,0.0,11.94682842789048,80.37405332021919
2017-10-16,28.06550310858937,31.87542162129535,24.407849339047505,77.99591235588821,1.1749067423190682,5.000874304339954,0.8497054385223637,23.865229655685674,33.01213232414431,6.065503108589368,0.0,11.01213232414431,79.51093631443803
2017-10-17,27.511361743224484,31.40412204985815,23.43396209331804,81.98020160560151,1.3157517957385165,5.025292279833403,1.2666928230820307,24.156355340050606,32.531118706442655,5.511361743224484,0.0,10.531118706442655,79.15781018491472
2017-10-18,27.29855133699524,30.033880002414442,25.002296130862558,89.24298967827607,1.4783485241745637,4.283097929619123,8.063492485060664,25.369660563981707,32.950988530007415,5.298551336995239,0.0,10.950988530007415,79.749893907918
2017-10-19,26.848804249411486,29.004663487656185,25.364958652743407,91.00149936620996,1.9685078771050886,3.490092895515181,19.2547944709362,25.253981597206156,32.08443903834224,4.8488042494114865,0.0,10.08443903834224,79.2076419196581
2017-10-20,26.10869077080944,27.596192430735808,25.024951409428386,94.29167743103761,3.4676893825073942,0.9427201545240539,86.78526166475524,25.117803967828635,30.20851353224309,4.108690770809439,0.0,8.208513532243089,78.32727354965687
2017-10-21,25.83406048168045,27.61634091869379,23.83175227862619,93.87792660107444,5.619879881692523,0.7831146254602523,136.5634749803827,24.771496691573184,28.211982784816236,3.8340604816804493,0.0,6.211982784816236,77.80130729185879
2017-10-22,25.170090541437798,28.557673688658177,22.37890927747933,87.95342125912961,2.4961067181746848,4.038542771775217,7.938776483370556,23.030432103044607,28.709903471694318,3.170090541437798,0.0,6.709903471694318,76.0087355370507
2017-10-23,25.40993239572645,29.634537936862436,21.902504376169496,84.49941570592142,1.307370676646345,4.809005782579828,3.2523045813967526,22.60446216620422,29.545505910127865,3.4099323957264502,0.0,7.545505910127865,76.03127446058696
2017-10-24,25.511155912355896,29.5601152894308,21.75472324500513,85.39736041528339,1.2591827126214765,4.160862859902216,0.201138407677914,22.87806056119633,29.831875876622803,3.511155912355896,0.0,7.831875876622803,76.29755859066336
2017-10-25,26.004773948210296,30.215949779682507,22.389066819581096,79.015189231605,0.8927639282911816,3.864466843725479,1.1238075692642,22.080602452869265,30.147381958284342,4.004773948210296,0.0,8.147381958284342,76.3733532536466
2017-10-26,25.094479990342247,29.93746604696083,20.697220981469187,76.13903060300599,1.1857572282247844,4.5952957566246155,0.2852151868171667,20.59328228488582,28.2678821308658,3.094479990342247,0.0,6.2678821308658,74.61825738495284
2017-10-27,24.041552483853447,28.574397295829062,19.620379670429166,74.97192611818676,1.2462177823383838,4.90323735136114,0.0,19.32672138213667,26.56845196815982,2.0415524838534473,0.0,4.56845196815982,72.86169959192357
2017-10-28,24.08687813122473,28.84052996921591,19.471949658960582,75.23869559968612,1.2449164000724333,4.74393665117402,0.007110520915072132,19.427603938285475,26.661272653190306,2.0868781312247293,0.0,4.661272653190306,72.95778325524452
2017-10-29,23.85589847286775,28.04010019919117,19.999122955272533,78.33575300295769,1.1464634514396088,3.4757287016357825,3.4413164725055845,19.854203970590834,26.698755405171923,1.8558984728677501,0.0,4.698755405171923,72.89206805021033
2017-10-30,23.254341160137624,26.639295587613937,20.548139071648464,85.716933059697,1.3860161767368868,1.9831245065491643,13.540236011347861,20.725774759766402,26.351729247620657,1.2543411601376242,0.0,4.351729247620657,72.59314261322247
2017-10-31,22.8982815235106,26.219117522786267,19.57451862135571,82.85858634635119,1.2168123377799243,4.514495829057766,1.4453630711655707,19.82789642660849,25.678762275581455,0.898281523510601,0.0,3.6787622755814553,71.76018115292251
2017-11-01,23.36668799420535,27.32345204321845,19.23791271805397,80.21665902094526,1.1492122894911572,4.681038226595038,0.422305185006338,19.7617504290677,26.16359888190881,1.3666879942053498,0.0,4.163598881908811,72.28612792914802
2017-11-02,23.820411058127604,28.564148005070326,19.137450956721196,80.33132733747813,1.3050739421742017,5.152243302951652,0.11606808716122416,20.226394515400408,26.73027189488345,1.820411058127604,0.0,4.730271894883451,73.02387009014255
2017-11-03,24.1397615742138,28.974553027102075,19.28284601919479,80.71753184040564,1.3541588700428562,5.303311643628902,0.0005492847226413955,20.615050901488726,27.205307308347127,2.1397615742138,0.0,5.205307308347127,73.57350440921665
2017-11-04,24.90867809500815,29.796364459467622,19.823753244401523,80.27564616406109,1.3560385102915435,5.091039548500031,0.001098569445282791,21.274181004349103,28.304653065311527,2.908678095008149,0.0,6.304653065311527,74.76285172007545
2017-11-05,25.03665238123982,29.57776362648639,20.914809561175833,80.82001086497255,1.2640991126939096,5.0825333192491104,0.015740930765980564,21.509141946225682,28.618005633984367,3.0366523812398185,0.0,6.618005633984367,75.02586551517923
2017-11-06,24.639784511378046,29.557254179996377,20.191735981167383,80.56709965594256,1.3370670610249293,5.021719393975977,0.0005492847226413955,21.071562266334794,27.945776085056423,2.6397845113780463,0.0,5.945776085056423,74.36172500093815
2017-11-07,24.41863946399469,29.287589183316232,19.602188084746786,79.38086255809743,1.2514384016418183,5.193973984426873,0.0,20.615202967722777,27.556372975081686,2.4186394639946904,0.0,5.556372975081686,73.8877939943007
2017-11-08,24.41636989195389,29.23032353473773,19.49384620027766,75.89525804309773,1.0991827126214764,5.133911329751917,0.8110074243978995,19.885921478272103,27.307757695549128,2.4163698919538916,0.0,5.307757695549128,73.53504568961267
2017-11-09,24.339115108347926,29.075899680086923,19.3116406108529,70.88166475523633,0.9102746423613208,5.033357403271564,0.0,18.712937276796133,26.823604263519933,2.339115108347926,0.0,4.8236042635199325,72.91630233741456
2017-11-10,23.749753727289193,28.437945916581157,18.864858453552245,74.45171244039358,1.2001847045331078,5.118109736222611,0.0,18.933456618729938,26.129635680815692,1.7497537272891925,0.0,4.129635680815692,72.36085474075767
2017-11-11,23.82934146194242,29.08675137321181,18.554815597271688,77.81422285265892,1.2779857548137867,4.8790567694815,0.0,19.720665146965583,26.517100778253557,1.8293414619424198,0.0,4.517100778253557,72.80084194828797
2017-11-12,23.585940121929138,28.987980322327523,18.634108166837688,81.47291724512584,1.3854650811854894,5.019478414921229,0.0,20.22644123015108,26.4393786190688,1.5859401219291378,0.0,4.439378619068801,72.75280549126944
2017-11-13,23.476960825737915,28.498400434598906,18.784155248385346,81.50006458622563,1.271828333433935,4.859003241383474,0.0005492847226413955,20.125578810715076,26.361258561502524,1.4769608257379154,0.0,4.361258561502524,72.57929759603313
2017-11-14,23.711682259914287,28.123711595340144,18.819646284783005,81.97647129836425,1.174183014426269,4.001480080883685,0.00160077262026921,20.448917775468786,26.821270110503534,1.7116822599142871,0.0,4.821270110503534,73.00273434312494
2017-11-15,22.947691796945733,26.587196837085774,20.523219049918517,90.05560994748598,1.6462702963723066,1.6818180479266012,5.150179875656425,21.227940141496916,26.115364442137675,0.9476917969457332,0.0,4.115364442137675,72.45582942172729
2017-11-16,23.096191827126212,26.475657632643205,20.228929196595644,88.11618699824955,1.574749803826885,1.8593389026377738,4.708267036880547,21.019464231219985,26.20830603289384,1.096191827126212,0.0,4.208306032893841,72.539706113818
2017-11-17,24.340391139011295,28.157412325707732,21.05836723607171,85.84989919719926,1.229858755357035,2.7397966318585136,2.3713937345325045,21.81665795959023,28.10573244301601,2.3403911390112953,0.0,6.105732443016009,74.40612868385756
2017-11-18,25.09492786865456,29.008997404478787,21.671361743224487,84.59308746302892,1.0252320878855556,3.7333756021005615,3.3845862256292625,22.314222486301414,29.269591980284098,3.0949278686545583,0.0,7.269591980284098,75.52311198096245
2017-11-19,24.61108529003441,28.837120178668442,21.161162552061324,85.40689865395063,1.3556763445403515,4.098251137804068,0.07765739119937226,21.99735178941342,28.38416312069743,2.61108529003441,0.0,6.38416312069743,74.80983949715568
2017-11-20,23.450109253334944,28.471736584776966,19.37497857185972,84.18153558278505,1.6026359630590936,4.42658909881089,0.0,20.62401300110529,26.345629352220882,1.4501092533349436,0.0,4.345629352220882,72.77860834404504
2017-11-21,21.905835093861292,27.309063197923585,17.842518862799544,82.9290215488622,1.8177105088428807,3.928749713285447,0.0005492847226413955,18.87179993578018,23.82448886308151,0.0,0.0941649061387082,1.824488863081509,70.14918367749932
2017-11-22,19.874167320577055,26.331671394941758,15.062847830023545,77.45151324923039,1.6088766825617193,4.0897505764471545,0.0,15.8122847281327,20.674539876623946,0.0,2.1258326794229454,0.0,66.53915928404342
2017-11-23,18.850884288042497,25.380159956540112,13.529387939880486,76.82022514637534,1.6538190378463213,4.048308848916521,0.0,14.693257638729618,19.208611328623363,0.0,3.149115711957503,0.0,64.89988676151289
2017-11-24,18.755215186817168,24.917968250135818,13.830171425122234,81.09162914227079,1.7043888452948635,4.143447920564979,0.0,15.442343881003497,19.34948596232794,0.0,3.2447848131828323,0.0,64.93588709709536
2017-11-25,19.038001448663007,25.731459527977304,13.58399227379731,76.04999818917126,1.4569022756081367,4.169585579767007,0.0,14.718000061300867,19.542468009423388,0.0,2.9619985513369933,0.0,65.15760117665235
2017-11-26,19.287422587070687,25.51811734170339,13.95327156395244,78.74994869318525,1.3834429890746665,4.150075191646043,0.0,15.502831084095854,20.129113244620783,0.0,2.7125774129293134,0.0,65.67878084939386
2017-11-27,19.42139977062836,25.380727953159898,14.539037242711412,80.47743164121447,1.2689829178487355,4.0925404297700245,0.020760548077503473,15.972562040415179,20.520410412274003,0.0,2.5786002293716415,0.0,65.97821338434223
2017-11-28,19.37016719985514,24.84447335063681,14.761913442385465,75.00230518500635,1.0318579103036158,3.5450734834309174,0.0010629564797488985,14.82366185018781,20.21006244721687,0.0,2.629832800144861,0.0,65.62387373132455
2017-11-29,19.36688718536851,24.83102553268546,14.47985694452828,78.18871612241203,1.3825134303132736,3.821003024084023,0.0,15.468327325250929,20.19644471217233,0.0,2.6331128146314917,0.0,65.77705506978305
2017-11-30,19.334222852658904,25.079733808172875,14.396422405987808,80.2650003018048,1.3563487656183983,4.162631460131587,0.0,15.846274647547403,20.323948426389755,0.0,2.665777147341096,0.0,65.82783226970551
2017-12-01,19.829386129051734,25.63945916581156,14.546469487535463,78.79319611275427,1.2290577654373152,4.540017124403937,0.0,16.03786618494672,20.981570403988005,0.0,2.170613870948266,0.0,66.5414957636238
2017-12-02,20.471184885615983,26.037840888513312,15.082518259189957,76.20818373875778,1.2172825496468884,4.641981644232512,0.0,16.13681236888764,21.670025028649317,0.0,1.5288151143840167,0.0,67.4036876412427
2017-12-03,19.781524717812516,24.86374237942899,14.854236132069781,75.8816569083117,1.2560210056135692,4.616336005311765,0.0,15.402609050746388,20.67548836665434,0.0,2.218475282187484,0.0,66.30880989705649
2017-12-04,19.507520371823507,25.01640188326191,14.160072433150239,78.29674050823928,1.2928924971328546,4.464310502806785,0.0,15.626388607624948,20.458854656853813,0.0,2.4924796281764934,0.0,66.00503826939092
2017-12-05,20.14222792297942,25.675864670730974,14.820193758676886,75.8542723486449,0.9616792418663608,4.442612301563349,0.0,15.745742031675556,21.37063595836516,0.0,1.8577720770205808,0.0,66.86950754596027
2017-12-06,19.83172209814692,24.738078107080348,14.464613388060602,75.30298726383776,0.9928242892497134,4.058742602764532,0.0,15.33172499877447,20.88377305991785,0.0,2.168277901853081,0.0,66.35562667829217
2017-12-07,20.698323172571982,25.932122894911576,15.109118126395849,75.85222369771232,1.0768425182591899,4.078416007726203,0.0,16.282975549166693,22.05219951104422,0.0,1.3016768274280182,0.05219951104421838,67.73607672012173
2017-12-08,20.126855194060482,23.214511378040687,17.71595279773043,85.22953461700973,1.2978161405203117,2.161498877286171,2.766927023601135,17.566547147837998,21.843070323720916,0.0,1.8731448059395177,0.0,67.38245618533618
2017-12-09,20.948590571618276,24.519619122351664,18.113948210297586,91.72339771835578,1.282605178970242,1.4397200156938492,23.029766403090484,19.549721277470937,23.55110081885097,0.0,1.0514094283817244,1.5511008188509692,69.1654622322468
2017-12-10,22.75602764531901,26.443172571980444,19.713691072614235,91.78934447999035,1.9530518500633791,1.6239243375384802,35.31919357759402,21.349729368923004,25.771123852912385,0.7560276453190085,0.0,3.7711238529123854,72.2747651164603
2017-12-11,22.81480231786081,26.121800567393013,20.083776785175345,91.79232510412268,2.253857065250197,2.0108053781614057,29.833732118066038,21.40841429029631,25.64955586805115,0.8148023178608099,0.0,3.6495558680511486,72.37598455476869
2017-12-12,22.247866240115897,26.446102492907592,18.754202933542587,85.15444498098633,1.2276736886581758,3.719306869077081,1.0732649242469972,19.632132476825788,24.928206792793997,0.24786624011589709,0.0,2.928206792793997,70.8810999317136
2017-12-13,21.585480171425125,26.27400313876985,17.454076175529668,81.35510351904387,1.1585754813786444,3.6118343816019802,0.002003983823263114,18.252796579361448,23.69218334723373,0.0,0.4145198285748748,1.6921833472337298,69.51413896894337
2017-12-14,20.545212772378825,26.05616707913322,16.189932999336033,80.83151385284,1.323526287197441,3.5888737429830386,0.0005492847226413955,17.13637817500178,22.066171359790218,0.0,1.4547872276211748,0.06617135979021782,67.80343873129495
2017-12-15,19.385781976217785,24.828865817589186,14.875550190137021,78.86672360717088,1.3830029576869682,3.829775994446792,0.0,15.621528198574191,20.272151286426013,0.0,2.6142180237822146,0.0,65.84074847181405
2017-12-16,18.709255749381303,24.74549948693186,13.644544576567876,77.21022152471781,1.2400748475885799,3.8146806301684073,0.0,14.634600213430403,19.335715128940592,0.0,3.2907442506186975,0.0,64.69459050966898
2017-12-17,18.381938190378467,24.100740628961187,13.570418301442627,82.15530753908372,1.2204913382024507,3.4078937647129846,0.0,15.281410947353356,19.255328389484134,0.0,3.6180618096215333,0.0,64.37692411862443
2017-12-18,18.549433210599382,23.91159715096276,13.772233355465685,84.35469608257378,1.2196788797006097,3.490692527313334,0.0,15.857930426409217,19.63881502970787,0.0,3.450566789400618,0.0,64.73978834242999
2017-12-19,18.844562684855436,23.827507092412628,14.127724391863346,85.19014003742379,1.1667815536910728,2.6606072131345444,0.0,16.30175313438951,20.14172741420974,0.0,3.155437315144564,0.0,65.26197932316377
2017-12-20,20.007735860445464,24.74597513128509,15.496490010261365,83.89491096758618,0.9329202631737794,3.2300445162069176,0.002003983823263114,17.199815970992805,21.827706935127658,0.0,1.9922641395545355,0.0,67.11079369577449
2017-12-21,20.30164483612,25.00202269572041,16.565764471539808,82.90331683467134,0.8683883624071951,3.696346139916702,0.006561236192430736,17.299112613405395,22.207709940815775,0.0,1.6983551638799987,0.20770994081577498,67.53397518584158
2017-12-22,20.191122713828694,24.44880062775397,15.94231001388302,81.38048711293536,0.9307207098448725,3.661853823866724,0.0,16.89816178351225,21.890339114012583,0.0,1.808877286171306,0.0,67.26574204488459
2017-12-23,19.702745216394035,24.56896963843786,15.606889599806847,80.49436651174024,1.2361924307358,3.6917215367900047,0.0,16.24986469055907,20.931647306075973,0.0,2.2972547836059647,0.0,66.43060734278322
2017-12-24,18.75747087583751,24.589407255387222,14.123854650811854,81.4280883684433,1.3474147401460737,3.7439278807267464,0.0,15.509179220437806,19.626456036219988,0.0,3.242529124162491,0.0,64.95418193607615
2017-12-25,18.84840767791393,24.462317860807634,13.87963240176254,82.81138709482707,1.335175952194121,3.9386807146737497,0.0,15.861353318416327,19.85840712057346,0.0,3.1515923220860707,0.0,65.16251424404446
2017-12-26,18.619830989316114,24.395709543067547,14.611440816080162,83.05339771835575,1.6076308323776183,3.9837431701575423,0.0,15.683576539124694,19.37182464747417,0.0,3.380169010683886,0.0,64.80057780605203
2017-12-27,18.08007364036941,24.56831230759944,12.818431218687754,81.62486690408645,1.7640785899680087,4.086562081245851,0.0,14.885962779185444,18.429091283830907,0.0,3.9199263596305904,0.0,63.86791412321942
2017-12-28,18.468615923220863,25.09219834610974,12.856329450111671,82.51649363191888,1.4126208728194605,3.8571931369590153,0.001098569445282791,15.434484345619211,19.26405539296604,0.0,3.531384076779137,0.0,64.53217193776847
2017-12-29,19.07382447033259,24.82257560210056,13.716626426027645,82.28121084082815,1.1299390354318828,3.9493655157843905,0.001098569445282791,15.980962516682888,20.27318157543766,0.0,2.926175529667411,0.0,65.50473894303065
2017-12-30,19.736331864550014,25.88788072674594,14.205606325828455,78.21903603549224,1.2488344298907468,4.464491392527314,0.0005492847226413955,15.832940552064906,20.7964837966341,0.0,2.2636681354499864,0.0,66.36309283574585
2017-12-31,19.708047926601076,25.70410092352267,14.717779320335607,79.65909518923162,1.2818150540230582,4.346297313937346,0.014027886762841798,16.091316912469388,20.8437622751163,0.0,2.2919520733989245,0.0,66.39478129182204
2018-01-01,19.296835878553754,24.220935594857245,14.532273797307901,80.60259552121688,0.9952954668920142,3.108626377738879,0.25675137321180663,15.875580915954394,20.55040511449153,0.0,2.703164121446246,0.0,65.78444551937152
2018-01-02,18.305093257680934,22.837120782278024,15.48396088609887,84.7228134242772,1.6364224059878072,3.109447226413955,2.2857680931973205,15.68665654620994,19.037917707500817,0.0,3.6949067423190662,0.0,64.3525794808938
2018-01-03,16.399561175831472,22.6192641999155,12.107034466107322,80.25162310617492,2.0563662702963725,3.7101906802680027,1.1811770386913742,12.986119723824254,15.896119921785651,0.0,5.600438824168528,0.0,61.12432923927085
2018-01-04,14.571784269934208,21.11515482585864,9.393069354741355,77.91232450051308,1.5917800446671095,3.632849049314903,1.9481897748536248,10.760048062837884,13.719483008388579,0.0,7.4282157300657925,0.0,58.19126853377934
2018-01-05,14.712619061990706,21.73830446067484,9.121641214462487,79.81502263535945,1.751677431037605,3.5779323957264446,0.0,11.2606895577811,13.892353842273998,0.0,7.287380938009294,0.0,58.41961222468289
2018-01-06,14.059961368986539,21.24666083177401,8.77553087463029,75.46906561236192,1.736893221464357,3.8954665419206855,0.0,9.786617141509536,12.837896071915797,0.0,7.940038631013461,0.0,57.3913451176423
2018-01-07,13.248144504134729,20.207425001509026,7.857776905897267,70.72145832075815,1.6496094645982982,3.8960712440393555,0.0,8.041065337467185,11.64338438392104,0.0,8.751855495865271,0.0,56.183906598884064
2018-01-08,12.912708396209334,19.568830204623655,7.788522363735137,69.09348886340317,1.505952797730428,3.7923972354681,0.0,7.377511108712537,11.251582895411852,0.0,9.087291603790666,0.0,55.702545058336035
2018-01-09,13.071976821391925,19.840104424458264,7.3155043158085356,71.5793921651476,1.469065008752339,4.073313846803888,0.0,8.049431168673681,11.595556599957437,0.0,8.928023178608075,0.0,55.906990538053606
2018-01-10,13.183538962998734,19.94493149031207,7.058716726021609,73.6109416309531,1.4970169614293474,3.8364128206675927,0.0,8.569841001740906,11.815082929503596,0.0,8.816461037001266,0.0,56.0513827464887
2018-01-11,13.313537755779564,19.78893221464357,8.066517172692704,74.81623830506429,1.2814649604635724,3.1724459769421145,0.0,8.935842998741164,12.188081988957492,0.0,8.686462244220436,0.0,56.23798002289314
2018-01-12,14.493329510472627,21.029489346290823,9.22607110520915,75.7510448481922,1.1149580491338205,3.014838075692642,0.0,10.261572572508097,13.835622363934203,0.0,7.506670489527373,0.0,58.06536168771282
2018-01-13,15.340536608921353,21.186304702118665,10.509052936560636,77.10090058550131,0.9274594072553872,2.665154342970967,0.0,11.347841570004597,15.122968662813292,0.0,6.659463391078647,0.0,59.39759148295178
2018-01-14,15.424221645439731,21.609162793505167,10.637730427959196,81.49726987384561,1.3465642542403575,2.4387116375928053,0.0,12.27052392419971,15.191212074521673,0.0,6.575778354560269,0.0,59.57408999484214
2018-01-15,15.336481559727169,21.85152773586045,9.977900042252672,77.66576447153982,1.5150268606265467,2.796253636747752,0.000688114927265045,11.454296448322555,14.738921601084467,0.0,6.663518440272831,0.0,59.39651081027884
2018-01-16,15.868607472686666,22.417237278927992,10.670286110943444,75.54956902275609,1.5263040985090846,3.321722900947667,0.0,11.551593365705056,15.292160898643491,0.0,6.131392527313334,0.0,60.2044125944001
2018-01-17,16.241466771292327,23.32413110400193,10.98795315989618,76.34981650268608,1.4767604273555865,3.6842761513852844,0.0,12.072197756844261,15.856680805035687,0.0,5.758533228707673,0.0,60.799129917873486
2018-01-18,16.604901309832805,23.88699221343635,11.099908251343033,74.46065370918093,1.4059618518742079,3.8623266614353837,0.0,12.042663456707098,16.260807987552393,0.0,5.395098690167195,0.0,61.325704976810044
2018-01-19,16.193580612060117,23.19987022393915,10.563876380756927,71.70766222007606,1.4305462666747149,4.173478040683286,0.0,11.07612556957841,15.545166860234428,0.0,5.806419387939883,0.0,60.64099921658894
2018-01-20,16.147607895213376,22.728307478722765,10.397156998853141,67.56036156214161,1.3094971932154282,4.131204237339289,0.0,10.136789684407356,15.320155830530023,0.0,5.852392104786624,0.0,60.49877652886539
2018-01-21,16.333975976338504,23.171982857487777,11.443019858755358,70.89443954850003,1.32933059696988,4.10449797790789,0.0,11.038926722935935,15.745746817656244,0.0,5.666024023661496,0.0,60.83826221049861
2018-01-22,16.305996257620574,23.465446369288347,10.230427355586407,71.51319309470635,1.3758785537514338,4.04741489104847,0.0,11.143156448402044,15.715277920035106,0.0,5.694003742379426,0.0,60.80783579018654
2018-01-23,16.868561598358184,23.562957686968073,10.9736965051005,69.66546870284299,1.4118301442626908,4.272415760246273,0.0,11.287405698480962,16.294877783415366,0.0,5.131438401641816,0.0,61.61458428640117
2018-01-24,17.53707913321664,23.793014426269092,12.109099414498704,69.53805698074487,1.1941449870223941,4.0942999396390425,0.0,11.899699526722925,17.298192705646812,0.0,4.46292086678336,0.0,62.61112718176055
2018-01-25,17.894088247721378,24.503322267157603,12.477704472747028,70.83409669825558,1.379471841612845,3.6960390656123616,0.0,12.522834637886387,17.71776450053147,0.0,4.105911752278622,0.0,63.19027644629045
2018-01-26,16.77034828273073,23.567715337719562,11.168318947304886,70.19720709844874,1.6074600108649726,4.35534173356673,0.0,11.308214395547914,16.065766646443674,0.0,5.22965171726927,0.0,61.4801969191676
2018-01-27,15.78542222490493,22.050966378946097,10.696822599142875,67.73006700066398,1.626149574455242,4.004130349489951,0.002125912959497797,9.828657462510607,14.652782531961531,0.0,6.214577775095069,0.0,59.96668518109414
2018-01-28,15.290048892376413,21.526762238184347,9.822119876863646,63.23980503410395,1.5206627633246816,4.391103042192311,0.0,8.339169819396801,13.84875304794592,0.0,6.709951107623587,0.0,59.194904298148174
2018-01-29,15.522467555984791,21.828755357035075,9.97874509567212,61.04867930222732,1.3769728979296187,4.358029510472626,0.0,8.03891549345221,14.108789646430658,0.0,6.477532444015209,0.0,59.503225663312534
2018-01-30,16.378525381783064,22.373563710991732,10.160579465201907,59.76209150721314,1.1838552544214402,4.182433910786504,0.0,8.53079617334883,15.220675305097767,0.0,5.621474618216936,0.0,60.68522845458108
2018-01-31,16.381955091446855,23.266596849157967,10.386296251584477,69.92781372608198,1.453724271141426,3.889915235105934,0.0,10.878042877568497,15.66055835703968,0.0,5.618044908553145,0.0,60.891501937639035
2018-02-01,17.89331804189051,23.9659377074908,11.906710327760008,72.80453250437618,1.2210623528701636,3.7738238425786204,0.0,12.941369988803725,17.960869291399682,0.0,4.10668195810949,0.0,63.25794830280182
2018-02-02,19.002460916279354,24.260050099595585,13.448201243435747,70.98467495623831,1.063986237701455,3.3488925152411424,0.0,13.618637451132436,19.402593230501996,0.0,2.997539083720646,0.0,64.86901065443229
2018-02-03,19.263473169553933,24.937904267519766,13.585376954186033,74.39851089515301,1.213648819943261,3.4808968793384447,0.0,14.59524966378902,19.894789259988848,0.0,2.736526830446067,0.0,65.42913015157657
2018-02-04,19.587903060300597,26.082058308685944,13.465375143357278,75.529918512706,1.8120408040079679,4.068637532444016,0.0,15.14301927348246,19.997192191120128,0.0,2.4120969396994028,0.0,65.9887414022037
2018-02-05,20.211457717148548,26.314783605963658,14.583107382145231,74.99594132914831,1.2944075571920082,3.825612144624857,0.0,15.63469001127963,21.16522835704946,0.0,1.7885422828514521,0.0,66.92752359363982
2018-02-06,20.11811311643629,26.076371702782644,14.872780829359572,71.94293957868051,1.344625460252309,3.6626129232812223,0.0,14.897058657482308,20.765800957441925,0.0,1.881886883563709,0.0,66.6082691575474
2018-02-07,20.095250196173115,26.81402667954368,14.529151324923042,69.85211444437739,1.6068582121084085,4.092253093499125,0.0,14.417643581806292,20.3892716827792,0.0,1.9047498038268849,0.0,66.45445284186297
2018-02-08,20.218064827669465,26.3619575058852,16.27874932093922,70.3294615802499,1.7456322810406233,3.6257069294380395,0.0,14.640801398394093,20.493606518856392,0.0,1.7819351723305346,0.0,66.66626552982541
2018-02-09,20.391784873543795,27.19362105390234,14.130325949176074,68.33822719864791,1.6360723124283214,4.0300011046055415,0.007228828393794894,14.361967593357546,20.646051105544956,0.0,1.608215126456205,0.0,66.80810745897162
2018-02-10,20.595186213557074,26.508442687269877,15.931314058067244,68.31954608559185,1.3280165389026382,3.3324396692219476,0.21635842337176317,14.55192579668492,21.131828722336735,0.0,1.4048137864429258,0.0,67.10867207110502
2018-02-11,19.93108106476731,26.09913140580673,14.832902758495806,58.025110762358906,1.3051095551397356,4.039315669704835,0.029571437194422654,11.423438934396808,19.473282105735606,0.0,2.0689189352326913,0.0,65.55428076600094
2018-02-12,19.866253395303918,27.72097120782278,13.62898110701998,59.46981167380939,1.6516557010925335,5.269404007967647,0.0,11.735072922538828,19.258488299849148,0.0,2.133746604696082,0.0,65.54377331604358
2018-02-13,20.381609223154463,28.431384680388728,13.606815355827852,64.1484704533108,1.7175662461519892,4.549270109253335,0.0,13.376864606703721,20.24460437009882,0.0,1.618390776845537,0.0,66.54239820367133
2018-02-14,20.724431701575423,26.95572221886884,15.602903362105389,70.23898774672543,1.8892479024566913,4.403996100682079,0.000688114927265045,15.105888051504584,21.066751735738883,0.0,1.2755682984245773,0.0,67.42176216917991
2018-02-15,20.415591235588824,26.954435323232936,14.769358363010804,63.20220981469186,1.6879736826220801,5.310823220860747,0.000688114927265045,13.180973032105834,20.235071127435525,0.0,1.584408764411176,0.0,66.53445958278212
2018-02-16,19.733742379428985,27.047968853745402,13.259124162491704,59.89709180901793,1.7251204201122716,5.506601877225811,0.0,11.719115312616337,19.069710905116253,0.0,2.2662576205710145,0.0,65.38175047340627
2018-02-17,20.260397175107144,27.10992515241142,13.527219774250018,57.733720045874335,1.3868129413895096,5.091206881149273,0.0,11.655477236814832,19.814366372199935,0.0,1.739602824892856,0.0,65.9917430387384
2018-02-18,21.511693124886826,27.662460916279358,14.893438160197984,57.26589786925817,1.1605830868594191,4.8169836965051,0.0,12.701805983990692,21.546705475890928,0.0,0.4883068751131745,0.0,67.6819294215822
2018-02-19,22.139250316895033,28.381856703084452,15.616241926721795,57.219712681837386,1.159941449870224,5.075915555019015,0.0,13.275846018433233,22.3601881105401,0.13925031689503342,0.0,0.3601881105401006,68.53977704857155
2018-02-20,22.344011589304042,28.752772982434966,16.076377738878495,63.91210659745278,1.195430675439126,4.600659238244703,0.0,15.178445845405589,23.199324313727114,0.3440115893040421,0.0,1.1993243137271143,69.35239442651323
2018-02-21,23.02230759944468,29.33741715458442,17.228897205287623,60.915411963541985,1.0716557010925334,4.741825725840528,0.006011951469789341,15.071093261360009,23.92550483547988,1.0223075994446802,0.0,1.925504835479881,70.07016027452126
2018-02-22,22.865913563107384,29.133995895454824,16.624658055169917,60.10111909217119,1.1571998551336995,4.7575539144081604,0.20501599565401102,14.714885055296532,23.581038358375846,0.8659135631073838,0.0,1.5810383583758458,69.78083964328934
2018-02-23,23.64932093921652,30.50392648035251,17.513176193637957,62.166649363191894,1.4883461097362227,4.694004539144082,0.08926902879217721,15.979405256963048,24.599757949067122,1.6493209392165191,0.0,2.599757949067122,71.06944966813224
2018-02-24,24.13475704714191,31.12007364036941,18.24125128267037,67.3472698738456,1.3996710327760007,5.032561513852841,1.3111432365545965,17.702269867759213,25.839064799944904,2.1347570471419104,0.0,3.8390647999449037,72.2638987378154
2018-02-25,24.595233898714312,31.67920987505282,18.081206615561054,65.5631623106175,1.4043224482404781,5.011338142089697,0.11311583267942296,17.713729150402717,26.301397610385365,2.595233898714312,0.0,4.301397610385365,72.76050486793261
2018-02-26,23.824604937526406,30.029520130379673,18.745386008329813,68.30084988229615,1.3127379730790125,4.094752966741113,15.427073097120783,17.6298215698072,25.55914090423756,1.8246049375264057,0.0,3.559140904237559,71.8967692204005
2018-02-27,23.763806362045035,29.738417335667293,18.397173899921533,68.60276272107201,1.1130095973924066,5.065016840707431,3.2534393674171542,17.64180275149462,25.64313865660328,1.7638063620450346,0.0,3.6431386566032806,71.83487494985043
2018-02-28,23.937968250135814,29.94956479748899,18.249634212591292,66.83664513792479,1.200619907044124,5.108365841733567,0.43153679000422535,17.394202381565098,25.652925151080034,1.937968250135814,0.0,3.6529251510800336,71.92523259281987
2018-03-01,24.57881209633609,30.424645982978213,19.041512645620816,62.53960282489287,1.310175650389328,4.872317637472084,0.0016478541679241867,16.95053427441343,26.036125047739368,2.5788120963360903,0.0,4.036125047739368,72.42883833440962
2018-03-02,24.715028067845715,30.96818796402487,18.694519224965298,63.01067000663972,1.432521880847468,4.888166228043701,0.03769360777449146,17.197749240177924,26.187277013822026,2.715028067845715,0.0,4.187277013822026,72.6715907511991
2018-03-03,24.78503048228406,32.2413526890807,18.543447817951353,65.8904364097302,2.452693305969699,5.431490619907045,0.03957988772861713,17.973104673199657,25.867486535996303,2.7850304822840606,0.0,3.867486535996303,73.07076629188772
2018-03-04,25.18891289913684,32.83177280135209,18.555051005009958,67.89033198527194,2.1850691132975193,5.624676761030966,0.0020643447817951348,18.83478371047447,26.83601768484667,3.1889128991368416,0.0,4.83601768484667,73.8757591041353
2018-03-05,25.506403694090665,32.71243073580009,19.338349127784152,64.95852900344057,1.6267900042252672,4.910583461097363,0.021135389629987324,18.4305449722407,27.36539759881063,3.5064036940906647,0.0,5.365397598810631,74.0196794201376
2018-03-06,25.570165992635964,32.960420112271386,19.673652441600776,55.93664694875355,1.8350980865576147,5.273662377014547,0.022258103458682933,16.123634703933547,26.334332590414633,3.570165992635964,0.0,4.334332590414633,73.10434910899929
2018-03-07,24.933870948270663,32.35212893100743,18.356134484215612,48.44325043761695,1.501996136898654,5.965702040200398,0.010691736584776968,13.304415749100926,24.926062683634193,2.9338709482706626,0.0,2.9260626836341928,71.45004624286267
2018-03-08,24.12366330657331,31.81169553932516,16.566237701454703,47.213057886159234,1.6548868232027527,6.345440007243315,0.0,12.170943319294368,23.647919381008816,2.1236633065733095,0.0,1.6479193810088155,70.28976943084633
2018-03-09,24.835116194845178,32.23047866240116,18.15909217118368,47.016943924669526,1.5211559123558882,5.826250763566126,0.0,12.756466921779248,24.636607378174514,2.8351161948451775,0.0,2.6366073781745136,71.17436568568061
2018-03-10,25.030392949840046,32.37746544335125,18.106649966801477,43.80671515663669,1.3720625339530395,6.0989682380636205,0.0,11.85668960496196,24.65716597988635,3.0303929498400457,0.0,2.6571659798863507,71.08114031943965
2018-03-11,25.20224180599988,32.7430017504678,17.709566608317743,47.0406090420716,1.3511190921711838,6.023856437496227,0.007569264199915495,13.098931199240502,25.23304934244362,3.202241805999879,0.0,3.2330493424436213,71.64323378053952
2018-03-12,25.556700066397056,33.3694489044486,17.961703386249773,56.628694392466954,1.7434568720951291,5.7180017021790315,0.08222611215066096,16.304134626648462,26.454951544955307,3.556700066397056,0.0,4.454951544955307,73.16325363800179
2018-03-13,25.64819339651114,32.84246091627936,19.669224361682865,60.61740206434479,1.574821633367538,4.9726896662039,0.1579990342246635,17.46393190324771,27.131166911043834,3.6481933965111395,0.0,5.1311669110438345,73.73691733334715
2018-03-14,25.515972113237158,32.75293414619424,18.73081909820728,64.82885495261665,1.5726522605178972,5.4056897024204735,0.035535703506971696,18.407706988163643,27.40286731610181,3.515972113237158,0.0,5.402867316101808,74.01913512845356
2018-03-15,26.310194362286477,33.40886279954126,19.78295285809139,64.55948029214704,1.840414679785115,5.232102058308687,0.09655640731574817,19.0935475464845,28.31607523972685,4.310194362286477,0.0,6.31607523972685,75.13731507190593
2018-03-16,26.473666324621234,33.15828574877769,21.161661133578804,64.99468219955334,2.4965014788434843,3.080886135087825,0.6758664815597272,19.356382704913806,28.14070822618924,4.4736663246212345,0.0,6.14070822618924,75.42617411721905
2018-03-17,26.930101406410337,33.70616285386612,21.25772740991127,61.59056920383895,2.0095074545783786,4.69914966499668,0.6435685398684132,18.923832895581462,28.741262848614845,4.930101406410337,0.0,6.741262848614845,75.66144190315462
2018-03-18,26.958704653829905,33.44762479628177,20.56587070682682,55.96694573549828,1.58905716182773,5.818018844691253,0.08751554294682203,17.424600127111887,28.416192689431043,4.958704653829905,0.0,6.416192689431043,74.9956871417544
2018-03-19,27.02335244763687,34.42131466167684,19.901302589485123,52.891047866240115,1.2266813544999096,6.017273356672904,0.08749562383050645,16.5916548183149,28.397080195371537,5.023352447636871,0.0,6.397080195371537,74.69530534351331
2018-03-20,26.928998611697956,34.276188205468706,19.931801171002594,46.62565461459529,1.1779121144443774,6.282116967465443,0.0,14.53558222185782,27.568179606233958,4.928998611697956,0.0,5.568179606233958,73.7849265087161
2018-03-21,26.98108891169192,34.42274159473652,19.428911088308084,48.265016599263596,1.3634755839922739,6.05079023359691,0.0,15.119835444227336,27.699836879061156,4.98108891169192,0.0,5.699836879061156,74.05713578094975
2018-03-22,27.263556467676715,35.03550793746605,20.19157662823686,56.121992515241146,1.5041630953099536,5.577134417818555,0.0010629564797488985,17.752239911524963,28.917735853738535,5.263556467676715,0.0,6.9177358537385345,75.43012937212472
2018-03-23,27.486962636566666,34.44901973803345,21.296683768938255,60.670732178426995,1.950546266674715,4.899488175288224,0.16906681958109496,19.20618735139678,29.467903743365696,5.486962636566666,0.0,7.467903743365696,76.3295261607755
2018-03-24,27.96007786563651,34.36522303374178,22.094831291120904,64.3002420474437,1.6028393794893463,5.0868269451318895,0.3142789883503351,20.590639264922938,30.842354688481493,5.96007786563651,0.0,8.842354688481493,77.48722518193532
2018-03-25,28.613267942294925,34.53779682501359,22.815063077201668,61.26433391682261,1.2476175529667415,5.284045506126638,1.5549417516750168,20.422247121468928,31.662031590591646,6.613267942294925,0.0,9.662031590591646,77.9982782864962
2018-03-26,28.371167380938008,34.54610973622262,22.962565340737616,60.1515959437436,1.6388996197259613,4.72535503712199,3.236887788978089,19.8981739251546,30.89339165110607,6.371167380938008,0.0,8.893391651106072,77.50081405635635
2018-03-27,27.51833101949659,33.62664091265769,22.198626788193398,64.3057324802318,1.5967646526226837,4.879579241866362,5.634664091265771,20.173947360106432,30.201386285480282,5.518331019496589,0.0,8.201386285480282,76.85050366686602
2018-03-28,27.84959618518742,34.08762117462426,22.05821452284663,66.36951650872216,1.9163222067966443,4.996230053721253,1.492378825375747,21.000884554578388,30.71687816812244,5.849596185187419,0.0,8.716878168122442,77.60610890863437
2018-03-29,27.934457053178008,34.134091869378885,22.596863644594677,65.44601436590814,2.3735057644715396,5.073663952435566,1.6580720709844872,20.853382003484814,30.40771681333419,5.934457053178008,0.0,8.40771681333419,77.60532834991295
2018-03-30,27.66602583449026,34.45708879097,22.202919659564195,68.0428828393795,2.42975372728919,4.7383851029154345,3.339657149755538,21.232052955540095,30.29101766159895,5.666025834490259,0.0,8.29101766159895,77.55940708359623
2018-03-31,25.776429649302834,30.534006156817775,22.017244522243015,75.06580189533412,1.6792732540592745,4.569231562745217,23.752241805999883,21.021092839763494,28.818252161422812,3.776429649302834,0.0,6.818252161422812,75.56095186274999
2018-04-01,26.390765980563774,32.02528037665238,20.916037906681957,64.78298605661857,1.165733687450957,6.138877563831714,3.728734834309169,19.225374648981912,28.929104757948267,4.390765980563774,0.0,6.9291047579482665,75.28058903772141
2018-04-02,25.98459467616346,31.082093318041895,21.274834309168828,65.50438582724695,1.4953552242409613,4.073827959195992,0.5901810828755961,19.01801831869413,28.197543086297628,3.9845946761634607,0.0,6.197543086297628,74.7760933341276
2018-04-03,27.532804370133398,33.77298183135149,21.537276513551035,59.42164423251041,1.1029015512766345,5.6815355465684805,0.24951349067423195,18.91540221814999,29.975199201067504,5.532804370133398,0.0,7.975199201067504,76.22997178667896
2018-04-04,28.196246151988895,34.67374358664816,21.80347799843062,58.2180925937104,1.1815778354560273,5.984651336995232,0.868487957988773,19.208094044721463,30.716821800644084,6.196246151988895,0.0,8.716821800644084,76.98890828081221
2018-04-05,27.307645922617255,32.48845777750951,22.297110520915076,65.79618337659203,1.928289974044788,5.3326652381239805,1.5561453491881452,20.345296672392553,29.841460777003952,5.3076459226172545,0.0,7.841460777003952,76.73885511894025
2018-04-06,26.339304641757714,30.842086678336454,22.013029516508723,74.4629770024748,1.6735395666083177,4.806824035733689,16.368072674594075,21.43241633756576,29.595418130088575,4.339304641757714,0.0,7.595418130088575,76.36180538305362
2018-04-07,26.566589002233357,30.62756503893282,22.6634870525744,74.66037665238125,1.3685579767006701,5.0341941993118855,9.555957022997529,21.69482786269596,30.172687143067897,4.566589002233357,0.0,8.172687143067897,76.7368923766013
2018-04-08,26.015258646707316,29.597065250196174,23.41897084565703,79.550707430434,1.3789424760065192,4.968921144443774,9.362673990462968,22.20173519984987,29.882446769426437,4.015258646707316,0.0,7.882446769426437,76.45222734069618
2018-04-09,26.78562805577353,31.278941268787346,22.319636023420053,75.1081131164363,1.4840707430433997,5.942042916641517,8.736432063741175,22.0040934847893,30.4741819803672,4.785628055773529,0.0,8.474181980367199,77.13111397493027
2018-04-10,27.190613870948276,31.847051367175716,22.9980962153679,73.38287921772199,1.5886738697410518,5.489105215186818,11.333491277841494,22.012970015701107,30.810997087077943,5.190613870948276,0.0,8.810997087077943,77.5386118248818
2018-04-11,27.21299511076236,32.22176495442748,22.527747329027587,73.82795919599204,1.833181626124223,5.438478771050885,10.01978873664514,22.13378244996072,30.726739507309553,5.21299511076236,0.0,8.726739507309553,77.62996889076797
2018-04-12,27.567343514215008,33.07931611033983,22.384460071225934,71.79804490855315,1.8179235830264986,6.266284251825919,7.279295587613932,22.01662153502866,31.029501414722994,5.567343514215008,0.0,9.029501414722994,77.90777002097155
2018-04-13,27.53661918271262,33.0550250497978,22.490482284058675,70.42732842397538,1.6691295949779683,6.368274702722281,4.447112935353414,21.671271286408476,30.92077342513189,5.53661918271262,0.0,8.920773425131891,77.68106528178606
2018-04-14,28.1484746785779,33.777286171304404,23.19339590752701,72.67722460312669,1.9575016599263597,5.814459558157783,12.213927083962094,22.77485643927417,31.925275067815363,6.148474678577902,0.0,9.925275067815363,78.91078956451639
2018-04-15,28.314339349308867,34.19600591537394,23.053126094042373,70.49091627935053,1.5975046779742863,6.493200470815477,4.971451681052695,22.4304579471138,32.15413605132724,6.314339349308867,0.0,10.154136051327242,78.85981678099313
2018-04-16,29.137174503531117,35.00671455302711,23.217778113116438,66.9827512524899,1.3059008873060907,6.416092454880184,2.881113659684916,22.375303104809973,33.15180612720197,7.137174503531117,0.0,11.151806127201972,79.58110454217051
2018-04-17,28.22060904207159,33.55972354680992,23.876778535643147,71.55311462546027,1.627415343755659,4.159600229371643,10.689749502022094,22.58700853771688,32.12493755407002,6.22060904207159,0.0,10.124937554070023,78.86556346346748
2018-04-18,27.70030542645017,32.82585259853927,23.50548801834973,75.34793142995112,2.1092726504496895,6.106442144021248,9.907562020884892,22.939264912226943,31.461999256014835,5.700305426450171,0.0,9.461999256014835,78.58174935385588
2018-04-19,27.596253395303922,32.2162461519889,23.817908492786867,80.7611311643629,2.625366089213497,5.453638631013462,24.178769240055537,23.989392737395754,31.60026505000156,5.596253395303922,0.0,9.60026505000156,79.13444622960623
2018-04-20,28.063405565280377,32.99562201967767,23.9384457053178,80.63835033500332,2.9962570169614295,5.340796698255569,16.94796704291664,24.418745110972132,32.06482157907176,6.063405565280377,0.0,10.064821579071761,79.86866929964744
2018-04-21,28.32126214764291,32.785119816502686,24.818495804913383,82.84606989798999,3.246031870586105,4.539104303736344,22.924128085954006,25.122631390776732,32.581439242662604,6.3212621476429085,0.0,10.581439242662604,80.59022828763298
2018-04-22,28.36139977062836,32.815964869922134,24.93795014184825,82.3930144262691,2.473432124102131,4.1294957324802315,12.763840767791391,25.069724990653132,33.129306865043574,6.36139977062836,0.0,11.129306865043574,80.59233794362561
2018-04-23,28.43141184282007,33.26499366209936,24.42215790426752,77.95163034948995,1.6662014848795799,5.691198400434601,5.98443954850003,24.210409283558384,33.23897507904173,6.431411842820069,0.0,11.23897507904173,80.08284376678571
2018-04-24,28.665693245608736,33.77919719925153,24.04887970060965,73.37105209150722,1.4277956177944107,6.173001140822118,5.725259853926481,23.429260350928814,33.18279384766634,6.665693245608736,0.0,11.182793847666339,79.79944381893719
2018-04-25,27.937753968733027,33.14530572825496,23.15323836542525,76.54425786201486,1.9924820426148373,6.180876622200762,3.108125792237581,23.429444330887677,32.059035695245456,5.937753968733027,0.0,10.059035695245456,79.11257648153858
2018-04-26,27.174251825918994,31.297738274883802,23.260169010683892,77.92062352870165,1.6096818977485363,5.196444824047807,12.7289720528762,22.98536376458225,31.31100924471624,5.174251825918994,0.0,9.311009244716239,78.09317813461783
2018-04-27,26.15506066276333,29.406092835154226,23.690654312790492,80.42019858755359,1.4143882416852782,5.720175897869258,9.931708215126456,22.516545474488606,30.168184808929652,4.155060662763329,0.0,8.168184808929652,76.77749165929232
2018-04-28,27.065005734291066,31.5600700187119,22.408521760125552,77.10232148246516,1.5952803766523815,6.094865624434116,10.764288042494117,22.705215115630025,31.0559172564167,5.065005734291066,0.0,9.055917256416699,77.8170180244586
2018-04-29,26.550659141667175,30.33318585139132,23.676945131888697,83.27567634454036,2.581775819400012,3.235129848493995,49.0598315929257,23.47916672588777,30.28676941061066,4.550659141667175,0.0,8.28676941061066,77.75907089387681
2018-04-30,26.199559365002717,29.985386008329815,22.975156033077806,87.98251825918997,2.4153111607412328,3.004066825617191,53.63779018530815,24.04902640862701,30.38461902769533,4.199559365002717,0.0,8.38461902769533,77.74119696481965
2018-05-01,26.639163397114743,30.025456630651302,23.549852115651596,85.0032075813364,1.4800615681777027,5.0190920504617615,25.88057222188689,23.906992375032438,31.395430161378137,4.639163397114743,0.0,9.395430161378137,78.11501218636019
2018-05-02,26.828784933904753,30.399980080883687,23.49901128749925,84.11958773465324,1.7864857849942657,5.047013454457657,5.059238244703326,23.918729718522375,31.377634961581883,4.828784933904753,0.0,9.377634961581883,78.31807059395118
2018-05-03,26.533737550552303,29.661805999879277,23.55129413895093,84.5731949055351,1.5012452465745156,5.8912152230337425,10.63672360717088,23.719365685775365,31.1652423277055,4.533737550552303,0.0,9.1652423277055,77.88887954839655
2018-05-04,26.894047202269576,30.290153316834672,23.891921289310076,83.88158930403816,1.8675294259672848,4.602513870948272,20.21853866119394,23.93541375689175,31.396052084950156,4.894047202269576,0.0,9.396052084950156,78.3954431234761
2018-05-05,27.426031870586108,31.424102130741836,23.86201303796705,85.11516569083119,2.481166173718839,4.854237701454699,29.392646224422045,24.700016974628376,31.958660135691886,5.426031870586108,0.0,9.958660135691886,79.42795410605873
2018-05-06,28.242757892195332,32.07752218265226,25.019334218627396,85.07824772137383,3.210813665721012,5.113234097905474,12.839193577594015,25.493035523263273,32.76202141051622,6.242757892195332,0.0,10.762021410516219,80.77138216474825
2018-05-07,28.328555562262334,32.42049858151748,25.498864610370013,86.35771654493874,3.5058175891833168,3.644801979839441,18.20914227077926,25.82891240195128,32.85798962576838,6.328555562262334,0.0,10.857989625768383,81.09122698107268
2018-05-08,28.861996740508246,33.135022635359455,25.378236856401283,84.82737852357096,3.1172789279893767,3.939976447153981,8.978824168527797,26.049819682867344,33.80847792485094,6.861996740508246,0.0,11.80847792485094,81.75733010954403
2018-05-09,28.38568539868414,32.04252429528581,25.704561477636272,86.94773887849341,2.9014390052514036,4.421256540109858,11.147586165268306,26.000066296870408,33.45006867512055,6.385685398684139,0.0,11.450068675120548,81.26878553976277
2018-05-10,27.92438643085653,31.765365485603915,24.847201062352873,86.16184945976943,2.270966378946098,3.8815404478783133,19.130444256654798,25.39392440017125,33.03803372818973,5.924386430856529,0.0,11.038033728189731,80.39237062159731
2018-05-11,27.41312549043279,30.912871370797365,24.333876984366512,85.95872155489832,1.798646103700127,4.5996681595943745,17.41649544274763,24.85258454298067,32.51745202109606,5.41312549043279,0.0,10.517452021096062,79.51641669825685
2018-05-12,27.26524597090602,30.622099957747334,24.295110762358913,83.74456328846503,1.606116979537635,6.5093740508239275,7.789542463934328,24.27122693678886,32.150200951684944,5.265245970906019,0.0,10.150200951684944,78.9861408310469
2018-05-13,27.500915675740934,30.91069113297519,24.296884770930163,84.09553932516448,2.048072674594073,4.24139409066216,10.415023238969036,24.571646720599357,32.25831184266087,5.500915675740934,0.0,10.258311842660873,79.4180182346421
2018-05-14,26.93830023540774,29.659976459226172,24.707845113780408,86.08351964749203,1.7588772861713045,5.234766300476852,7.402907587372488,24.410934603999884,31.800105973322324,4.938300235407741,0.0,9.800105973322324,78.74405033493495
2018-05-15,27.108312307599444,30.51018953340979,24.030092352266553,83.79377557795618,1.9410019919116317,5.626157560210056,14.594821633367541,24.127542868149153,31.67285960198869,5.108312307599444,0.0,9.67285960198869,78.73542454085522
2018-05-16,26.388881511438406,29.571475221826525,23.87461218084144,87.32310496770688,1.8527440091748661,3.046101895334098,29.494779984306156,24.109865720688802,31.004029279893615,4.388881511438406,0.0,9.004029279893615,77.98016879583808
2018-05-17,26.8847286774914,30.348882115047985,23.745228466228042,84.83897989980083,1.7792165147582546,5.449423305366089,19.705696867266255,24.115362687180994,31.555072320240953,4.884728677491399,0.0,9.555072320240953,78.49969939523471
2018-05-18,27.59536729643267,31.304352628719748,24.33270839620933,83.7997742500151,1.8115434297096638,3.7129783485241745,24.601694332105996,24.605100451077142,32.538822249843385,5.59536729643267,0.0,10.538822249843385,79.53398184301705
2018-05-19,27.801737188386554,31.414452224301325,24.666855194060485,84.56344359268428,1.887683346411541,4.768505390233598,20.129910665781374,24.9590398761994,32.910111211871516,5.801737188386554,0.0,10.910111211871516,79.9743602184503
2018-05-20,28.25263656666868,31.965058248324983,24.962130741836184,83.91514215005735,2.110337417758194,4.0023757530029584,15.876817770266193,25.271044667308256,33.40115414214459,6.252636566668681,0.0,11.401154142144591,80.6265689197858
2018-05-21,28.13615017806483,31.654714190861355,24.997016961429345,85.62544274763083,2.274895877346532,3.2653667531840416,15.62629323353655,25.496520091099143,33.31267707531952,6.136150178064831,0.0,11.31267707531952,80.67055954889935
2018-05-22,28.21810285507334,31.43784571738999,25.524299511076244,85.5066910122533,2.2612687873483432,4.317103820848676,4.814978571859721,25.553496970776113,33.44073280487036,6.21810285507334,0.0,11.440732804870358,80.78988479610159
2018-05-23,27.75871129353534,30.534403935534495,25.83770688718537,89.47097664030905,2.3613418241081674,3.483508227198648,24.54915253214221,25.86636078643506,33.11307789608221,5.758711293535342,0.0,11.11307789608221,80.5591384957136
2018-05-24,27.520339832196537,29.81352085471118,25.696066276332466,90.44889961972598,2.4724898895394465,3.9806684915796464,16.09144504134726,25.81471998350559,32.76305017785806,5.520339832196537,0.0,10.763050177858062,80.28347487034759
2018-05-25,28.094353835938914,30.794002535160264,25.774366511740208,89.49738516327639,3.042735558640671,4.905174177581941,19.60589605842941,26.202324250577938,33.19295580116111,6.094353835938914,0.0,11.192955801161112,81.13157166692329
2018-05-26,28.443107382145232,31.221552483853447,26.320609645681177,89.32612543007183,2.554109977666445,5.20762768757168,18.620782278022574,26.513714431665694,34.092280412315255,6.443107382145232,0.0,12.092280412315255,81.69864962017091
2018-05-27,28.5521138407678,31.216576326432065,26.020313876984368,87.98764049013099,2.010563771352689,6.328081843423674,8.831386491217481,26.364985776053157,34.48203963412445,6.552113840767799,0.0,12.482039634124448,81.69380212058309
2018-05-28,28.82925333494296,32.09980322327519,25.97430071829541,86.1485453008994,2.0451940604816805,6.32354029093982,5.873362708999819,26.279330642145474,34.678072365267234,6.829253334942958,0.0,12.678072365267234,81.89399451378924
2018-05-29,29.17292931731756,33.03583690469005,25.583337961006823,79.89048168044908,1.4483968129413896,5.94822454276574,16.559881692521277,25.3417316563037,34.83046735812555,7.172929317317561,0.0,12.830467358125553,81.54050784377134
2018-05-30,29.211971992515245,33.27835637109918,24.86047383352448,79.67711595340134,1.7495442747630832,5.770663065129475,15.841721494537333,25.334684777205165,34.65427658618994,7.211971992515245,0.0,12.654276586189937,81.5713296934739
2018-05-31,28.387900042252674,31.045858634635124,26.416723607170884,89.79262147642906,2.606921591114867,2.595763167743104,31.004878372668564,26.547683501516843,34.022957758350586,6.387900042252674,0.0,12.022957758350586,81.67042217124335
2018-06-01,27.617007303675987,29.93938914709966,25.62796825013582,89.11313273374782,1.9754735317196837,4.066815132492304,13.035425242952858,25.65902799232508,33.10694279408368,5.617007303675987,0.0,11.106942794083679,80.27169510489472
2018-06-02,27.532373996499068,30.0028949115712,25.062255689020347,88.09137441902577,1.5913828695599688,5.225316019798395,18.508191585682383,25.38139653254495,33.11337551733646,5.532373996499068,0.0,11.113375517336458,79.99438794456202
2018-06-03,28.39212651656909,31.3058018953341,25.74542584656244,87.19280799179091,1.847396631858514,5.372113213013823,9.666875716786382,26.053991957714143,34.22978484709376,6.392126516569089,0.0,12.229784847093761,81.31382922081582
2018-06-04,28.38838956962637,30.757502263535944,26.22336633065733,89.29144202329935,1.7716569083117042,5.175411468582121,13.868199432606989,26.453183121933293,34.54449357337747,6.388389569626369,0.0,12.544493573377473,81.60114641825729
2018-06-05,28.348269451318888,31.382228526589003,26.011994929679485,84.8799305848977,1.5404056256413354,5.4698871189714495,22.382053479809265,25.557087156089235,34.0779367864164,6.348269451318888,0.0,12.077936786416402,80.91789698912908
2018-06-06,28.990444256654794,32.224332105993845,26.120298183135148,85.13855012977608,1.2741510231182474,6.016722375807327,10.116555803706165,26.237625397383546,35.35142338928934,6.9904442566547935,0.0,13.351423389289337,82.0144481029329
2018-06-07,29.098972656485785,31.65798575481379,26.75647431641215,85.7494006156818,1.486638498219352,6.146251276634275,10.794653829902819,26.465202903746857,35.46341987453262,7.098972656485785,0.0,13.463419874532619,82.28345907478814
2018-06-08,28.883091084686427,31.25561417275307,26.635832679422947,86.78718355767491,1.3064067121385887,5.229828937043521,7.963293293897507,26.457402743010316,35.36822929779774,6.883091084686427,0.0,13.36822929779774,82.0759397122412
2018-06-09,28.936075330476253,31.39004044184222,26.86662461519889,85.42985815174747,1.4986684372547838,5.55904591054506,17.935879760970607,26.242192102664006,35.14286991384389,6.936075330476253,0.0,13.142869913843889,81.96700880003803
2018-06-10,28.544569324560875,30.9043586648156,26.61635963059094,89.16833283032535,2.9809543067543918,3.887927615138528,43.48882175408946,26.58371418515787,33.94231722630981,6.544569324560875,0.0,11.942317226309811,81.84813211238924
2018-06-11,29.081713044003134,31.59390112874993,26.996333071769183,88.46539023359693,3.356467676706707,3.944064954427477,46.633026498460794,26.978271239260092,34.48676631212844,7.081713044003134,0.0,12.486766312128438,82.65360517255678
2018-06-12,28.9584952013038,30.954879579887734,27.24386672300356,90.07413050039234,3.1283038570652506,3.1482148729401827,56.69015874932095,27.163932465212863,34.65188706237265,6.958495201303801,0.0,12.651887062372651,82.68023412755878
2018-06-13,28.847141305003927,31.240193758676888,26.98401098569445,89.62622381843424,3.0379531598961793,3.0692945494054453,32.33454880183498,26.969125551422287,34.46858763026267,6.847141305003927,0.0,12.468587630262668,82.42614024539142
2018-06-14,29.30313635540532,32.166692219472445,26.963353051246457,89.28882960101407,3.127050159956541,3.746130234804129,16.852068570048893,27.354415154446546,35.1311718863479,7.3031363554053215,0.0,13.1311718863479,83.1493451099089
2018-06-15,29.139311281463154,31.96328423975373,26.90389147099656,88.97926721796345,3.451978028611095,3.838063397114747,27.41211021911028,27.133698172142005,34.585278961219295,7.139311281463154,0.0,12.585278961219295,82.82638019639106
2018-06-16,28.463739964990644,31.216648155972717,26.266389207460612,89.66310255326857,3.1174787227621175,3.8287732359509876,17.293401943622865,26.597983334054803,33.7754886942843,6.463739964990644,0.0,11.775488694284299,81.78097755962709
2018-06-17,29.25382567755176,32.98280678457174,26.283800929558765,86.41701333977184,2.5150359147703267,4.04515171726927,16.945181988289978,26.748860908750284,35.09065097746076,7.2538256775517596,0.0,13.090650977460761,82.63929305927778
2018-06-18,29.292403573368745,32.51152169976459,26.344183618035856,87.10186817166657,2.210607834852418,5.253854765497676,11.460721313454458,26.921040139407868,35.46034365818879,7.292403573368745,0.0,13.46034365818879,82.8054845867632
2018-06-19,29.075023238969038,31.870274642361327,26.94568902034164,89.0202426510533,2.2892279833403757,3.0321147039294987,21.46306211142633,27.078199912991575,35.29628722136164,7.075023238969038,0.0,13.296287221361638,82.72375988760393
2018-06-20,28.61715156636688,30.846387396631858,26.705177159413292,90.61722641395546,2.086092231544637,4.743615162672783,9.24886883563711,26.92937168163434,34.87725241935471,6.6171515663668785,0.0,12.877252419354711,82.17690967760339
2018-06-21,28.516160439427782,30.731241624917008,26.95597513128509,90.51231423915013,2.19023480412869,5.176010816683769,6.479130802197139,26.809926073781853,34.62126990970652,6.516160439427782,0.0,12.62126990970652,81.9897918469797
2018-06-22,28.518930403814814,30.88612482646225,26.453519647492,89.17075873724875,2.4769559968612302,5.61660035009356,12.661221102191103,26.55890590591393,34.25268180748082,6.518930403814814,0.0,12.252681807480819,81.80510168971762
2018-06-23,28.298603851029156,30.726333071769183,26.563356672903964,89.93595038329211,2.746663849821936,3.3452783243797914,32.814656244341165,26.48665409138206,33.79461267161114,6.298603851029156,0.0,11.79461267161114,81.53872454425523
2018-06-24,28.016872095128875,30.09865998672059,26.286242530331386,91.29055230277056,3.0943103760487727,3.0455233959075274,61.71911571195751,26.4620510243014,33.25268362329594,6.016872095128875,0.0,11.252683623295937,81.2444154181081
2018-06-25,28.452821874811374,31.17424880787107,26.584125067906083,89.90457234260882,2.7206307720166603,2.3115182048650933,36.49941148065432,26.63289167631163,34.06600061000059,6.452821874811374,0.0,12.066000610000593,81.79638690846684
2018-06-26,28.390245669101226,31.203383835335305,26.210929558761393,88.91825798273678,2.5853841975010567,4.690464417214945,20.99748234441963,26.38398305753169,33.93033718552438,6.390245669101226,0.0,11.93033718552438,81.55207927175107
2018-06-27,28.287805879157364,31.394868714915198,26.00099293776786,89.62425242952858,4.033409790547474,4.969855236313153,10.275335305124646,26.417107344512385,32.836363587384355,6.287805879157364,0.0,10.836363587384355,81.47708690138481
2018-06-28,27.854904931490317,30.718390776845542,25.93121385887608,90.28082211625522,3.2156884167320574,5.466063831713648,9.198810285507333,26.113601865047283,32.773490553708704,5.854904931490317,0.0,10.773490553708704,80.83112273230228
2018-06-29,28.216959014909165,31.40287559606447,25.59532685459046,87.78155972716849,2.7478765014788435,5.541533518440275,5.083139373453251,25.995552663266402,33.38570028878463,6.216959014909165,0.0,11.385700288784633,81.1023093420782
2018-06-30,28.3281867568057,31.04953340979055,26.125638920746063,88.29963481620089,3.0064218023782225,4.736355423432125,9.877910303615622,26.20457002610555,33.45394182169801,6.3281867568056995,0.0,11.45394182169801,81.36108744822245
2018-07-01,28.27380274038752,30.542769964387034,26.4757608498823,90.53055894247602,3.096801472807388,4.348610587312127,17.043618639463997,26.574024250443983,33.58361675869305,6.27380274038752,0.0,11.583616758693047,81.57907335975939
2018-07-02,28.48680449085532,31.242549043278807,26.50448723365727,90.29142814027888,3.6836983159292576,3.9498591597754578,24.16697591597755,26.73939390644611,33.49828380125643,6.48680449085532,0.0,11.498283801256427,81.90862054680647
2018-07-03,27.800144866300485,29.412462123498525,26.663234140158146,92.54524295285809,3.7611335788012323,1.8039157662823686,80.74720890927749,26.47921072747724,32.58048788012146,5.800144866300485,0.0,10.58048788012146,81.04131251559312
2018-07-04,27.930474437134066,30.048000845053423,26.253465926238913,91.76512766342731,3.5914076175529672,2.4411369167622383,55.97699523148428,26.464578885518815,32.81992531287719,5.930474437134066,0.0,10.819925312877189,81.16063669041073
2018-07-05,28.65976036699463,31.641472807388183,26.15410695961852,87.62995774732903,2.236234079797187,3.9067410877044733,11.619445886400676,26.401812848039796,34.45648233948722,6.659760366994629,0.0,12.456482339487223,81.82363027806346
2018-07-06,29.089619122351667,32.19364278384741,26.514228285145176,87.12251403392287,2.063021669584113,5.183181179453131,10.581038812096338,26.72579811103863,35.2269547935799,7.089619122351667,0.0,13.2269547935799,82.46966077928198
2018-07-07,29.087029637230643,32.16559666807509,26.53203476791212,87.08153860083299,2.222361924307358,5.824521210840828,6.714952616647554,26.715257289842096,35.10564450233075,7.087029637230643,0.0,13.105644502330748,82.4593150926453
2018-07-08,28.835847769662585,31.659291362346835,26.731626727832435,88.75671334580792,3.3622635359449506,5.158309633608981,4.603161103398323,26.792089931227835,34.10868376713246,6.8358477696625854,0.0,12.108683767132462,82.2814622396867
2018-07-09,28.846817770266195,31.940228164423253,26.45645681173417,88.64404539144081,3.0828961187903663,5.09312797730428,5.046455604515001,26.78129371158431,34.307844113749766,6.846817770266195,0.0,12.307844113749766,82.28369791810647
2018-07-10,28.638143900525144,31.252362527916944,26.516808716122416,89.68492605782582,2.7793650027162435,4.969160686907708,12.168972052876201,26.774136662692793,34.30652758881942,6.638143900525144,0.0,12.30652758881942,82.07998394961292
2018-07-11,28.899384318222978,31.746286593831112,26.688937043520255,88.53349852115652,2.393004164906139,5.63784563288465,3.6940840224542777,26.811837999335836,34.86427802366593,6.899384318222978,0.0,12.864278023665932,82.35631965552912
2018-07-12,28.59875897869258,31.01883925876743,26.712218265226053,89.48761212048048,2.5001261544033317,5.661259594374358,5.124442566547957,26.697853957771457,34.41056865740849,6.5987589786925795,0.0,12.41056865740849,81.98513754372837
2018-07-13,29.026285990221528,31.78312971569989,26.773441178245914,87.96364036940908,2.0678137260819702,5.3034264924247,4.308883925876743,26.826906591112426,35.22926636737511,7.0262859902215276,0.0,13.22926636737511,82.48684240001694
2018-07-14,29.302593106778538,32.32261483672361,26.848324983400737,86.53257982736767,1.9354421440212475,6.285102444618821,6.693050642844209,26.819466035815093,35.593437569550396,7.302593106778538,0.0,13.593437569550396,82.73767276189376
2018-07-15,29.33182833343394,32.46125912959498,26.64771171606205,87.40808655761454,3.011626124222853,5.558535733687451,3.911432365545965,27.019553087284102,35.007068340544755,7.33182833343394,0.0,13.007068340544755,82.91708810106951
2018-07-16,28.983495503108596,32.26809983702542,26.915232691495138,88.55386249773647,3.717755175952195,5.211104955634696,14.65694573549828,26.89857730776145,34.080646449177394,6.983495503108596,0.0,12.080646449177394,82.50104495767324
2018-07-17,28.914614595279776,31.88285990221525,26.568876682561722,88.14862980624135,3.4050950685096883,4.326812162733145,19.99933361501781,26.752745106043154,34.13068285815597,6.914614595279776,0.0,12.130682858155971,82.32612556361966
2018-07-18,29.554664091265774,32.85521216876925,26.690029576869676,86.28098509084325,2.177294621838595,5.661485042554476,13.88640067604274,27.017349805098338,35.81265600800448,7.554664091265774,0.0,13.812656008004481,83.119324738165
2018-07-19,30.680438824168533,34.22138105873121,27.33342970966379,82.113462908191,1.201055713164725,6.63305011770387,0.631057523993481,27.274615308544764,37.80216114009873,8.680438824168533,0.0,15.802161140098733,84.31278315450919
2018-07-20,29.94564857849943,32.99218868835638,27.26776000482888,88.04943924669524,2.2082622080038634,5.604488809078288,5.140255930464177,27.748141319377325,36.69742895700769,7.94564857849943,0.0,14.697428957007688,84.04437526343014
2018-07-21,28.651968370857734,31.395315989617917,26.454218023782218,89.35838051548261,4.2475402909398206,4.020141938793989,31.38552604575361,26.725753736021744,33.25963986745326,6.651968370857734,0.0,11.25963986745326,82.05690282446346
2018-07-22,28.334939940846265,30.930702601557318,26.56626908915314,89.73027826401885,4.604811975614173,4.1806460735196485,25.871931550673025,26.483653428884654,32.52826450344984,6.334939940846265,0.0,10.52826450344984,81.57181233752226
2018-07-23,28.271025532685464,30.98684734713587,26.157153980805216,90.43262147642905,3.1659926359630592,2.6559273314420238,46.21706464658659,26.55290507313023,33.518134386240725,6.271025532685464,0.0,11.518134386240725,81.56075244102064
2018-07-24,27.988370857729223,30.229881692521282,26.397661012856886,91.92893161103399,2.363078408885133,1.9907217601255511,66.77971932154284,26.552123748761215,33.79669086950623,5.9883708577292225,0.0,11.796690869506229,81.28234083903894
2018-07-25,28.175052212229126,30.60850546266675,26.29575421017686,90.8177919961369,2.531204201122714,2.8668970543852237,53.717948331019514,26.53026418058068,33.851131575716,6.175052212229126,0.0,11.851131575716003,81.4502400352448
2018-07-26,27.951489708456574,30.467443713406173,25.839662582241814,90.44191827126217,2.8334031508420354,2.902706356008934,62.1077388784934,26.239141005426806,33.2209127075331,5.951489708456574,0.0,11.220912707533103,81.01741901342606
2018-07-27,28.11681897748536,30.60400253516026,26.142524898895402,90.51686062654676,2.845725236916762,3.256239488139072,56.74443170157544,26.416433833201655,33.49612350636916,6.116818977485359,0.0,11.496123506369159,81.30948909823442
2018-07-28,28.05001690106839,30.508770447274703,26.067596426631262,90.81276513551035,2.7498672058912303,3.031017721977425,50.488821754089464,26.405801367181294,33.48922429761341,6.050016901068389,0.0,11.489224297613411,81.23597131017942
2018-07-29,27.979540653105577,30.297390595762664,26.21945494054446,91.56692038389569,2.8610478662401166,4.146767507696023,43.213090481076854,26.47642370521349,33.38825945541569,5.979540653105577,0.0,11.388259455415692,81.21799970081238
2018-07-30,28.013552242409613,30.190876441117886,26.191130560753308,90.73462606386191,2.476838896601678,4.063445101708216,15.39432486267882,26.355184600937886,33.609965256706495,6.013552242409613,0.0,11.609965256706495,81.16304751508653
2018-07-31,27.628015935293057,29.792545421621295,25.912878614112394,91.00917728013522,2.435398080521519,4.36756829842458,22.51979356552182,26.025427727990987,33.034499700585,5.628015935293057,0.0,11.034499700585002,80.54112122142985
2018-08-01,27.999311281463154,30.974324259069235,25.805277358604457,89.50464537936863,3.100966982555683,3.291866517776302,32.542932938975085,26.109975488244253,32.99595834546229,5.999311281463154,0.0,10.995958345462292,80.97146436168059
2018-08-02,27.723496106718173,30.454961670791334,25.755522424096096,90.02507394217422,3.221812639584717,2.7503948029214706,23.205713164725058,25.93592827780586,32.52091573426708,5.723496106718173,0.0,10.520915734267078,80.57328410713026
2018-08-03,27.93022273193699,30.81364821633368,25.824857246333078,89.82047141908616,3.037726202692099,3.800511160741233,22.064345385404728,26.10143093828718,32.96542867387874,5.93022273193699,0.0,10.96542867387874,80.89708802742776
2018-08-04,28.426171908009902,31.397547534254848,26.03659503832921,89.17328001448665,2.2863137562624494,4.341207744310981,12.729556950564376,26.46796065820103,34.23198740605519,6.426171908009902,0.0,12.23198740605519,81.64853507725086
2018-08-05,28.71602885253818,31.519200217299453,26.419078891772806,88.92804973742983,1.7916267278324383,4.223037109917305,8.340429166415163,26.70683806817763,35.03002769099093,6.71602885253818,0.0,13.030027690990927,82.1037883404405
2018-08-06,28.258386551578443,30.243797307901254,26.523314420232992,88.25502323896904,1.8835166294440757,4.924199565401099,10.33541860324742,26.12730513797873,34.11896042015457,6.258386551578443,0.0,12.118960420154572,81.23743151290446
2018-08-07,28.15840526347559,30.702572584052643,26.151552483853443,89.33562383050645,2.3524409971630353,5.735691543429711,5.394013400132795,26.234842150899727,33.7618624008913,6.15840526347559,0.0,11.761862400891303,81.21788138203561
2018-08-08,27.898414317619363,30.768640671213863,25.78499728375687,89.26926057825797,2.3515790426751986,5.587090951892317,2.9075185609947485,25.965961984961314,33.324836324785196,5.898414317619363,0.0,11.324836324785196,80.768666105224
2018-08-09,28.324617009718114,31.212977606084387,25.912873181626125,87.84473893885435,2.0481312247238486,5.367592267761211,1.8484970121325526,26.113628585972393,34.06099810845269,6.324617009718114,0.0,12.060998108452686,81.29173706819668
2018-08-10,28.849435625037728,32.052139192370376,26.134497495020224,86.93260276453191,1.7256636687390596,5.473211885072735,2.858038268847709,26.45274247666994,35.03792714834722,6.849435625037728,0.0,13.037927148347222,82.04081897366099
2018-08-11,28.480257137683346,30.95974769119334,26.57295768696807,89.69316955393253,2.243251041226535,4.872452852055291,9.199126576930041,26.61996887295466,34.41887172966193,6.4802571376833455,0.0,12.41887172966193,81.8132346182787
2018-08-12,28.414104545180177,30.973393493088672,26.373588458984727,88.95703446610733,1.9138329208667837,4.529317220981469,8.596391018289369,26.4148845333077,34.44500915372341,6.414104545180177,0.0,12.445009153723412,81.59781544651639
2018-08-13,28.920711052091512,31.95593227500453,26.18893583630108,87.34811613448423,1.8674225870706829,5.107512180841432,6.599193577594013,26.603722837345167,35.11187254756923,6.920711052091512,0.0,13.111872547569227,82.22013639500699
2018-08-14,28.845920806422413,31.288902034164302,26.580512464537943,88.56653045210359,1.9087354379187542,5.447046170097181,6.007996619786324,26.76553445096136,35.11809531120003,6.845920806422413,0.0,13.11809531120003,82.27098749524481
2018-08-15,28.624289853322875,31.100826341522303,26.863429106054205,89.65603971751074,2.7737798032232757,5.42179511076236,12.192366753184041,26.754994912288346,34.28350090389823,6.624289853322875,0.0,12.28350090389823,82.0523668430873
2018-08-16,28.554636928834434,31.10653045210358,26.56409368020764,88.94657813726083,2.2870079072855676,5.573215355827851,8.616031266976519,26.551359028870063,34.41629333580544,6.554636928834434,0.0,12.416293335805442,81.83377473901885
2018-08-17,28.55888271865758,30.992163336753787,26.369066215971515,87.72693969940244,1.5392448844087647,5.497575553811795,10.998985935896663,26.321348439170333,34.789588916426354,6.558882718657578,0.0,12.789588916426354,81.66826067963191
2018-08-18,29.280157542101776,32.19883925876743,26.578749320939217,85.88789159171849,1.2264972535763872,5.563200295768697,10.463895696263656,26.670314733770088,35.96551592401618,7.280157542101776,0.0,13.96551592401618,82.60437961211872
2018-08-19,29.34913502746424,32.435695056437496,27.11642602764532,87.73336391621899,1.9933548620752095,4.499736578740871,21.374912778414924,27.099866950533624,35.79285190835944,7.349135027464239,0.0,13.792851908359438,82.99468705794357
2018-08-20,28.895373332528518,32.03802921470393,26.618350938612906,89.14761815657633,2.7171334580793145,4.03594403331925,24.76417456389208,26.925513862370664,34.7113925475065,6.895373332528518,0.0,12.711392547506499,82.43857873487553
2018-08-21,28.458460191947857,31.176499064405146,26.364321241021308,90.22718235045573,2.6945488018349733,3.837182157300658,11.46402185066699,26.69931573819431,34.135017767419676,6.458460191947857,0.0,12.135017767419676,81.8513206666133
2018-08-22,28.833972958290577,31.71619001629746,26.574123860686907,88.94851934568722,2.522518862799542,4.73856494839138,9.686401883261908,26.826959868033395,34.71848807728203,6.833972958290577,0.0,12.718488077282032,82.30598359578882
2018-08-23,28.627062835757837,31.28453310798575,26.69815717993602,90.44587915736102,2.3863747208305672,4.217421904991852,14.3228206675922,26.90694086491829,34.661542799603815,6.627062835757837,0.0,12.661542799603815,82.16944232867763
2018-08-24,28.15733687450957,30.131713647612727,26.723869137441906,91.65324681595945,2.309654131707612,3.429145204321845,16.386971087100864,26.66826327229336,34.081887537922995,6.157336874509571,0.0,12.081887537922995,81.53491542050492
2018-08-25,28.597548741474014,31.570697169071046,26.193557071286293,89.42073881813243,2.141943019255146,5.38009182109012,18.595845958833827,26.68395653097562,34.6506339718785,6.597548741474014,0.0,12.650633971878499,81.97359197186974
2018-08-26,28.578372064948393,31.654490251705194,26.039108468642485,87.12666324621236,1.9632981227741897,5.330952677008511,9.733682018470455,26.22418998276562,34.44759428601329,6.578372064948393,0.0,12.447594286013292,81.61584013478134
2018-08-27,28.1340544455846,30.399535824228895,26.45605118609284,90.07572523691677,2.637668256171908,4.599696474920021,3.983624675559848,26.350615308462313,33.614960130644135,6.134054445584599,0.0,11.614960130644135,81.27829270276101
2018-08-28,28.26353715216998,31.180714070139437,25.99850666988592,90.03271262147643,2.891164966499669,4.691138099837026,9.254985211565161,26.470296803619753,33.64735504939852,6.263537152169981,0.0,11.64735504939852,81.49254828512079
2018-08-29,28.41624434116014,31.520786503289674,26.00314359872035,88.73590330174443,2.735421017685761,4.944125466288405,7.5837888573670575,26.37478907673238,33.845184489186636,6.416244341160141,0.0,11.845184489186636,81.5704364980362
2018-08-30,28.3675535703507,31.167179332407805,26.11862558097423,89.24484879579889,2.3900012072191705,4.417669735015393,12.592072795315993,26.423790438322115,34.071063668745765,6.367553570350701,0.0,12.071063668745765,81.55936492061225
2018-08-31,28.730397778716725,31.84256051186094,26.208870042856283,88.59178245910547,2.1789563590269814,5.241166819581096,9.66521880847468,26.65661493515944,34.73914133506799,6.730397778716725,0.0,12.739141335067991,82.0798730486186
2018-09-01,28.01730367598238,30.508372064948393,26.27810406229251,91.2331254904328,2.626532262932336,4.572655713164726,20.389442264743163,26.45180273945246,33.573674520287554,6.0173036759823795,0.0,11.573674520287554,81.23733469190822
2018-09-02,27.94292871370798,30.636431460131593,25.779103036156215,89.769770024748,2.9378221766161654,3.613613363916219,18.608067845717393,26.104412046549847,33.05004739735147,5.942928713707978,0.0,11.05004739735147,80.9117989318776
2018-09-03,28.149347498038267,30.938699824953225,25.916788193396513,89.79887426812338,2.340891531357518,4.253794597694212,14.131812035975132,26.313532332881792,33.81325650461369,6.149347498038267,0.0,11.81325650461369,81.26623727088136
2018-09-04,28.713585440936804,31.952825496468883,25.87792297941692,86.0045023238969,1.3122683648216336,4.727133808172875,13.246064465503714,26.137496743471214,34.98124052626043,6.713585440936804,0.0,12.981240526260429,81.6811962759329
2018-09-05,28.392437979115112,31.692430132190506,26.06912355888212,87.84766222007606,2.223975372728919,5.578588428804251,14.647013943381422,26.180912452268547,34.05029169154334,6.392437979115112,0.0,12.050291691543343,81.40598003553876
2018-09-06,27.70165207943502,30.917957385163277,25.214813182833343,88.43092593710391,3.852875596064466,4.615995116798456,9.513737550552303,25.612834396393986,31.84774487517314,5.701652079435021,0.0,9.847744875173142,80.32409576232445
2018-09-07,27.81270356733265,31.12057342910606,25.389532806180963,88.15136898653952,3.1318965413170763,4.721337586768879,4.87958350938613,25.668767508572998,32.499621877834144,5.812703567332651,0.0,10.499621877834144,80.47364466657628
2018-09-08,28.146741715458447,31.610620510653707,25.066866662642603,87.00846924609165,2.063820848675077,5.103051880243859,2.4296257620571016,25.777086177798598,33.65172216859377,6.146741715458447,0.0,11.651722168593771,80.87822291020106
2018-09-09,27.769095792841195,30.233392285869506,25.81082754874148,88.83057584354441,1.9431882658296615,5.007645421621297,3.500677249954729,25.755317751669303,33.34402147655685,5.7690957928411954,0.0,11.344021476556847,80.49112141212885
2018-09-10,27.884111184885622,30.615881571799363,25.77542584656245,88.78338624977366,2.327166656606507,3.296978095008149,13.38573489467013,25.859654279918903,33.25815885483088,5.884111184885622,0.0,11.258158854830882,80.67893946353443
2018-09-11,27.862471781251887,30.478151747449747,25.884821633367544,89.69169131405808,2.3778608076296255,3.4919418844691257,18.519487535462066,26.010329241630846,33.29955671793212,5.862471781251887,0.0,11.29955671793212,80.76469605828413
2018-09-12,27.704323051850068,30.187059214100323,25.90721373815417,90.92970966378947,2.4001146858212112,2.9526941993118854,34.85692762721072,26.08605448895818,33.17548325475053,5.704323051850068,0.0,11.175483254750532,80.66104076525994
2018-09-13,27.907314540954914,30.64804370133398,25.931969578076902,90.33550069415104,1.9497833041588706,3.2689177099052333,38.40469608257379,26.17558956757806,33.75307154679955,5.907314540954914,0.0,11.753071546799553,80.92775185366942
2018-09-14,27.957351964749204,30.373177400857124,26.001324923039782,88.84713889056559,1.4388483129112093,3.8732595098690172,20.0193873362709,25.943935161434784,34.00832507571634,5.957351964749204,0.0,12.008325075716343,80.81120090180292
2018-09-15,28.481363554053242,31.41325949176073,25.690948874268127,84.64624313394098,0.8563203959678882,4.826044051427538,4.528704050220318,25.640962396849837,34.74393722068741,6.481363554053242,0.0,12.743937220687407,81.10443607378065
2018-09-16,28.42607834852418,31.850059153739362,25.40401581457114,84.24503772559908,1.13070682682441,5.605676748958772,1.7347914528882724,25.506771763641126,34.41038409198389,6.426078348524179,0.0,12.410384091983893,80.95713767495562
2018-09-17,28.99245850184101,32.72129896782761,25.40634091869379,83.78731816261244,1.2382157300657937,5.9471007665841755,1.4001593529305247,25.968907561476524,35.20129072061785,6.992458501841011,0.0,13.201290720617848,81.82059643415752
2018-09-18,28.938296010140643,32.17828695599687,25.852128931007428,84.29107442506185,1.3199052332951047,5.9050268244099735,0.22270960342850246,26.017262428260867,35.121613473169276,6.938296010140643,0.0,13.121613473169276,81.80512271815596
2018-09-19,28.672887668256177,31.77825436107926,26.048570652501965,86.40496468883927,1.2290155127663427,5.601587052574395,1.6635365485603915,26.176187588781072,35.02437602484385,6.672887668256177,0.0,13.024376024843853,81.67079368443939
2018-09-20,27.941323715820612,30.214752218265225,26.346586587795016,89.46518742077625,1.9103941570592144,4.6051286050582485,13.483136355405327,26.04533545021551,33.728722003193276,5.941323715820612,0.0,11.728722003193276,80.86782961426943
2018-09-21,27.555722822478426,30.653955453612607,25.4683515422225,89.68011830747874,2.2695708335848375,4.915460336814149,7.244561477636266,25.705579910508703,32.86977758375715,5.555722822478426,0.0,10.869777583757148,80.24264604938537
2018-09-22,27.96621536790005,31.259744673145413,25.485144564495688,84.34991247661013,0.9944492062533954,5.036528309289552,0.8487505281583874,25.0776235579081,33.77396474392065,5.966215367900048,0.0,11.77396474392065,80.21606308353216
2018-09-23,28.090788917728016,31.44115530874631,25.05555019013702,84.47256956600471,1.3155707128629204,5.387615941329148,1.2986370495563475,25.223979458274325,33.765779493986365,6.090788917728016,0.0,11.765779493986365,80.43759232684508
2018-09-24,28.00957385163277,31.04437134061689,25.44229130198588,85.95627572885859,1.6539361381058735,4.370897120782279,3.842182048650933,25.437304539396212,33.58284531314146,6.009573851632769,0.0,11.582845313141462,80.50594190673831
2018-09-25,27.78558580310256,30.44101044244583,25.647482948029218,88.33581879640249,2.087473893885435,3.8773305607533057,9.724142572584054,25.677327395244948,33.2090954208742,5.78558580310256,0.0,11.209095420874199,80.4527354623477
2018-09-26,27.68959014909157,30.501602583449028,25.59554536126034,87.56630711655703,1.53381662340798,3.986461399167019,6.230172028731817,25.435433712688457,33.345433631475984,5.689590149091568,0.0,11.345433631475984,80.18887544375849
2018-09-27,28.00596969879882,31.25287378523571,25.245149393372365,85.58754451620692,1.2069777268063018,4.342272378825376,9.384035733687451,25.36141081255413,33.843831075548124,6.005969698798818,0.0,11.843831075548124,80.44979113186011
2018-09-28,28.595665479567817,31.592141606808717,25.638378704653835,81.68483974165511,0.8527089998189172,4.741514245186213,6.1500084505341945,25.153235635266096,34.55064321771602,6.595665479567817,0.0,12.550643217716022,80.87223898090068
2018-09-29,28.986387396631866,32.33621355707129,25.864833101949664,80.19074907949539,0.9231767972475402,4.7810895816985575,1.465206132673387,25.223445538257906,34.936599111298335,6.986387396631866,0.0,12.936599111298335,81.2860432343017
2018-09-30,28.693392285869503,32.27103820848675,25.470598177099056,80.48605903301745,1.1675722822478425,4.946402245427659,0.841158930403815,25.000165745491376,34.33230576437988,6.693392285869503,0.0,12.332305764379882,80.85890198172129
2018-10-01,28.4526027645319,32.27657330838414,24.935197682139197,77.78902275608137,1.0962189895575543,5.307272644413593,0.9982676404901312,24.19610883397594,33.65062700211604,6.4526027645319,0.0,11.650627002116039,80.09346457394895
2018-10-02,28.15837749743466,32.14058912295528,24.581605601496953,76.6704321844631,1.305043761694936,5.58914551819883,0.08065612361924308,23.67015039715786,32.90005095226697,6.15837749743466,0.0,10.900050952266973,79.4753094868008
2018-10-03,28.09038691374419,31.69874932093922,24.236774310376052,77.24237822176616,1.0371805396269695,4.961009802619666,0.4297645922617251,23.72787512277086,33.05309808488224,6.09038691374419,0.0,11.053098084882237,79.44708997093281
2018-10-04,28.244693668135454,32.13716786382569,24.259623347618763,76.271612844812,1.0191126939095794,5.038013472565945,2.336224422043822,23.66695259071682,33.18473825507746,6.244693668135454,0.0,11.184738255077463,79.55532608861884
2018-10-05,27.969309470634396,31.707871672602167,24.421637592804974,77.18666264260278,0.9378372668557978,5.038483014426269,1.323176193637955,23.59867732611716,32.92640382043245,5.969309470634396,0.0,10.926403820432448,79.24914470053685
2018-10-06,28.131643628900832,31.544860867990586,24.894045995050405,74.67133276996441,0.8603712198949721,5.0589430433995295,2.246754391259733,23.206120664773678,32.918191952252755,6.131643628900832,0.0,10.918191952252755,79.15891621204281
2018-10-07,27.894982193517237,31.33418482525503,24.483487052574397,72.78346592623892,0.831907406289612,5.133236234683407,0.8648113720045875,22.555369542813906,32.33854633994759,5.894982193517237,0.0,10.338546339947591,78.53810152138442
2018-10-08,27.66940423733929,31.3042150057343,23.98485784994266,73.41812156697048,0.8716762238184343,5.191318216937286,0.14104786624011592,22.48148506803597,32.044547894119894,5.66940423733929,0.0,10.044547894119894,78.27767072405393
2018-10-09,26.600283696505105,30.26935836301081,23.612261121506613,79.86781372608199,1.3557234260880064,3.966828387758798,9.108212108408287,22.835953425393885,30.83092314088573,4.600283696505105,0.0,8.83092314088573,77.42432681398233
2018-10-10,25.435307539083723,28.55527735860446,23.004597090601802,87.47766704895275,1.926553992877407,2.8916032293112814,14.62812760306634,23.20159980513942,29.47060938093442,3.4353075390837233,0.0,7.47060938093442,76.40167561813462
2018-10-11,24.620925937103884,26.455539928774073,23.265126456208126,92.42208064224063,2.512727108106477,1.8491674111184888,30.364023057886165,23.308669040692436,28.30604403287976,2.620925937103884,0.0,6.306044032879761,75.54313316165695
2018-10-12,25.09224723848615,27.851107623589066,22.9349302830929,90.27985513369954,2.2619303434538542,1.8176426148367237,10.509740447878313,23.385979862927933,28.997491835660426,3.0922472384861486,0.0,6.997491835660426,76.12674310823121
2018-10-13,24.920289732600953,26.93635661254301,23.208264018832615,91.56913623468343,2.168631013460494,2.076332281040623,7.198229613086256,23.451215008329488,28.928088843866163,2.9202897326009527,0.0,6.928088843866163,75.96957022360954
2018-10-14,25.511625520613272,29.07613931309229,22.83453914408161,86.39997344117826,1.9395853202148854,4.224583213617433,10.755470513671758,23.071450483566917,29.464362002080293,3.511625520613272,0.0,7.464362002080293,76.40974191518367
2018-10-15,25.689336633065736,30.095301502987873,21.663928291181268,78.21215971509629,1.3042645017202874,5.052534496287802,1.1638057584354442,21.607074332813628,29.29394407280052,3.689336633065736,0.0,7.293944072800521,75.78110330468084
2018-10-16,25.188164423251045,29.446799661978638,20.7168461399167,74.14754391259734,1.0913901128749925,5.316034327277118,0.03592382447033259,20.25397526469495,28.26194162817236,3.1881644232510453,0.0,6.261941628172359,74.54969049169411
2018-10-17,25.13281523510593,29.266251584475164,20.729386732661318,71.1939560572222,0.9842844208366032,5.141327494416613,0.000688114927265045,19.544332230189127,27.94456895571938,3.13281523510593,0.0,5.9445689557193795,74.14736795026892
2018-10-18,25.268149936620993,29.842370374841554,20.370242047443714,74.71525623226897,1.073255266493632,5.014428502444621,1.2116206917365848,20.45468333653054,28.452359089658295,3.2681499366209934,0.0,6.4523590896582945,74.73468602215036
2018-10-19,25.75026679543672,30.11231182471178,21.027380334399716,76.69097120782277,1.035347377316352,4.758188054566308,3.128594796885375,21.345094662595734,29.40771718587864,3.750266795436719,0.0,7.407717185878639,75.70484327644883
2018-10-20,25.886544335124043,30.32199794772741,21.384665298484947,76.78488139071649,1.0970857729220742,4.89884602523088,0.0032957083358483735,21.49694438167505,29.579161898889424,3.886544335124043,0.0,7.579161898889424,75.9291649117163
2018-10-21,25.803743586648157,30.417994808957566,21.58313273374781,75.8484420836603,1.1492515241142032,4.93633947606688,0.02232751856099475,21.216522753355353,29.315722308805505,3.8037435866481566,0.0,7.315722308805505,75.69255671900648
2018-10-22,25.676198466831657,30.477447335063683,21.291324319430196,74.1123444196294,1.077832437979115,5.053577231846442,0.0016478541679241867,20.71649261577055,28.98652916296895,3.676198466831657,0.0,6.986529162968949,75.29801381864456
2018-10-23,25.449900404418425,29.965484396692222,21.315213375988407,75.77786744733505,1.2149031206615561,4.9234018289370445,0.002746423613206978,20.85949636672359,28.735358407383693,3.4499004044184254,0.0,6.735358407383693,75.13329920505748
2018-10-24,24.94088066638498,29.69688899619726,20.569492967948335,74.92610188929802,1.2930548681113059,4.929769873845598,0.180938612905173,20.184640197919414,27.83981537308235,2.940880666384981,0.0,5.839815373082349,74.25057552123292
2018-10-25,24.196650570411062,29.489619725961248,19.533020462364945,71.33024687632042,1.3840484094887429,5.074241751675017,0.0,18.677297790342635,26.33355958738945,2.1966505704110624,0.0,4.333559587389448,72.74529549381352
2018-10-26,24.222936560632583,29.66899619725962,19.01673085048591,70.8334743767731,1.1878517534858457,5.092102172994507,0.0,18.590719604642967,26.458840174618267,2.222936560632583,0.0,4.458840174618267,72.73627650022843
2018-10-27,24.9195436711535,29.40448180117101,20.276786986177342,71.88647250558338,1.040797368262208,4.801599372246032,1.0265775336512346,19.495605152643368,27.668926377108818,2.9195436711535017,0.0,5.668926377108818,73.8977638057994
2018-10-28,24.515248385344364,28.663238365425247,20.955844751614656,79.15798032232755,1.5644775759039053,2.3450200398382326,4.158666626426028,20.66340538410191,27.45774786351691,2.515248385344364,0.0,5.457747863516911,74.01922503470094
2018-10-29,23.81720287318163,27.691619484517414,20.75040140037424,83.56236977123199,1.5111782459105454,2.5045172632341406,3.6353159896179164,20.863211200675753,26.895887825102008,1.8172028731816283,0.0,4.895887825102008,73.32300018554042
2018-10-30,23.452020884891652,27.213975976338507,20.80885857427416,86.91591839198408,1.656145349188145,3.0996806060240236,1.9047999034224667,21.14597981855551,26.57145976484272,1.4520208848916525,0.0,4.5714597648427215,73.0292637930511
2018-10-31,24.419246091627937,28.659814691857314,20.986968672662524,84.7975209754331,1.4945053419448304,4.563368932214645,0.4566366873905958,21.691968247321544,27.93397223383146,2.4192460916279366,0.0,5.9339722338314616,74.4314691794308
2018-11-01,25.636214764290454,30.255675740930773,21.082128931007425,78.94947787770869,1.0661966560028973,5.206297513128509,0.0012373996499064404,21.709083961213747,29.46068404507406,3.636214764290454,0.0,7.460684045074061,75.77990470105769
2018-11-02,25.89796221403996,29.78860566185791,22.07879278082936,75.4357361018893,0.7334037544516208,4.847625840526348,0.09326190619907046,21.218527524771613,29.70212957853404,3.8979622140399606,0.0,7.702129578534041,75.7919422041101
2018-11-03,25.40001931550673,29.364334520432188,21.641301985875536,76.58039717510715,0.9737677310315689,4.62463165932275,1.3048832015452407,20.98272759880687,28.9160718753134,3.4000193155067286,0.0,6.916071875313399,75.14387393355894
2018-11-04,24.878122170580067,29.50004587432849,20.844714794470935,79.87998732419872,1.322171183678397,4.171949351119697,1.302080642240599,21.16386264809722,28.241530871180778,2.878122170580067,0.0,6.241530871180778,74.67242039813746
2018-11-05,25.03133880606024,29.74782278022575,20.83823685640128,82.25554475765075,1.5615072131345447,3.973219870827549,1.2656835878553752,21.792085088958157,28.552152927679323,3.0313388060602406,0.0,6.552152927679323,75.16993669480456
2018-11-06,25.2601110641637,29.460001207219168,21.897220981469186,78.80596547353173,1.3631713647612729,3.5529431037604886,7.991540411661738,21.314181454270436,28.671845217193138,3.2601110641636986,0.0,6.6718452171931375,75.166504226943
2018-11-07,23.938978088972053,28.701905595460858,19.986908311703992,77.15838292992095,1.4024603126697655,3.7726259552121695,2.376970483491278,19.690412278269186,26.52547063246298,1.9389780889720534,0.0,4.52547063246298,72.91130371266796
2018-11-08,22.63537997223396,28.438142089696385,18.04647129836422,75.89754874147401,1.3933373573972356,4.344136482163337,0.13229311281463152,18.165026198600525,24.540443221573994,0.6353799722339595,0.0,2.5404432215739945,70.75875550625904
2018-11-09,22.625434900706225,27.69655459648699,18.053314420232994,70.60889539445886,1.1518591175227866,4.548388259793565,0.0,17.009455147285276,24.216230461183045,0.6254349007062245,0.0,2.216230461183045,70.30823664534395
2018-11-10,22.788175891833163,27.794366511740208,17.827062232148247,68.5723353654856,1.0034767912114446,4.540670236011349,0.0,16.703349118892607,24.36001862588875,0.7881758918331627,0.0,2.360018625888749,70.38250881706118
2018-11-11,22.74927325405928,27.826646948753545,18.308238063620454,71.5528786141124,1.1584620027766042,4.632475547775699,0.0,17.3382574814637,24.469903596224995,0.749273254059279,0.0,2.469903596224995,70.573563959885
2018-11-12,22.906764652622684,27.846291422707793,17.6885567694815,72.96675922013644,1.0848337055592443,4.628606706102493,0.0,17.80000109021515,24.871934476144126,0.9067646526226838,0.0,2.8719344761441263,70.93252220360102
2018-11-13,23.054634514396092,27.979813484638136,18.22660469608258,70.55335003319854,1.1174998490976036,4.511103923462305,0.0,17.408222013829697,24.833037961549344,1.054634514396092,0.0,2.833037961549344,70.94984219455276
2018-11-14,23.121075028671456,28.225457837870472,17.705813967525803,69.85618760185912,0.9778674473350639,4.04901323112211,0.0,17.31454606399278,24.958574618236938,1.1210750286714557,0.0,2.9585746182369377,70.98907055586479
2018-11-15,23.112208003863103,28.680638015331688,17.853995895454823,72.32493571557916,1.2124343574575964,3.8766441600772623,0.0,17.857083293981052,25.01237816491058,1.1122080038631026,0.0,3.0123781649105794,71.19086524129202
2018-11-16,23.39722218868836,29.203850425544758,17.80908854952617,70.56688959980686,1.2724609162793505,4.041542174201727,0.0,17.739468222689236,25.205789002519353,1.3972221886883602,0.0,3.205789002519353,71.46683759989173
2018-11-17,22.86018832619062,28.168770447274706,18.278340073640372,72.37903663910184,1.4530307237278928,3.592557505885194,0.00550491941812036,17.626777201456676,24.49464469601712,0.8601883261906202,0.0,2.4946446960171187,70.81155346930302
2018-11-18,21.531386491217482,27.48703446610733,16.735503712198952,73.72096336089818,1.2970024747993,3.982358743284843,0.0023359690951892317,16.63866146835012,22.871319859585125,0.0,0.46861350878251784,0.8713198595851246,68.88243601528846
2018-11-19,20.785806724210783,26.895570712862924,15.653964507756385,71.16485483189474,1.41544697289793,4.104528834429892,0.0,15.368774016879511,21.55620453355974,0.0,1.214193275789217,0.0,67.5730954644986
2018-11-20,21.244471539808053,26.68544093680208,16.517595823021672,68.05961248264624,1.0856196052393312,3.882837689382508,0.0,15.112406665604144,22.15197941444116,0.0,0.7555284601919467,0.15197941444116125,68.05389803832482
2018-11-21,21.05486328242893,27.05574274159474,16.137117160620512,73.48798756564256,1.346857608498823,3.9223140158145715,0.0,16.129908735001884,22.160668853687035,0.0,0.9451367175710708,0.1606688536870351,68.13441572744503
2018-11-22,21.54217299450715,27.403682018470455,16.536459226172514,73.24786503289674,1.2325532685459049,4.129044105752399,0.0,16.5476765321326,22.89122863542413,0.0,0.4578270054928488,0.891228635424131,68.86522763103832
2018-11-23,21.92482706585381,26.751303796704292,17.06033077805276,71.4764634514396,0.9534351421500575,4.180424560874028,0.0,16.53016082595687,23.462577943249684,0.0,0.07517293414619175,1.4625779432496842,69.31834192019207
2018-11-24,21.756491217480534,27.218171062956486,16.514813182833347,72.00173356672904,1.1420480473229917,4.082871075028672,0.0,16.483747061517757,23.14383959989248,0.0,0.2435087825194664,1.1438395998924804,69.10199418025458
2018-11-25,21.72915796462848,27.594895877346534,16.414091869378886,73.01873604152834,1.1538938854349008,4.442486943924669,0.0,16.678294943591492,23.18512135271738,0.0,0.2708420353715191,1.1851213527173812,69.13498487996151
2018-11-26,21.64836482163337,27.275554415404116,16.250011468582123,73.33042433753849,1.0146109736222613,4.530958230216696,0.0,16.667643737555213,23.19754596520473,0.0,0.3516351783666316,1.1975459652047284,69.03394853854331
2018-11-27,21.97284360475645,27.833293293897512,16.58238667230036,74.50987082754875,1.2359256352990888,4.624732365545966,0.0,17.232253963830114,23.595186769576753,0.0,0.0271563952435514,1.5951867695767525,69.62079087168148
2018-11-28,21.805098086557617,27.754858453552245,16.33862980624132,74.54980925937103,1.090924729884711,4.60891764350818,0.0,17.07892145357819,23.466242304238605,0.0,0.19490191344238283,1.4662423042386052,69.36456496824414
2018-11-29,22.097897024204745,27.679767006700068,16.750194362286475,66.6534828273073,0.8553540170217903,4.50093724874751,0.0,15.600019131685924,23.34704939668953,0.09789702420474455,0.0,1.3470493966895312,69.20923409045591
2018-11-30,21.280662159715096,26.78529365606326,16.278294802921472,66.30144926661436,1.0503778596004105,4.236157342910606,0.0,14.740057258936561,22.07871179032115,0.0,0.7193378402849042,0.07871179032115094,67.98650845880272
2018-12-01,21.152573791271806,26.583312005794653,15.88735256835879,64.43271745035312,0.9956558218144507,3.9384814812579227,0.0,14.175635683192503,21.790844780866752,0.0,0.8474262087281943,0.0,67.67292582457421
2018-12-02,21.447197440695362,26.81163457475705,16.086276332468163,64.63336512343817,1.160549888332227,3.9567458562201967,0.0,14.50306307245748,22.08429122281813,0.0,0.552802559304638,0.0842912228181305,68.11259880537051
2018-12-03,20.992849640852302,26.299043278807268,16.305798877286172,65.11976519587131,1.2173712802559304,3.789758278505463,0.0,14.188055887977846,21.480129551126478,0.0,1.0071503591476976,0.0,67.4875279185217
2018-12-04,20.606051186092834,26.63335184402729,15.59025170519708,68.0363861894127,1.3115035914770328,4.011249701213256,0.0,14.497937558331536,21.13524680299508,0.0,1.3939488139071656,0.0,67.10721390095702
2018-12-05,20.26361139614897,26.034338142089698,15.476202088489167,72.2535860445464,1.2863560089334218,3.8809076658417343,0.0,15.10389056010877,21.026984997153093,0.0,1.7363886038510294,0.0,66.8475586223535
2018-12-06,20.326082573791272,25.875084203537156,15.70700006036096,71.48775034707552,1.2812078227802257,3.256498635842337,0.0,14.998102372214028,21.054714685404484,0.0,1.6739174262087282,0.0,66.89728917474648
2018-12-07,19.45599444679182,26.047510110460557,14.293546809923342,70.06918995593651,1.3842602764531902,3.9219536126033687,0.0,13.853457954921558,19.711201864712983,0.0,2.54400555320818,0.0,65.50748991051762
2018-12-08,18.640299390354322,25.501040622925096,12.978055169916098,69.28513913200942,1.6241582664332714,3.8922957868050942,0.0,12.899854018631165,18.412691035343116,0.0,3.359700609645678,0.0,64.2501368445042
2018-12-09,19.257688175288223,25.796444739542466,13.39788072674594,69.343972354681,1.2086243737550553,4.242881052695116,0.0,13.503478259112793,19.518316806935715,0.0,2.742311824711777,0.0,65.17466448557906
2018-12-10,20.22511981650269,26.608178306271505,14.138655761453494,66.15742379428987,1.2114112392104788,4.418535160258346,0.0,13.702505086341633,20.550755677899197,0.0,1.7748801834973094,0.0,66.433845056731
2018-12-11,20.50554898291785,27.06480533590874,14.329123558882117,66.21262932335365,1.1072137381541618,4.2969095611758314,0.0,13.982077949465376,20.998955102140258,0.0,1.4944510170821488,0.0,66.84708370254947
2018-12-12,20.44450292750649,26.94576567875898,14.951305003923462,69.11257922375808,1.1440532383654254,4.018847027222793,0.0,14.586865241895243,21.122177324124813,0.0,1.5554970724935089,0.0,66.9331142164605
2018-12-13,20.42906802680027,27.245851391320095,14.546147763626488,70.08261000784694,1.3476423009597396,4.0314652320878865,0.0,14.78834987301065,21.035830258202918,0.0,1.5709319731997304,0.0,66.96858265377044
2018-12-14,20.294507152773587,26.630657934448003,15.554543369348707,69.6918138468039,1.5256546145952798,3.776357391199373,0.0,14.572774238710027,20.700006440549654,0.0,1.705492847226413,0.0,66.74359467431637
2018-12-15,19.69329812277419,26.287947727409914,14.032532142210417,65.66518078107082,1.6643133940966985,3.102128436047565,0.0,13.082189852552233,19.49688007119383,0.0,2.3067018772258088,0.0,65.63049227982006
2018-12-16,20.63374962274401,26.28511860928352,15.662337176314361,67.22777268063017,1.6010563167743106,2.3445217903060303,0.07622019677672483,14.339229587353772,20.904721016156,0.0,1.3662503772559909,0.0,67.09781072405319
2018-12-17,20.35354680992334,24.563776785175357,17.30491458924368,78.70447214341765,1.8666499668014729,1.3952369831592926,7.153423069958352,16.529272584262447,21.250786494155868,0.0,1.6464531900766595,0.0,67.36854503850012
2018-12-18,19.823258284541563,23.22758978692582,17.01593167139494,89.26872396933666,2.4900458743284846,1.2089527977304282,16.825228466228047,18.003765297585982,20.889524298636275,0.0,2.176741715458437,0.0,67.09988009580483
2018-12-19,18.55188446912537,24.180749079495385,14.11183436952979,78.97298243496108,2.237582543610793,2.3188110098388366,0.9436282972173597,14.832249995334838,18.550423096503042,0.0,3.448115530874631,0.0,64.52037456782256
2018-12-20,17.453484638136054,23.724782398744495,11.994412989678278,76.76244401521096,1.4999480895756625,3.5582605903301743,0.0,13.328194249421943,17.451400954039755,0.0,4.546515361863946,0.0,62.7067171463711
2018-12-21,17.532399951711234,23.396614957445525,12.023532323293294,75.16943381420896,1.2062654674956241,3.7304548801834976,0.0005492847226413955,13.082892480364325,17.655839651504273,0.0,4.467600048288766,0.0,62.78052726986688
2018-12-22,17.645908130621113,23.993709180901796,11.76280678457174,71.9849924548802,1.4769077080944046,3.8642619967405087,0.0,12.530421095602772,17.4036502226815,0.0,4.3540918693788875,0.0,62.85329322741684
2018-12-23,18.00016659624555,24.62136898653951,11.782612422285267,69.95084022454279,1.400013883020463,4.220497482948029,0.0,12.43315352088288,17.781429868631996,0.0,3.999833403754451,0.0,63.318480060553526
2018-12-24,18.189001629745885,24.650345264682805,12.3737665238124,68.67725116194846,1.2525997464839742,4.185653528098027,0.0,12.333802707613795,18.042598861867912,0.0,3.810998370254115,0.0,63.55338346958761
2018-12-25,17.351090722520677,23.586134484215616,11.571853685036519,65.4538938854349,1.354540351300779,3.838742343212411,0.0,10.807319345658088,16.67937687786313,0.0,4.648909277479323,0.0,62.212476367998136
2018-12-26,16.12561115470514,22.938046719381905,10.409820727953159,64.7837665238124,1.426940303012012,3.646450691132976,0.0,9.489116267273873,15.042389829214198,0.0,5.87438884529486,0.0,60.41840482533715
2018-12-27,15.619538842276816,22.558878493390477,9.679119937224606,62.34823806362045,1.5233862497736468,3.7042645560451506,0.0,8.441235875247358,14.201578645573196,0.0,6.380461157723184,0.0,59.655992054482525
2018-12-28,14.921453491881454,22.696331260940426,9.359893764712986,60.385669704834925,1.8243761694935716,3.7703022092110827,0.0,7.3121677673461445,13.022959867806577,0.0,7.078546508118546,0.0,58.652045976777025
2018-12-29,14.049786322206797,22.16732902758496,7.728926782157302,61.21884348403454,1.6355924428079915,3.830749278686546,0.0031273012615440333,6.690536175449364,12.14238430307449,0.0,7.950213677793203,0.0,57.42543229449754
2018-12-30,15.721438401641821,24.49765437315145,8.67788615923221,66.85313514818615,1.8385803102553266,4.342421150479871,0.0,9.573179472202119,14.372072505016671,0.0,6.278561598358179,0.0,59.86057372186309
2018-12-31,17.495823625279172,25.413141184282008,10.675070320516692,65.85717027826402,1.370774431097966,4.451848994990041,0.0,11.037457267839951,16.878632386863796,0.0,4.504176374720828,0.0,62.43548073663817
2019-01-01,18.144392466952375,25.746269089153138,11.89687873483431,65.28390354318827,1.3282338383533532,4.455684873543792,0.0,11.521835222370518,17.698727897931438,0.0,3.8556075330476247,0.0,63.3599995399655
2019-01-02,18.13186636083781,25.08908915313575,12.302789883503351,65.25493330114082,1.3319212893100745,4.396370918090179,0.0,11.50321833846582,17.67810327091505,0.0,3.8681336391621883,0.0,63.34071999332267
2019-01-03,17.65960705015996,24.97382990281886,12.229499607653773,63.021765558037075,1.3528164423251043,4.301717426208729,0.0,10.530529980535903,16.91121572022734,0.0,4.340392949840041,0.0,62.58194755339302
2019-01-04,16.288298424578983,23.728384740749682,10.520235407738275,62.712619665600286,1.4540725538721555,3.805996348162009,0.0,9.159905388517867,15.100443931731004,0.0,5.711701575421017,0.0,60.614840148820925
2019-01-05,17.17120359751313,24.800935594857247,10.306828635238729,65.89404539144081,1.6521434176374723,4.21665464477576,0.0,10.73713795744923,16.27119742306724,0.0,4.828796402486869,0.0,61.96302103444505
2019-01-06,18.48190740628961,25.836031266976516,11.885086014365909,61.87217239089757,1.3409579284119033,4.56697141305004,0.0,11.030527050086384,17.88399261018332,0.0,3.5180925937103886,0.0,63.71109071228801
2019-01-07,19.25601617673689,26.512636566668682,12.524176374720833,59.23449749502022,1.1566391018289368,4.574637200458743,0.0,11.102117273899703,18.808092663621906,0.0,2.743983823263111,0.0,64.6812497219565
2019-01-08,19.09943502142814,26.097077925997468,13.561030361562143,61.17668437254785,1.4740224542765736,4.298761037001268,0.0,11.442217965094985,18.52858552627609,0.0,2.900564978571861,0.0,64.55450654749458
2019-01-09,18.520950685096885,25.48087704472747,13.281401581457116,62.05273314420234,1.3078855556226232,3.7585059214100314,0.0,11.111337035329925,17.969520988213514,0.0,3.479049314903115,0.0,63.77392307970486
2019-01-10,17.43440876441118,24.235245367296436,12.391488501237399,61.848435443954855,1.4100187118971452,3.761693994084626,0.000688114927265045,10.035998171555415,16.509634493372715,0.0,4.565591235588819,0.0,62.2242613572915
2019-01-11,17.385966680750894,24.440837206494844,11.14592804973743,61.03062594313998,1.4324578982314242,4.05355553208185,0.0,9.791355257621404,16.379516292143187,0.0,4.614033319249106,0.0,62.13112750031659
2019-01-12,17.942860505824836,24.976028248928596,11.268868232027527,60.807627210720106,1.3294495080581883,4.276842488078711,0.0,10.26134517314601,17.13627679607726,0.0,4.057139494175164,0.0,62.90861781363766
2019-01-13,18.77688537453975,25.999666807508902,12.08331743828092,59.44846562443413,1.2491024325466291,4.411604315808535,0.0,10.706496521371191,18.15098361706586,0.0,3.2231146254602514,0.0,64.02349949693594
2019-01-14,18.216770688718537,25.344666505704115,12.337309712078229,60.98375928049738,1.3783334339349307,3.7996278927989375,0.0,10.56280981066993,17.459768994957166,0.0,3.7832293112814632,0.0,63.301026800071526
2019-01-15,17.321837387577716,24.93968370857729,11.594211987686364,59.08540351300779,1.8648910484698498,3.8102233476187606,0.0,9.248397024177395,15.869654269326723,0.0,4.678162612422284,0.0,61.983849320506394
2019-01-16,17.278390776845534,24.770176857608497,10.136192430735802,56.1921959316714,1.5130446067483554,4.286473918029818,0.0,8.463596177216083,15.873762562876301,0.0,4.721609223154466,0.0,61.84014360648062
2019-01-17,18.11526287197441,25.784157662823688,11.633481016478543,59.42797911510835,1.3010943441781855,4.376461030965173,0.0,10.079815000061544,17.278907920519384,0.0,3.8847371280255913,0.0,63.100115941207854
2019-01-18,18.392413231122113,25.381519888935834,12.0833717631436,56.563562503772566,1.0969052936560635,4.072291006217179,0.0,9.601493985191812,17.570691234851097,0.0,3.607586768877887,0.0,63.372181738292326
2019-01-19,17.73015150600592,24.97200700187119,11.635685398684132,58.06353413412206,1.4019816502686062,4.049027470272229,0.0,9.371866154071233,16.634270116443286,0.0,4.269848493994079,0.0,62.517724861212464
2019-01-20,17.9997657994809,25.134740749683107,11.974756443532325,61.50489225568903,1.3251336995231486,4.011151952677009,0.0,10.486015621538696,17.258457842067457,0.0,4.000234200519099,0.0,63.01384471601259
2019-01-21,19.617286774913985,26.424993662099357,13.178058187964025,58.23358483732723,1.2159153739361381,4.3066689382507395,0.0,11.183733331158965,19.151670021128357,0.0,2.3827132250860146,0.0,65.13204254020738
2019-01-22,20.486599263596307,27.349353534134124,13.69261362950444,56.61275004527072,1.0695696263656669,4.654675529667411,0.0,11.569886597444025,20.237239135525225,0.0,1.5134007364036925,0.0,66.2350706382341
2019-01-23,20.44550009054144,27.615119816502684,13.94098086557615,57.58770507635663,1.1403132733747812,4.747474376773104,0.0,11.790261055579128,20.212503915193423,0.0,1.5544999094585599,0.0,66.23786483496502
2019-01-24,20.70365183799119,28.21405203114626,14.267664634514395,58.38266674714795,1.4245832075813365,4.301379078891773,0.00491338202450655,12.240254972136452,20.408994948639325,0.0,1.2963481620088118,0.0,66.6431615158678
2019-01-25,21.07474256051187,28.36938190378463,14.504612784451018,57.782995110762364,1.3565256232268972,4.3050804430494365,0.0,12.43040900843413,20.886958630543088,0.0,0.9252574394881314,0.0,67.11666021580604
2019-01-26,21.483118850727358,29.25868956359027,14.83153739361381,57.59192430735801,1.4846248566427236,4.167448276694634,0.0,12.761844300556005,21.31037178046845,0.0,0.516881149272642,0.0,67.665799527693
2019-01-27,21.305743345204327,28.098977485362468,15.429851512042013,58.4187414740146,1.5461857910303618,4.20110738214523,0.0,12.813739815187844,21.106370615528103,0.0,0.694256654795673,0.0,67.47884302785735
2019-01-28,20.99929558761393,27.45558701032172,15.567173899921531,59.21108891169193,1.9343115832679425,3.3712412989678278,0.0010629564797488985,12.732349986260779,20.502165506256464,0.0,1.0007044123860709,0.0,67.10695124801859
2019-01-29,19.001457113538965,25.580636808112516,13.920444256654795,54.69797851149876,2.689697591597755,3.707456081366573,0.026193034345385405,9.668943183766077,17.082893924891188,0.0,2.998542886461035,0.0,64.11806971401055
2019-01-30,16.87918633427899,24.509757348946703,9.746480352507998,49.47191163155671,1.7643496106718175,4.922568316532867,0.0,6.228445881811474,14.781217817443121,0.0,5.120813665721009,0.0,61.12984993989932
2019-01-31,18.501977425001513,26.611650268606265,10.469080098991972,52.14929860566187,1.490799179090964,5.026355441540413,0.0,8.497173937396077,17.12165344375407,0.0,3.498022574998487,0.0,63.34073439610209
2019-02-01,19.934022454276572,27.901661133578806,12.445315989617917,53.247201062352865,1.284695478964206,4.917222798334038,0.0,10.133061714903484,19.12436098546896,0.0,2.0659775457234275,0.0,65.29393002648567
2019-02-02,20.383473169553934,27.336608921349676,13.835749381300175,50.91341944830084,1.1081505402305791,5.083903078408885,0.0,9.878160681649248,19.62845625897633,0.0,1.616526830446066,0.0,65.75316932803469
2019-02-03,20.343779803223278,27.681009838836243,13.630855314782401,48.464630289129,1.3447715337719566,4.912185923824471,0.0,9.107394895147397,19.22036783111371,0.0,1.6562201967767223,0.0,65.5556547494107
2019-02-04,19.8459087342307,27.560136415766287,13.22876199674051,46.724760668799426,1.7564785416792417,4.987190873423071,0.0,8.111215696904196,18.185488087411066,0.0,2.154091265769299,0.0,64.8213148096951
2019-02-05,20.04226896843122,27.81634272952255,12.795177763022878,43.77740447878313,1.5247866240115895,4.73503646405505,0.0,7.332713527872344,18.359852509859834,0.0,1.9577310315687804,0.0,64.90385408283598
2019-02-06,20.491604394277786,27.14293233536549,14.09450292750649,41.314948391380454,1.0677123196716365,4.704171871793325,0.0,6.892054899889317,19.028755521390195,0.0,1.5083956057222139,0.0,65.31002672712516
2019-02-07,20.87338745699282,28.763161707007907,13.87358845898473,49.03112935353413,1.3755990825134303,4.562025580974227,0.0,9.766120087102099,19.901290084254608,0.0,1.1266125430071803,0.0,66.27268494318785
2019-02-08,22.28083720649484,29.532736162250256,15.699837025411963,54.51776543731515,1.2631701575421017,3.908163252248446,0.17202571376833464,12.66719205828013,22.233414125192414,0.2808372064948408,0.0,0.23341412519241445,68.52112610792939
2019-02-09,21.873881813243194,28.528894187239697,16.57503168950323,65.98835697470876,2.5417341703386254,3.57786802076417,1.6866849761574219,15.23048689450816,21.805579030849337,0.0,0.12611818675680553,0.0,68.8309972613853
2019-02-10,19.41351904388242,26.689811070199802,13.332835154222252,57.829293173175586,2.3408770447274705,4.848497295829059,0.00766523812398141,10.887858635597782,18.075134938806134,0.0,2.5864809561175797,0.0,64.8300978612857
2019-02-11,18.801461942415646,26.737663427295228,11.362093921651477,47.51332588881513,1.752386068690771,5.462595448783727,0.004251825918995594,7.402695000662094,16.9755430258927,0.0,3.1985380575843543,0.0,63.53245051050463
2019-02-12,20.03328967224,27.9812132552665,12.311484275970304,50.14532262932336,1.567622985453009,5.3745235588821165,0.0,9.328970497190006,18.811108421553524,0.0,1.9667103277600013,0.0,65.25146301858109
2019-02-13,21.374550612663732,28.917857185972117,14.468748717329634,48.603466529848504,1.459464598297821,5.460587426812338,0.0,10.094769887583237,20.43265217015828,0.0,0.6254493873362676,0.0,66.88951386276435
2019-02-14,22.967146133880608,30.472185066698863,15.66086678336452,45.55228526589002,1.3595165087221586,5.169283062715036,0.0,10.576192892404,22.228935745390622,0.9671461338806076,0.0,0.228935745390622,68.67624775315545
2019-02-15,23.486796040321124,31.04593710388121,16.8889762781433,45.73497072493512,1.482850244461882,5.082588078710691,0.002125912959497797,11.108902593798907,22.814211356738443,1.4867960403211242,0.0,0.8142113567384435,69.34528034113234
2019-02-16,22.375490432788073,28.63055713164725,17.31331381662341,54.58457475704715,1.7949375264079195,2.8927849821935174,1.2798551336995232,12.773830577611932,21.98974799457496,0.37549043278807304,0.0,0.0,68.65377988375681
2019-02-17,20.900584897688177,26.69873604152834,16.274248204261486,64.17404659866,2.105784994265709,3.695463083237762,6.666202692098751,13.874734833891234,20.65864629829348,0.0,1.0994151023118235,0.0,67.29215629957841
2019-02-18,20.369200217299454,26.454551819882898,14.510126154403332,54.24664875958231,1.456049978873665,4.604395098690167,0.37978209693969944,10.816006997812092,19.63010589312604,0.0,1.6307997827005458,0.0,65.93345124947422
2019-02-19,22.069870827548748,29.557770266191827,15.446965654614596,56.288652139795985,1.5183304158870046,5.01524821029758,0.03825677551759522,12.959639972166801,21.937136720526443,0.06987082754874763,0.0,0.0,68.3731635717296
2019-02-20,23.06959558157784,30.716980744854233,16.143443592684257,58.87966680750891,1.7292424699704236,4.431581137200459,0.001098569445282791,14.587550292860733,23.339222791412617,1.0695955815778397,0.0,1.3392227914126167,69.96030545725381
2019-02-21,23.472952254481804,30.89773223878796,16.869553328906864,53.95151868171668,1.5834737731635182,4.787680660348887,0.012084263898110702,13.613579690654372,23.509900334412144,1.472952254481804,0.0,1.5099003344121442,70.07335733414543
2019-02-22,23.930109253334948,31.066943321059938,17.08883322267158,53.36658538057585,1.4212917245125856,4.785134248807871,0.01867568056980745,13.86934844810837,24.166967688469843,1.9301092533349475,0.0,2.1669676884698426,70.62998129421112
2019-02-23,24.85851451681053,31.85963904146798,18.613682622080038,60.10702722279231,1.923632522484457,4.741451898352146,0.021289310074243978,16.58835034577194,25.74181231156029,2.85851451681053,0.0,3.7418123115602917,72.57311378116742
2019-02-24,24.774816804490857,31.677106899257563,18.20083298122774,51.596363252248445,1.4693390475040744,5.275080467193819,0.09906380153316836,14.129328867805505,25.067342249628023,2.7748168044908574,0.0,3.067342249628023,71.5728816087931
2019-02-25,23.41508359992757,28.643777992394522,18.73615259250317,58.744521035794044,1.2781571799360176,2.942820335606929,10.950211866964448,14.87564762069387,24.103322361872657,1.41508359992757,0.0,2.1033223618726566,70.42793456169592
2019-02-26,22.31604333916823,27.585874932093922,18.167947123800328,72.93707128629204,1.4173598116738095,3.3373855435504316,19.177373694694275,17.225278223649426,23.80873089191367,0.31604333916822824,0.0,1.8087308919136689,70.0265648446775
2019-02-27,22.169229794169134,27.61022333554657,18.001998551336996,77.8157602462727,1.8166825617190803,3.1554810225146377,12.30943622864731,18.111423183135045,23.754545168378076,0.16922979416913364,0.0,1.7545451683780762,70.18106906494795
2019-02-28,21.530193155067305,26.274913382024508,17.6284704533108,79.41832377618158,2.0470465382990284,2.9527148487957993,27.24385223637351,17.815367398448466,22.827453713790145,0.0,0.46980684493269464,0.8274537137901454,69.28683440981233
2019-03-01,19.962089092774796,26.618907466650576,14.019069837629024,58.693546809923355,2.047264441359329,5.794633023480414,1.3746809923341585,11.6258724495281,19.044783669071027,0.0,2.0379109072252035,0.0,65.63425863949726
2019-03-02,19.716273314420235,27.522548439669226,11.862487475101105,47.01393432727713,1.8098032232751857,6.2997276573912,0.0,8.083742422611802,18.011832671417004,0.0,2.283726685579765,0.0,64.67240789623628
2019-03-03,20.828807871068996,27.946205106537096,14.013170157542103,49.16892134967104,1.7532522484457056,5.734229824349611,0.022110219110279473,9.767101329139338,19.59259897869293,0.0,1.171192128931004,0.0,66.22402178270258
2019-03-04,21.629106054204144,27.15104726263053,16.201512042011228,62.90069475463271,1.6545204321844635,3.086648626788194,0.5432600953703146,14.254662015882394,21.833754613327947,0.0,0.37089394579585644,0.0,68.25044277600693
2019-03-05,22.652137985151203,27.65141908613509,19.172827307297638,79.09396631858513,2.44646586587795,2.9513957566246156,8.667391199372247,18.840395491116194,24.11708117318285,0.652137985151203,0.0,2.11708117318285,71.04865362665961
2019-03-06,23.813466529848494,29.291534375565888,18.427471479447096,69.10363735136116,1.4255435504315808,3.869983859479689,1.212523691676224,17.804773464800302,25.542728153772057,1.813466529848494,0.0,3.5427281537720567,71.95582099685706
2019-03-07,23.950188929800206,29.625183799118737,18.37668376893825,55.76761453491881,1.301868171666566,4.649237043520251,0.049738637049556354,14.568323310275861,24.512635248452895,1.9501889298002055,0.0,2.512635248452895,70.88606369356762
2019-03-08,22.79796402486872,29.31500150902396,17.093315627452164,48.680921711836795,1.7433283032534557,5.756224228888754,0.0,11.423147406227065,22.03451926826544,0.797964024868719,0.0,0.03451926826544138,68.72657751222954
2019-03-09,22.5624711776423,29.765545361260344,15.671442626908917,49.85405746363253,1.552841190318102,5.958142880424943,0.0,11.56742842007568,21.974962824482297,0.5624711776423013,0.0,0.0,68.51930001346807
2019-03-10,23.344004949598606,30.541715458441484,16.023533530512466,63.54614172753063,1.894170942234563,5.2719964266312545,0.0,16.035023731387152,24.03149341958235,1.344004949598606,0.0,2.0314934195823504,70.75877402106818
2019-03-11,24.969730186515363,30.845979356552185,18.73019375867689,66.48511800567394,1.406348765618398,5.0067429166415165,0.016656606506911333,18.29177834110907,26.92210975099817,2.9697301865153634,0.0,4.922109750998171,73.40308173659837
2019-03-12,25.89891591718477,33.503089273857675,19.12071225931068,56.402284058670844,2.029782700549285,5.668776839500212,0.011534979175469307,16.560093078358594,26.69733978129662,3.8989159171847696,0.0,4.69733978129662,73.60478395302609
2019-03-13,26.53288585742742,34.15241624917004,19.02037725599083,56.12490372427114,1.6500736403694092,5.556916430252913,0.008788555562262329,17.072826038120844,27.80298044876606,4.53288585742742,0.0,5.802980448766061,74.43587919239879
2019-03-14,27.22120420112272,34.38658900223336,20.14198466831654,52.959782096939705,1.2973404961670791,5.3461521035794055,0.006042131949055351,16.794995265136095,28.626531469635424,5.22120420112272,0.0,6.626531469635424,74.96704516801645
2019-03-15,27.403435745759644,34.702945011166776,21.148701635781972,55.31761393130924,1.7931991308021973,5.198917124403937,0.14173899921530755,17.65307743754337,28.813626074645384,5.403435745759644,0.0,6.813626074645384,75.5159389802529
2019-03-16,27.740650691132977,34.89571497555382,21.698915313575178,54.516136898653954,2.24821874811372,5.570343622864732,0.4427440091748658,17.734375714060228,28.866750143952665,5.740650691132977,0.0,6.866750143952665,75.86532794685566
2019-03-17,27.859438643085653,34.885023842578626,20.86857548137865,50.44765799480896,1.4889316110339832,5.68076349369228,3.020107442506187,16.617307545402337,29.060237945915134,5.859438643085653,0.0,7.060237945915134,75.47752248915353
2019-03-18,25.516873302348042,31.180898171062964,20.65766946339108,51.55555864067122,1.6670374841552487,4.027046007122593,6.432553268545904,14.801220224912608,25.907298799962224,3.516873302348042,0.0,3.9072987999622235,72.5448647762796
2019-03-19,25.466114565099296,32.243243194301925,19.188550733385647,58.24952677008512,1.9858344902517053,5.108760560149697,1.249837629021549,16.66350623960823,26.336024721507293,3.4661145650992964,0.0,4.336024721507293,73.21885101808525
2019-03-20,25.70590933784029,32.66598116738094,19.229206253395308,59.923959678879704,2.0073972354680993,5.840120402003984,1.3912386068690772,17.3358574490134,26.833096002281057,3.705909337840289,0.0,4.8330960022810565,73.73967602321034
2019-03-21,26.478506669885917,34.128669040864374,19.51965413170761,60.27285869499608,2.2907412325707734,5.9381730427959205,1.0740894549405446,18.153508449872785,27.75288011207943,4.478506669885917,0.0,5.752880112079431,74.86286659351475
2019-03-22,27.177341703386254,34.23305667894006,21.038571256111545,66.11863282428926,2.381152290698376,5.591483111003802,2.5349170036820183,20.300780669605956,29.372425534416735,5.177341703386254,0.0,7.372425534416735,76.59007700827576
2019-03-23,27.255577352568363,34.292582241805995,21.76871612241203,59.61318886943925,2.167253576386793,6.138435377557797,2.6042101768576087,18.70703154435245,28.85948790289212,5.255577352568363,0.0,6.85948790289212,75.86808148949812
2019-03-24,26.774183618035856,34.71099595581578,18.985682380636202,47.59455363071166,1.4517214945373333,6.756245367296432,0.012455483793082634,14.713429762541075,27.284638169324232,4.774183618035856,0.0,5.284638169324232,73.7087843528775
2019-03-25,27.035356431460134,35.3959419327579,18.652322689684315,42.2754693064526,1.5306114565099298,6.705904786624012,0.0,13.122304475637563,26.948965599433908,5.035356431460134,0.0,4.948965599433908,73.36994137511093
2019-03-26,27.638165630470215,35.35718174684614,19.83990764773345,50.48377255990825,1.6889883503350034,5.835210792539386,0.3482145228466228,16.425259674463813,28.623073473863215,5.6381656304702155,0.0,6.623073473863215,75.1936579323667
2019-03-27,26.818833222671582,32.93993239572645,20.82747872276212,52.254349007062245,1.8380744854228288,5.158513062111426,2.291650872215851,16.212344107882384,27.615910282860877,4.818833222671582,0.0,5.615910282860877,74.34444703291706
2019-03-28,27.50093318041891,33.95506368081126,21.186275125248986,51.83269934206556,1.3435196474920021,6.106747504074367,0.0738516327639283,16.714080576690183,28.84177784274965,5.500933180418912,0.0,6.84177784274965,75.19131385074657
2019-03-29,27.969933602945616,34.72487052574395,21.208463813605363,56.661362346834075,1.7690342246634878,5.76701195146979,0.0005492847226413955,18.56254140680888,29.789025984576746,5.969933602945616,0.0,7.789025984576746,76.46485613134631
2019-03-30,28.208924367718964,34.25530814269331,22.483953039174263,63.17217661616467,2.1460717088187367,5.034765896058429,0.2904925454216213,20.538599223056327,30.685500748513043,6.208924367718964,0.0,8.685500748513043,77.6905375845432
2019-03-31,28.520883080823328,34.8163735136114,23.220888513309596,67.34518983521458,3.0714287438884535,4.747917492605783,7.8432757892195335,21.877643858856203,31.03265494842629,6.520883080823328,0.0,9.032654948426291,78.72644198184784
2019-04-01,27.22156214160681,31.852559304641765,23.782445222430127,77.20714492666144,3.0377642300959744,5.758065479567816,26.582952858091385,22.879196858163173,30.299373848152676,5.22156214160681,0.0,8.299373848152676,78.07641177781778
2019-04-02,27.47196052393312,33.341084082815236,22.575937707490795,71.55685036518379,2.423942777811312,4.874055200096579,5.412967344721434,21.86993899729126,30.432057924527264,5.47196052393312,0.0,8.432057924527264,77.73145165105322
2019-04-03,27.036638498219354,33.16157119575059,21.50660047081548,71.36170881873605,2.445511559123559,5.748987456992817,3.311166777328424,21.40782630135469,29.740241928678273,5.036638498219354,0.0,7.740241928678273,77.04703196815107
2019-04-04,27.59389992153076,33.71988953944589,22.114202933542586,71.54691314058067,2.535643749622744,5.089688640067606,0.5732305185006338,21.984602049734537,30.536646657831625,5.59389992153076,0.0,8.536646657831625,77.91494805393737
2019-04-05,27.899419327578922,33.570348282730734,23.118381119092174,70.64403935534497,2.2985718597211324,4.027580980261967,1.693760487716545,22.06893562867515,31.053278427835004,5.899419327578922,0.0,9.053278427835004,78.25607056458104
2019-04-06,27.309291362346837,32.43088126999457,23.351932757892197,71.73931973199734,1.8079435021428143,5.156040882477215,5.21657693004165,21.755637307094403,30.640277885032198,5.309291362346837,0.0,8.640277885032198,77.50847089544658
2019-04-07,26.91487475101105,31.894955031085896,22.9695436711535,69.14113056075331,1.427036276936078,5.325310780467195,7.359120540834189,20.77617025173542,30.01136264677512,4.914874751011052,0.0,8.011362646775119,76.58482569192014
2019-04-08,27.35300054324863,32.986709120540844,22.455108951530153,69.3654276573912,2.159443471962335,4.229521651475825,2.9320776241926727,21.247417872273793,30.174811974715276,5.35300054324863,0.0,8.174811974715276,77.26730465588753
2019-04-09,27.076413955453617,32.64622744009175,22.63449809862981,73.08868835637111,2.502398744492062,4.903911462546026,15.530030180479265,21.837254664786894,29.964028230470895,5.076413955453617,0.0,7.964028230470895,77.32615585502792
2019-04-10,26.961327337478124,32.244168527796226,22.23835576748959,73.9658713104364,1.8118663608378105,4.497525116194845,10.317835456027042,21.92207917416945,30.37704001005084,4.961327337478124,0.0,8.377040010050841,77.26015708330424
2019-04-11,28.215952797730434,33.595000301804795,22.582013641576633,69.47520673628298,1.3871485483189474,5.615686412748235,0.3277696625822418,22.097754253937143,32.02346118678801,6.215952797730434,0.0,10.023461186788012,78.57142400699485
2019-04-12,28.664419025774134,33.60841854288646,23.848628599022152,69.3488525381783,1.292333554656848,5.5877582362527916,0.8179435021428141,22.496224313261994,32.753979862554864,6.664419025774134,0.0,10.753979862554864,79.22374613623126
2019-04-13,29.5186515361864,35.46712380032595,23.750559546085594,65.95222309410275,1.3090680268002655,5.48564518017746,2.0621784269934205,22.482481022806386,33.58970875092762,7.5186515361864,0.0,11.58970875092762,79.98600801891476
2019-04-14,29.70799661978633,36.47663366934267,23.815655821814453,66.09783907768457,2.01882115047987,6.36044930283093,0.686077141305004,22.69854938772404,33.4009866900147,7.7079966197863286,0.0,11.400986690014697,80.28465226759283
2019-04-15,29.83998732419871,36.30877769058973,24.215698678095013,68.55777630228769,2.170224542765739,5.535161984668318,1.4647944709361986,23.428512188699834,33.83799629560256,7.8399873241987095,0.0,11.837996295602558,80.8573018301847
2019-04-16,29.868733627090002,36.17737610913262,24.443864308565225,69.71493511196958,2.0184849399408464,5.448823051850065,4.060543248626788,23.733872439140022,34.14962921356097,7.868733627090002,0.0,12.14962921356097,81.07900451244122
2019-04-17,30.343088670248083,36.709884710569206,24.98642783847408,65.42654674956239,1.5366710931369592,6.12339939035432,4.958885736705499,23.132356837982243,34.61640189203347,8.343088670248083,0.0,12.616401892033473,81.10548329836251
2019-04-18,29.959339651113666,36.065280376652396,23.760024747993,52.890281282066766,1.9973272167562022,6.210652266553994,0.00654433512404177,19.303899910272413,31.954036909785735,7.959339651113666,0.0,9.954036909785735,78.5968502279971
2019-04-19,30.45784933904751,36.93117703869137,24.072359509869017,50.65943381420897,1.625498279712682,5.793621850666989,0.03938673266131466,19.070848804488712,32.606671041211726,8.45784933904751,0.0,10.606671041211726,78.90109502913816
2019-04-20,30.097385163276396,36.24055049194182,24.073832920866785,50.4272203778596,1.5864658658779502,6.32107269270236,0.2825194664091266,18.66622753815306,32.09158645548257,8.097385163276396,0.0,10.09158645548257,78.39366314046794
2019-04-21,30.214656244341164,36.709265407134666,24.492456691012258,54.313139977062846,1.5336693426691617,6.5862548500030185,2.4514498702239393,19.967901169420017,32.845038113385854,8.214656244341164,0.0,10.845038113385854,79.16116137835326
2019-04-22,29.28808776483371,35.23739421742018,24.01155972716847,58.75665057041106,1.4483756866059032,6.472238033439972,2.106841914649605,20.377817788086677,32.17513328051869,7.288087764833708,0.0,10.175133280518693,78.57821191646643
2019-04-23,29.704930283092896,36.22154161888091,22.942929317317564,55.19059274461279,1.4784040562564136,6.762917794410575,0.19753063318645506,19.75391398951556,32.27219933014685,7.704930283092896,0.0,10.272199330146847,78.61082596886303
2019-04-24,30.84353715216998,37.453668135449995,24.007918754149824,53.932233959075276,1.3473266131466168,6.62971209633609,0.5414516810526951,20.436295620769286,33.831013102116174,8.84353715216998,0.0,11.831013102116174,79.94319664979176
2019-04-25,31.817158809681896,38.2567803464719,25.19948693185248,55.00999517112332,1.486825013581216,6.583004726263054,0.10404056256413352,21.660663304455316,35.326781772244495,9.817158809681896,0.0,13.326781772244495,81.43490526789842
2019-04-26,31.79791754693065,38.37350817890989,25.716210539023365,55.16422285265891,2.0900392346230463,5.95941492122895,0.43615862859902227,21.688639447566544,34.899902236473324,9.797917546930648,0.0,12.899902236473324,81.43576004485519
2019-04-27,31.644857246333075,38.04100199191164,26.203412204985817,62.37503712198951,2.5421911027947126,5.409853805758435,2.4685332287076722,23.570846251198446,35.46607914436467,9.644857246333075,0.0,13.46607914436467,82.47237190610082
2019-04-28,31.797005492847227,38.783588458984724,26.729092171183677,64.21854952616648,3.627316955393252,5.5991939820124355,5.085988410695962,24.199179853627868,35.22818954832897,9.797005492847227,0.0,13.22818954832897,83.00970898277178
2019-04-29,31.475252610611463,38.541453491881455,26.219459769421142,65.51721856703085,3.5982827307297645,6.334103754451623,5.695868895998069,24.22858970480453,34.9440543999119,9.475252610611463,0.0,12.944054399911899,82.76743266225611
2019-04-30,31.27608679905837,37.59760910243255,26.350318705861053,66.56147522182653,3.6908553147823993,6.086952302770569,5.366184583811191,24.30352253089119,34.72484515486192,9.276086799058369,0.0,12.724845154861917,82.65384177241586
2019-05-01,31.17165992635963,36.89968250135812,26.693660892134965,66.736883563711,4.165933482223698,6.529851807810709,5.6210925333494295,24.248245779502085,34.25459691924807,9.17165992635963,0.0,12.254596919248073,82.5302110978439
2019-05-02,30.946840103820854,36.19278988350335,26.589547896420598,67.17268908070261,2.973868533832318,5.402267447335063,5.7692533349429596,24.143117201815716,34.80119645023781,8.946840103820854,0.0,12.80119645023781,82.27242953867727
2019-05-03,29.103353051246454,32.61630470211867,26.511136596849163,77.03777509506851,3.635379368624374,3.41133112211022,19.469087945916584,24.66405005224577,32.80759148339273,7.103353051246454,0.0,10.807591483392727,81.0098184960503
2019-05-04,27.31255145771715,30.25664634514397,24.822201967767253,85.39182833343395,6.434321844630893,1.7749654976761033,62.76965232087886,24.643114634975866,29.043015172249326,5.312551457717149,0.0,7.043015172249326,79.27630494041387
2019-05-05,28.882722882839378,35.176220196776725,23.314664694875358,71.5412084263898,2.6318476489406657,6.537410708034044,0.572838775879761,23.21912620347,32.437270756235826,6.882722882839378,0.0,10.437270756235826,79.86729326970007
2019-05-06,30.09732963119454,36.909560572221885,24.792032957083357,67.92684493269755,2.6410714070139436,6.375838323172573,1.5236458018953343,23.520367016132614,33.818811204200685,8.09732963119454,0.0,11.818811204200685,81.14056446211153
2019-05-07,30.16581638196415,37.09855073338565,24.274588640067606,68.83688114927266,2.7585772922074003,6.656422828514517,0.010679060783485243,23.80676355342175,33.971503386221485,8.165816381964149,0.0,11.971503386221485,81.38534939063655
2019-05-08,30.69629745880365,37.99116496649968,24.72868533832317,70.03105571316472,2.8986762841793925,6.2443903965714975,0.28087221585078775,24.60028061064293,34.87875895206802,8.696297458803649,0.0,12.878758952068019,82.36950711960074
2019-05-09,30.743633729703628,37.11650268606265,25.659113297519166,72.37168044908555,3.401425122230941,6.124185380575844,1.9710587312126515,25.19692223899594,34.94408903551631,8.743633729703628,0.0,12.944089035516313,82.82306936039296
2019-05-10,31.21051910424338,37.5115047986962,26.32886762841794,72.3060077262027,3.0607539083720656,5.981492430735801,4.036493631918875,25.62976385904272,35.92552760675846,9.210519104243382,0.0,13.925527606758457,83.52343052572371
2019-05-11,30.918071467374908,36.50632522484457,26.69032715639524,74.84633669342671,3.122083660288526,6.019048868232028,6.104154644775759,25.931323325301864,35.78556842829868,8.918071467374908,0.0,13.785568428298681,83.4976285596322
2019-05-12,30.56380817287379,35.106715156636696,27.15302529124163,73.51722399951711,2.7770791332166356,5.7982118971449275,2.8185265890022335,25.28816022017807,35.25870971384555,8.563808172873792,0.0,13.258709713845548,82.73422959960291
2019-05-13,30.73972596124827,36.19047986962033,26.68854409368021,71.71389629987324,2.5972107201062355,5.718529751916461,3.619847286774914,25.039813664663747,35.40461297886769,8.739725961248269,0.0,13.40461297886769,82.70963490053167
2019-05-14,29.885790426751974,34.21359751312851,26.143131526528645,74.41511498762601,1.7607424397899438,6.343190807026017,18.35409368020764,24.839317609087228,35.01083003199888,7.885790426751974,0.0,13.010830031998879,81.83240109421183
2019-05-15,30.33576990402608,35.1271835576749,26.119250316895034,70.91710025955213,2.0148542282851456,5.874294470936199,5.972253274582002,24.4656029767606,35.05466101013878,8.33576990402608,0.0,13.05466101013878,81.96980184319057
2019-05-16,30.44024023661496,35.47900826945132,26.00559787529426,70.1784505341945,1.8546749562383056,6.127838474074969,3.193829299209271,24.39061095327881,35.22599773006391,8.440240236614962,0.0,13.22599773006391,82.00898424931077
2019-05-17,30.360003018047927,35.56641818072072,26.02225387819159,73.27532685459046,2.855136717571076,5.9623863101346055,12.234868111305607,25.036799069599972,34.84209027783086,8.360003018047927,0.0,12.842090277830863,82.38274679191545
2019-05-18,30.553316231061753,35.9663077201666,26.441227741896544,74.37162552061326,2.856595038329209,5.632567018772258,11.554453431520493,25.472518943027573,35.30973240019973,8.553316231061753,0.0,13.309732400199728,82.85613684137509
2019-05-19,29.882566547956785,33.9776398865214,26.671554294682203,78.40173235950986,2.1411245246574513,5.383009669825558,12.673564314601316,25.71378419888665,35.29419582417009,7.882566547956785,0.0,13.294195824170089,82.44465362567752
2019-05-20,30.253250437616956,34.52566125430072,26.551659322750044,75.16444377376713,1.8924488440876448,6.10028283937949,1.815813363916219,25.361795652107137,35.61375651500207,8.253250437616956,0.0,13.613756515002073,82.51860786159065
2019-05-21,30.221681656304703,34.66703386249774,26.302316049978877,75.97758797609706,2.0964586225629267,6.013249164000725,3.629986720589123,25.512486277908252,35.535414915147115,8.221681656304703,0.0,13.535414915147115,82.59827742476068
2019-05-22,30.279816502686067,34.87554355043159,26.48675801291725,76.34009959558158,2.6759310677853567,5.889538486147161,10.33982072795316,25.648877485637723,35.27557748512111,8.279816502686067,0.0,13.275577485121111,82.746520935895
2019-05-23,29.042496529244886,32.34655580370617,26.44674594072554,83.01470392949841,2.4934315204925457,5.411577539687331,39.00681414860868,25.861285478827238,34.30240634627122,7.042496529244886,0.0,12.30240634627122,81.78942236503563
2019-05-24,29.215423432124105,32.466014969517715,26.724673749019132,85.47446127844509,2.8581903784632106,3.6738475946158027,44.91971268183739,26.52489165533932,34.6600958848513,7.215423432124105,0.0,12.660095884851302,82.43574211042788
2019-05-25,28.53594736524416,31.448682320275243,26.439891350274642,86.77736584776967,3.14820969396994,2.6156084565702904,46.909823746001095,26.114504769075026,33.50307135645281,6.535947365244159,0.0,11.503071356452807,81.4955606533814
2019-05-26,29.08124886823203,32.98495020220922,25.97442989074667,83.24822055894249,2.3746646948753547,5.84502273797308,17.201590511257322,25.946601640651604,34.4800507007277,7.081248868232031,0.0,12.480050700727702,81.88687753321867
2019-05-27,29.644965896058434,33.67630108046116,26.132083660288522,83.37846562443411,2.3501020100199197,6.26983985634092,7.297054385223637,26.52392816737006,35.44510701161424,7.644965896058434,0.0,13.44510701161424,82.82699136594853
2019-05-28,29.70521760125551,33.780347075511564,26.06250860143659,81.92082151264563,2.144293474980383,6.612170374841553,5.728136657210117,26.283662132089017,35.488469349273046,7.705217601255509,0.0,13.488469349273046,82.70233407425096
2019-05-29,29.97854952616648,33.908583931912844,26.381524114202932,81.21194845174142,1.9819430192551457,6.441635878553753,5.787034466107322,26.402722130365134,35.955276211083905,7.9785495261664785,0.0,13.955276211083905,83.0344832316525
2019-05-30,29.822165147582545,33.97573248023179,26.36550310858937,81.16991730548682,2.8399909458562207,6.291188452948634,2.81331743828092,26.241636601772598,35.09059100772299,7.822165147582545,0.0,13.090591007722992,82.7758908150744
2019-05-31,29.742676404901307,33.74763264320637,26.311697953763506,81.48511317679727,2.514686424820426,4.68745266493632,21.32448904448603,26.229840658081635,35.23089532310642,7.742676404901307,0.0,13.230895323106417,82.69613835680465
2019-06-01,29.145134906742324,32.360441238606874,26.645524838534442,83.91258827790185,2.1139639041467984,5.343540465986601,39.9507032051669,26.143492203311745,34.85601513657837,7.145134906742324,0.0,12.856015136578371,82.08913227070974
2019-06-02,28.962279229794174,32.309765195871314,26.32501358121567,84.13257499849098,2.0027011528943084,3.318031737791997,41.384516810526954,26.0089060549826,34.66217634243155,6.962279229794174,0.0,12.66217634243155,81.82144387833159
2019-06-03,28.390764169735014,31.281527735860454,25.911403392285877,84.4032407798636,1.8605197078529607,4.287408812699947,39.55583630108046,25.503811836079162,33.862272206963276,6.390764169735014,0.0,11.862272206963276,80.92126970491233
2019-06-04,28.732753063318647,32.098450534194484,26.091648457777513,85.5333681414861,2.5108752338987146,3.2607696444739545,31.23649121748053,26.063355769972247,34.11249269599838,6.732753063318647,0.0,12.112492695998377,81.64548889311338
2019-06-05,27.80201122713829,30.300675439125975,25.9298394398503,89.9711553087463,2.9552942596728435,2.7588252429528586,30.768651536186397,26.003280542416025,32.830203175344565,5.802011227138291,0.0,10.830203175344565,80.69955331737484
2019-06-06,27.451947244522245,29.88841612844812,25.414315204925458,90.74583992273799,2.611686485181385,4.09715606929438,18.966067483551644,25.802507906141674,32.589215547772845,5.451947244522245,0.0,10.589215547772845,80.20565694893216
2019-06-07,27.675430675439127,30.16648518138468,25.75002112633549,89.2816864851814,2.6135407738274883,4.195434460071226,8.46932275004527,25.748494409330846,32.77659389486375,5.675430675439127,0.0,10.776593894863751,80.39287293555446
2019-06-08,27.98245548379309,30.73522484457054,25.725443351240425,89.02981227741898,2.1887342306995836,4.771471334580793,9.462050461761333,26.003389239762797,33.547497000940815,5.982455483793089,0.0,11.547497000940815,80.87839900691947
2019-06-09,28.716201484879583,31.655081185489227,26.149791151083484,88.51450172028734,2.0983273978390784,4.176160240236615,9.438536850365187,26.627809886157294,34.76182919322443,6.7162014848795835,0.0,12.761829193224429,82.0448755975172
2019-06-10,29.176033681414864,32.5142065552001,26.313230518500635,86.88842457898231,2.2037103881209634,6.040250063379007,6.776111547051367,26.764962986312415,35.24169155652392,7.176033681414864,0.0,13.241691556523918,82.57948982617307
2019-06-11,29.259332407798638,32.543942174201725,26.357496227440095,86.06745820003621,2.1458900223335546,6.0606763928291185,1.4712428321361743,26.685372758589484,35.311327916912354,7.259332407798638,0.0,13.311327916912354,82.59651563512544
2019-06-12,30.123985634091873,33.746324017625405,26.497975493450838,83.35056920383896,1.4257560210056135,6.3358314420232995,0.6162823685640129,26.986339840636752,36.88724540051259,8.123985634091873,0.0,14.88724540051259,83.60522003481894
2019-06-13,30.46394277781131,33.551222913019856,28.028935232691502,83.57912235166296,1.6224240960946463,5.569266209935413,0.7111390112874992,27.365289108173076,37.35416597494362,8.463942777811312,0.0,15.35416597494362,84.19725661101708
2019-06-14,29.777710508842883,32.38152954668921,27.62668376893825,86.55710629564798,2.380105631677431,3.7439957445524232,24.86294320033802,27.290791472907888,36.08443746212934,7.777710508842883,0.0,14.084437462129337,83.53266963805046
2019-06-15,29.29580430977244,31.6386636083781,27.559211082271993,90.65640429770025,3.0046610732178434,2.509438389569627,23.003857065250198,27.607005271992968,35.388396714731925,7.295804309772439,0.0,13.388396714731925,83.3406440262795
2019-06-16,29.36081789098811,32.36252670972416,27.22914528882719,88.95913382024507,3.3354035130077873,5.48319634816201,13.626712138588761,27.3480875506173,35.03861859630213,7.360817890988109,0.0,13.038618596302129,83.19766832103775
2019-06-17,29.38548439669222,31.900782278022582,27.38046840103821,90.05014124464297,2.8934055652803763,4.986300772620269,17.89587312126517,27.580746714317115,35.53735217009182,7.38548439669222,0.0,13.537352170091822,83.40283738276906
2019-06-18,29.54775577956178,32.39590933784029,27.22989557554174,85.6700947667049,1.795894247600652,4.816015241142031,8.858076899861171,26.889588650062617,35.98464479924989,7.547755779561779,0.0,13.984644799249892,83.01530135502901
2019-06-19,29.99313213013823,33.20569747087584,26.942240598780707,84.02453914408161,1.3805462666747148,5.718958284541559,3.899458562201968,26.99557250907827,36.79427320581265,7.993132130138228,0.0,14.794273205812651,83.49656311458695
2019-06-20,28.851618277298247,31.29387638075693,26.350310858936442,84.98525864670732,1.8251934568720953,5.357359582302168,10.580631375626243,26.07110552029234,34.716561935848574,6.851618277298247,0.0,12.716561935848574,81.76303979343534
2019-06-21,29.26687752761514,32.77216756202088,26.483928291181265,85.9826570893946,2.611443834128086,5.086068521760126,8.751426329450112,26.676024666160867,34.98663896877484,7.26687752761514,0.0,12.986638968774841,82.59643834656171
2019-06-22,29.177107502867145,32.26112150660953,26.73266916158629,87.31928351542224,3.1305698074485426,5.4513380213677785,10.888445101708214,26.85015122179346,34.65225128564992,7.177107502867145,0.0,12.652251285649918,82.644950398101
2019-06-23,29.684228285145174,32.989995774732904,26.374554234321245,84.1951246453794,1.8882941993118854,6.470885579767007,4.464128085954005,26.727879271374434,35.945930803201584,7.684228285145174,0.0,13.945930803201584,83.01595768387845
2019-06-24,29.8586267881934,32.972724090058556,27.38638256775518,83.86522786261847,2.092197742500151,6.53294333313213,2.752185066698859,26.83171413079892,36.048732067010725,7.858626788193401,0.0,14.048732067010725,83.2513140109049
2019-06-25,29.939926359630597,33.20792479024568,27.429572644413597,84.56605178970244,2.805716182772983,5.305877032655279,7.801947848131828,27.052945936595542,35.78308763013739,7.939926359630597,0.0,13.783087630137388,83.49344326107132
2019-06-26,29.69873362709,32.57558942476007,27.462328122170582,86.50936681354501,3.7962539989135036,4.669601158930405,13.74185489225569,27.20383591062306,34.95321312943304,7.69873362709,0.0,12.953213129433038,83.39382449295846
2019-06-27,29.097013339771838,31.482344419629385,27.38218567030845,89.04594193275791,3.7455169916098274,3.79278259189956,36.47405504919419,27.10478877551943,34.31735835867366,7.097013339771838,0.0,12.317358358673658,82.76470463620038
2019-06-28,29.259555743345203,31.959016116375928,27.132842397537274,89.88053841975011,3.143497917546931,3.7349846924609165,20.928027403875173,27.424265025941455,35.125268199589435,7.259555743345203,0.0,13.125268199589435,83.16349330357772
2019-06-29,28.962171183678397,31.32144987022394,27.093779803223278,89.70316834671335,2.46508058187964,5.031091730548682,28.657443109796585,27.097198173236674,35.073401114607734,6.962171183678397,0.0,13.073401114607734,82.63246587877433
2019-06-30,29.71269934206556,32.47534496287801,26.976205106537094,85.54620510653712,1.8719049918512707,5.417122490493149,11.849034828273073,27.026674399965394,36.19108776437437,7.712699342065559,0.0,14.191087764374373,83.2695926601632
2019-07-01,29.367493209392165,31.902282247842095,27.25045693245609,86.57345445765678,2.7309941449870228,5.547222182652261,12.685160258344904,26.891225298656977,35.15074116461839,7.3674932093921655,0.0,13.150741164618388,82.85187048459973
2019-07-02,29.306680147280733,32.5453208184946,26.784291664151628,87.2655061266373,4.190056739301021,4.719676966258224,8.102451862135572,26.96702714490608,34.12070781502613,7.3066801472807335,0.0,12.12070781502613,82.85373399502808
2019-07-03,29.242670368805456,32.30277901853082,26.96555803706163,86.5339844268727,2.9270175650389336,5.05460027766041,4.44569988531418,26.76090657642325,34.7993159852824,7.242670368805456,0.0,12.799315985282398,82.63809036051853
2019-07-04,29.505699281704594,32.5956703084445,26.89932214643569,86.58643266735076,2.402475402909398,5.025765527856582,10.353468340677251,27.029483956099543,35.614406122354275,7.505699281704594,0.0,13.614406122354275,83.0840455628493
2019-07-05,29.00033258888151,31.64314299511076,27.079955936500273,89.1919659564194,2.925175952194121,5.272437248747511,17.068299631798155,27.037431372442406,34.74809667899627,7.000332588881509,0.0,12.74809667899627,82.62258974330442
2019-07-06,28.836250377255993,31.58268606265468,26.882470574032716,89.41867507696023,4.192445826039718,3.0432505100501,23.576483974165512,26.918913529817143,33.6149440514054,6.836250377255993,0.0,11.614944051405402,82.37770411993978
2019-07-07,28.784087040502204,31.746926419991556,26.462169372849647,89.651209633609,3.9833240779863583,2.522751880243858,51.34624253033139,26.911683527621186,33.704135087001845,6.784087040502204,0.0,11.704135087001845,82.32277765896319
2019-07-08,28.774008571256115,31.400202209211088,26.937429830385707,90.24683104967707,3.8146339107865037,2.111584034526468,107.01346351180057,27.01449626480183,33.88303537777029,6.774008571256115,0.0,11.883035377770291,82.3912940873725
2019-07-09,28.411542222490493,30.58999275668498,26.93669704834913,92.08984426872698,4.085552000965775,1.8500550190137022,114.3817770266192,27.00060497359333,33.32092766845334,6.4115422224904925,0.0,11.320927668453344,82.03244119033081
2019-07-10,28.393846200277665,30.34275004527072,26.893958471660532,92.3650739421742,3.9013551035190446,2.1745219532806184,98.84455242349249,27.033925821958437,33.45519355748616,6.393846200277665,0.0,11.455193557486162,82.04050335046273
2019-07-11,27.934123257077328,29.4392599746484,26.867288585742745,93.90182410816684,3.8063234140158144,1.6893325768093197,88.5931997344118,26.85926515963388,32.94114212201424,5.934123257077328,0.0,10.941142122014242,81.45608722110512
2019-07-12,27.961824108166844,29.72663910182894,26.573608981710635,93.4737749743466,3.922329932999336,2.735499806844932,36.7506005915374,26.809013114325822,32.85324261073072,5.961824108166844,0.0,10.853242610730717,81.44620823581803
2019-07-13,28.079209271443233,30.212747630832382,26.525352206193038,93.21591295949781,3.4688670248083544,2.7303482646224424,83.84335003319853,26.87838330506424,33.33572570990028,6.079209271443233,0.0,11.33572570990028,81.61456722517067
2019-07-14,27.838503651837993,29.71507454578379,26.210124947184163,93.15177763022876,3.5561924307358,2.775687903663911,52.33819822538783,26.628112259227727,32.86289136789513,5.838503651837993,0.0,10.86289136789513,81.18900796006069
2019-07-15,28.570163578197622,30.921816864851813,26.730839017323596,92.14588338262814,3.2396571497555384,3.2636460614474565,57.70482948029214,27.167955943091126,34.18798318519484,6.570163578197622,0.0,12.187983185194838,82.31335326845172
2019-07-16,28.755379368624375,31.21034345385405,26.684081004406355,90.54415464477576,2.307303675982374,5.2542393010201005,12.074391863342791,27.052140845472383,34.94557284392424,6.755379368624375,0.0,12.94557284392424,82.40226039027098
2019-07-17,29.30656606506911,32.136862437375505,26.64493269753124,87.23246695237522,1.5918331623106174,6.125609778475282,6.041314661676828,26.960466807441573,35.93482528846619,7.306566065069109,0.0,13.934825288466193,82.84861816850068
2019-07-18,28.967555984789037,31.691845838111913,26.53571014667713,86.09750528158388,1.5932486267881936,4.772999710267401,8.861164362890085,26.405000918254448,35.21682906661182,6.967555984789037,0.0,13.216829066611822,82.11634707123267
2019-07-19,28.643718838655165,31.42990342246635,26.209145892436773,88.46428743888453,2.004493873362709,5.988612947425606,21.751504798696207,26.546803109281203,34.700154097535204,6.643718838655165,0.0,12.700154097535204,81.91557944633858
2019-07-20,28.982081245850186,32.00524295285809,26.38934146194242,87.12536186394641,1.9507659805637714,6.228331176435082,7.044204744371342,26.62067463355734,35.12645029808785,6.9820812458501855,0.0,13.126450298087853,82.29035604942179
2019-07-21,28.98042192310014,31.561738395605722,26.750054928472267,88.21053057282549,2.386255809742259,5.886507865032898,6.196919176676526,26.82945169517502,34.962186393620954,6.980421923100138,0.0,12.962186393620954,82.4458050766033
2019-07-22,28.187405686002293,30.14412567151566,26.613845596668074,90.4509669825557,2.713840767791393,4.74852906983763,18.421024929075873,26.473781976792157,33.69761333375426,6.187405686002293,0.0,11.697613333754262,81.42076631359878
2019-07-23,27.793941570592143,29.65909579284119,26.132556286593836,90.57957083358484,2.9876881752882234,4.802496873302348,31.778553751433574,26.109307707160433,32.86922982850309,5.793941570592143,0.0,10.869229828503087,80.76732804881719
2019-07-24,28.169491157119577,30.636243133940972,26.330631375626247,91.20527434055654,2.876901068388966,4.0791823806362055,20.295884589847287,26.597052317226293,33.64869975841428,6.169491157119577,0.0,11.648699758414281,81.49409511084525
2019-07-25,28.588638256775514,31.545424639343278,26.061504798696205,87.88983702541198,1.7679133216635479,4.336698497012133,25.723494899499006,26.382066153634213,34.69988552793977,6.588638256775514,0.0,12.69988552793977,81.74128164542566
2019-07-26,27.99709241262752,30.118655761453493,26.405731273012616,90.70349007062234,3.1681728737852364,3.6956888754753425,54.31697772680632,26.333108308216275,33.094807261141895,5.99709241262752,0.0,11.094807261141895,81.13071129648296
2019-07-27,28.322458501841012,31.194668920142455,26.1901273616225,90.58751554294683,3.5713563107382154,4.447852501961732,21.628662401158927,26.63275556358972,33.339897509765784,6.322458501841012,0.0,11.339897509765784,81.66997606078836
2019-07-28,28.391981046659023,31.44598358181928,25.99006881149273,88.9606905293656,3.6777044727470276,5.758263940363374,9.044769119333615,26.3937824802665,33.174011608701505,6.391981046659023,0.0,11.174011608701505,81.56094779517304
2019-07-29,27.913566125430076,30.74659081306212,25.647674292267762,90.35247479929981,3.880335606929439,5.442055701092534,11.83857608498823,26.18494237759492,32.41413808087047,5.913566125430076,0.0,10.414138080870472,80.94069432830999
2019-07-30,27.719008269451322,29.95069415102312,25.824938130017507,90.90583026498462,2.9472590088730612,4.100997096637895,21.19372849640853,26.096120898937276,32.81381962311171,5.719008269451322,0.0,10.813819623111712,80.68296166596775
2019-07-31,28.098213315627454,30.876185187420784,25.9085772922074,89.99051608619547,2.7813490674231907,4.285243061507817,20.128251946640912,26.299206259236232,33.44419698680311,6.098213315627454,0.0,11.444196986803107,81.20566350982305
2019-08-01,28.35497917546931,31.41464115410153,25.84901370193759,88.77364399106658,2.5549399408462605,5.269873133337358,9.626957204080401,26.321647800052293,33.874684274715364,6.35497917546931,0.0,11.874684274715364,81.47232687263406
2019-08-02,28.251460131586892,30.984910363976585,25.954352628719743,89.53936620993542,2.4782984245789828,5.698264984607956,6.6377455181988285,26.365195654612045,33.85379520064236,6.251460131586892,0.0,11.85379520064236,81.4036777179143
2019-08-03,28.350329570833583,31.094843966922195,25.88978028611095,89.31180781070805,2.395929256956601,5.047419532806181,9.155754210176859,26.41953141642164,34.04681529220045,6.350329570833583,0.0,12.04681529220045,81.53955519193013
2019-08-04,29.343677793203355,32.58969336633066,26.2780678457174,87.20182410816683,1.6659642663125491,5.4683109615500705,5.901123921047867,26.99095800101056,35.94112922149712,7.343677793203355,0.0,13.941129221497121,82.90610185908307
2019-08-05,30.21441057523994,33.35153316834672,27.461651475825434,84.58902879217723,1.333515422224905,6.25767340496167,5.784299511076236,27.326292281022745,37.279160323400035,8.214410575239938,0.0,15.279160323400035,83.94878477499478
2019-08-06,29.298725176555806,31.683344600712264,27.558739059576272,90.19950443653045,2.604546991006218,5.365547341099777,10.788688959980684,27.52346761886893,35.611980838215814,7.298725176555806,0.0,13.611980838215814,83.27755641785858
2019-08-07,28.322524898895395,31.367114142572586,26.242196535280986,90.4092062533953,4.7922659503832925,4.701729993360295,31.754384016418182,26.599356592245027,32.46270117945348,6.322524898895395,0.0,10.462701179453482,81.64526417063897
2019-08-08,28.03595279773043,30.807036880545663,25.756837085772926,90.50317800446672,4.387314540954911,3.480058055169916,45.69498702239391,26.334015988793254,32.28091537033077,6.035952797730431,0.0,10.280915370330767,81.16973287131938
2019-08-09,28.757711716062055,31.746037303072377,26.04964930283093,88.61892316049978,2.3926806301684076,4.284511064163699,25.017231846441724,26.68871892637065,34.63869064735205,6.757711716062055,0.0,12.63869064735205,82.12981888611276
2019-08-10,29.380021729945074,32.46700066397055,26.47290155127664,86.05449568419147,1.515600289732601,5.1257227922979425,20.347634454035134,26.8012296189203,35.95235973763023,7.380021729945074,0.0,13.952359737630232,82.79499953704259
2019-08-11,29.84605842940786,32.45625399891351,27.11423492485061,83.63369167622382,1.0829528580913865,5.574406247359207,10.401214462485665,26.772404582714554,36.70205051028995,7.8460584294078615,0.0,14.70205051028995,83.19495562650664
2019-08-12,29.021008631617075,31.686124222852662,26.911506005915378,89.62690891531358,2.5040719502625697,5.109174026679545,22.362924488440882,27.14072953114569,35.135273116690655,7.021008631617075,0.0,13.135273116690655,82.72116499405323
2019-08-13,27.723846200277666,29.737959195992033,26.382949236433877,92.10575783183438,4.035650992937769,3.079739192370375,52.41799782700549,26.322956597746042,32.20726326800224,5.723846200277666,0.0,10.207263268002237,80.85110647533594
2019-08-14,27.719759159775457,29.7363240176254,26.248203657874093,92.68649785718598,3.4126558821754087,1.9720678215730065,58.42966680750891,26.425471964799357,32.70785369201938,5.719759159775457,0.0,10.707853692019377,80.92142561602797
2019-08-15,28.187656183980202,30.50345325043762,26.255543550431582,91.63369227983341,2.7657451560330784,2.944426269089153,36.72604877165449,26.694624387063918,33.810893888292725,6.187656183980202,0.0,11.810893888292725,81.58426338741401
2019-08-16,28.177804068328605,30.467869258163823,26.560571618277304,91.9504611577232,2.5155682984245793,2.8994799601617673,19.4102673990463,26.743535421329295,34.00946527130959,6.177804068328605,0.0,12.009465271309587,81.61099763289857
2019-08-17,28.33045391440816,30.96099173054868,26.276324621234984,90.17457475704714,2.152090299993964,4.288574201726324,38.0110201001992,26.56305975962753,34.29421646823444,6.33045391440816,0.0,12.294216468234438,81.62609071057051
2019-08-18,27.74995050401401,30.580592141003198,25.73487294018229,90.11119997585564,3.2797501056316776,5.027545705317801,13.507522786261847,25.97819799313627,32.534517826873866,5.749950504014009,0.0,10.534517826873866,80.62976099856101
2019-08-19,28.434112995714376,31.647508299631802,25.485970302408408,88.00079555743345,2.326495442747631,5.496086811130561,3.749514697893403,26.251409113521525,34.067030062036636,6.434112995714376,0.0,12.067030062036636,81.4974214822293
2019-08-20,28.780939820124345,31.962217058006885,25.857185368503654,87.05884408764412,1.8452634755839923,5.248894006156819,4.771959920323535,26.410055037507398,34.856992937518555,6.780939820124345,0.0,12.856992937518555,81.94463183243946
2019-08-21,29.233843182229734,32.289319731997345,26.592935353413417,86.02072131345446,1.4481384680388725,5.1779242590692345,2.5828611094344183,26.651134755801525,35.75097863077749,7.233843182229734,0.0,13.750978630777489,82.5472534496445
2019-08-22,29.036503893281825,32.20941993118851,26.742084263898114,85.2346713345808,1.3294802921470392,5.045178553751434,7.446100682078833,26.301876347079453,35.401560279508956,7.036503893281825,0.0,13.401560279508956,82.10457910293735
2019-08-23,28.226147160016904,31.043456268485542,26.27991549465806,89.42877225810346,2.304800507032052,4.66215903905354,10.786212349852116,26.319286680797823,33.919239092892525,6.226147160016904,0.0,11.919239092892525,81.34547138381528
2019-08-24,27.57075149393372,29.898906863040988,26.032607593408585,92.01448240478061,2.3850516086195452,4.282047805879158,14.959981288102854,26.15465789764367,33.09761649640087,5.57075149393372,0.0,11.097616496400867,80.57560001111
2019-08-25,28.369795376350577,31.805410756322814,25.49784330295165,87.4013448421561,2.293587251765558,5.560882917848735,9.817805275547776,26.072447097366044,33.907248162160215,6.369795376350577,0.0,11.907248162160215,81.3056253317082
2019-08-26,28.373523269149516,31.348860385102917,26.290617492605787,88.30297338081729,2.2904273555864068,5.966685911752279,5.899646284783002,26.24984031111292,34.03058161749495,6.373523269149516,0.0,12.030581617494953,81.43785514803902
2019-08-27,28.717332649242472,32.16188446912537,25.88352568358786,87.33366572101166,2.195449387336271,5.907415820607232,3.842593106778536,26.4009871820934,34.54211147665084,6.717332649242472,0.0,12.542111476650838,81.87771755544867
2019-08-28,28.30160499788737,30.594665298484948,26.257600651898354,89.93992937767852,1.9243550431580858,4.857958091386491,5.430827548741473,26.490366017520657,34.37573133879389,6.30160499788737,0.0,12.37573133879389,81.54437771577363
2019-08-29,28.8588815114384,32.11230458139676,26.310438824168532,86.35883442989075,1.5390414679785116,5.728356745337117,6.655807327820365,26.349726331739213,35.10899497344684,6.858881511438401,0.0,13.10899497344684,81.97362675402789
2019-08-30,29.280503410394164,32.56145771714854,26.51630409850909,83.81353534134124,1.1183690469004648,5.454357578318344,6.267429226776122,26.25588289713941,35.76296949698943,7.280503410394164,0.0,13.762969496989427,82.29627871315553
2019-08-31,29.338210901189115,31.880864368926186,26.85893342186274,84.18142632945012,0.9450709241262754,4.014361127542706,7.713456268485544,26.386557226357002,36.02924479904471,7.338210901189115,0.0,14.029244799044712,82.44576772567369
2019-09-01,29.428324983400735,32.818574877769066,26.78743888452949,86.5832691495141,1.4528472264139556,5.330471213858877,14.74864851813847,26.952886528783406,36.14878067101072,7.428324983400735,0.0,14.14878067101072,82.95467505576212
2019-09-02,28.919835818192798,32.083390475040744,26.60771352689081,87.6987463028913,2.0215011770386915,5.151232444015211,9.433950021126336,26.670914938055244,35.048712864474076,6.919835818192798,0.0,13.048712864474076,82.2695826323475
2019-09-03,28.538848312911213,31.218074485422832,26.373381420896965,89.42554596486993,2.4184306150781674,5.038301750467798,14.618372064948392,26.62699301669154,34.35966027691635,6.538848312911213,0.0,12.359660276916351,81.87482094729462
2019-09-04,28.17889720528763,30.484148005070324,26.421448059395182,90.81875475342548,2.2989672239995174,4.467603754451622,8.867104484819219,26.534242633797035,34.02023009972361,6.17889720528763,0.0,12.020230099723612,81.45694062482687
2019-09-05,28.435041347256597,31.25011649664997,26.211843423673567,89.27663548017145,2.528140278867629,4.947811378040684,8.614539747691193,26.49635801214605,34.090693423552885,6.435041347256597,0.0,12.090693423552885,81.67804578088689
2019-09-06,28.57368503651838,31.493183436952982,26.329099414498707,88.8518011710026,2.7354910363976583,5.2582300597573495,5.1272433150238435,26.55202721385166,34.12187471803807,6.5736850365183805,0.0,12.121874718038072,81.85252247646616
2019-09-07,28.3396299873242,31.01724150419509,26.251397356190015,90.31603730307239,3.273767731031569,4.085887692400555,14.289881088911695,26.598734380112237,33.542352150287606,6.3396299873242015,0.0,11.542352150287606,81.66142540912136
2019-09-08,28.4947534254844,31.391771594132916,26.398133035552608,89.86581215669707,3.1841733566729045,3.522699058369048,26.189572040804013,26.666936087831694,33.8066011262648,6.494753425484401,0.0,11.806601126264802,81.86216737768297
2019-09-09,28.755769904026078,32.03923341582665,26.278816321603188,89.86174443170158,2.9289690348282735,3.6452062171787287,19.521729945071527,26.92367916216993,34.42208939161724,6.755769904026078,0.0,12.422089391617241,82.30496118557991
2019-09-10,28.408344902517058,30.629399408462614,26.772360717088187,91.4934538540472,2.462049254542162,3.792210279471238,28.39050763566126,26.88682178119837,34.37578684801605,6.408344902517058,0.0,12.375786848016048,81.94339450111386
2019-09-11,28.52306392225509,31.084992454880187,26.763885434900708,91.21903543188266,2.6885024446188215,4.37990767187783,16.451559123558887,26.949104322789527,34.37496712606162,6.523063922255091,0.0,12.37496712606162,82.10137382111338
2019-09-12,27.71667048952738,29.64537152169977,26.47136777932033,92.66835335305126,3.676598659986721,2.806292080642241,49.819644473954256,26.419092320986987,32.51572309364988,5.716670489527381,0.0,10.515723093649882,80.91367565571863
2019-09-13,27.630277056799663,29.974629081909825,26.10093861290518,91.7008800627754,3.022351059334823,2.9311160439427777,44.39762962515845,26.15576254283629,32.71182515732376,5.630277056799663,0.0,10.711825157323759,80.63650214126848
2019-09-14,27.895030482284064,30.62817709905234,25.587764833705563,89.89747027222792,2.1379561779441065,4.874179380696567,15.832858694996077,26.081207233327877,33.54670472229289,5.895030482284064,0.0,11.546704722292887,80.84771540186667
2019-09-15,28.491022514637535,31.542693909579288,25.993024687632044,88.47362769360778,1.852346834067725,4.846879791151084,5.8037007303675985,26.3982436915232,34.55389618783844,6.491022514637535,0.0,12.55389618783844,81.65965680953289
2019-09-16,28.053247419569026,30.364082211625526,26.220550491941818,89.95362165751193,1.7343484034526468,4.2481018289370445,9.140532383654254,26.24788894605748,34.09792863611698,6.053247419569026,0.0,12.097928636116983,81.12418846341835
2019-09-17,28.52789219532806,31.542905776543737,25.855975131285085,85.59357216152593,1.1753715216997647,5.217843773767128,8.894487233657271,25.87438124793905,34.71845356988225,6.527892195328061,0.0,12.71845356988225,81.31488135737317
2019-09-18,29.1798973863705,32.74224301321905,25.561611033983223,80.48634333313214,1.031645439729583,5.475986135087826,8.882229733808174,25.473587997335315,35.213089945264095,7.179897386370499,0.0,13.213089945264095,81.63971686377519
2019-09-19,29.37232932938975,33.03522605178971,25.925484396692223,79.8227265044969,0.9723564918210902,5.95717675499487,2.443476791211445,25.52126332368455,35.47770224879945,7.37232932938975,0.0,13.477702248799453,81.84918495546316
2019-09-20,28.833598116738095,31.656399468823565,26.231585078771058,83.14299752520068,1.0009374056860025,5.3017766161646644,4.189171847648941,25.683284616026295,35.02258916986539,6.833598116738095,0.0,13.022589169865391,81.46740461838743
2019-09-21,29.179194784813184,32.16086859419328,26.330292147039295,80.86996619786323,0.7480720709844874,4.197725756021006,5.906759220136418,25.55300601659138,35.46171264792206,7.179194784813184,0.0,13.461712647922063,81.69528565464533
2019-09-22,28.969355344962874,32.203448421560935,26.343561900162975,82.40172934146194,0.9295303917426209,4.580338425786201,13.991221705800688,25.66479480918526,35.196536992848515,6.9693553449628745,0.0,13.196536992848515,81.58088503412242
2019-09-23,27.629250316895032,30.103280014486632,25.51505160861955,86.92902517051974,1.2073580008450535,4.4076399770628365,16.680040441842216,25.253228501208667,33.39798533936712,5.629250316895032,0.0,11.397985339367118,80.00345859136077
2019-09-24,26.75505100500996,28.836312549043278,25.30650389328183,91.44091265769302,1.6378475282187481,3.547504140761755,34.38929981288103,25.24229128206623,32.21467810300892,4.75505100500996,0.0,10.214678103008922,79.10161220231254
2019-09-25,26.223915011770387,28.259541256715163,24.746662642602764,89.13689865395062,1.5984982193517234,2.4570015150600595,27.8227385766886,24.290412732480164,31.124743354635243,4.223915011770387,0.0,9.124743354635243,77.91860315038733
2019-09-26,26.724979779078897,29.89872879821332,24.06743888452949,84.40259612482647,1.0244063499728377,3.9868220740025353,14.210055532081853,23.873029943035764,31.780320878991667,4.724979779078897,0.0,9.780320878991667,78.1825867286656
2019-09-27,26.613098931611038,29.818781915856828,23.803737550552302,86.10375143357278,1.125612965533893,4.336063282428925,4.986704291664153,24.0957050799586,31.729028459965328,4.613098931611038,0.0,9.729028459965328,78.20641549169953
2019-09-28,26.324559063197924,29.04029335425847,23.956344540351303,86.8136150178065,1.000352507997827,2.8485911873000545,7.4875728858574275,23.949159781816697,31.44116937980712,4.324559063197924,0.0,9.441169379807121,77.81178804825393
2019-09-29,25.682555079374662,27.919051729341458,23.866259431399772,88.17332105993843,1.2689599806844936,2.6497008993782822,19.288762600350097,23.576201845894914,30.392816969867148,3.682555079374662,0.0,8.392816969867148,76.89424757740115
2019-09-30,25.801824711776426,28.244125067906076,23.70763324681596,90.07749683104967,1.5738522363735137,3.0797018229009483,30.778194000120724,24.049150206875222,30.57561316148491,3.801824711776426,0.0,8.57561316148491,77.31193806285339
2019-10-01,26.242316653588464,28.86310919297399,24.455391440816083,90.97785839319128,2.055666686786986,2.878188905655822,33.406392829118126,24.6502815619999,31.041202404972815,4.242316653588464,0.0,9.041202404972815,78.16773939844579
2019-10-02,27.11537997223396,30.289203235347387,24.073479205649786,86.60646043339167,1.5475076960222132,4.442073459286534,15.729005251403395,24.686074337401156,32.29272440811446,5.11537997223396,0.0,10.29272440811446,79.10464450239539
2019-10-03,27.39632582845416,30.546867266252193,24.44130138226595,86.62315144564496,1.355125248988954,4.496401056316775,9.913733928894793,24.96522213282816,32.880941156511874,5.3963258284541595,0.0,10.880941156511874,79.57488766751464
2019-10-04,27.139891953884227,29.904260276453197,24.64447335063681,87.44227983340377,1.2040061568177705,4.609158212108409,5.640592141003198,24.871074271408908,32.671639048742115,5.139891953884227,0.0,10.671639048742115,79.25196553589612
2019-10-05,27.424672541799964,30.32608860988713,24.39914408160802,85.71618639463995,1.0824790245669103,4.577293360294561,6.8526601074425075,24.816553980282613,33.008073040338545,5.424672541799964,0.0,11.008073040338545,79.50399062666071
2019-10-06,27.60208788555562,30.292954065310557,25.365785597875295,84.26757348946703,0.8352664936319191,3.4155108529003444,9.310529365606326,24.704855238498336,33.28998194266322,5.602087885555619,0.0,11.289981942663218,79.60674941954909
2019-10-07,27.007950141848255,29.40157542101769,25.089675861652683,87.23897326009538,0.9256069294380396,4.371730856522001,9.845203114625463,24.702355786807377,32.63050486874537,5.007950141848255,0.0,10.63050486874537,79.00540636637176
2019-10-08,26.64977666445343,28.76592563529909,24.90975131285085,87.17246333071769,0.8469861773404963,4.2846931369590155,12.71038449930585,24.337530032924523,32.1053786979602,4.64977666445343,0.0,10.105378697960198,78.39825340247822
2019-10-09,26.034175771111247,28.594493269753123,24.09935655218205,86.9693179211686,0.9931496348162009,3.305848047322992,20.138268847709305,23.693646810575466,31.00592623761849,4.034175771111247,0.0,9.005926237618489,77.3455039307743
2019-10-10,25.82093257680932,28.465783787046547,23.39850304822841,87.86306271503591,1.4732673386853385,2.8118150540230578,32.725174141365365,23.65384437297506,30.433280225472622,3.8209325768093194,0.0,8.433280225472622,77.0915272140514
2019-10-11,26.441877225810348,29.727426812337786,23.482924488440876,85.57482042614838,1.3003024084022454,4.5791840948874265,21.39537635057645,23.825122235684184,31.27573550217206,4.441877225810348,0.0,9.275735502172061,77.85831659257275
2019-10-12,26.77674050823927,30.205743948813915,23.792378221766164,81.20970785296072,1.0490016297458804,5.388156932456087,5.170772016659625,23.283274350657095,31.473896869874473,4.776740508239271,0.0,9.473896869874473,77.87250721505157
2019-10-13,25.8361719080099,30.026851572402972,21.97652803766524,82.58975976338505,1.4013436349369226,5.458572137381542,0.0,22.644402676727122,29.92827904860237,3.8361719080098986,0.0,7.92827904860237,76.51404443136101
2019-10-14,25.941615259250323,30.457187782941997,21.628551940604822,82.37543912597333,1.3818343695297879,5.45982553268546,0.013671757107502869,22.704489547691743,30.08058593248196,3.941615259250323,0.0,8.08058593248196,76.66074845943805
2019-10-15,26.655572523691678,30.683848011106416,22.353564314601318,81.84296311945434,1.055709543067544,5.138135800084506,1.1134429890746664,23.293857464369776,31.353953347384433,4.655572523691678,0.0,9.353953347384433,77.75478171959631
2019-10-16,27.33373755055231,30.71971147461822,24.177439488139076,81.66154282610009,0.8619774250015092,4.384066867869863,6.653961489708457,23.918259696758323,32.52992720608945,5.333737550552311,0.0,10.529927206089447,78.8288796693015
2019-10-17,27.466688597814937,31.349060783485243,23.902700549284724,81.76204804732299,1.0409742258707069,5.259778897808898,5.340609645681174,24.06836961855956,32.62642057486877,5.466688597814937,0.0,10.626420574868767,79.05694308779147
2019-10-18,27.37752701152895,31.294291664151626,23.702372185670313,82.07100742439792,1.2182772982434962,5.30423781614052,1.2207852960705017,24.044261923446495,32.398769450590294,5.377527011528951,0.0,10.398769450590294,78.95280876635833
2019-10-19,26.724997283756867,30.53925635299089,23.266738093800928,82.91426993420656,1.3453425484396695,5.039753214221043,0.01126335486207521,23.577319475491397,31.383369374151947,4.724997283756867,0.0,9.383369374151947,77.99917934424329
2019-10-20,26.283854650811854,30.319749502022095,23.009546085591843,84.85019496589607,1.4906844932697534,4.952802734351422,0.003434538540472023,23.528931972138057,30.81215306727026,4.283854650811854,0.0,8.812153067270259,77.51055756132705
2019-10-21,26.040105028067853,29.82451982857488,22.66708034043581,86.74013520854712,1.5395122834550612,4.211459950504015,1.6423836542524297,23.65562782351285,30.607313396863496,4.0401050280678525,0.0,8.607313396863496,77.32872686221722
2019-10-22,25.910828755960644,29.43594796885375,23.06980020522726,85.9152266553993,1.346552182048651,4.03270165992636,1.5953835938914713,23.370122737270574,30.448490043784382,3.910828755960644,0.0,8.448490043784382,77.01821762036698
2019-10-23,25.1621506609525,28.80080340435807,22.155416792418666,84.5247986962033,1.224181203597513,3.575793312005795,3.8039433814208974,22.366770136907057,29.22605674235782,3.1621506609524985,0.0,7.2260567423578195,75.62640671031421
2019-10-24,23.027665238123987,25.037434659262395,21.626161646646953,89.05037242711414,1.8761024929075876,2.117930168407075,27.06103579404841,21.12378774178837,25.981543936850578,1.027665238123987,0.0,3.981543936850578,72.50510021681326
2019-10-25,24.03779742862317,27.0352592503169,21.34926661435384,91.52331200579468,2.364084626063862,1.665652827910907,35.24834973139373,22.5701051379824,27.41366789256744,2.0377974286231684,0.0,5.413667892567439,74.45106935398377
2019-10-26,25.477601859117524,28.16195267700851,23.34073459286534,92.17592865334703,1.8154204140761756,2.76158029214704,57.8896879338444,24.112488449374805,30.11959429411864,3.4776018591175237,0.0,8.119594294118642,76.99296387345603
2019-10-27,25.12767489587735,28.43363855858031,22.399320335606934,87.66400193155069,1.2683201545240537,3.9139336874509563,6.258419750105634,22.934215791354312,29.473001250830606,3.1276748958773517,0.0,7.473001250830606,75.90644904463429
2019-10-28,24.0505510955514,27.827708094404542,21.095370314480594,86.78407919357761,1.6081125128267038,4.88717823987445,1.149338443894489,21.7093325324934,27.494542644677765,2.0505510955513984,0.0,5.4945426446777645,74.01558278182111
2019-10-29,24.11619363795498,28.28390897567454,20.17240055532082,86.69145349188145,1.376369288344299,4.806548318947305,0.0,21.756338641110048,27.747093437647692,2.1161936379549786,0.0,5.747093437647692,74.11606439919287
2019-10-30,24.841235588821153,28.79678517534859,20.965451801774613,83.75484457053179,1.1445469910062174,4.749223245005131,0.0,21.902379679002504,28.711932557408964,2.841235588821153,0.0,6.711932557408964,75.01802910971713
2019-10-31,24.920243254662893,28.83157119575059,21.146348162008817,81.41647492002174,1.15371340616889,4.394479247902456,0.0,21.51592957554992,28.582290517058723,2.9202432546628927,0.0,6.582290517058723,74.9014058146882
2019-11-01,24.800484094887427,28.765164483612,21.34968672662522,83.27087463028913,1.333469547896421,4.664006887185369,0.0,21.767561965410895,28.46785367981392,2.800484094887427,0.0,6.467853679813921,74.90096134750681
2019-11-02,25.044335124041773,29.608999818917127,21.036529848493995,82.68124464296494,1.2771859721132373,5.039735208547112,0.0,21.88937004603107,28.815470420918885,3.0443351240417726,0.0,6.815470420918885,75.23633686375945
2019-11-03,25.256502686062657,29.33043520251102,21.60161405203115,81.4877340496167,1.0880479266010747,4.7253685398684135,0.0,21.858035166081674,29.143657632594696,3.2565026860626567,0.0,7.143657632594696,75.45192018475836
2019-11-04,25.47531116074123,29.139170640429775,22.32921108227199,81.221422104183,1.0733548620752098,4.8068406470694764,0.0,22.017605417947564,29.457489726373474,3.4753111607412315,0.0,7.457489726373474,75.77577415581031
2019-11-05,25.0453413412205,28.91277056799662,21.340834188446912,81.4502716243134,1.0496915555019013,4.631930681475222,0.16225629262992697,21.64466075892687,28.84722668163016,3.0453413412204995,0.0,6.847226681630161,75.10693251073582
2019-11-06,24.2870972415042,28.74320697772681,20.34556648759582,79.88082151264562,1.2479543671153497,3.96817484758858,0.10723426088006277,20.589258511557542,27.41437568145554,2.287097241504199,0.0,5.414375681455539,73.72757229347104
2019-11-07,24.28809380092956,29.509493571557922,19.48729281100984,76.8006869077081,1.2488265829661376,4.208754391259733,0.07464236132069776,19.953409833281594,27.106716017077606,2.288093800929559,0.0,5.106716017077606,73.42459900193606
2019-11-08,24.27345989014306,27.83202752459709,21.041134786020407,87.45159835818195,1.425166294440756,2.0044707249351124,7.514151023118249,22.05406549513725,28.027812819401625,2.2734598901430587,0.0,6.027812819401625,74.45326639929854
2019-11-09,23.88337961006821,25.96658115530875,22.313040985090847,92.7696052393312,3.105320214885013,1.3095135027464238,32.122914830687506,22.640190130257807,26.77873434063988,1.8833796100682108,0.0,4.778734340639879,74.30439751566207
2019-11-10,23.634967103277607,25.98677249954729,21.7970972415042,92.88439005251402,3.7572252067362837,1.2780144202329935,57.20187179332409,22.41443572267747,25.95034477382255,1.6349671032776065,0.0,3.9503447738225503,73.8858165480518
2019-11-11,24.032810406229256,27.488741474014613,21.106308323776183,88.51308203054266,2.1578312307599448,3.729854210176858,12.898392587674296,22.0152293442013,27.253416889923972,2.032810406229256,0.0,5.253416889923972,74.15254570169576
2019-11-12,23.697802257499852,27.98286231665359,20.06843423673568,84.27421983461099,1.299718717933241,4.417627989376472,3.029118730005433,20.884382133267522,26.935013111675808,1.697802257499852,0.0,4.935013111675808,73.19389212027272
2019-11-13,23.14308565220016,27.819334218627397,18.792165147582544,83.71895273736948,1.3171636385585803,4.480560342850246,0.0,20.234219067943005,26.047771079897018,1.1430856522001598,0.0,4.047771079897018,72.23408826671331
2019-11-14,24.057034466107325,28.80624977364641,19.41666083177401,82.75237520371826,1.105905112573188,4.8850825436107925,0.0005492847226413955,20.939118596736133,27.457637344437,2.057034466107325,0.0,5.457637344437,73.63705296783138
2019-11-15,24.054005553208185,28.42182229733809,19.969588338262813,81.59626667471481,1.1355489829178487,4.860408860988713,0.003218446308927386,20.70735829700791,27.318183640851895,2.054005553208185,0.0,5.318183640851895,73.52051255855407
2019-11-16,23.528848312911215,27.839304038148125,19.072070984487237,81.0127421983461,1.1665811553087462,4.6357368262208,0.028248928592986063,20.07914954679376,26.464570893912402,1.5288483129112151,0.0,4.464570893912402,72.6186089997458
2019-11-17,22.890167803464724,27.022972173598117,18.909157964628484,80.29199191163157,1.113444196293837,4.146032812217059,0.0005492847226413955,19.313114652598284,25.502955389016236,0.890167803464724,0.0,3.502955389016236,71.52905908881363
2019-11-18,22.555859238244707,26.944122049858155,18.129472445222433,80.03024506549164,1.0208245306935475,4.059629178487355,0.0,18.9353753183213,25.061353094949975,0.5558592382447074,0.0,3.0613530949499754,70.97184152615955
2019-11-19,22.2318669644474,26.809106054204147,17.96269994567514,78.92540109856945,1.091259129594978,3.9898978390776847,0.03776724814390052,18.398017946606455,24.449359230252874,0.23186696444739852,0.0,2.449359230252874,70.36682598675438
2019-11-20,21.20741534375566,25.866597452767554,17.1438691374419,79.50680811251284,1.1990130983280016,3.900356316774311,0.003440574636325225,17.519239542207806,22.97372988212029,0.0,0.7925846562443404,0.9737298821202884,68.7782909297861
2019-11-21,21.41934508359993,26.535832679422956,16.148694392466954,78.17374177581941,1.1524035733687454,4.19982107804672,0.0,17.457002870116327,23.1925368621706,0.0,0.5806549164000714,1.1925368621705985,69.02276076688702
2019-11-22,21.508877286171305,25.807241504195094,16.806412144624858,79.39502203174987,1.1057928411903182,4.30318414921229,0.0,17.789982409923095,23.454260662069732,0.0,0.49112271382869466,1.454260662069732,69.25119651650282
2019-11-23,21.821218687752765,26.140764169735018,16.953574575964268,78.48479567815538,0.9984004345989017,4.059439500211263,0.0,17.9100673019698,23.89291997722088,0.0,0.17878131224723504,1.8929199772208811,69.68150327411405
2019-11-24,21.73158024989437,25.891974406953587,17.107324802317862,79.71385163276392,1.0120685700488925,3.880241317076115,0.0,18.070275541129668,23.862154543413855,0.0,0.2684197501056289,1.8621545434138547,69.62954920265332
2019-11-25,21.875373332528525,26.076601074425064,17.51348403452647,81.91518621355708,0.9957729220740026,3.801555459648699,0.0,18.645128409598147,24.26826455124449,0.0,0.12462666747147466,2.2682645512444886,70.02376465152216
2019-11-26,22.47096577533651,27.427287378523573,17.94866904086437,80.87714009778477,0.9558405263475585,4.297938220558943,0.0,19.02153308488443,25.06078653750826,0.4709657753365093,0.0,3.0607865375082604,70.90433891763237
2019-11-27,22.500133397718354,27.448533832317256,17.776718174684614,79.61365847769662,1.038646707309712,4.494695002112635,0.0,18.797554142668975,24.931275868558572,0.5001333977183542,0.0,2.931275868558572,70.84891925767201
2019-11-28,23.004850606627638,28.356732057705074,17.852266553992877,79.47436228647311,1.0132353473773164,4.548936729643268,0.0,19.260139724231696,25.663540893928896,1.0048506066276381,0.0,3.6635408939288965,71.64253063062314
2019-11-29,22.70602523088067,27.707840888513307,17.909410273435142,81.60176193637956,0.9498672058912297,4.464562038993179,0.0,19.393936637472112,25.4704325217411,0.7060252308806696,0.0,3.470432521741099,71.3426831199834
2019-11-30,22.000664574153443,26.65582603971751,17.443105571316472,82.0768219955333,1.120397175107141,4.1908709361984675,0.0,18.798947578326555,24.3748707853108,0.0006645741534434535,0.0,2.374870785310801,70.23891559232823
2019-12-01,20.642086678336454,25.53778052755478,16.373243194301924,83.53594495080584,1.495347377316352,3.617744304943563,0.0,17.75254591114649,22.298425763741605,0.0,1.3579133216635455,0.298425763741605,68.12805543406589
2019-12-02,19.68551940604817,24.920761755296674,15.895354017021791,82.29680328363617,1.458431822297338,3.6783671877829427,0.0,16.581278157740034,20.88865363473095,0.0,2.3144805939518314,0.0,66.49822903295241
2019-12-03,18.920284903724273,24.191877829419933,14.43607895213376,80.23205710146678,1.3482935957023,4.080885290034406,0.0,15.43685083629575,19.761874953179067,0.0,3.079715096275727,0.0,65.16294548808446
2019-12-04,18.793198527192615,24.648256171908013,13.814736524416011,81.86061930343455,1.582995110762359,4.16661832558701,0.0,15.626796655530795,19.541222866559043,0.0,3.206801472807385,0.0,65.03085834334334
2019-12-05,20.201901370193763,26.830668799420536,14.104769722943205,78.51576386793023,1.3582151264562083,4.4794466590209465,0.0,16.344264655555858,21.382404008664597,0.0,1.798098629806237,0.0,67.11692827582655
2019-12-06,20.779614293474985,26.610048288766823,15.657753365123439,76.81140520311463,1.2578294199311888,4.29949698798817,0.0,16.55922767307756,22.11509397734023,0.0,1.2203857065250148,0.11509397734022997,67.92396282013688
2019-12-07,20.745928653347015,25.783775577956185,15.603695901490918,76.89702179030604,1.2485477153377196,4.3104004527071895,0.0,16.544143863567186,22.08193226491716,0.0,1.2540713466529851,0.08193226491716032,67.87657306203914
2019-12-08,21.210666384982193,25.90922013641577,16.950350697169075,74.52722218868837,0.9527735860445465,3.7877342186273926,0.0,16.50071851742642,22.736868375455266,0.0,0.7893336150178065,0.7368683754552663,68.44433357725174
2019-12-09,20.65181203597513,25.111346652984846,16.437154584414802,78.2036228647311,0.9302028128206677,3.6621137804068336,0.0,16.718281028359158,22.279641212546952,0.0,1.34818796402487,0.2796412125469523,67.81059313560596
2019-12-10,19.730673024687633,24.191518078107087,15.427784752821877,78.6600126758013,1.078704653829903,3.6630199432606987,0.0,15.915477590363055,20.941275284265956,0.0,2.2693269753123673,0.0,66.37764649667491
2019-12-11,19.653745397476914,24.08721313454458,15.056589605842941,75.53483370555925,0.9755520009657754,3.142221603187059,0.0,15.207665878771486,20.672228225012912,0.0,2.3462546025230857,0.0,66.0914041672792
2019-12-12,19.14616526830446,23.684711776423008,15.064877165449388,78.90675620208849,1.2556310738214522,3.3609257137683355,0.0,15.396647983700456,20.037853738988233,0.0,2.853834731695539,0.0,65.46197727185276
2019-12-13,19.355068509687932,24.537655580370615,14.569712078227804,77.10599384318223,1.0378843484034528,3.5483296794833104,0.00491338202450655,15.239394412397598,20.341381805575892,0.0,2.644931490312068,0.0,65.70470962775579
2019-12-14,19.894517414136537,25.410518500633792,14.803554656847954,76.86110581276031,1.041909217118368,3.5125846139916703,0.03177159413291484,15.712283625354493,21.05401734120534,0.0,2.105482585863463,0.0,66.53876077488925
2019-12-15,19.58202390293958,24.523366934266917,15.079873241987084,81.49604333916822,1.4235051608619544,3.6070972656485796,0.13804490855314783,16.326479709044094,20.709533580641654,0.0,2.4179760970604214,0.0,66.28876356813736
2019-12-16,19.18675378765015,24.37202631737792,15.269109072252068,83.7670688718537,1.4286799058369049,3.3713603187058614,0.0012283455061266376,16.37226205851688,20.328279848776546,0.0,2.813246212349849,0.0,65.75912637214708
2019-12-17,18.25381843423674,23.751186092835155,14.145127663427296,85.51114746182171,1.5716780346471904,3.3629480292147047,0.002291301985875536,15.78124605787723,19.0675911356682,0.0,3.7461815657632584,0.0,64.29849911160044
2019-12-18,16.325153618639465,21.826590813062108,12.286578137260822,86.04006458622564,2.118059998792781,3.279906742319068,0.0,13.983882881388023,16.109524919276645,0.0,5.674846381360535,0.0,61.11652631177303
2019-12-19,14.662993299933605,20.585021428140283,10.044045995050404,86.9241123921048,1.7752580430977245,2.2298991730548683,0.0,12.507331106793897,14.203309065738232,0.0,7.337006700066395,0.0,58.35899923156488
2019-12-20,14.881010442445827,20.50511679845476,9.648929196595642,82.19756926419993,1.417476308323776,2.7629142089696384,0.0,11.870272247432371,14.475749744869137,0.0,7.118989557554173,0.0,58.700187245554105
2019-12-21,14.80341160137623,20.000638618941267,10.603524476368687,83.83813605360054,1.2577744914589242,1.9846134725659441,0.0,12.094604044779937,14.578146192209147,0.0,7.196588398623771,0.0,58.580942048318796
2019-12-22,14.913915615379972,20.564751614655638,10.30436349369228,84.48179151324923,1.4325526649363196,2.599314848795799,0.0016478541679241867,12.319238237292147,14.635577983556662,0.0,7.086084384620028,0.0,58.765297611043316
2019-12-23,15.791175227862622,21.828078107080344,11.085232691495142,84.68560149695178,1.6975336512343815,2.7835221766161653,0.003844993058489769,13.215869082514988,15.613188605195564,0.0,6.208824772137378,0.0,60.21106529188215
2019-12-24,15.628192189291967,22.103410394157056,10.424532504376169,82.41211504798697,1.747510110460554,3.092234490251706,0.01867568056980745,12.639891024142887,15.230091033918313,0.0,6.371807810708033,0.0,59.914732911483256
2019-12-25,15.127627210720108,21.29477575903906,9.90488863403151,81.94607593408584,1.4431405806724213,3.0196272891893527,0.006030663366934267,12.064573965835171,14.76356030497698,0.0,6.872372789279892,0.0,59.098363715189855
2019-12-26,16.283054264501718,22.3823232932939,11.377571075028673,79.52784390656123,1.472521880847468,2.5677667833645197,0.4381457113538964,12.734137127732433,16.107604046900487,0.0,5.716945735498282,0.0,60.92399586775014
2019-12-27,14.810105631677434,19.545507333856463,11.45454276573912,85.15214764290455,1.6972276211746244,1.4885195207339896,12.04603126697652,12.33785127818313,14.352225966892785,0.0,7.189894368322566,0.0,58.59729825831978
2019-12-28,14.236738697410516,20.828358181927932,8.874235528460193,82.3288247721374,2.0170936198466833,2.6778690348282734,0.22964568117341705,11.26503163893139,13.23175267362127,0.0,7.763261302589484,0.0,57.654979846198806
2019-12-29,15.011163759280498,22.382289491157124,8.616360234200519,80.65024989436833,1.696983762902155,3.774324168527796,0.1749677068871854,11.708999469712497,14.361792696201125,0.0,6.988836240719502,0.0,58.90183610654793
2019-12-30,15.970689925756021,22.782536971087104,9.896889599806846,80.57246031266979,1.4415259250316896,3.729750522122291,0.002197138890565582,12.62935347183387,15.783603384920237,0.0,6.029310074243979,0.0,60.44209545766969
2019-12-31,17.793389267821574,24.154751614655638,11.709998189171246,78.6337043520251,1.2366276332468158,4.106016225025654,0.0016478541679241867,14.028658819693074,18.210791350285632,0.0,4.206610732178426,0.0,63.303059098629426
2020-01-01,19.43912597332046,25.33131285084808,14.505157843906563,77.3636029456148,1.2019381903784632,3.4701541498158996,0.2583696505100502,15.372851418319387,20.359761023393315,0.0,2.5608740266795387,0.0,65.84975018858536
2020-01-02,19.859964990644055,25.63526890807026,14.98944528279109,80.35388060602403,1.2594519224965293,2.5039942174201726,0.30366873905957625,16.375517805835536,21.121609344507114,0.0,2.1400350093559446,0.0,66.67526574222808
2020-01-03,17.79200579465202,20.669626365666684,15.806883563710993,91.2942065552001,1.3383829299209276,1.8917258284541563,36.387898231423925,16.352559238557518,18.98824605539942,0.0,4.20799420534798,0.0,63.730309412255586
2020-01-04,17.916729039657152,21.954401521096155,14.614206555200099,84.823898110702,1.0779857548137863,2.610507472686667,10.993400736403697,15.324618443765159,18.9055200829208,0.0,4.083270960342848,0.0,63.71640988915397
2020-01-05,16.868762600350095,21.570333796100684,13.329663789460978,85.31694996076538,1.669990342246635,2.740713007786564,3.7314039958954552,14.387004551135563,17.106246740453084,0.0,5.131237399649905,0.0,62.001283032670855
2020-01-06,14.833013219049919,20.41127603066337,9.962498943683226,81.96642421681658,1.8700591537393616,3.6031206736282972,0.2193698315929257,11.780669195471997,14.083915641110629,0.0,7.166986780950081,0.0,58.62133602728129
2020-01-07,14.669251524114202,21.17110038027404,8.97666988591779,79.71027222792299,1.475235709543068,3.049868364821634,0.19406108529003438,11.198645511562075,14.024413959923464,0.0,7.330748475885798,0.0,58.35002234214062
2020-01-08,16.060566789400617,21.681635781976222,10.9314021850667,77.35282791090724,1.2226202692098753,3.3313742500150902,0.017763626486388608,12.09535931077616,15.860687874640725,0.0,5.939433210599383,0.0,60.53294880247123
2020-01-09,16.60063861894127,21.361648457777516,12.669582905776544,83.00141546447757,1.2584481197561417,2.6030481318283343,1.1608021971388907,13.699622612890566,16.89062783618029,0.0,5.399361381058728,0.0,61.5070720981322
2020-01-10,16.63511981650269,21.79978994386431,12.586900464779383,85.06632220679666,1.7860855918391987,3.4265571980443057,0.36626667471479446,14.112349056586586,16.69603738467754,0.0,5.364880183497309,0.0,61.609430078016295
2020-01-11,14.846391018289372,20.59388241685278,10.14330476247963,85.27670972415042,2.0934876561839806,2.6796177702661925,0.3549719321542827,12.395720688548025,14.129144148145294,0.0,7.153608981710628,0.0,58.6577803875328
2020-01-12,14.93094947787771,21.650884891652083,9.69982193517233,82.9862950443653,1.9705637713526891,2.981437055592443,0.0,12.064138439388072,14.197467784011376,0.0,7.069050522122289,0.0,58.78537488255028
2020-01-13,15.298658779501423,21.6621959316714,9.412640188326193,79.72038510291544,1.3546659020945253,3.26955847166053,0.0,11.81312401159507,14.920301810650724,0.0,6.701341220498577,0.0,59.35534126338083
2020-01-14,16.20785296070502,22.110634393674175,10.267814933301143,79.04748838051549,1.102210418301443,3.650172451258526,0.0,12.568485609531807,16.239204940690914,0.0,5.792147039294981,0.0,60.79534472761412
2020-01-15,17.24683768938251,22.94403090481077,12.059968612301565,80.00094766704896,1.2123649423552847,3.94830374237943,0.0,13.763017304654978,17.590728171037846,0.0,4.7531623106174905,0.0,62.47496728155473
2020-01-16,18.61803162914227,25.17854349007062,12.57550250497978,75.26797066457416,1.1534387638075694,4.134546628840467,0.0,14.151940428240927,19.136418061965085,0.0,3.381968370857731,0.0,64.46925211255908
2020-01-17,19.61708094404539,26.051586285990222,13.485925031689504,75.08554777569869,1.1243628900826947,4.238370761151687,0.0010629564797488985,15.079354110111865,20.4845862445981,0.0,2.382919055954609,0.0,66.01093855997439
2020-01-18,19.92887970060965,26.24050401400374,15.049239451922498,73.37143176193639,1.1535818192792902,4.321584312186878,0.004582603971751072,15.020736644202039,20.75483298474062,0.0,2.0711202993903512,0.0,66.39972195722008
2020-01-19,19.0321216876924,25.41767972475403,14.498460795557435,80.64157964628478,1.6637912718053962,3.372031508420354,0.2663409186937889,15.625277576879732,19.723150315477636,0.0,2.967878312307601,0.0,65.36111345024722
2020-01-20,16.627093619846686,21.68947244522243,12.62975795255629,82.18412627512527,2.0703102553268544,3.430059986720589,0.017010925333494298,13.573190924155933,16.306483923285445,0.0,5.372906380153314,0.0,61.531992328677404
2020-01-21,15.297324802317862,21.053271563952435,9.836650570411058,74.71494235528462,1.7257228224784211,4.125105130681476,0.0,10.831824174468588,14.371927851569485,0.0,6.702675197682138,0.0,59.30829555064575
2020-01-22,15.21912174805336,21.661253697108716,9.247274099112694,72.21424639343273,1.5997181143236554,4.37151036397658,0.0,10.245127983032438,14.217840598388662,0.0,6.780878251946641,0.0,59.16681999584413
2020-01-23,16.233873966318587,22.220117100259557,10.910588519345689,73.66748656968674,1.46903905354017,3.321469608257379,0.0,11.522339240295171,15.68899405468585,0.0,5.766126033681413,0.0,60.738068030897594
2020-01-24,15.594757047141911,21.425830868594197,10.511896541317077,71.52969759159777,1.5125852598539269,4.003460252308807,0.0,10.463371010141984,14.714983335558777,0.0,6.405242952858089,0.0,59.73041174048844
2020-01-25,15.72395726444136,22.03132733747812,10.032812820667592,67.49942355284603,1.2750485905716185,4.227751143840165,0.0,9.719072531369894,14.807771141889262,0.0,6.27604273555864,0.0,59.872829333137034
2020-01-26,15.133882416852781,21.157795617794413,10.10487414740146,71.96200519104244,1.4858381119092172,3.9418887487173304,0.0,10.1107488275067,14.175498127317628,0.0,6.8661175831472185,0.0,59.03522243639397
2020-01-27,15.438303857065252,21.165304521035793,10.012233355465687,73.31885736705499,1.5000319913080224,3.552235963059094,0.0,10.68401653849628,14.629081438713829,0.0,6.561696142934748,0.0,59.5119156096505
2020-01-28,16.857934447999032,22.854517414136538,10.645256232268968,72.25561960523933,1.2871394941751677,3.42248503651838,0.0,11.829939567668271,16.5325807126664,0.0,5.142065552000968,0.0,61.662343323291545
2020-01-29,17.428174081004403,22.49358544093681,13.635000905414381,75.2887746725418,1.1036572704774552,1.8595916581155312,0.9747166052996924,13.006484911145899,17.598673643012212,0.0,4.5718259189955965,0.0,62.62241442534324
2020-01-30,17.92853141787892,23.1466614353836,12.978802438582726,81.57243978994389,1.1258242288887548,2.159013225086014,0.6227941087704472,14.72813094023518,18.667786578709023,0.0,4.071468582121081,0.0,63.62113430062167
2020-01-31,17.881062352870163,23.13078107080341,13.564201122713829,78.05583207581337,1.618094404539144,3.099316472505584,0.668789762781433,13.999936102338118,18.021658646708737,0.0,4.118937647129837,0.0,63.42202206690682
2020-02-01,16.946992213436353,23.060268002655885,11.633058489768818,71.38672662521883,1.3527657391199372,4.055182555682985,0.00137622985453009,11.732023904393154,16.54629463618886,0.0,5.053007786563647,0.0,61.7758081393205
2020-02-02,16.272393915615382,22.527086376531663,10.629425363674775,68.88093680207642,1.864996680147281,4.331225146375324,0.0,10.546299319337276,15.169341606533788,0.0,5.727606084384618,0.0,60.70763760219326
2020-02-03,15.03529727772077,21.410059757348947,9.411072614233113,66.95303193094706,1.7385875535703508,4.8801087583750835,0.0,8.941349712194016,13.591863717473878,0.0,6.964702722279229,0.0,58.85358861138544
2020-02-04,15.661361139614899,22.596284179392775,9.452020281282067,66.58319490553511,1.6675638317136476,4.828232721675621,0.0,9.455654395734456,14.400746532740627,0.0,6.338638860385101,0.0,59.768943457744385
2020-02-05,16.58911269390958,22.778540472022698,11.075664272348645,67.30521880847469,1.593904146797851,4.1485181746846145,0.0,10.501216635777164,15.663353082223082,0.0,5.4108873060904195,0.0,61.1446772437276
2020-02-06,17.31911631556709,23.915301502987873,11.682244220438223,66.44559606446552,1.6662775396873304,4.530999499004044,0.002197138890565582,11.003422728677934,16.485210165137786,0.0,4.68088368443291,0.0,62.19491728814729
2020-02-07,17.185156636687392,23.914532504376176,10.919084927868656,65.72119876863646,1.4716967465443354,3.5711858031025536,0.002197138890565582,10.710898983195356,16.404050230518926,0.0,4.814843363312608,0.0,61.978563638565106
2020-02-08,17.841210840828154,24.132646224422047,12.180258344902517,67.78259189955938,1.6119369831592927,2.707514770326553,0.036191223516629456,11.802338180169222,17.280602085822267,0.0,4.158789159171846,0.0,63.00551057330446
2020-02-09,17.89122351662945,24.646553992877408,13.284549405444556,69.48439367417154,2.0646055411359936,3.8505720589122956,0.033494295889418726,12.226929971340963,17.143201250728566,0.0,4.108776483370551,0.0,63.13883430564362
2020-02-10,16.534182410816683,23.863097724391864,9.971751675016598,65.41798998008089,1.825990221524718,4.959164483612001,0.10278927989376471,10.022672242377446,15.314269501830218,0.0,5.465817589183317,0.0,61.02348516431805
2020-02-11,16.626875716786387,23.942666747147946,10.142053479809261,65.59722037785961,1.8117975493450837,5.053608867024808,0.0,10.151737476726673,15.45208108704243,0.0,5.373124283213613,0.0,61.16226914491051
2020-02-12,16.63549465805517,24.22005975734895,9.829269632401763,64.08864187843304,2.0290843242590695,4.982069722943202,0.0,9.811993281616164,15.216651806057456,0.0,5.364505341944831,0.0,61.14109389205662
2020-02-13,17.326141123921047,24.530764169735022,10.542137381541618,61.255329872638384,1.5815319611275427,4.707433904750408,0.0,9.789829149783822,16.21490811555224,0.0,4.673858876078953,0.0,62.0533302971336
2020-02-14,18.78045089636024,25.260769602221284,12.617727409911272,65.32194784813184,1.4812615440333197,4.409802631737793,0.0,12.134879906541983,18.412825915627923,0.0,3.2195491036397605,0.0,64.28575656712165
2020-02-15,19.529827971268187,25.8638938854349,13.609112693909582,75.31937284964087,1.664936922798334,4.264444039355345,0.0,15.043454602597613,20.005854884751624,0.0,2.470172028731813,0.0,65.8876166332392
2020-02-16,20.295376954186032,26.584406349972838,14.290277056799665,67.73291724512585,1.0927059817709908,4.133843242590693,0.0,14.13239953951933,20.85037850940866,0.0,1.7046230458139675,0.0,66.62941235701587
2020-02-17,20.265114987626003,26.79070561960524,14.476874509567212,64.75710871008633,1.2195599686123018,4.361236421802379,0.0,13.411467644501842,20.4880831017486,0.0,1.7348850123739972,0.0,66.41017087860934
2020-02-18,20.348532021488502,27.008778294199313,13.888798816925213,64.85611758314722,1.3913780406832863,4.407655507937466,0.00275245970906018,13.514085695435135,20.48527869567532,0.0,1.6514679785114978,0.0,66.53681253951855
2020-02-19,21.120767187782942,27.208956359026985,15.206995835093862,59.69764109374057,1.017339892557494,4.396966155610551,0.014567513732118067,12.971562294784887,21.34213011744908,0.0,0.8792328122170581,0.0,67.30875322473489
2020-02-20,21.334979779078893,27.503022876803282,15.789343876380759,59.34561477636265,1.001236192430736,4.086178330415887,0.0,13.082105455643841,21.60345055853829,0.0,0.6650202209211074,0.0,67.58359020777392
2020-02-21,21.62031629142271,28.792179030603005,14.804529486328246,62.337334460071226,1.3692847226413956,4.9273395786805105,0.0,14.107319752309104,21.973739866715025,0.0,0.3796837085772893,0.0,68.19720574879736
2020-02-22,22.346550371219898,28.84890565582182,16.84565340737611,61.53586648155973,1.2248892376410936,4.840469837629023,0.004251825918995594,14.592083524026808,22.9704575059722,0.34655037121989807,0.0,0.9704575059721989,69.16721892329969
2020-02-23,23.363515422224907,29.452729522544818,17.93253334942959,59.81176495442749,1.0871787287982133,4.723654095491036,0.15994929679483313,15.107285033973993,24.26918843065343,1.363515422224907,0.0,2.269188430653429,70.45204911377495
2020-02-24,22.89036095853202,28.392245427657397,17.796627633246818,64.91296372306392,1.0719194784813182,3.6331263717027826,0.15121084082815237,15.938874978370404,24.116393333480275,0.8903609585320211,0.0,2.116393333480275,70.22363369579469
2020-02-25,21.453206977726808,26.595615983581823,17.724213194905538,73.48475704714191,1.336589605842941,2.1015046176133283,1.6790076658417339,16.512835856200937,22.71564920234782,0.0,0.5467930222731923,0.7156492023478194,68.74559759379605
2020-02-26,20.756419991549468,25.776447153980804,17.27309048107684,75.00998128810286,1.2620733989255752,2.934638021367779,3.128171666566066,16.163792507788663,21.934480722415287,0.0,1.2435800084505324,0.0,67.77308543949405
2020-02-27,20.841308021971393,26.571190318102257,15.78331381662341,70.56277720770207,1.1239964990644051,4.831706844932697,0.763336150178065,15.289511527278846,21.786539338646296,0.0,1.1586919780286067,0.0,67.61821224638263
2020-02-28,21.415195871310438,27.840358544093682,15.385679362588279,62.45002595521217,1.2934906742319068,5.77049310074244,0.1673507575300296,13.941530077570649,21.764826494014006,0.0,0.5848041286895622,0.0,67.91314833949069
2020-02-29,22.325945554415405,28.89761030965172,16.139189352326916,59.80987022393916,1.148757167863826,5.930935528460193,0.0,14.132404547895407,22.842722049942676,0.32594555441540507,0.0,0.842722049942676,69.00125419364825
2020-03-01,22.87508420353716,29.326735075753007,16.88036518379912,61.31855435504316,1.2360711052091506,5.81557905474739,0.0,15.035112460584964,23.650055068630977,0.8750842035371598,0.0,1.6500550686309765,69.89686647681134
2020-03-02,23.304271141425726,29.4815132492304,17.680997766644534,62.21502444618821,1.278205468702843,4.859845771714855,0.3797645922617252,15.666059163149598,24.282850517612573,1.3042711414257262,0.0,2.282850517612573,70.58321138053347
2020-03-03,23.595556226232876,29.354829480292153,18.520468401038208,66.40306935474136,1.256749562383051,4.048128061809622,5.970216695841131,16.96554371546426,25.095744592780612,1.5955562262328762,0.0,3.095744592780612,71.38257655944595
2020-03-04,23.430153920444262,28.604568117341703,18.45808655761454,70.12769360777449,1.1876320395967888,3.7625377074907953,11.072193517233055,17.67185597480221,25.269660067432476,1.430153920444262,0.0,3.2696600674324756,71.476761809995
2020-03-05,23.69082332347438,28.794063499728377,18.6785815174745,70.44734170338624,1.2677968250135814,4.451185048590573,3.680844449809863,17.993740679491477,25.610834427722413,1.6908233234743797,0.0,3.6108344277224127,71.8977967125254
2020-03-06,23.596774913985637,28.24386249773647,18.972201364157662,71.21212530934991,1.2281734773948212,3.2738314661676835,8.319399408462607,18.075513727643294,25.579516748523876,1.5967749139856373,0.0,3.5795167485238757,71.82663880735481
2020-03-07,22.893923462304585,28.041494537333254,18.304287438884533,76.5789768817529,1.3379338443894488,2.8287298907466654,5.920616285386613,18.55773793260526,25.009329795933336,0.8939234623045849,0.0,3.0093297959333363,71.21969845439568
2020-03-08,23.418867628417942,28.891391320094165,18.98571437194423,73.6706663849822,1.3861845838111908,4.584081861531962,2.585508541075633,18.445857976977194,25.45163511948749,1.4188676284179422,0.0,3.4516351194874915,71.77935398496929
2020-03-09,22.88535280980262,28.80267881933965,17.270826341522305,61.338751735377556,1.6359600410454522,6.0668159835818205,0.004939940846260639,15.049908642780773,23.385773347612997,0.8853528098026189,0.0,1.3857733476129965,69.9130917417178
2020-03-10,22.76778173477395,29.128716726021615,16.97261362950444,53.770609645681176,1.4891483068751132,6.296089883503351,0.05557312730126154,12.908132229476745,22.63923138979892,0.7677817347739513,0.0,0.639231389798919,69.11363264042707
2020-03-11,23.349461580249898,29.46262690891532,17.11375143357277,57.38468582121085,1.4692116858815718,5.786263252248447,0.03838413714009779,14.450939253851267,23.753150146931343,1.3494615802498977,0.0,1.7531501469313433,70.2151896747163
2020-03-12,25.432300959739244,31.795579163397115,19.25843966922195,61.026129655338934,1.2574781191525324,5.172256660831774,0.0031544636928834435,17.367383649986458,27.097280234752443,3.432300959739244,0.0,5.097280234752443,73.47842705544906
2020-03-13,26.195147582543612,33.045921410031994,20.193237158206074,62.2746345143961,1.3912331743828092,5.635291869378886,0.2487740689322147,18.407994137792453,28.209603910319693,4.195147582543612,0.0,6.209603910319693,74.70150311349755
2020-03-14,24.99435383593892,32.40179211685882,19.735734291060542,64.84478964205951,2.2178783123076,4.915505927446129,1.4735136113961491,17.91721199293972,26.21746810385774,2.99435383593892,0.0,4.21746810385774,73.2653695276012
2020-03-15,23.618320154524053,30.95559123558882,18.225062473592082,66.28372487475102,2.6032854469728983,5.309923637351362,0.6982603971751072,16.958782274727938,24.173215663191485,1.6183201545240529,0.0,2.1732156631914847,71.4049020929177
2020-03-16,24.459023359690953,31.556210539023365,18.305759039053545,62.15382748838052,2.017775698678095,5.7527283696505105,0.028865213979598,16.73989906037359,25.336403950238374,2.4590233596909528,0.0,3.336403950238374,72.21928671375098
2020-03-17,24.514212591295948,30.987935051608623,18.413350636808115,58.421163759280496,1.65310074243979,5.645900313876984,0.0,15.818917092498905,25.288709163700013,2.514212591295948,0.0,3.2887091637000125,71.92021077395952
2020-03-18,24.796692219472444,31.384610973622262,18.59166173718839,55.35734894670128,1.5938914709965593,5.6296916218989566,0.0,15.241201758676848,25.39736655868976,2.796692219472444,0.0,3.397366558689761,71.99268696642585
2020-03-19,25.464941148065435,32.25408100440635,18.676094645982978,50.31931550673025,1.3372511619484522,5.742827862618459,0.0,14.377129410050367,25.936233645404265,3.464941148065435,0.0,3.936233645404265,72.33975556538141
2020-03-20,25.146645137924793,31.67451198165027,18.645955212168772,52.593350636808125,1.3820082090903605,5.204715778354561,0.22860867990583697,14.768962714003775,25.724866481685627,3.146645137924793,0.0,3.724866481685627,72.16933686942211
2020-03-21,25.870433995291847,32.29135208547112,19.710744854228285,52.52808535039537,1.3749640852296736,5.68849911269391,0.40410635600893346,15.418389921976445,26.690264318012062,3.8704339952918474,0.0,4.690264318012062,73.12154655534114
2020-03-22,24.765405323836543,29.861459527977306,20.372651656908314,63.01971509627574,1.1446151988893583,4.559445638920747,7.095955212168771,17.2476095618388,26.459656404405877,2.765405323836543,0.0,4.459656404405877,72.74457316272522
2020-03-23,24.655113780406836,30.448337055592443,18.71016538902638,60.54478239874449,1.3068026800265589,5.563691006217178,0.19024687632039594,16.511442810257158,25.939710238443734,2.655113780406836,0.0,3.939710238443734,72.33302734741645
2020-03-24,25.516175529667418,31.074956841914652,19.544469728979298,58.10019074062896,1.0609826764049013,5.672915084203537,0.7469674654433514,16.66988963304943,27.036048083646314,3.516175529667418,0.0,5.036048083646314,73.27145960953382
2020-03-25,26.544116013762302,32.76809259371039,20.531287499245494,55.868937043520255,1.154074968310497,5.968295587613931,0.40888875475342557,17.01105523056481,28.13634623047374,4.544116013762302,0.0,6.136346230473741,74.42008134123077
2020-03-26,27.484583811190927,33.69103337961007,21.28763928291181,55.7466614353836,1.2736898653950628,5.691089805034105,0.7030947063439368,17.851257685518974,29.34215188053316,5.484583811190927,0.0,7.342151880533159,75.68188568640636
2020-03-27,28.132704774551826,34.92510593348223,21.082901551276635,54.88724271141426,1.6206072312428321,6.349553268545905,0.0005492847226413955,18.206086500224707,29.899960227333814,6.132704774551826,0.0,7.899960227333814,76.44366682009169
2020-03-28,28.690444860264385,35.97047805879158,21.57149393372367,57.06328906863041,2.085388422768154,6.460502692098751,0.0,19.347473367132302,30.6426875531819,6.690444860264385,0.0,8.6426875531819,77.50695374801741
2020-03-29,28.593021065974533,35.944073761091325,22.153117643508182,52.567639886521405,2.231148065431279,6.893869735015393,0.0,17.944493520529043,29.820749931652948,6.593021065974533,0.0,7.820749931652948,76.73535305575925
2020-03-30,28.164653226293233,35.55368684734714,20.642540592744616,42.426646345143965,1.9434767912114448,7.104243761694937,0.0,14.19322008997296,28.149015699027338,6.1646532262932325,0.0,6.149015699027338,74.77160332598946
2020-03-31,27.885006941510238,35.26621898955755,19.99585259853927,40.866678940061576,1.4792261725116194,6.999366686786986,0.0,13.365043880487125,27.91448529200787,5.8850069415102375,0.0,5.914485292007871,74.2188800450402
2020-04-01,28.785705317800446,35.81938009295588,21.787844510170824,41.332610611456516,1.4860469608257383,6.758169354741353,0.0,14.346979704181656,29.14398468471115,6.785705317800446,0.0,7.14398468471115,75.37455181695842
2020-04-02,29.168198225387822,36.596352387275914,21.874400313876986,58.501881451077445,2.2691796945735505,6.0446359147703275,0.1334128085954005,20.19528966367412,31.392054769509897,7.1681982253878225,0.0,9.392054769509897,78.37423239858677
2020-04-03,29.10904871129354,35.725252610611456,23.41868895998069,61.527796221403996,2.0418814510774435,5.530143791875416,3.29611637592805,20.95840327757851,31.868008337128884,7.109048711293539,0.0,9.868008337128884,78.73739248622657
2020-04-04,28.502466952375208,35.051064163698925,22.574362890082696,58.383084444980994,1.4427578921953281,5.922624422043822,4.939771231967163,19.5399209022087,30.993587195104915,6.502466952375208,0.0,8.993587195104915,77.43542875153092
2020-04-05,28.320032594917613,35.01548017142513,22.378962998732423,58.43677732842398,1.5783950021126338,5.152540441842218,4.064173356672904,19.38410948542412,30.64381761295313,6.320032594917613,0.0,8.643817612953129,77.19044452747013
2020-04-06,28.15048409488743,35.29093378402849,21.702040200398383,56.33328242892496,1.7343634936922798,6.282097259612485,1.8265038932818254,18.637860716689946,30.027286744358065,6.150484094887432,0.0,8.027286744358065,76.6664863164273
2020-04-07,28.638801231363555,36.48120178668437,21.75208788555562,57.13327035673326,2.4930560753304762,6.6472988591778845,1.6502595521216876,19.319022810227228,30.29253821579247,6.638801231363555,0.0,8.292538215792469,77.44613378816365
2020-04-08,29.401553087463032,36.38870163578198,23.435672119273256,59.13052393312007,2.2839759763385046,4.282252242409609,0.04452103579404842,20.586908979514025,31.80626723361766,7.401553087463032,0.0,9.80626723361766,78.79173940869246
2020-04-09,28.898378704653837,35.596170097181144,22.909050522122296,59.553726685579775,1.893098931611034,5.948329166415164,0.339372246031267,20.23113941920197,31.40261604029,6.898378704653837,0.0,9.402616040289999,78.15302779133292
2020-04-10,29.536913140580673,36.68500935594857,22.683573368745094,56.198950926540725,1.6820450292750648,6.551882676404902,0.19098931611033984,19.889969865226224,32.02587043981443,7.536913140580673,0.0,10.025870439814433,78.53631690013256
2020-04-11,29.54673326492425,36.23326009537031,23.621549465805515,58.03785114987627,1.6771594132914833,6.394225037725598,3.3453618639463993,20.420094565587434,32.29445275766185,7.546733264924249,0.0,10.294452757661851,78.82822511830493
2020-04-12,28.526270899981895,34.80807689986117,22.762957083358486,55.763348825979364,1.2225659443471963,5.657244836119998,2.479234019436229,18.82475946424138,30.844866196951735,6.5262708999818955,0.0,8.844866196951735,77.09829843804523
2020-04-13,29.04571014667713,35.67394700307842,22.77813605360053,56.0815132492304,1.4575119212893102,6.261341558519948,3.824639946882357,19.399223865086036,31.461597622830524,7.045710146677131,0.0,9.461597622830524,77.85010399369432
2020-04-14,30.222582241805995,37.05160016901068,23.73746001086498,57.949861169795376,1.5530633186455,6.066176549767611,0.7696583569747089,21.026689913463002,33.35897487191519,8.222582241805995,0.0,11.358974871915187,79.74723023604807
2020-04-15,29.087035069716915,34.376759823746006,24.256928834429893,67.54272107201064,1.5620311462546024,3.8401403211202996,19.192362527916945,22.4646316722549,32.970921522859584,7.087035069716915,0.0,10.970921522859584,79.5896511866608
2020-04-16,28.166735679362592,33.15028731816261,23.59133940966983,67.4268099233416,1.6158719140459952,6.11111075632281,7.599079495382387,21.56040261911377,31.530907094236724,6.166735679362592,0.0,9.530907094236724,78.21585924266273
2020-04-17,28.588355767489595,34.62685277962214,23.760928351542226,71.30955091446853,2.740433995291846,4.654694175167501,11.641215669704835,22.88330037297293,31.87775580201548,6.588355767489595,0.0,9.877755802015479,79.3883373939356
2020-04-18,28.131076235890628,33.423361501780654,24.236450775638318,77.00661193939759,2.6685199492967944,4.592977865636508,18.529913080219718,23.716445705015406,31.94522667085166,6.131076235890628,0.0,9.94522667085166,79.47869758078764
2020-04-19,28.82995352206193,34.45786986177342,24.392754874147403,73.49253395303917,2.446934266916159,6.5135523088066645,14.176233476187605,23.614723808021974,32.740743059797424,6.829953522061931,0.0,10.740743059797424,80.06890130925868
2020-04-20,27.87043761694936,32.54014245186214,24.098179513490678,77.4962546025231,2.0632902758495804,5.285863053057284,21.692010623528702,23.569411154790224,32.022697453910816,5.87043761694936,0.0,10.022697453910816,79.13543472526462
2020-04-21,26.960619907044126,31.715824228888753,23.40026679543671,76.59199311885074,1.4405510955513974,2.929793142995111,14.948745095672118,22.49475445353031,30.944200910486927,4.960619907044126,0.0,8.944200910486927,77.58892506052354
2020-04-22,26.39497917546931,31.08651294742561,22.13986237701455,71.63898171062957,1.3832359509869019,4.674930518500634,4.068763203959679,20.855662675882563,29.561403057391722,4.3949791754693095,0.0,7.561403057391722,76.10906427808374
2020-04-23,26.93473531719684,31.76719442264743,22.37192973984427,72.78231001388302,1.5042789883503351,4.405425737912718,8.695957022997527,21.632263733029177,30.413445675061737,4.934735317196839,0.0,8.413445675061737,77.07085817173936
2020-04-24,26.086955393251646,30.26763747208306,22.490093559485725,78.74978270054929,1.9340508239270844,4.084529438039476,24.222415645560453,22.10514264333987,29.513843258047736,4.086955393251646,0.0,7.513843258047736,76.47301629109711
2020-04-25,26.322624494476976,30.708232027524605,22.61789219532806,79.79051548258586,1.6979936017383963,4.616020709844873,19.219654131707614,22.550031671052515,30.155684590986432,4.322624494476976,0.0,8.155684590986432,76.9712231387778
2020-04-26,26.189037242711418,30.073033138166238,22.94167018772259,82.38960825737914,1.6663584233717632,3.715388700428563,18.109098810889115,22.94883338937482,30.26482171528246,4.189037242711418,0.0,8.264821715282459,77.06417139575561
2020-04-27,26.224330295165093,30.012143417637475,22.997054385223638,79.56482223697714,1.4469698798816928,5.862445059455545,14.020130379670432,22.40784167754354,30.155461953140012,4.2243302951650925,0.0,8.155461953140012,76.78747161619322
2020-04-28,25.915448783726692,29.532918452345026,23.070028369650508,81.55104484819219,1.5755821814450415,3.412039524355647,15.253412204985814,22.51317027838737,29.813691674732944,3.915448783726692,0.0,7.813691674732944,76.5233278290689
2020-04-29,25.82783364519829,29.5220558942476,22.574789642059514,81.98667652562322,1.695319007665842,5.5925145892436765,14.679392165147583,22.51548405543504,29.6434517580948,3.8278336451982895,0.0,7.643451758094798,76.4315679207337
2020-04-30,26.913399529184524,30.995494054445587,23.013008390173237,79.26933421862739,1.3487662220076058,5.051421808414317,8.337828816321604,23.01596447522806,31.24973510045252,4.913399529184524,0.0,9.249735100452519,77.85000811824905
2020-05-01,26.949002233355472,30.471700971811437,23.238343091688296,79.66262509808655,1.364991247661013,4.15809397597634,11.992380636204505,23.132423542271113,31.33958085582742,4.949002233355472,0.0,9.339580855827421,77.95606638939286
2020-05-02,26.92634936922799,30.57716665660651,23.782561719080107,80.35373815416187,1.4313261302589486,4.773596396450776,12.139759159775458,23.253407465951586,31.33902045511335,4.926349369227989,0.0,9.33902045511335,78.00646946780736
2020-05-03,26.848004466710936,30.807826401883265,23.307373694694274,81.7437007303676,1.6398708275487415,5.582441564556046,17.596408522967348,23.461387648134462,31.233490577183566,4.848004466710936,0.0,9.233490577183566,78.05386309153974
2020-05-04,27.879055954608564,31.802622683648217,23.7946133880606,78.33271141425725,1.3699179090963964,5.822969566004709,9.236384378583931,23.75613227511736,32.6251425584822,5.879055954608564,0.0,10.625142558482203,79.26175476597663
2020-05-05,28.81115229069838,32.90205649785719,24.455582785054627,78.75986358423374,1.6051638800024146,5.693920293354258,15.055564676767066,24.75109725595655,33.98967919045302,6.811152290698381,0.0,11.989679190453018,80.79912571762893
2020-05-06,27.760315687813126,30.99026196656003,24.938971449266617,79.99773887849341,1.180599384318223,4.8450966137502265,32.53020945252611,23.9908334169979,32.77666557288405,5.760315687813126,0.0,10.776665572884049,79.29620300752964
2020-05-07,27.835430675439124,31.987210116496655,23.402050461761338,75.13388241685277,1.0345729462183861,6.3807203657874085,9.463372970362768,23.02263203683254,32.39624108710429,5.835430675439124,0.0,10.396241087104293,78.7629052262335
2020-05-08,27.75782700549285,32.26696686183377,23.13740810044064,73.8686473109193,1.288088368443291,6.992401575421019,5.125885193456872,22.667399038456946,31.943500319552854,5.7578270054928495,0.0,9.943500319552854,78.47350772348452
2020-05-09,28.44462847830023,32.80486931852478,23.391583871551884,75.44684553630712,1.1370785296070505,6.8908029395786805,13.88884348403453,23.679410437931175,33.30951695148627,6.444628478300231,0.0,11.309516951486273,79.75193193681156
2020-05-10,29.37433029516509,33.33672239995172,24.767962817649543,73.09585863463512,0.9521017685760851,6.646907243315024,6.1569445282791095,24.04819116102462,34.58605758052379,7.374330295165091,0.0,12.586057580523793,80.84507954016928
2020-05-11,29.352564737128027,32.825766885978155,25.937344117824594,73.60976398865213,0.8449170036820185,6.1421653890263785,5.938053359087343,24.144038524819205,34.69626632507262,7.352564737128027,0.0,12.69626632507262,80.88859940295279
2020-05-12,28.94814208969639,32.686230458139676,25.585382990281886,76.3321138407678,1.314548198225388,6.781162014848797,2.640628357578319,24.360080317421552,34.09217934980756,6.94814208969639,0.0,12.092179349807559,80.66341805338081
2020-05-13,28.608972656485786,32.89413834731696,24.793183436952983,78.67597392406591,1.9830687511317686,5.723125870706827,2.9882525502504977,24.537084071436805,33.391882075915426,6.608972656485786,0.0,11.391882075915426,80.46622574728303
2020-05-14,28.738689563590274,32.85932697531237,24.885660047081547,80.19200639826161,1.8774835516388,6.251165401098571,6.841723305366091,24.98281118152166,33.86990077033632,6.738689563590274,0.0,11.869900770336322,80.8894345031334
2020-05-15,28.80090963964508,32.73530210659746,25.394593468944294,80.63592020281281,1.7195044365304524,5.577925218808475,11.777519164604335,25.136026043647032,34.13852778886573,6.800909639645081,0.0,12.13852778886573,81.05303371721945
2020-05-16,29.193159896179154,33.580127965232094,25.442305185006344,81.43045089636024,2.135680569807449,6.256873350636808,13.981123921047867,25.683048959430803,34.58804232578297,7.193159896179154,0.0,12.588042325782972,81.80066472222154
2020-05-17,29.518298424578987,33.968468038872466,25.481222913019863,79.08887909700006,1.6735938914709965,6.2432565763264325,13.215619001629745,25.50746312638876,35.12411897393731,7.518298424578987,0.0,13.124118973937307,81.97153150220214
2020-05-18,29.513384438944893,33.64815597271685,25.737557192008207,80.09718597211324,1.6318180720709847,6.334636107925393,2.683827488380515,25.716256354483967,35.28275309365039,7.513384438944893,0.0,13.282753093650392,82.11610319189802
2020-05-19,28.42122291301986,31.824839741655104,25.405089636023423,79.37170519707854,1.6475245970906016,3.7600272167562028,5.719040260759342,24.502034752970925,33.41753922585882,6.421222913019861,0.0,11.417539225858818,80.26586204596325
2020-05-20,27.361562141606814,31.306797851149877,24.182303977787168,84.2441407617553,5.797863222067967,2.5539453974769124,43.392555079374674,24.46479921231311,29.429061392204716,5.361562141606814,0.0,7.429061392204716,79.20860636878308
2020-05-21,27.401346049375267,30.074600108649726,25.44853383231726,86.75753425484397,6.4565431279048715,2.8684492907587376,57.66038087764834,24.996163124598024,29.334230498392408,5.401346049375267,0.0,7.334230498392408,79.60072409187777
2020-05-22,27.978523570954312,31.27553992877407,25.23573248023179,84.50423190680269,2.868998611697954,3.93727965232088,22.4155797670067,25.120368913251003,32.50086979825082,5.978523570954312,0.0,10.500869798250818,80.25724590468255
2020-05-23,28.99911088308082,33.271722098146924,25.11637170278264,84.31120902999939,2.4923287257801654,5.576571219894973,11.860740628961189,26.080818701577147,34.40361235031296,6.999110883080821,0.0,12.403612350312962,81.90797559962031
2020-05-24,29.259540049495985,33.212631134182416,26.17772378825376,85.62081849459769,3.6415192853262517,4.768250739421742,30.318110098388367,26.597191076267094,34.20477399466651,7.259540049495985,0.0,12.20477399466651,82.5304918545078
2020-05-25,29.152307599444683,33.02607231242832,26.52287921772198,85.34691012253275,4.569492967948332,4.3160452526106114,20.58439608860989,26.437683431025018,33.34032613480985,7.152307599444683,0.0,11.34032613480985,82.31248478745337
2020-05-26,28.765643749622747,32.37714673749019,26.445926238908676,85.79874569928171,4.6118005673930105,4.403129202631738,22.293205770507637,26.148025736139274,32.730641574208,6.765643749622747,0.0,10.730641574208,81.73805714850178
2020-05-27,28.23515482585864,31.53840647069476,25.92180901792721,88.3016484577775,3.82391984064707,2.2427730065793448,59.525404720226966,26.113373663447447,32.72822272242421,6.23515482585864,0.0,10.728222722424213,81.20479363860585
2020-05-28,27.810758133639162,30.687796221403996,25.510077262026925,86.22321180660349,1.9033409790547473,3.9101832015452413,26.353508178909884,25.294380284227607,33.11849084564323,5.810758133639162,0.0,11.11849084564323,80.21179289735034
2020-05-29,27.986321603187058,31.13410575239935,25.21478481318283,84.25315989617916,1.5831780044667114,5.621432160318707,16.98715760246273,25.078030856620735,33.38223524932155,5.986321603187058,0.0,11.382235249321553,80.23596254689197
2020-05-30,28.13740447878313,31.57842638981107,25.140181686485185,85.8002631737792,2.0603826884770933,4.584057258405264,17.251802378221765,25.5321094336406,33.48686673834441,6.137404478783129,0.0,11.48686673834441,80.69665277906896
2020-05-31,28.11037725599083,30.952641395545363,25.351423915011775,85.82224422043822,1.5212657693004168,5.128351276634274,26.277337478119154,25.50991384400281,33.822985599554414,6.11037725599083,0.0,11.822985599554414,80.65485525697252
2020-06-01,28.18567211927326,30.964324259069237,25.610031387698438,87.32096456811735,2.2764453431520497,5.353957602462728,19.022351662944406,25.875883219966,33.606110805093365,6.18567211927326,0.0,11.606110805093365,80.98631956216605
2020-06-02,28.10650872215851,30.77204744371341,25.896124826462245,88.86136717571077,2.4234194483008396,5.638954699100622,13.237495623830508,26.09359301126954,33.566742773092614,6.106508722158509,0.0,11.566742773092614,81.0649980202949
2020-06-03,27.91400615681777,30.641796945735503,25.7857650751494,86.12749864187845,2.441217480533591,5.142875264079193,13.09167924186636,25.377026274920787,32.89772599692509,5.91400615681777,0.0,10.89772599692509,80.37048039463082
2020-06-04,28.087720770205834,31.402838775879765,25.531802981831355,88.21874087040503,2.3336946942717454,3.908733240779864,28.35192551457717,25.952358677040056,33.517948511318544,6.087720770205834,0.0,11.517948511318544,80.94531153349715
2020-06-05,27.995542946822003,30.27416007726203,25.752869559968616,89.99049194181205,2.1816092231544637,5.482263825677552,20.111300778656368,26.197888613717716,33.6938891092321,5.9955429468220025,0.0,11.693889109232103,81.03113033746305
2020-06-06,28.374385223637354,30.543123679604037,26.68684010382085,90.44736886581761,2.312813424277178,4.609521536790004,24.00913382024507,26.657730320050742,34.28980444117143,6.374385223637354,0.0,12.289804441171427,81.73897192886346
2020-06-07,28.650979054747395,31.61882235769904,25.998104665902094,86.88248687149152,1.654304943562504,5.71291298364218,17.091121506609525,26.247999129181398,34.752389498522376,6.6509790547473955,0.0,12.752389498522376,81.70238825009783
2020-06-08,28.603112211021912,31.316943321059934,26.18108287559607,86.88902275608137,1.5894652019074065,4.872052622683649,20.275233898714312,26.202248653653434,34.71948431005128,6.603112211021912,0.0,12.719484310051278,81.62343516992414
2020-06-09,29.28600048288767,32.41552725297278,26.298772861713044,83.78130198587554,1.229194784813183,5.941596649966802,8.2962582241806,26.254742699844222,35.69013604031846,7.286000482887669,0.0,13.690136040318457,82.30048540449715
2020-06-10,28.77877406893222,31.05311160741233,26.725200096577534,88.0703132733748,1.4422822478420956,4.69431573610189,13.449506850968795,26.603958329532468,35.267541610054266,6.7787740689322185,0.0,13.267541610054266,82.08645062252515
2020-06-11,28.279011287499248,30.376837689382512,26.371333977183564,91.59837689382509,2.44699342065552,4.360445898472868,16.772852658900224,26.778421551390597,34.18259421955384,6.279011287499248,0.0,12.182594219553842,81.7361580982595
2020-06-12,28.34087221585079,30.858333433934938,26.37603247419569,90.8352677008511,3.04079072855677,2.9835979839439855,12.725446369288345,26.69734889440817,33.77359597875364,6.340872215850791,0.0,11.77359597875364,81.73592636978228
2020-06-13,28.245180177461215,29.904190861350884,26.948071467374906,93.82501659926359,2.761315868895998,2.2930230518500636,35.140052514033925,27.15390418362217,34.18769029127457,6.245180177461215,0.0,12.18769029127457,81.98638674166992
2020-06-14,28.608863403150846,30.9846876320396,26.735749984909756,91.48089032413834,2.4683509386129057,5.116242035371522,11.395643749622744,27.08275802839965,34.707391748161,6.6088634031508455,0.0,12.707391748161001,82.28548546866372
2020-06-15,28.788407677913927,31.160725538721557,26.812308203054265,91.52543188265831,2.405891833162311,4.8550857004889245,16.245555019013704,27.268597985150272,35.06042775890892,6.788407677913927,0.0,13.060427758908922,82.59977841057943
2020-06-16,28.338538661193947,30.75987022393916,26.733627089998194,90.27650208245308,2.7319194784813186,4.751124222852659,21.238526589002237,26.590221774046782,33.914792983796254,6.338538661193947,0.0,11.914792983796254,81.65405607369144
2020-06-17,28.07931188507274,30.075719200820906,26.606217782338387,92.95525804309774,3.39004647793807,2.0616355827850548,48.744150419508664,26.830841563169752,33.3583990598001,6.079311885072741,0.0,11.3583990598001,81.5790891693477
2020-06-18,28.01313876984367,30.082641999154948,26.346157421379857,91.8580020522726,3.735676344540351,2.2040070380877648,29.546524416007724,26.56352464843809,32.868366797467374,6.013138769843671,0.0,10.868366797467374,81.31526830645666
2020-06-19,28.609861773404962,31.532907587372488,26.386975312367962,89.62231303193094,2.927912114444377,3.4618940001207226,25.148890565582185,26.734368495604418,34.14709820725518,6.609861773404962,0.0,12.147098207255183,82.02309621868966
2020-06-20,28.514330898774677,31.286514154644784,26.426559425363678,90.26243013219052,2.5871763143598723,5.690779543671154,18.102765135510353,26.761105664819773,34.30821597571495,6.514330898774677,0.0,12.308215975714951,81.95140278515241
2020-06-21,28.352199553328916,31.21271563952436,26.211472203778598,89.9798979899801,3.305537514335728,4.996410327760005,10.422775396873304,26.54782956622272,33.498286698678385,6.352199553328916,0.0,11.498286698678385,81.63593456810696
2020-06-22,28.41650691132976,31.10603005975735,26.02563167743104,89.48005915373938,3.1993831110038036,5.367534375565884,8.472184463089276,26.516709605477335,33.615979054333486,6.416506911329758,0.0,11.615979054333486,81.67518420460965
2020-06-23,28.90769964387035,31.85613569143478,26.396869680690532,88.70672602160923,2.7469197802861114,5.074699100621719,10.724844570531781,26.853280358491805,34.65325226490099,6.907699643870352,0.0,12.653252264900992,82.39546509022233
2020-06-24,28.936837689382507,31.639944467918156,26.587210116496653,88.57339107865033,2.4935118005673935,5.717280437013341,9.404664694875356,26.856383452560266,34.861935753935235,6.936837689382507,0.0,12.861935753935235,82.42524024859142
2020-06-25,28.701034586829245,31.01699643870345,26.805256835878556,90.41993360294562,3.078325587010322,4.988336337297037,10.034320637411723,26.975093018043005,34.29817816776014,6.701034586829245,0.0,12.298178167760142,82.29181364740869
2020-06-26,28.322244220438222,30.067768455363073,26.816443532323294,92.17136838292993,3.498513309591357,4.0180373332528525,27.599718717933243,26.927295418012896,33.59189975516723,6.322244220438222,0.0,11.591899755167233,81.89011838394185
2020-06-27,28.350294561477643,30.646392829118128,26.683121868775277,90.37591416671698,3.5113635540532386,3.0058947304883206,38.852022695720414,26.620518962761714,33.40146410942508,6.350294561477643,0.0,11.401464109425078,81.68794188806734
2020-06-28,27.968002052272595,30.278660590330176,26.323086859419327,89.92735558640672,2.923986237701455,2.999059304641758,14.831315868896,26.158831281393454,33.12078746554292,5.968002052272595,0.0,11.120787465542918,80.97574709333622
2020-06-29,28.387533047624796,31.587310315687812,25.87746604696083,86.97310677853567,2.1900627753968736,4.696622490493149,13.103857668859783,26.00681383718749,33.95431051583651,6.387533047624796,0.0,11.95431051583651,81.27541849129352
2020-06-30,28.79652260517897,31.8166982555683,26.098004466710933,86.93982374600108,2.269060179875657,5.3167712802559315,5.121663548017143,26.402166331994117,34.570647549648456,6.796522605178971,0.0,12.570647549648456,81.95352946263898
2020-07-01,28.471029154342975,30.967420172632345,26.716511740206435,89.47635781976219,2.6377666445343153,5.572645331079858,13.671207822780227,26.5697691800054,34.09950188466076,6.471029154342975,0.0,12.09950188466076,81.76706771853736
2020-07-02,28.569363795497075,30.67010623528702,26.806997645922618,91.23040622925092,2.328020764169735,4.6698573730910855,10.772666747147944,26.996992172684198,34.70669759031887,6.569363795497075,0.0,12.706697590318868,82.18225918713006
2020-07-03,28.862879217721982,31.331845838111914,26.745202511015876,89.34875052815838,1.9786370495563472,5.279700150902397,7.527788978088973,26.931849542937208,35.20017237748406,6.862879217721982,0.0,13.200172377484058,82.41270524560886
2020-07-04,28.596238908673875,31.375097482948036,26.704723848614716,89.6541371400978,2.358443894489045,4.666461459527978,12.297499849097605,26.7269678133377,34.52704508083398,6.596238908673875,0.0,12.527045080833979,82.0045066268575
2020-07-05,28.4388241685278,30.522472384861473,26.70196656002898,91.03095309953522,3.2100639826160444,4.176786400676043,13.505545964869924,26.830721435779722,33.84420623286961,6.438824168527798,0.0,11.84420623286961,81.930734779401
2020-07-06,28.500072433150244,30.883045210357942,26.82584656244341,90.53698738455968,3.5765232087885557,4.031148832015452,13.073742379428985,26.798674958914873,33.62706631001792,6.500072433150244,0.0,11.627066310017923,81.96583874653521
2020-07-07,28.76884167320577,31.74481559727169,26.36624796281765,90.58811975614174,3.2956950564374963,4.99236008933422,13.892839379489349,27.0737078050536,34.28212633393475,6.76884167320577,0.0,12.282126333934748,82.43153684105866
2020-07-08,28.69317196837086,31.3882772982435,26.849267217963423,90.03167682742804,2.659510472626306,4.4982004406349985,18.822653467737073,26.894072282211738,34.52768231086372,6.693171968370859,0.0,12.527682310863717,82.22291996964887
2020-07-09,28.62890143055472,30.78673085048591,26.91835456027042,91.8496541317076,3.6055562262328724,3.649121204804732,25.938649725357642,27.171163199559185,33.992892014790854,6.62890143055472,0.0,11.992892014790854,82.37231789514988
2020-07-10,28.84747208305668,30.996198466831654,27.226515361863953,91.09712078227803,4.145128870646467,3.9401141667169677,30.36399468823565,27.246938493003587,33.886926556391785,6.8474720830566795,0.0,11.886926556391785,82.63920875993338
2020-07-11,28.11461882054687,29.51693849218326,27.109396390414684,93.38254723245005,3.714856642723486,2.1873004285628057,44.234764894066515,26.943884876458892,33.24403219661858,6.11461882054687,0.0,11.244032196618583,81.69875545428516
2020-07-12,28.43422587070683,30.520126154403336,26.741424518621354,91.46708818736043,2.8719406048168046,2.7932815838715523,34.93151143840164,26.90750771131313,34.128989747049886,6.434225870706829,0.0,12.128989747049886,81.98407845013823
2020-07-13,28.842144021247062,31.67677491398564,26.640316895032296,89.49306211142634,2.4806114565099295,3.734213339771836,18.60293474980383,26.938880867100313,34.83287491932998,6.842144021247062,0.0,12.832874919329981,82.39843213615393
2020-07-14,28.124313394096703,30.595681173417034,26.304717812518867,90.61604877165449,2.927560210056136,4.721765226051791,15.442994507152777,26.442410680012955,33.46377065594659,6.124313394096703,0.0,11.46377065594659,81.33588123404674
2020-07-15,28.66915675740931,31.721590511257325,26.1812953461701,89.10755900283696,2.8194470936198477,5.301618651536187,7.60899921530754,26.694921990435514,34.25552287280983,6.669156757409311,0.0,12.255522872809827,82.05022268274325
2020-07-16,28.71646224422044,31.628997404478785,26.295485603911395,87.70265829661375,2.3905323836542527,6.033741968974467,4.85931128146315,26.471645557488337,34.452110110792525,6.716462244220441,0.0,12.452110110792525,81.92908775758872
2020-07-17,28.731784269934206,31.369625762057105,26.544152833947006,88.62103760487717,2.267369469427175,5.643580551699161,5.632554475765076,26.663589962278778,34.6833762506779,6.731784269934206,0.0,12.683376250677902,82.08640334325563
2020-07-18,28.378329812277425,30.62145409549104,26.75130258948512,90.80617130440032,2.6476851572402973,4.8175834067725,16.20172873785236,26.72890826725162,34.10775469058726,6.378329812277425,0.0,12.107754690587257,81.79584996465263
2020-07-19,28.464365908130624,30.732125309349914,26.54273072976399,90.76863644594677,3.548064224059878,3.1363974889841257,34.26790547473894,26.80686987451195,33.61684773789399,6.464365908130624,0.0,11.616847737893991,81.93752588608326
2020-07-20,27.984827065853807,29.634273555864073,26.62377316351784,92.99868775276151,3.5324633307176923,2.1453233114021852,39.6682115047987,26.745165344698414,33.10556521512219,5.984827065853807,0.0,11.10556521512219,81.42157255740906
2020-07-21,27.90258043097725,29.49883805154826,26.636092231544637,93.22438160197987,3.309890143055472,2.163922297338082,42.05026015573127,26.704858634310632,33.15157306463587,5.902580430977249,0.0,11.151573064635869,81.30976145187029
2020-07-22,27.57451982857488,29.530158749320943,25.950923522665544,91.89279410877046,2.693587855375144,2.9710899197199248,38.544859660771415,26.135988340837642,32.8730698680838,5.5745198285748785,0.0,10.873069868083803,80.56605024375136
2020-07-23,27.800391742620874,30.296376531659327,25.65050039234623,90.21075390837207,2.54164845777751,3.5790577231846443,17.693254059274462,26.046654956499395,33.146634176325996,5.800391742620874,0.0,11.146634176325996,80.72890781179024
2020-07-24,28.08188386551579,30.637117160620512,26.264842156093444,90.6874835516388,2.561279652320879,4.078223848614717,11.55364157662824,26.413868912475035,33.65854369515417,6.081883865515788,0.0,11.658543695154172,81.2732632725066
2020-07-25,28.471922496529242,31.557318162612425,25.644058067242106,87.81723426088007,1.8618120359751316,5.87624202329933,2.72028248928593,26.253238957072774,34.43137414105214,6.471922496529242,0.0,12.431374141052139,81.53511114100996
2020-07-26,29.109785718597216,31.999539445886402,26.26931912838776,87.20540653105573,1.6363511800567394,5.517709947485966,3.2403253455664873,26.761784584497327,35.57035387413435,7.109785718597216,0.0,13.570353874134348,82.51555701062765
2020-07-27,28.51787046538299,30.598570652501962,26.801704593468944,91.40114142572583,1.8989931792116859,3.7708320697772684,12.833133940966981,26.977930816747065,34.942305133660476,6.517870465382991,0.0,12.942305133660476,82.11819112267187
2020-07-28,28.625191646043344,31.431416068087167,26.463442989074668,88.90731997344119,2.134964688839259,3.930316840707431,16.1705963662703,26.613378830615503,34.63529703097705,6.625191646043344,0.0,12.63529703097705,81.94738997041765
2020-07-29,28.428358785537515,31.154388845294864,26.38274038751736,89.58448481921893,2.6146695237520374,3.3945073821452287,21.756277539687332,26.548194548907386,34.058381043955286,6.428358785537515,0.0,12.058381043955286,81.70991997504544
2020-07-30,28.43687813122473,30.870787106899265,26.368158990764773,89.68407677913926,2.094341763747208,4.722605263475584,7.424959859962577,26.575460618677482,34.449558935160205,6.436878131224731,0.0,12.449558935160205,81.73834706558158
2020-07-31,28.801184885615985,31.569623951228348,26.43703084444981,87.92148729401823,1.7773592080642242,5.076626963240177,8.641984668316534,26.597287477349614,35.05090673299567,6.801184885615985,0.0,13.05090673299567,82.10268384788772
2020-08-01,29.584390656123624,32.77844268726987,26.73826945131889,84.92445222430135,1.1059618518742078,5.816056727228829,6.8117921168588165,26.77678000424222,36.426983062671255,7.584390656123624,0.0,14.426983062671255,82.96277311320989
2020-08-02,29.44445101708215,32.46802981831352,27.167498038268853,87.5176942113841,1.434237339288948,4.7834237399649915,10.663936138105877,27.151639524895632,36.315662161476986,7.444451017082152,0.0,14.315662161476986,83.12211745057715
2020-08-03,30.317456389207464,33.134276573912,27.48075873724875,83.52185368503652,0.9297881330355526,5.698028321361744,11.130837206494842,27.210407664265695,37.58373603891348,8.317456389207464,0.0,15.583736038913479,83.94851974713933
2020-08-04,29.270167199855134,32.1709211082272,27.18914227077926,89.19589485121023,2.2941558519949297,3.5650739421742017,15.306314359872037,27.3041372603064,35.64585847024596,7.270167199855134,0.0,13.645858470245962,83.07971245966604
2020-08-05,28.87696263656667,32.060042252670975,26.73819037846321,88.98149091567576,3.8367894006156815,4.78604563288465,10.912478420957326,26.875623939818865,33.87490513764039,6.87696263656667,0.0,11.87490513764039,82.38338730257567
2020-08-06,28.233569143478,30.52801472807388,26.368821754089453,91.22751131767973,3.264502323896904,4.667066584173357,10.881571799360174,26.66453149526347,33.48727324769394,6.233569143478,0.0,11.487273247693942,81.60687617078784
2020-08-07,28.7630059757349,31.45935655218205,26.90091748656969,89.91370254119637,2.670808836844329,5.165684390656124,11.498143296915556,26.940658901006216,34.621737260628066,6.763005975734899,0.0,12.621737260628066,82.32471524958444
2020-08-08,28.89991911631557,31.743132733747814,26.787589786925817,89.20936379549708,2.5547624796281765,4.804156660831774,6.268511498762601,26.941781686296647,34.840805533798616,6.899919116315569,0.0,12.840805533798616,82.45522088757923
2020-08-09,28.506993420655526,30.98789219532806,26.64213194905535,90.18347075511561,2.7177147341099777,5.141521228949115,5.623484034526469,26.738984142353843,34.194403623433836,6.506993420655526,0.0,12.194403623433836,81.92777102246737
2020-08-10,28.85426269089153,31.65894428683528,26.442514033922862,89.60191947848134,2.219987927808294,5.279746164061085,6.064084022454277,26.971530324529603,35.04995157251058,6.854262690891531,0.0,13.04995157251058,82.43470697021402
2020-08-11,28.883334942958893,31.399832800144868,26.894429287137076,90.16462546025231,2.624349007062232,3.753448693185248,21.61824168527796,27.106876552860562,34.889712949732825,6.883334942958893,0.0,12.889712949732825,82.56551265983984
2020-08-12,29.244259069234023,32.31655278565824,26.94899317921169,89.18675620208847,2.5903941570592144,4.267971986479146,12.850412868956361,27.276852961727204,35.39341834924814,7.2442590692340225,0.0,13.393418349248137,83.03452040147138
2020-08-13,29.181871189714496,32.16060904207159,26.789942657089394,87.90168829601015,2.389893161103399,5.82709118126396,4.878739663185852,26.967988487595914,35.25654037734747,7.181871189714496,0.0,13.25654037734747,82.73901128927216
2020-08-14,29.219135027464237,32.48024747992998,26.49666264260276,86.49648276694634,2.4239065612361927,5.363408860988713,7.81865213979598,26.73042949490538,35.10714651772377,7.219135027464237,0.0,13.10714651772377,82.5933385972125
2020-08-15,28.208765618398026,31.045861652683044,25.983072976398866,89.90464296493029,4.201910424337539,3.862625188627996,25.49449990945857,26.392107387787334,32.622536793182704,6.208765618398026,0.0,10.622536793182704,81.38173392180322
2020-08-16,27.97776543731515,30.333502746423616,26.341959316713954,90.90416732057705,4.175133095913564,3.877156570290337,15.332923281221708,26.351474818445258,32.38285549303142,5.977765437315149,0.0,10.382855493031421,81.12496696138456
2020-08-17,28.00399106657814,30.50877587976097,26.242376410937407,90.94783907768455,3.7233464115410158,3.058238667230036,20.53571195750589,26.385530172168014,32.7481371279364,6.003991066578141,0.0,10.748137127936403,81.17572875663657
2020-08-18,28.242389690348286,30.896689201424522,26.142157300657935,90.56391018289371,2.992632341401581,3.571236820184705,13.334477575903906,26.549256068744572,33.60835649844571,6.242389690348286,0.0,11.608356498445708,81.53012111861179
2020-08-19,27.80690589726565,30.08651355103519,26.167418965413173,91.46345264682803,3.6038063620450287,4.4662651656908325,8.461136596849158,26.286540177767545,32.56842507846033,5.806905897265651,0.0,10.56842507846033,80.90794374456289
2020-08-20,26.993649423552846,28.995152411420296,25.56462244220438,92.45317619363796,4.173924669523752,2.542869716907105,19.07229492364339,25.663762095014203,30.947090953831655,4.993649423552846,0.0,8.947090953831655,79.63814842960866
2020-08-21,27.104973139373453,29.213224482404787,25.550910243254666,92.05479688537456,3.191888694392467,3.218468914106356,18.323089877467254,25.70112520958215,31.770069647763265,5.1049731393734525,0.0,9.770069647763265,79.77951572929038
2020-08-22,27.173233536548565,29.08029999396391,25.595529063801532,92.20536669282309,2.1623474376773104,2.4166215669704836,30.662750045270723,25.796264806035943,32.62070051510316,5.173233536548565,0.0,10.62070051510316,79.91619365014412
2020-08-23,27.758002655882176,30.63601678034647,25.262083660288532,89.43892557493814,1.7903561296553392,4.139052852055291,13.941198165026863,25.85961055766174,33.50766017010833,5.758002655882176,0.0,11.50766017010833,80.55365617839846
2020-08-24,28.553368141486086,31.83377919961369,25.217515542946828,86.45639101828938,1.6352544214402127,5.793726896843123,16.971495744552428,26.06891775378019,34.549519349872945,6.553368141486086,0.0,12.549519349872945,81.47918581585009
2020-08-25,28.275028671455303,30.870155127663423,26.24012796523209,89.35033077805276,2.5116345747570468,4.994396800869198,9.515157240296977,26.35260754113757,33.84563775209368,6.275028671455303,0.0,11.84563775209368,81.41740695065921
2020-08-26,27.79183436952979,30.783456268485548,25.611545240538423,90.01374600108652,4.201218084143176,4.4898175710750285,3.8888929800205227,26.00123975128783,31.946529767082467,5.791834369529791,0.0,9.946529767082467,80.68795926989858
2020-08-27,27.544785416792422,29.85271745035311,25.879016116375933,91.28328725780167,2.9701533168346717,4.6002391561538,11.194822840586712,25.994012995739226,32.556229527308965,5.544785416792422,0.0,10.556229527308965,80.43482056486619
2020-08-28,28.001393734532506,30.93282247842096,25.450402003983825,88.96971992515242,2.446719381903785,4.815248982917849,12.42831291120903,26.01063508229266,33.39062189430085,6.001393734532506,0.0,11.39062189430085,80.9022368991568
2020-08-29,28.389694573549832,31.38445826039718,25.91391199372247,88.39836059636629,2.2649791754693065,4.964971986479146,10.73173899921531,26.284050399897186,34.087346029858494,6.389694573549832,0.0,12.087346029858494,81.47841631429674
2020-08-30,28.71220317498642,31.62950021126336,26.19584958049134,88.31778535643146,2.0050920504617613,4.650233047624797,5.323385646164061,26.586087302728274,34.79483870753498,6.712203174986421,0.0,12.794838707534979,82.00998341985002
2020-08-31,28.586335486207517,30.96147823987445,26.451775819400012,89.69906078348525,1.501170398985936,3.3426728375686605,12.842367356793627,26.725715219204552,35.1163690306656,6.586335486207517,0.0,13.116369030665602,81.99407807968842
2020-09-01,27.825254421440217,29.944790849278686,26.0556292629927,90.25811009838839,1.6633421862739182,2.396244111788496,24.388861592322087,26.08007475255963,33.808339850221635,5.825254421440217,0.0,11.808339850221635,80.77758445384444
2020-09-02,28.153669342669165,31.582321482465144,25.243389267821577,87.46991730548682,1.840423733928895,5.498623033741776,14.46591114866904,25.87320821842984,33.87754628680554,6.153669342669165,0.0,11.87754628680554,80.95325867463814
2020-09-03,28.722910605420417,32.38363131526529,25.363761694935718,84.89202993903545,1.3930089937828214,6.1196445343152055,5.179342065552001,25.926467258406532,34.79533271260052,6.722910605420417,0.0,12.79533271260052,81.53733804363111
2020-09-04,29.17713949417517,32.72681716665661,25.73189533409791,84.20417396028249,1.265096879338444,6.045616412144626,2.965649182109012,26.233531672561313,35.54193203130453,7.177139494175169,0.0,13.541932031304533,82.184679841369
2020-09-05,29.0328991368383,32.13460010864973,26.51088066638499,86.63249109675861,1.8610297579525563,5.0713802378221775,3.3965902094525258,26.574255361508808,35.20871925680432,7.032899136838299,0.0,13.208719256804322,82.30316435138974
2020-09-06,28.53638920746062,30.99198165026861,26.58890082694513,89.41781070803405,2.2346882356491826,4.533343779803223,7.57364761272409,26.623099109307905,34.483179014891334,6.536389207460619,0.0,12.483179014891334,81.86956110844659
2020-09-07,28.10011770386914,30.481375626244944,26.412078227802258,89.9691163155671,1.9400156938492186,3.5806914347799847,11.006402486871492,26.29705556895309,34.03360345982477,6.100117703869142,0.0,12.033603459824768,81.20596899545895
2020-09-08,28.331032172390902,31.107260216092236,25.9768998611698,88.76732842397539,1.7859214100319916,4.5249288344298915,10.206589002233356,26.296852657314794,34.37249110246488,6.331032172390902,0.0,12.372491102464878,81.43103081922862
2020-09-09,28.679703024084024,31.809202028128208,26.113830506428446,87.44060723124284,1.5200271624313393,4.664934152230337,5.107160620510655,26.38474385179256,34.96635909683562,6.679703024084024,0.0,12.966359096835617,81.83002145434443
2020-09-10,28.240045270718902,30.669526166475528,26.658289370435206,89.46231242832135,1.8808082332347438,3.6202813544999097,19.197922979416916,26.33934573275537,34.24333597754746,6.240045270718902,0.0,12.24333597754746,81.37366075688678
2020-09-11,28.13024204744372,30.526273314420234,26.25168105269512,89.9873899921531,1.9502716243133944,4.114177907889178,17.350085712561114,26.33022271026498,34.07870148258602,6.130242047443719,0.0,12.07870148258602,81.25968009605475
2020-09-12,28.257408100440642,30.870826945131896,26.23215790426752,89.74453371159535,1.853179815295467,4.422980020522727,13.707647733446008,26.40986930134803,34.32724218386868,6.257408100440642,0.0,12.327242183868677,81.4421927646058
2020-09-13,28.147268666626427,30.896424820426148,26.291626727832437,90.36827367658599,1.8979344479990343,3.615520691736585,18.563334942958896,26.418637329081005,34.1915364832753,6.147268666626427,0.0,12.1915364832753,81.34098430501366
2020-09-14,28.057344721434177,30.68077503470756,26.132031749864193,90.429342065552,1.8053950624735924,3.8333186515361866,11.868567634454035,26.34130550880048,34.11454126015362,6.057344721434177,0.0,12.114541260153622,81.19612275236466
2020-09-15,28.09338081728738,30.64093800929559,26.0898605661858,90.16946701273616,1.863705559244281,3.3493329148306876,14.477212530934993,26.328102388200758,34.10098242388404,6.093380817287379,0.0,12.10098242388404,81.22195315280219
2020-09-16,27.92494959859963,30.05501961731153,26.360970000603608,91.6839029395787,2.2661755296674113,4.198894519224965,19.48151264562081,26.444091755092746,33.72829373431853,5.924949598599628,0.0,11.728293734318527,81.14016134148673
2020-09-17,28.073008993782825,30.36152833947003,26.306801472807386,90.84271926118187,1.800353715216998,3.872377956177944,21.02905957626607,26.434109111563778,34.1958839897206,6.073008993782825,0.0,12.195883989720599,81.27934036980454
2020-09-18,29.28200156938492,32.68500935594858,26.07955695056438,83.44822055894247,0.8154789642059516,4.8291779018530825,4.887682742801957,26.18337423413003,35.92836067904912,7.282001569384921,0.0,13.92836067904912,82.24436674871355
2020-09-19,29.471715458441484,33.04291000181084,26.377447335063682,86.27897326009538,1.346287801050281,6.038975082996319,4.205303313816625,26.935540506452124,36.254857867672946,7.4717154584414835,0.0,14.254857867672946,82.98109371697959
2020-09-20,29.755957022997528,33.20646043339168,26.924058670851693,85.5438818132432,1.7676555803706164,4.406610001810829,8.002576205710147,27.068621642061704,36.336425423526066,7.755957022997528,0.0,14.336425423526066,83.34084734544345
2020-09-21,28.393727289189354,30.935572523691683,26.49307056196053,90.78892557493815,3.551018892980021,3.5931653045210363,23.34639645077564,26.74089023560504,33.4990021109969,6.3937272891893535,0.0,11.499002110996898,81.81973648509342
2020-09-22,27.974178185549587,29.76750105631678,26.57219110279471,93.55060300597574,3.2825242952858096,1.6773736041528342,33.10512042011227,26.835238436506174,33.33142895668817,5.974178185549587,0.0,11.331428956688171,81.47806809412693
2020-09-23,27.8070972415042,29.488349731393743,26.70271503591477,94.15334580793143,2.777460010864973,2.491301533168347,33.24266071105209,26.778724544482515,33.479050837047794,5.807097241504199,0.0,11.479050837047794,81.26890842180245
2020-09-24,27.73328786141124,29.48961489708457,26.434099716303496,93.48051608619545,2.8625092050461762,2.0535900826945133,32.91452526106115,26.58364021765983,33.213031125195165,5.733287861411242,0.0,11.213031125195165,81.05065659323427
2020-09-25,27.72531297156999,29.567966439307057,26.456261845838114,94.02351723305367,3.1043176193637962,2.4147946942717455,42.257541498159,26.67411163107802,33.09710854538533,5.725312971569991,0.0,11.097108545385332,81.10917831543844
2020-09-26,27.621145650992943,29.52825918995594,26.279541256715156,93.74198165026861,3.080236011347861,2.770521760125551,48.03075873724876,26.519844894385265,32.9052880287414,5.621145650992943,0.0,10.905288028741403,80.89068045090345
2020-09-27,27.624976157421383,30.336155610551103,25.74631737791996,90.79444799903425,2.091272409005855,3.4831288163216034,24.84292811009839,25.98248528708975,33.24415959281509,5.624976157421383,0.0,11.244159592815087,80.50752502607173
2020-09-28,28.209150721313453,31.064856039113902,25.49358544093681,86.97669765195872,1.0812283455061267,5.123160668799421,7.954175167501661,25.832242237920003,34.43784146518917,6.209150721313453,0.0,12.437841465189173,80.97806384823085
2020-09-29,28.526816563047024,31.07708034043581,26.182206193034354,85.44401279652323,0.8122182652260519,4.2874470513671765,5.544574757047143,25.84378990031564,34.95165384579992,6.526816563047024,0.0,12.951653845799918,81.29197220230887
2020-09-30,28.438694392466957,31.290548077503477,26.001000784692465,85.71169493571558,0.9137140097784756,4.04642716243134,8.00243133940967,25.810198595751288,34.77054638711081,6.438694392466957,0.0,12.770546387110812,81.18375842460225
2020-10-01,27.992358302649848,30.482120480473235,26.147983340375447,88.99473471358726,1.2232359509869017,4.296311299571437,19.568120963360897,26.00648489751836,34.23529083282464,5.992358302649848,0.0,12.235290832824639,80.89036985488337
2020-10-02,27.85762962515845,30.360437616949362,25.789083720649487,89.67728918935232,1.3289919719925152,4.383657964628479,13.831812639584717,26.002837935881217,34.0240000753452,5.857629625158449,0.0,12.0240000753452,80.75454113711206
2020-10-03,28.233714009778478,30.84090843242591,25.944557855978754,88.20171364761273,1.2525780165389027,4.875700941630954,12.15701032172391,26.09279555339869,34.51314314367313,6.233714009778478,0.0,12.513143143673133,81.18854402555729
2020-10-04,28.07642663125491,30.44760004828877,26.146654795678156,88.87927144323054,1.2447075511559127,4.613799788736645,8.268163216031871,26.067363572665155,34.3444432188842,6.076426631254911,0.0,12.344443218884201,81.01664965433125
2020-10-05,27.69603911390113,30.060296372306397,25.788899619725964,89.78938612905173,1.3891102794712382,3.915701943622865,17.60937707490795,25.864548963627374,33.72972293707803,5.696039113901129,0.0,11.72972293707803,80.49526319097134
2020-10-06,27.164094887426817,29.38627935051609,25.51058248324984,90.51517957385165,1.5938359389147103,3.4600126214764293,46.25603126697652,25.47528407775704,32.802821731606805,5.164094887426817,0.0,10.802821731606805,79.68471931827266
2020-10-07,27.47902275608137,30.170925333494296,25.03586044546388,87.3865630470212,1.232277418965413,3.8646679845475953,21.487263837749744,25.193819262207526,33.19272038335904,5.4790227560813705,0.0,11.192720383359038,79.8125266715424
2020-10-08,28.594292871370797,31.87718838655158,25.176113357880123,82.67790366391019,0.9079284119031811,4.801317993601739,12.492014848795797,25.355068556983984,34.63804698361215,6.594292871370797,0.0,12.63804698361215,81.01097808306186
2020-10-09,29.06935655218205,32.407495623830506,25.977591597754575,84.36039053540172,0.8852157904267521,5.149610158749321,0.8055513973561902,26.15943641676732,35.65082813662429,7.06935655218205,0.0,13.650828136624291,82.03061171819695
2020-10-10,28.99379851512042,32.23860143659081,26.17700126758013,84.85307901249473,0.9963892074606145,5.130880606024024,1.1061459527977309,26.184037854444405,35.513659865518505,6.993798515120421,0.0,13.513659865518505,81.97832619705575
2020-10-11,29.005448180117103,32.448542282851456,25.97976640309048,83.38026558821757,0.9580557735256837,5.185882018470453,1.7281227741896543,25.899309673467474,35.364884239187084,7.005448180117103,0.0,13.364884239187084,81.78242002702481
2020-10-12,29.03302348041287,32.51483732721676,25.650272227922983,82.34659322750048,0.8708698014124464,4.810907520975434,5.499274461278446,25.71563261392415,35.33416576005349,7.033023480412869,0.0,13.334165760053487,81.67621510663051
2020-10-13,29.15982857487777,32.29915373936139,26.29320456328847,82.2350256534074,0.9053274582000365,5.245415174744975,8.430729763988653,25.81647180944731,35.50236387602798,7.159828574877771,0.0,13.502363876027978,81.86561167485192
2020-10-14,28.859128991368387,31.97809681897748,26.385163276392834,84.12625158447516,0.8441528339470032,4.87471311643629,7.3966209935413785,25.90671267717206,35.30298135922583,6.859128991368387,0.0,13.302981359225832,81.65122642529707
2020-10-15,29.056883563710993,32.69051125731877,26.119964387034468,82.41297820969397,0.8573157481740812,5.111377618156576,2.616904086436893,25.752513112789817,35.39141160339762,7.0568835637109935,0.0,13.391411603397621,81.72468110855016
2020-10-16,29.229293776785177,32.63847769662582,25.963520251101595,80.67184040562566,0.9500633790064588,5.320181722701756,3.6768407074304346,25.560436765328298,35.375234166433046,7.229293776785177,0.0,13.375234166433046,81.74649923031765
2020-10-17,28.68170881873605,32.188168648518136,25.53147582543611,83.35715156636687,0.9800223335546568,5.015085223637351,2.926888392587675,25.578241530144602,34.81755505074619,6.681708818736048,0.0,12.817555050746194,81.25019272128984
2020-10-18,28.328547111728138,31.440301201183082,25.40133518440273,82.25283213617433,0.8981698557373091,3.8297046659020957,4.343912597332046,25.009082952009553,34.161244954613814,6.328547111728138,0.0,12.161244954613814,80.5194621642002
2020-10-19,28.296244944769725,31.193331321301393,25.398020160560154,80.59877467254181,0.8045107744310981,4.411127663427295,3.6357723184644177,24.637149256480686,33.96486517440517,6.296244944769725,0.0,11.964865174405169,80.2371991067952
2020-10-20,27.66022695720408,30.856519587131046,24.76012313635541,84.46318886943925,1.2976670489527373,4.327249151928533,2.7540333192491104,24.80060381059932,33.08338401925556,5.660226957204081,0.0,11.083384019255561,79.72819210514285
2020-10-21,26.747540290939824,29.131698557373095,24.909143477998438,89.891036397658,1.4412211021911032,3.596646145952798,16.71257680931973,24.94779256355758,32.16042532336619,4.747540290939824,0.0,10.16042532336619,78.89736416989606
2020-10-22,25.919639041467978,27.94177400857126,24.34801291724513,92.66950986901672,2.409818917124404,1.4720045874328487,53.15484638136054,24.639391066204926,30.463651379150456,3.9196390414679776,0.0,8.463651379150456,77.81090427158266
2020-10-23,25.856720589122958,28.314000724331507,23.74878795195268,93.0471425122231,3.7313707973682626,1.1113098750528159,92.93106537091808,24.645118699184483,29.479088425555695,3.8567205891229577,0.0,7.479088425555695,77.7455276050868
2020-10-24,26.19635480171425,29.10700006036096,24.07240840224543,90.56685096879339,2.7870990523329513,2.18942631737792,18.835749381300175,24.52912146089512,30.409319775585864,4.19635480171425,0.0,8.409319775585864,78.04067091439005
2020-10-25,26.562352266553994,29.732118066034893,23.85553570350697,84.53786805094467,0.9893855254421441,3.7960892255689025,7.643231725719804,23.7404404844073,31.564467922742345,4.562352266553994,0.0,9.564467922742345,77.93167512423369
2020-10-26,26.722669161586282,30.24147099655943,23.605077563831713,82.1034997283757,0.8817667652562323,4.499826130258949,1.1138757771473413,23.411988798332736,31.61036642889085,4.722669161586282,0.0,9.610366428890849,77.89547797088065
2020-10-27,25.883852839983103,30.05189412687874,22.337435262871978,84.48592865334702,1.2799764592261726,4.715455538117946,0.03551035190438824,23.06588294727525,30.29550492932136,3.8838528399831027,0.0,8.29550492932136,76.80932198902997
2020-10-28,25.90566487595823,30.278349127784153,21.73978571859722,84.54177702661919,1.3191205408341884,4.925571618277298,0.013538962998732421,23.098172723656027,30.30812084703266,3.90566487595823,0.0,8.308120847032662,76.85162544562922
2020-10-29,26.74687209512887,31.112686062654678,22.682329329389752,84.73197863222067,1.2734653226293233,5.070237055592443,0.6332437979115108,23.959302545268883,31.67867133673795,4.746872095128872,0.0,9.678671336737949,78.25924670149531
2020-10-30,27.25096698255569,31.34388603851029,23.49078288163216,85.5517812518863,1.5117728013520857,4.958644087644112,2.4950395364278384,24.614050989942868,32.409397777009204,5.250966982555688,0.0,10.409397777009204,79.19500474771273
2020-10-31,26.315679362588277,28.409931188507276,24.01660107442506,88.90624977364641,1.5353787650147888,3.388823317438282,23.776703084444982,24.337591831209796,31.28913121518115,4.315679362588277,0.0,9.28913121518115,78.04632714640019
2020-11-01,26.03948874268124,28.758854349007066,23.83780768998612,87.03731816261245,1.3225381783062717,3.517617697833042,22.00579948089576,23.711857575898513,30.79127033029932,4.03948874268124,0.0,8.79127033029932,77.36228984361392
2020-11-02,26.35201364157663,29.601547051367177,23.38791996136899,86.50897386370497,1.0820764169735018,3.646357644715398,7.609238848312911,23.917602563699635,31.392851812931767,4.3520136415766295,0.0,9.392851812931767,77.82117527063929
2020-11-03,25.99889116919177,29.2378620148488,23.39963662702964,85.6719907044124,1.0823679604032113,3.81643890867387,12.445342548439672,23.409506060263336,30.744104245791867,3.9988911691917686,0.0,8.744104245791867,77.1361138996383
2020-11-04,24.153232932938977,27.889113297519163,21.011114263294502,82.52297881330357,1.3818923160499788,3.55700201001992,11.535465684795078,20.9878761190195,27.385237736577928,2.1532329329389768,0.0,5.385237736577928,73.77124469321257
2020-11-05,23.230727349550314,28.980420112271386,18.42193094706344,71.81509446490011,1.1717631435987204,4.531003060300598,0.38142814027886773,17.8584431510828,25.16001925498228,1.230727349550314,0.0,3.1600192549822808,71.32637706765757
2020-11-06,21.526799661978632,26.9658266433271,17.012495925635303,74.50035250799783,1.4446212349852117,4.800217878915917,0.07398442687269875,16.799992627496913,22.827679185342962,0.0,0.47320033802136763,0.8276791853429621,68.93093060029578
2020-11-07,21.927965835697474,27.8182157300658,16.04641154101527,78.44472807388182,1.4198400434598901,4.935360892134967,0.0,18.005557034330792,23.745481565383045,0.0,0.07203416430252574,1.745481565383045,69.84766499786559
2020-11-08,23.379415102311828,28.99600048288767,18.07952133759884,80.17351361139617,1.319741051487898,5.136331930947064,0.002003983823263114,19.765455762640947,26.058710980914977,1.3794151023118282,0.0,4.058710980914977,72.3026446711252
2020-11-09,23.99688959980685,29.096549164000724,19.035337115953403,80.04542946821996,1.2706349972837572,5.192223414015815,0.0,20.340368515851615,26.98623517800566,1.996889599806849,0.0,4.986235178005661,73.27938317560181
2020-11-10,23.93767127421984,28.992918452345027,19.12259371038812,79.9540134001328,1.3662425303313817,5.090853045210358,0.0,20.26425396260983,26.823114059311518,1.9376712742198414,0.0,4.823114059311518,73.17588798802622
2020-11-11,23.810670006639707,29.288544697289794,19.12809561175832,82.10791573610189,1.482361924307358,5.107369692762722,0.0,20.571502345451474,26.764761173343963,1.8106700066397075,0.0,4.764761173343963,73.17544100456611
2020-11-12,24.37028188567635,29.767781734773948,19.405883986237704,80.1025828454156,1.1948620752097545,4.9627107261423316,0.0,20.715198856579367,27.597068272893246,2.3702818856763486,0.0,5.597068272893246,73.88267881593644
2020-11-13,24.606375324440155,29.754807750347076,20.178162008812702,82.35385102915434,1.3510883080823326,4.920860107442507,0.0,21.39682636177272,28.068506159606258,2.6063753244401546,0.0,6.068506159606258,74.49044338971794
2020-11-14,24.048009295587615,29.194935111969578,19.821568177702666,83.3105185006338,1.353228707671878,4.913768437254784,0.0,21.039756798184957,27.32615891468944,2.0480092955876152,0.0,5.32615891468944,73.67621400561347
2020-11-15,23.379626365666688,28.59277479326372,18.719546689201426,83.68228586949962,1.305826643327096,4.741448801834974,0.0,20.458512680727356,26.401511876568986,1.379626365666688,0.0,4.401511876568986,72.6180576978635
2020-11-16,23.63003018047927,28.757150962757294,19.14050823927084,83.4048113720046,1.0784414800507034,4.578739494175168,0.0,20.64950089556414,26.905214109776857,1.6300301804792703,0.0,4.905214109776857,73.00231340599125
2020-11-17,23.473689865395063,27.433902939578683,19.81100018108288,82.26498521156516,1.295133095913563,4.385246339107865,0.018887547534254843,20.273593384658223,26.413093348275,1.4736898653950625,0.0,4.413093348275002,72.64342151822659
2020-11-18,23.059057161827727,27.073895092654077,18.75758797609706,77.67757530029579,1.283939759763385,4.229986672300356,0.008528399830989316,18.94569488637126,25.385358745739843,1.0590571618277274,0.0,3.3853587457398433,71.57339137663656
2020-11-19,22.429962576205707,26.62482585863464,18.155681173417033,79.94605601496951,1.1033548620752096,3.632073881813244,0.0005492847226413955,18.796029747351504,24.815081087977127,0.4299625762057069,0.0,2.815081087977127,70.76360844011907
2020-11-20,23.210942838172276,27.879739240659145,18.772387879519528,80.76194241564556,1.0693481016478543,3.3384541920685704,0.40404478783123077,19.71939860657351,26.043715650209577,1.2109428381722758,0.0,4.0437156502095775,72.08464285177796
2020-11-21,23.289518923160504,27.293594495080587,19.647537876501477,82.90074666505706,0.9669747087583752,2.1984509205046177,4.360805818796403,20.21838275644012,26.431791133022358,1.2895189231605038,0.0,4.431791133022358,72.40109270076
2020-11-22,20.887614534918814,25.36186394639947,16.264885012374,78.57196052393314,1.7485567694814996,3.7229424760065197,7.596460433391684,17.021310765347117,22.064485752777735,0.0,1.1123854650811857,0.06448575277773472,68.20753755925641
2020-11-23,18.409250316895033,24.24998732419871,13.216869077080943,76.48283213617432,1.6712011830747875,4.3813618639464,0.0443055471720891,14.19746666022887,18.580811500010316,0.0,3.590749683104967,0.0,64.19378844330589
2020-11-24,19.217164845777756,25.089925152411425,13.343671153497919,80.50469065008753,1.2651005009959562,3.921555640731575,0.0,15.778954567402593,20.24520833180512,0.0,2.7828351542222443,0.0,65.65177553382036
2020-11-25,20.389843665117404,26.074374358664816,15.111920082090904,82.8388452948633,1.1434773948210297,4.147663385042555,0.0,17.372987973612062,22.133859283350095,0.0,1.6101563348825962,0.13385928335009467,67.67379225924469
2020-11-26,20.556375324440154,25.856274521639406,16.203691072614237,85.35848011106418,1.201865757228225,3.834448409488743,0.0,18.011808794947417,22.528275872640787,0.0,1.443624675559846,0.528275872640787,68.10008866642684
2020-11-27,20.870724935111973,26.01816321603187,16.671615862859905,83.6101859117523,1.4957010925333494,3.4269806301684076,0.0012283455061266376,17.99033756023582,22.627956010125125,0.0,1.1292750648880272,0.6279560101251249,68.5067650961748
2020-11-28,20.83053962696928,26.90512524898896,16.347965835697472,84.34298002052273,1.5180527554777572,4.336310569203839,0.0012283455061266376,18.089939054020533,22.614797692840483,0.0,1.16946037303072,0.614797692840483,68.48814045436191
2020-11-29,20.511817468461402,26.74089334218628,15.582412627512525,84.42211142632947,1.5264205951590513,4.523125520613268,0.0,17.792698894303843,22.163284230205083,0.0,1.4881825315385981,0.16328423020508254,67.96917932816747
2020-11-30,20.6050286714553,26.817163638558583,15.090969396994025,82.17143659081307,1.2729987324198708,4.505421434176375,0.0,17.454989988559763,22.292467866375567,0.0,1.394971328544699,0.2924678663755671,67.9827841373709
2020-12-01,21.111309832800146,26.654962274400923,15.827702058308686,80.9101273616225,1.1209766403090482,4.473563529908855,0.0,17.703353209880255,23.00927348868699,0.0,0.8886901671998544,1.0092734886869899,68.7191771995918
2020-12-02,21.058312307599447,26.131477636264865,16.30090843242591,77.70403331924912,0.9401635781976219,4.195298454759462,0.0,17.01146287774575,22.797171703518856,0.0,0.9416876924005528,0.7971717035188561,68.42042706007629
2020-12-03,21.106461640610856,25.73040260759341,16.57320395967888,76.0390752701153,0.8634653226293234,3.888473386853383,0.0,16.716327241420572,22.780495389883136,0.0,0.8935383593891437,0.7804953898831357,68.38470072735419
2020-12-04,20.634022454276575,25.21471358725177,16.375713164725056,75.72059033017446,0.8687595823021671,3.6104109555139736,0.0,16.193541448372024,22.09883320851764,0.0,1.3659775457234247,0.09883320851763955,67.62765656711511
2020-12-05,20.51809440453915,24.96445524234925,16.405192249652927,75.22802438582725,0.8258538057584356,3.2617919840647076,0.000688114927265045,15.979167134743923,21.93043342712265,0.0,1.4819055954608515,0.0,67.41699707422596
2020-12-06,20.553893885434906,24.99952375203718,16.00434055652804,77.40387638075694,0.8721603187058611,2.9905970966378947,0.004251825918995594,16.461472742240442,22.12071578563047,0.0,1.4461061145650937,0.1207157856304697,67.60646752403292
2020-12-07,19.742828514516816,24.81148487957989,15.49525743948814,82.90291724512585,1.0105444558459589,2.8772969517715943,0.0,16.752873496765705,21.32767867534039,0.0,2.257171485483184,0.0,66.62362351355232
2020-12-08,19.51344842156094,24.544401521096155,15.340642844208368,84.49606446550372,1.0936705498883326,2.611784638136054,0.0,16.828591264264144,21.070259506961236,0.0,2.486551578439059,0.0,66.33142141194116
2020-12-09,19.628946701273616,24.155605118609287,15.776072312428322,82.258758375083,0.8698086557614537,2.148773211806603,0.0,16.518757116099426,21.219411531920812,0.0,2.371053298726384,0.0,66.40442399358143
2020-12-10,19.354690650087523,23.9616611335788,15.462336572704777,82.57417939276876,0.8836681354499911,2.2034172390897573,0.002181445041347257,16.311068656346766,20.853952697340222,0.0,2.645309349912477,0.0,65.97504766583003
2020-12-11,18.85586648155973,23.49037061628539,15.002304581396753,81.94355586406714,0.9818349731393735,1.8427605601496955,0.01312126516569083,15.703792914397027,20.053650648063666,0.0,3.1441335184402703,0.0,65.13598862479293
2020-12-12,18.343206374117223,22.92883442989075,14.479136234683407,83.54374841552485,0.9964115410152714,2.534089358363011,0.0,15.505002407558262,19.456114197620142,0.0,3.656793625882777,0.0,64.36886751199121
2020-12-13,19.121113056075334,24.127361622502566,14.627863825677553,83.26381481257921,1.1498183135148188,3.0394521096155005,0.0,16.213383131653273,20.396003657540497,0.0,2.878886943924666,0.0,65.62786927696334
2020-12-14,19.108988953944593,24.47792418663608,14.671840405625641,84.05517534858454,1.3959799601617675,3.2442263837749743,0.0,16.35010685641117,20.264709400249547,0.0,2.8910110460554073,0.0,65.64534008553927
2020-12-15,18.263912597332048,23.956179151324925,14.08224844570532,84.53492907587373,1.5351530150298787,3.173350268606266,0.0,15.611598752150787,19.03944466729493,0.0,3.736087402667952,0.0,64.27748585157403
2020-12-16,18.646361441419693,24.268832619061993,14.581644836119999,83.05199674050824,1.5545675137321182,3.352949936620993,0.0012283455061266376,15.709251249760849,19.445171987057407,0.0,3.3536385585803075,0.0,64.84377711905384
2020-12-17,18.392988471056924,23.796765859841855,14.145813363916222,84.522550250498,1.632659503832921,3.249938504255448,0.0,15.735777067135036,19.146987741326242,0.0,3.607011528943076,0.0,64.48936646379121
2020-12-18,16.839379489346292,22.375692038389577,12.658902637773888,80.22089817106297,1.6495183195509147,3.707000712259311,0.0,13.408552105031383,16.75878815775862,0.0,5.1606205106537075,0.0,61.82839572763132
2020-12-19,14.405657632643209,20.486894428683527,9.756618579103039,77.8750624735921,1.7799963783424884,4.140159449508059,0.0,10.591609804992501,13.374063268556895,0.0,7.594342367356791,0.0,57.92893199106999
2020-12-20,14.514522846622807,21.200053721253095,8.618730005432486,79.69064284420838,1.5735009355948573,3.919330271020704,0.0,11.04433967329075,13.756194448743912,0.0,7.485477153377193,0.0,58.102882269975446
2020-12-21,16.106256413351847,22.18079495382387,10.372276211746247,80.67399468823567,1.1875233898714312,3.8916469910062172,0.0,12.780695238752179,16.14503742228984,0.0,5.893743586648153,0.0,60.661510338956624
2020-12-22,17.1602631737792,22.72642723486449,11.954366511740206,77.31294259672845,0.8829504436530453,3.8616993903543193,0.0,13.153687752038907,17.532848919247005,0.0,4.8397368262208005,0.0,62.26225122208591
2020-12-23,17.2321259129595,23.03026196656003,11.715421621295349,78.67387215548983,1.04677672481439,3.969404261483672,1.0189696384378586,13.491308683736772,17.60104064564291,0.0,4.7678740870405,0.0,62.41384385041185
2020-12-24,17.753291483068754,23.47603971751072,12.504146797851151,78.76948994990043,1.1022828514516811,3.7280608015935304,0.0,14.016336952374726,18.26049945704601,0.0,4.246708516931246,0.0,63.24400378420171
2020-12-25,17.256065672722887,23.327185368503653,12.509190559546088,81.16848071467376,1.3071250075451202,4.097889092774793,0.0,13.995396392996856,17.612481504196882,0.0,4.743934327277113,0.0,62.5230776529408
2020-12-26,16.274357457596427,22.79855978752943,11.053763505764472,79.98247298847107,1.5504587432848433,4.153428309289552,0.0,12.812808528058687,16.06940051396651,0.0,5.725642542403573,0.0,60.9186434133066
2020-12-27,15.928947304883206,22.255987807086385,10.306319188748718,75.50166475523633,1.4248487957988776,3.97274605541136,0.0,11.600330955905516,15.438025320902124,0.0,6.071052695116794,0.0,60.297538512323705
2020-12-28,16.54763083237762,22.57281946037303,11.262261725116195,73.40934810164786,1.2085966077141306,3.892451222309411,0.0,11.771544021981152,16.259545116683398,0.0,5.452369167622379,0.0,61.2146664595805
2020-12-29,16.48244944769723,22.54274099112694,11.560073036759825,75.13972777207702,1.3681179453129717,3.89887215548983,0.0,12.062404326249704,16.170823871463117,0.0,5.517550552302769,0.0,61.15070640414861
2020-12-30,16.399654131707614,23.106400072433154,10.987286774913986,78.74043761694936,1.521973199734412,4.069418416128448,0.0,12.695469616732922,16.177368621318095,0.0,5.600345868292386,0.0,61.094259719498076
2020-12-31,16.80425544757651,23.35075390837207,11.094673749019135,79.37231182471179,1.3691736584776968,4.111832172390898,0.0,13.211130900778752,16.855047865283343,0.0,5.195744552423491,0.0,61.75171748897425
2021-01-01,17.07160982676405,23.60692400555321,11.502182048650935,77.98731333373576,1.2870616285386614,4.308576942113842,0.0,13.200871998585288,17.176656416156035,0.0,4.92839017323595,0.0,62.1408045880646
2021-01-02,17.18001810828756,23.244843966922197,11.54234985211565,77.30556829842459,1.1883913804551218,4.2902972656485785,0.0,13.171376532109427,17.344565378767026,0.0,4.819981891712441,0.0,62.29312328404086
2021-01-03,17.945146978934027,24.063704352025116,12.467400857125613,76.30974346592625,1.0901122713828697,4.139685193456872,0.0,13.71328590938393,18.35821249777457,0.0,4.0548530210659735,0.0,63.46141014826181
2021-01-04,18.841775215790427,25.038061809621535,13.366267881933965,76.82191766765257,1.12927385766886,4.06537749743466,0.0,14.68477722826416,19.56366544977172,0.0,3.1582247842095725,0.0,64.88567707188906
2021-01-05,19.1825248988954,25.279098810889117,13.653102553268548,79.42303555260459,1.2414673749019136,4.230454379187542,0.3543954850003019,15.533786115447251,20.135070265702748,0.0,2.8174751011045984,0.0,65.54444636987819
2021-01-06,20.21293716424217,26.33999154946581,14.700035612965532,77.85061326733869,1.0858779501418485,4.193443146013159,0.0,16.221335341879282,21.536286958305414,0.0,1.7870628357578298,0.0,67.09575696260131
2021-01-07,21.316707913321665,27.227428623166542,16.246871491519286,74.49224663487658,1.0801388302046238,3.966571099173055,0.0,16.595622487015422,22.791269635342612,0.0,0.6832920866783354,0.7912696353426121,68.60577744846293
2021-01-08,20.54641214462486,26.45507032051669,15.582093921651474,76.86119393975977,1.3577600048288767,3.7398794893462917,0.16130500392346234,16.343604569103093,21.727173205669736,0.0,1.4535878553751402,0.0,67.56133547451695
2021-01-09,20.01279893764713,25.180966982555685,15.134723848614716,75.81527796221404,1.1598786744733507,3.479771612241203,0.0,15.612563174368187,21.052340566537858,0.0,1.9872010623528702,0.0,66.66559826615507
2021-01-10,20.29728375686606,25.079386732661316,15.142516448361203,77.81452767549949,1.0684740749683106,3.1535708275487413,0.0,16.295860180790793,21.661800615664557,0.0,1.7027162431339384,0.0,67.22677050658213
2021-01-11,20.90137140097785,25.78633729703628,16.712498943683226,80.52863523872759,1.044994869318525,2.69838454155852,0.0,17.423878210399252,22.73569354966018,0.0,1.098628599022149,0.73569354966018,68.35656278179069
2021-01-12,19.152893704352028,24.475524234924855,15.195092050461762,81.20434779984308,1.4825568902034163,3.048961930343454,0.0,15.851761896269323,20.05625492686419,0.0,2.847106295647972,0.0,65.58187129772048
2021-01-13,16.85552966741112,22.79969336633066,12.388946701273616,74.79196293837147,1.5063185851391323,2.9523657693004166,0.0,12.352182136188866,16.536643607917853,0.0,5.144470332588881,0.0,61.720962572719735
2021-01-14,15.876673507575301,22.010948874268124,10.658853141787894,72.66438280919901,1.4814178789159171,2.929215198889358,0.019727168467435267,10.971190805126476,15.162331562617293,0.0,6.123326492424699,0.0,60.17435449644678
2021-01-15,15.823059093378403,21.669540653105575,11.069014305547174,72.52716363855858,1.3874400917486571,3.171454524053842,0.7242620872819461,10.891115043311256,15.151567045949545,0.0,6.1769409066215974,0.0,60.090551672030664
2021-01-16,16.07926238908674,22.10942898533229,10.979074062896121,71.93911873000543,1.3002215247178128,2.8112373091084693,0.0,11.014850030097028,15.504378012080334,0.0,5.92073761091326,0.0,60.47145647514283
2021-01-17,16.262478420957326,22.268222973380823,11.280627150359148,76.29291905595463,1.5274575964266313,2.968057451560331,0.0,12.081204716416474,15.844968679372638,0.0,5.737521579042674,0.0,60.83092189090145
2021-01-18,17.22285024446189,23.470639222550854,11.640928955151807,79.03043882416854,1.2502770567996622,3.094808148729402,0.0,13.551822496419119,17.469428701537414,0.0,4.777149755538112,0.0,62.409191131116856
2021-01-19,17.46090782881632,22.512348644896484,12.923170157542103,77.28530029576872,1.239142874388845,2.822162920263174,0.0,13.439647739007263,17.678154920674135,0.0,4.539092171183679,0.0,62.734358070330444
2021-01-20,18.22425544757651,22.976377738878494,14.14390414679785,82.35382748838052,1.4735745759642664,1.6883469004647795,0.8172596124826463,15.165023777392339,18.877775145687224,0.0,3.7757445524234896,0.0,64.12882509207336
2021-01-21,18.107321180660353,24.026432063741176,13.250403814812582,73.02420595159052,1.4338075692642003,2.883659443471963,0.13882779018530814,13.193522658316041,18.107731872777457,0.0,3.892678819339647,0.0,63.59309879878063
2021-01-22,16.586186998249534,23.1791283877588,11.150961550069416,72.20816140520313,1.458344902517052,3.418083768938251,0.16948149936620993,11.558647924047131,16.059706871874802,0.0,5.413813001750466,0.0,61.247555034915216
2021-01-23,16.699826764049014,22.341070199794775,11.561614052031146,69.94923341582665,1.1380551699160983,3.1888153377195634,0.0,11.187189411312612,16.288519958546242,0.0,5.300173235950986,0.0,61.36857260258351
2021-01-24,17.26334882597936,23.451622502565343,11.59222792297942,70.14852598539267,1.109756745337116,3.2792600953703146,0.0,11.770169243894596,17.044342895846352,0.0,4.73665117402064,0.0,62.21927605602805
2021-01-25,16.916709120540837,23.485057041105815,11.221497555381182,74.34152773586044,1.5086455000905417,3.6000200519104246,0.0,12.319216606154415,16.58598467335199,0.0,5.083290879459163,0.0,61.804327305310466
2021-01-26,16.87635480171425,23.63909277479327,11.598096818977485,70.98500331985272,1.8145777750950687,3.6501020462364946,0.0,11.57870225086818,16.106589998718217,0.0,5.12364519828575,0.0,61.65892437957959
2021-01-27,15.844268726987385,23.161156515965473,9.926088006277542,68.94365304521037,1.9052242409609466,4.104088700428563,0.0,10.150479407731494,14.60343198053593,0.0,6.155731273012615,0.0,60.07114660176457
2021-01-28,15.805236916762238,23.731622502565347,8.785460252308807,66.62018772258104,1.6276899861169796,3.966765063077202,0.0,9.600991488837819,14.610878175447365,0.0,6.194763083237762,0.0,59.980361005303806
2021-01-29,16.573177400857126,24.279273254059277,9.632856884167321,65.58875294259673,1.5877394821029758,3.9413562564133526,0.0,10.098750532028596,15.540740698328065,0.0,5.426822599142874,0.0,61.083901877138224
2021-01-30,16.169089153135754,23.620663970543855,10.780382688477095,64.32049375264079,1.6931617070079075,3.284849797790789,0.0,9.423501507575633,14.882314411859092,0.0,5.830910846864246,0.0,60.473158200729934
2021-01-31,14.763055471720891,22.064188446912542,8.67117884952013,60.507287982133164,1.6737852357095433,3.9592501358121566,0.0,7.192396088270234,12.942385799196728,0.0,7.236944528279109,0.0,58.43011939718576
2021-02-01,14.914871129353536,22.59709060179876,8.82255145771715,60.81785114987626,1.6504044184221647,4.166715518802439,0.0,7.410414879737377,13.1608954116018,0.0,7.085128870646464,0.0,58.64503046054675
2021-02-02,15.423135751795739,23.47970242047444,8.90149634816201,61.49823082030544,1.878721554898292,4.546186527434056,0.0,8.053252264446273,13.661658739214111,0.0,6.576864248204261,0.0,59.367718987681
2021-02-03,17.09069113297519,25.231138407677914,10.288999818917125,62.41878433029517,1.6972584052634756,4.663590945856221,0.0,9.848563795462855,15.914106596596664,0.0,4.909308867024809,0.0,61.752049601666315
2021-02-04,18.70004889237641,26.539768213919242,11.573975976338504,62.85836723607171,1.4351994929679488,5.0394764773344605,0.0,11.475467541513725,18.16602320097623,0.0,3.2999511076235883,0.0,64.06297963800174
2021-02-05,19.570718295406532,26.57146556407316,12.632500150902397,61.495413774370746,1.2005112573187664,5.19930979658357,0.0,11.9652626745789,19.348143585079768,0.0,2.4292817045934676,0.0,65.23632924719256
2021-02-06,19.679077684553636,26.769967405082397,13.97012132552665,62.470228164423254,1.4998798816925214,4.7828249713285444,0.0036850365183799124,12.306745973484569,19.351841270922783,0.0,2.3209223154463636,0.0,65.44111402216072
2021-02-07,18.167566849761574,25.10306211142633,13.099564193879399,69.74788314118429,2.1818518742077626,3.392864085229674,0.3460705015995655,12.549144528805995,17.437965472566106,0.0,3.832433150238426,0.0,63.561851603446954
2021-02-08,18.240105028067845,26.296506911329757,11.821637592804974,62.98743224482404,2.1020299390354316,4.911641123921048,0.002456691012253275,11.071469937363144,17.121142140587796,0.0,3.7598949719321553,0.0,63.41086757513859
2021-02-09,18.655169312488688,27.08447999034225,11.619709060179876,60.10483430916882,1.730908432425907,5.199179241866362,0.0,10.757269233914558,17.70631840359889,0.0,3.344830687511312,0.0,63.88169791483688
2021-02-10,19.811496348162013,27.25613750226354,13.28881873604153,55.1791404599505,1.2381535582785057,5.025320226957204,0.0,10.553742510463476,19.150708467000097,0.0,2.188503651837987,0.0,65.23521424946702
2021-02-11,20.459471841612842,26.740217903060305,14.841541015271323,52.724385223637356,1.1018899016116377,4.486542783847408,0.0,10.471835078685036,19.871443904767858,0.0,1.5405281583871577,0.0,65.96239674958007
2021-02-12,20.425867085169312,27.298095008148735,14.659630590933787,55.28901068388967,1.1887094827065856,4.2037319188748725,0.0,11.155583740514624,19.971454546210687,0.0,1.5741329148306882,0.0,66.0723359646517
2021-02-13,20.41854650811855,27.40537514335728,14.482585863463514,57.14765256232269,1.2582151264562083,4.347215730065794,0.0,11.648769038421,20.060598262419408,0.0,1.581453491881451,0.0,66.17429525425624
2021-02-14,20.8517927204684,27.490004225267096,14.69861109434418,55.960738818132434,1.1664423251041225,4.467880853503954,0.0,11.735018837938346,20.58407962255846,0.0,1.1482072795316007,0.0,66.69190504976332
2021-02-15,21.384074968310497,27.80108589364399,15.446837689382509,52.78374539747692,1.1299028188567635,4.207391778837448,0.0,11.344588737834115,21.026346839377293,0.0,0.6159250316895033,0.0,67.19371632429032
2021-02-16,21.290362165751194,28.375882175408947,14.630518500633789,52.38990644051429,1.3331170398985936,4.607616454397297,0.0,11.144774486537928,20.732083486652055,0.0,0.7096378342488059,0.0,67.0421440246506
2021-02-17,21.558883925876742,28.982879821331565,14.887159413291485,55.220835395666086,1.4268244099716303,4.006737695418604,0.0,12.191358817854557,21.247948762369298,0.0,0.4411160741232578,0.0,67.60030264957659
2021-02-18,22.8539270839621,30.352961912235173,15.809852115651598,58.24047624796281,1.4501551276634275,4.914455049194181,0.0,14.216554639368507,23.18904153841377,0.8539270839620983,0.0,1.1890415384137683,69.60674906252473
2021-02-19,22.992393312005795,28.813080823323478,17.330284903724277,59.71759521941209,1.174687632039597,4.366592376410939,0.0,14.734329439041685,23.702268594352994,0.9923933120057953,0.0,1.7022685943529936,69.92508530732809
2021-02-20,22.440220317498643,28.011816261242235,18.043848614716005,57.85310013883021,1.2901629745880365,2.9567291362346837,0.0,13.72644825735067,22.71985281476256,0.44022031749864254,0.0,0.7198528147625609,69.00369296566397
2021-02-21,22.479026981348465,30.103474980382693,15.90594495080582,50.743544999094595,1.5931967163638558,5.379768817528823,0.0,11.758649585613192,21.920372525723213,0.4790269813484649,0.0,0.0,68.48280627684832
2021-02-22,22.21171968370858,29.78032534556649,15.177209512887064,48.739601014064114,1.6530325345566488,5.4418737912718065,0.0,10.904078685455179,21.360585403831962,0.21171968370857996,0.0,0.0,67.97677675314354
2021-02-23,22.744310376048773,30.24679483310195,16.155966680750893,47.58319611275429,1.3782006398261604,5.350207182954065,0.0,11.029620641134498,22.121793503942463,0.744310376048773,0.0,0.12179350394246313,68.56593787133122
2021-02-24,23.412235166294444,30.17899559365003,17.203726685579763,49.71335184402729,1.1747594615802501,4.709078433029517,0.0,12.305158380933888,23.313737369131992,1.412235166294444,0.0,1.3137373691319922,69.61007231026667
2021-02-25,24.180738818132433,30.90737188386552,17.643718838655158,54.47933723667532,1.4418331623106175,4.7370987022393924,0.00137622985453009,14.42057022287918,24.593369865831686,2.1807388181324328,0.0,2.5933698658316864,71.07307273947472
2021-02-26,23.98283032534557,32.124759461580254,16.80061024929076,59.1711148669041,1.6819798394398506,5.1205848373272165,0.022321482465141547,15.520502156887614,24.624675091696137,1.9828303253455708,0.0,2.6246750916961368,71.25653179958721
2021-02-27,24.278096215367906,31.779106054204146,17.57029516508722,61.291036397658,1.738772258103459,5.2549863644594685,0.00637773887849339,16.34937807856821,25.19653847753,2.2780962153679063,0.0,3.1965384775300016,71.87686451905114
2021-02-28,25.273744793867326,33.10284300114686,18.204533107985753,59.74187481137201,1.8757083358483735,5.354840948874268,0.002125912959497797,16.88213184567443,26.308032700395227,3.2737447938673263,0.0,4.308032700395227,73.11517483715416
2021-03-01,25.962890082694514,33.45534194483009,19.32291422707793,60.08362105390234,1.7309911269390956,5.0620252067362825,0.00744069535824229,17.619299519917924,27.40156460907989,3.962890082694514,0.0,5.401564609079891,74.11771512632103
2021-03-02,25.642297338081733,32.72171244039355,19.355980563771354,54.24675137321182,1.4238383533530512,5.684822568962397,0.0,15.71014629257368,26.536801396316086,3.6422973380817325,0.0,4.536801396316086,73.01241895609179
2021-03-03,25.022762117462424,32.006595038329216,19.091001388302047,50.23394157059214,1.3462570169614296,5.528485803102554,0.0,13.944479966315848,25.338230890518016,3.022762117462424,0.0,3.338230890518016,71.75444180923901
2021-03-04,24.4599710267399,31.56230639222551,17.934521035794045,46.436856401279655,1.6977334460071227,5.638646665057041,0.0,12.225262694305123,23.971126942958804,2.4599710267399004,0.0,1.9711269429588043,70.63951112108947
2021-03-05,24.760758737248747,32.428789762781435,17.22745397476912,58.87534737731636,2.2810587312126516,5.095693221464357,0.05876682561719081,16.171181617524162,25.230651149577895,2.7607587372487465,0.0,3.230651149577895,72.30853968727985
2021-03-06,25.563563107382148,32.16668014728074,20.147042313031932,65.7690257741293,2.1507665841733568,4.992767278324381,2.360063379006459,18.68298253201209,27.167200286241663,3.563563107382148,0.0,5.167200286241663,74.19301718331107
2021-03-07,25.333578801231372,32.32020764169735,19.48900162974588,63.00612060119514,1.7266366873905963,4.8863398563409195,2.0386624011589305,17.780880537461947,26.842920562768956,3.333578801231372,0.0,4.842920562768956,73.55568688651564
2021-03-08,25.28810889116919,31.893643387456997,19.448960584294078,66.48209090360356,1.5476006518983523,4.5931554958652745,1.8634164302529124,18.593756384072986,27.274232646990757,3.288108891169191,0.0,5.2742326469907574,73.8691295636458
2021-03-09,26.11367356793626,33.493140580672424,19.94087764833706,65.23950021126336,2.0643737550552306,4.199533458079315,1.6697676103096517,19.075456241058045,27.954432112132757,4.11367356793626,0.0,5.954432112132757,74.93288094644949
2021-03-10,26.429858151747453,33.019564193879404,20.84194603730307,64.84092231544638,1.6576193637954972,3.507583461097363,2.7376018591175226,19.27678251371233,28.647468597280493,4.429858151747453,0.0,6.647468597280493,75.34415750023092
2021-03-11,26.941221102191104,33.34029335425847,20.75617130440032,62.374207158809696,1.3625025653407379,4.66027509506851,1.08281825315386,19.137138979766345,29.301904153868072,4.941221102191104,0.0,7.3019041538680725,75.77546411227792
2021-03-12,27.53924246997042,34.239499607653784,21.085212772378828,58.22219351723305,1.2230108046115775,4.816157831834369,8.900500995955818,18.594976682873206,29.754600662792747,5.5392424699704215,0.0,7.754600662792747,76.08134915354098
2021-03-13,27.19756684976157,33.93808776483371,21.68452948632824,55.594518621355704,1.6793064525864672,4.205224476368685,1.0265570109253335,17.540948664405498,28.640419992578494,5.1975668497615715,0.0,6.640419992578494,75.2727991651804
2021-03-14,26.338398623770146,33.107761212048054,20.363381420896967,55.66275185609949,1.9297018168648519,5.703831375626246,0.6310834792056498,16.761314820519402,27.287084240008017,4.338398623770146,0.0,5.287084240008017,74.11596010055729
2021-03-15,26.319118730005435,32.879299209271444,19.72018591175228,50.94404418422165,1.4556974708758375,5.870045795859239,0.46483008390173236,15.35442621445311,27.059015568359918,4.319118730005435,0.0,5.059015568359918,73.52737609618815
2021-03-16,27.05796764652623,34.21332890686305,20.645031689503234,44.87494295889419,1.4722913019858754,6.16505068509688,0.0,14.060708411118865,27.3259635311155,5.0579676465262295,0.0,5.325963531115502,73.72662987835491
2021-03-17,27.25163880002415,34.43361199975857,20.443209995774737,39.6205963662703,1.4152809802619666,6.059653503953643,0.0,12.325097551562322,26.99265644881198,5.25163880002415,0.0,4.992656448811982,73.29320697542786
2021-03-18,27.8651602583449,35.03368986539507,20.756450775638317,37.2686720589123,1.198047322991489,5.75264647793807,0.0,11.939926148529157,27.64018103985946,5.8651602583449005,0.0,5.64018103985946,73.71041462556548
2021-03-19,28.16319309470635,35.185928049737434,20.434370737007306,41.1225617190801,1.2486050582483252,5.324726709724151,0.0,13.710282364374587,28.469239684024352,6.163193094706351,0.0,6.469239684024352,74.59033205065187
2021-03-20,28.11835697470876,34.46686907708094,22.273438160197983,43.09507454578379,1.3529130198587556,4.901883611999759,0.0,14.393327972490304,28.585684872908224,6.11835697470876,0.0,6.5856848729082245,74.80662174447448
2021-03-21,28.94825737912718,36.33612965533893,22.295433693487052,44.57284662280438,1.5408716122412027,4.986437435866482,0.0,15.667282945935371,29.74651812748634,6.948257379127181,0.0,7.74651812748634,76.04317835119093
2021-03-22,29.915440936802078,37.553188869439246,23.38486630047685,39.221339409669824,1.5002517051970783,5.70135864670731,0.0,14.544538404786932,30.333660310850952,7.915440936802078,0.0,8.333660310850952,76.41771650017165
2021-03-23,29.9379278082936,37.599085531478245,22.158169252127724,39.23517172692703,1.5791205408341886,5.820699293776786,0.0,14.57003041312377,30.309951526813798,7.937927808293601,0.0,8.309951526813798,76.44667490502482
2021-03-24,30.146672300356133,37.13411058127603,23.847299450715276,41.99019617311523,2.1157246333071766,5.155157868050946,0.0,15.813730742735036,30.598474832195855,8.146672300356133,0.0,8.598474832195855,77.12939642994203
2021-03-25,29.721471600169018,37.140702601557315,23.095401098569447,40.85192128931008,2.2790426751976827,6.125860542041408,0.0,15.003776558330653,29.758600902452315,7.721471600169018,0.0,7.758600902452315,76.43629279860026
2021-03-26,29.15057705076357,36.9302221283274,22.24500030180479,35.56732600953704,1.985292448844088,5.937209633608983,0.0,12.364429130470286,28.505655871624043,7.1505770507635695,0.0,6.505655871624043,74.96684746854389
2021-03-27,28.892736162250262,36.82964869922135,21.217975493450837,33.259059576266075,1.55467435262872,6.1134839681294135,0.0,11.120856223936254,28.175534184504528,6.892736162250262,0.0,6.175534184504528,74.33433668423407
2021-03-28,29.126686786986177,36.48799299812881,21.642943200338024,36.37431399770629,1.2174895877346532,4.9408541075632275,0.0,12.68564665146933,29.120176469768886,7.126686786986177,0.0,7.120176469768886,75.05808072294602
2021-03-29,29.36634393674172,36.567587976097066,22.77639282911813,51.4892931731756,2.05011227138287,5.129906694030302,1.1939922737973079,18.327161546298278,30.88633495900538,7.366343936741721,0.0,8.886334959005382,77.5991398562881
2021-03-30,29.3704400313877,36.38270839620933,23.804474557855983,60.17029456147763,2.854175771111245,4.376326836482163,4.318594796885375,20.84099457706427,31.502122772093543,7.370440031387702,0.0,9.502122772093543,78.9041098891455
2021-03-31,29.762264743164124,37.45590450896361,23.932963723063928,62.854837327216764,3.489730790124948,4.733399130802199,2.7027385766885983,21.922509727839557,32.005961545234406,7.762264743164124,0.0,10.005961545234406,79.86573830862349
2021-04-01,29.48454155851995,36.64079616104305,23.845367900042252,58.39051850063379,2.800205227259009,6.125291090722521,2.765749381300175,20.460210415129517,31.46570499880528,7.48454155851995,0.0,9.465704998805279,78.79557527627935
2021-04-02,29.092179634212595,36.11045391440816,22.982067362829724,55.591562141606815,2.2827627210720105,5.761769958350939,1.6687131043640973,19.301319962422493,30.88529058258043,7.092179634212595,0.0,8.885290582580431,77.84135587867988
2021-04-03,29.57492062533953,37.15156455604516,22.220810044063498,50.93786141123922,1.3991573610188932,6.094063511800568,0.55794531297157,18.347223729233647,31.559464352425493,7.57492062533953,0.0,9.559464352425493,77.78971653767263
2021-04-04,29.591149876260037,37.47502746423613,21.978163819641455,46.0874877769059,1.5371992515241142,5.763640900585503,1.6062642602764532,16.77471238175499,30.821849594589672,7.591149876260037,0.0,8.821849594589672,77.07413924340082
2021-04-05,29.207869258163825,36.287426812337785,22.60470755115591,47.263794893462915,1.3014540954910367,6.275135389629988,1.6905172934146195,16.823524445827825,30.622915772923115,7.207869258163825,0.0,8.622915772923115,76.76505636080176
2021-04-06,29.01792479024567,36.23116315567091,21.841949055350998,48.28298062413232,1.5636989195388424,5.849528725780165,2.9215790426751975,16.986968184613318,30.315135985661897,7.017924790245669,0.0,8.315135985661897,76.6723096263211
2021-04-07,29.25142753666929,36.424674956238306,22.706878131224727,56.678257982736774,2.5485821210840833,5.879131508420353,0.11060843846200276,19.76125121189574,31.072710167887323,7.25142753666929,0.0,9.072710167887323,78.21867244268806
2021-04-08,29.623559485724634,36.10408945494055,23.72316774310376,61.58061568177703,2.5253648819943266,4.68305394458864,0.5499372246031267,21.456559900710563,32.298435074768975,7.623559485724634,0.0,10.298435074768975,79.47360924857051
2021-04-09,29.59874449206254,35.526656002897326,24.547395424639348,61.720251705197086,1.95687994205348,5.329827289189352,4.947929619122352,21.470218934741162,32.6785996828446,7.59874449206254,0.0,10.678599682844599,79.45969895018081
2021-04-10,30.179743465926244,36.85958411299572,24.100171425122237,55.882262328725794,1.8046659020945257,4.972205003923464,3.4630500392346235,20.396429794920405,32.82711798428302,8.179743465926244,0.0,10.82711798428302,79.36187241116986
2021-04-11,30.876850968793388,37.61163457475705,24.233385042554477,53.75848192189292,1.8400416490613873,5.878831864550009,0.5172535763867931,20.414800332673583,33.508943901503294,8.876850968793388,0.0,11.508943901503294,79.95918572439075
2021-04-12,31.591303193094706,38.7153208184946,25.1540502203175,49.08661254300719,2.0458670851693124,5.860502716243135,0.32918512705981773,19.602567184907077,33.69163367881028,9.591303193094706,0.0,11.691633678810277,80.11167094396379
2021-04-13,31.565833283032536,38.87927144323053,24.77975614172754,45.48768334641154,2.0730017504677973,6.076260511860929,0.21383956057222192,18.35829366504165,33.08480486631332,9.565833283032536,0.0,11.08480486631332,79.46100651398478
2021-04-14,30.92256835878554,38.152755477757,23.961617070079075,49.07054445584597,1.8878197621778237,6.4224766644534315,0.22025170519707854,18.985611952220793,32.84946418115017,8.92256835878554,0.0,10.849464181150168,79.24576893877384
2021-04-15,29.919736826220806,35.68217359811674,24.93149574455243,56.7878004466711,2.1693897507092417,5.690726311341824,0.3163898110701998,20.415047188415578,32.320703488258175,7.919736826220806,0.0,10.320703488258175,79.14910663969945
2021-04-16,29.45884529486328,35.41497676103097,25.135284601919487,56.435591839198416,2.321676827428019,5.141728659383111,3.8815283394700306,19.885160483039396,31.497721782353473,7.458845294863281,0.0,9.497721782353473,78.46562470219601
2021-04-17,28.991568781312246,35.360224542765735,23.72468401038209,59.92034948994991,1.8259316713949418,5.912751783666325,8.782166958411299,20.41795018622102,31.633691635055627,6.991568781312246,0.0,9.633691635055627,78.33657403487851
2021-04-18,29.068559183919845,34.98679422949237,23.5468050944649,60.49912597332046,1.9440369409066216,6.229113925273135,13.271615862859901,20.646192659401017,31.74025703168204,7.068559183919845,0.0,9.740257031682042,78.52919744628662
2021-04-19,30.252585259853934,37.22272107201063,23.80072614233114,52.684100923522664,2.5756449568419146,6.654148524174564,3.1840447878312306,19.511790120941033,31.938809471077242,8.252585259853934,0.0,9.938809471077242,78.95386022517206
2021-04-20,30.083139373453253,37.69350998973863,23.078918331623107,55.96021005613569,2.336445946761635,6.766458652743407,2.27151687088791,20.329198754369887,32.325447870435774,8.083139373453253,0.0,10.325447870435774,79.24282923554357
2021-04-21,30.489253334942962,36.993059696988,24.361251886279952,60.890857125611156,2.1670531780044664,6.195602680026559,1.9025653407376109,22.086036423147462,33.74641797682866,8.489253334942962,0.0,11.74641797682866,80.58828692871211
2021-04-22,30.14020100199191,36.05415223033742,25.294639946882363,61.91671515663669,1.8528828393794896,4.648849224361684,6.487095430675439,22.031997979652683,33.58816541045104,8.140201001991912,0.0,11.58816541045104,80.25797622107893
2021-04-23,30.5384704533108,37.09162250256534,24.65853745397477,51.318705861049075,1.6245119816502684,6.086088615923222,0.9230572825496468,19.352671415492576,32.816995011069835,8.5384704533108,0.0,10.816995011069835,79.11283054505552
2021-04-24,30.996993420655528,38.546380153316846,23.478935232691494,41.49008571256112,1.5030168407074305,7.1601679785115,0.0,16.38856807041446,32.09962573860863,8.996993420655528,0.0,10.09962573860863,78.08370153246253
2021-04-25,31.047401460735202,38.773764109374056,23.581102191102797,46.49103881209634,1.480544455845959,6.932080956117584,0.0,18.235911638298305,32.92749498418392,9.047401460735202,0.0,10.927494984183923,78.97747104290406
2021-04-26,31.922721675620213,39.04487112935354,24.81717148548319,50.14715639524356,1.713526287197441,6.385430458139676,0.0016478541679241867,20.251339164574816,34.564633363489335,9.922721675620213,0.0,12.564633363489335,80.72532398387267
2021-04-27,31.813503953642783,38.09839319128388,26.32364761272409,54.106684372547846,2.080365787408704,6.275623245005131,0.11972535763867931,21.386580770054845,34.76549894406853,9.813503953642783,0.0,12.765498944068533,81.27267278531286
2021-04-28,31.607318766222008,37.79428261000785,26.147734049616712,54.69574153437557,2.0351385283998313,6.05051640610853,0.36662521880847465,21.37244352270165,34.58353693728405,9.607318766222008,0.0,12.583536937284052,81.09752561034651
2021-04-29,31.05167984547595,35.89640127965232,26.43972233959076,55.13828273072976,1.3431466167682746,6.170981372608197,1.8258592382447034,20.988545950373588,34.31640638394371,9.051679845475949,0.0,12.316406383943708,80.42279418899523
2021-04-30,31.51391561537997,37.18342910605421,26.152783243797913,53.68955393251645,1.6378004466710934,6.12581425122231,1.918459588338263,20.98319914932646,34.57004204580561,9.513915615379972,0.0,12.570042045805607,80.79951744658877
2021-05-01,31.219981891712443,36.903825677551765,25.93964568117342,55.957516146556415,1.8204140761755296,5.67066730850486,1.9867924186636088,21.385371618761983,34.35285824972724,9.219981891712443,0.0,12.352858249727241,80.78802959627282
2021-05-02,31.186100078469245,36.744011589304044,25.957915736101892,56.143817227017564,2.091390112874993,5.9054044304943565,2.6352459709060185,21.408158238255343,34.14100365271844,9.186100078469245,0.0,12.141003652718439,80.77323741037543
2021-05-03,29.36101889298002,33.01442204382206,26.03124403935535,64.46244824047807,1.7759298605661862,4.66956094645983,9.017913925273135,21.9575788467528,32.82264604057214,7.36101889298002,0.0,10.822646040572138,79.5330541745194
2021-05-04,26.94070260155732,29.648661193939763,24.311278445101713,74.35075571920083,1.370403211202994,3.5572975433089877,20.993133940966988,21.98734025975133,30.700042924328002,4.940702601557319,0.0,8.700042924328002,77.2766692380012
2021-05-05,27.03050099595582,30.68291724512586,23.724531297157,70.07134363493692,1.1562926299269634,5.463371195750589,9.612795919599204,21.104219491902956,30.481407991524954,5.030500995955819,0.0,8.481407991524954,76.874762552455
2021-05-06,28.333793082634156,33.13251765558037,23.384237942898537,65.76343936741716,1.3775801291724514,5.0025913925273136,6.486817166656607,21.311065590991646,31.73623758243032,6.3337930826341555,0.0,9.73623758243032,78.2303760315868
2021-05-07,29.023872759099422,33.83329993360295,24.383066336693428,67.83746242530333,1.639421138407678,6.2540363916219,11.97927144323052,22.47618798889996,32.85983610941442,7.023872759099422,0.0,10.859836109414417,79.53956239535778
2021-05-08,28.884531900766586,33.162919659564196,24.527656183980206,69.20943562503773,1.4107086376531661,5.539302124705743,13.071389509265408,22.67326406053072,32.98855561005531,6.884531900766586,0.0,10.988555610055307,79.53228830206237
2021-05-09,29.18498158990765,34.089888935836306,24.40515301502988,67.80267399046298,1.4940158145711353,5.230105975734896,6.315440936802077,22.62117912816499,33.20226933308502,7.18498158990765,0.0,11.20226933308502,79.77259813888116
2021-05-10,29.281966560028977,33.90450051306815,25.077877105088433,68.9207164845778,1.8359467616345755,5.876725092050462,10.52473229914891,22.983622048215697,33.26117763532134,7.281966560028977,0.0,11.261177635321339,80.08233122819044
2021-05-11,28.685094464900107,32.610298786744735,25.087603066336698,73.12710629564796,1.486804490855315,3.438716327639283,17.827322991489105,23.392689150584452,33.13994210204045,6.685094464900107,0.0,11.13994210204045,79.79435178570131
2021-05-12,28.137502867145535,31.5117516750166,25.14800205227259,75.15630168407074,1.107291000181083,6.169566517776302,15.683199734411785,23.31900678957014,32.8154142216266,6.137502867145535,0.0,10.815414221626597,79.2346013924062
2021-05-13,28.2510979658357,32.578068449326985,24.392225508541078,75.74058067242109,1.773647009114505,4.444315742137986,11.175807327820367,23.55710256940465,32.59933539192823,6.251097965835701,0.0,10.599335391928228,79.49178040149843
2021-05-14,28.598845898472867,32.8673314420233,24.973001146858213,75.5428870646466,2.090001207219171,5.847765890022334,12.960593348222371,23.84942596127166,32.89611851544693,6.598845898472867,0.0,10.896118515446929,80.00529484034485
2021-05-15,30.232574998490975,35.87727892798938,24.959515905112575,70.95944105752399,2.410691132975192,6.24735999879278,4.678428200639827,24.37675969056833,34.62056889856244,8.232574998490975,0.0,12.62056889856244,81.82076672273527
2021-05-16,30.405169312488685,35.25304943562504,25.798437254783607,72.18141244642965,1.6720528761996745,5.7198554053238375,15.008560994748597,24.827893063397557,35.58573287488748,8.405169312488685,0.0,13.585732874887483,82.27689272418779
2021-05-17,31.08757892195328,35.76502625701697,26.46431097965836,72.36341944830085,1.9641051487897632,5.877744093680208,7.4795394458864015,25.5251447030776,36.50293011924767,9.08757892195328,0.0,14.502930119247672,83.34576586862192
2021-05-18,30.774837930826344,35.05830747872276,27.045232087885562,74.84163517836664,2.1905848976881757,5.331712500754514,7.720403211202994,25.792193549353755,36.203562525061905,8.774837930826344,0.0,14.203562525061905,83.27506680989893
2021-05-19,30.516295044365304,34.55998913502747,26.92555743345205,75.0640459950504,2.160961550069415,5.872681891712442,8.295791030361563,25.592975376151813,35.836792976199135,8.516295044365304,0.0,13.836792976199135,82.91057916029264
2021-05-20,29.818162612422288,33.26104001931551,27.317041105812763,79.885164483612,2.1059153739361385,5.717434297096639,8.015323836542525,25.96778970697528,35.419721831966925,7.818162612422288,0.0,13.419721831966925,82.57135465322214
2021-05-21,29.837481137200466,33.392788676284184,27.0480141244643,78.9753298726384,2.24986720589123,6.0128555200096585,3.3087185368503653,25.793062578838704,35.22431914377476,7.8374811372004665,0.0,13.224319143774757,82.46178656189076
2021-05-22,30.518155369107266,34.662319068026804,27.113050642844215,75.39689080702603,2.137499245488019,6.709924343574576,3.4921313454457654,25.669367116541544,35.90427278648584,8.518155369107266,0.0,13.90427278648584,82.96711229903842
2021-05-23,31.589058369046903,36.15230820305427,27.44670912054083,69.70687571678637,1.0591483068751133,6.531736132069776,1.013345204321845,25.37556610270737,37.54294685247119,9.589058369046903,0.0,15.54294685247119,83.65320224943491
2021-05-24,30.44250618699825,34.45221162552061,27.350344057463634,74.21908070260156,1.836572101164967,5.965648789762782,4.562573791271806,25.331238457895637,35.822924540039985,8.442506186998251,0.0,13.822924540039985,82.66060556324669
2021-05-25,29.43149212289492,33.101796342125915,26.81718597211324,80.17275487414742,3.2120160560149706,4.826606911329752,26.318655761453496,25.65253046271875,34.05349238185875,7.43149212289492,0.0,12.053492381858753,81.99635503193126
2021-05-26,28.47592141003199,32.031888090782886,25.933565521820487,79.86663729100019,5.454253033138167,3.502691410635601,15.777193819037848,24.659178557657317,30.903368711224104,6.47592141003199,0.0,8.903368711224104,80.42270222594209
2021-05-27,28.581331562745223,32.04637291000181,25.401435383593896,80.57942234562685,5.057306090420716,3.5886124283213623,16.07649363191888,24.910569753670497,31.441628016168977,6.581331562745223,0.0,9.441628016168977,80.69230030437433
2021-05-28,29.89433934930887,34.20365908130622,26.355877346532267,79.42149151928534,2.9623094102734355,5.23945507937466,9.169312488682323,25.943419463053065,34.880542300791866,7.8943393493088685,0.0,12.880542300791866,82.62130689172773
2021-05-29,29.952841793927693,34.164157059214105,26.21841914649605,78.62645500090542,2.135749381300175,5.998860391139012,3.222285869499608,25.830250660079244,35.4438514618234,7.952841793927693,0.0,13.4438514618234,82.59092158960672
2021-05-30,29.924727470272234,33.69735317196837,26.613174382809202,79.83772922074004,2.419569022756081,5.363935576748959,5.325402909398202,26.061321387503966,35.3682747821054,7.924727470272234,0.0,13.368274782105402,82.73437185619159
2021-05-31,28.711818675680572,30.841586889599803,27.097058006881152,88.1506537091809,3.494991851270598,3.0202674835516388,32.92715337719564,26.553548229380183,33.7295320277138,6.711818675680572,0.0,11.729532027713802,81.98541666082951
2021-06-01,28.790082694513192,31.365032896722404,26.696083781010444,88.0923480412869,2.565480775034708,2.117319007665842,24.220055532081847,26.619335699760985,34.503038798218554,6.790082694513192,0.0,12.503038798218554,82.10862788629011
2021-06-02,28.56392527313334,30.8470067000664,26.733782217661616,87.14884408764411,2.024986418784331,4.598564097301866,16.592495322025716,26.214302892261347,34.38338806324708,6.563925273133339,0.0,12.383388063247082,81.59483737148005
2021-06-03,29.203839560572224,32.30515422224906,26.42583992273797,85.17570229975253,2.1413581215669706,4.742392593710388,10.147460010864974,26.45412407501926,35.10264839901183,7.203839560572224,0.0,13.102648399011827,82.37234596150377
2021-06-04,29.35735981167381,32.246238908673874,27.028738455966682,85.45754874147401,2.1726558821754094,5.4292745518198835,10.581871189714494,26.66067451693457,35.37394191560586,7.35735981167381,0.0,13.373941915605862,82.66808090083785
2021-06-05,29.26335788012314,32.078100440635,27.29265890022334,87.54716605299693,2.6281547654976762,3.8001226836482163,24.83957083358484,26.979313179467756,35.1791477074881,7.2633578801231415,0.0,13.179147707488099,82.82313490846113
2021-06-06,29.256086799058373,32.223519647492004,27.052451862135573,87.22733747811917,2.5110991730548684,3.2160350516086202,31.228278505462672,26.909852223792807,35.205946000969746,7.256086799058373,0.0,13.205946000969746,82.76343840750366
2021-06-07,29.316831653286656,32.542556890203414,26.95921591114867,86.65506669885919,3.164943562503773,3.876144811975615,20.071656304702117,26.857511562186282,34.77311324432742,7.3168316532866555,0.0,12.77311324432742,82.77965574114143
2021-06-08,28.80942476006519,31.32683346411541,27.06935111969579,88.83600893342188,2.601491519285327,3.4439220015693857,14.61750045270719,26.78124747467583,34.6073623639579,6.809424760065191,0.0,12.607362363957897,82.24829767515837
2021-06-09,28.14684493269753,30.17241866360838,26.407428623166542,87.746759823746,2.23531538600833,4.0991135993239585,15.411335788012316,25.919881713125292,33.62475647574985,6.14684493269753,0.0,11.624756475749848,80.97988695259492
2021-06-10,28.076503893281828,30.673829299209274,25.842491096758618,84.69557131647252,1.8506585380575846,4.61355493450836,8.814581396752581,25.254315211962002,33.39605607218925,6.076503893281828,0.0,11.396056072189253,80.44459622316012
2021-06-11,27.71986599867206,30.133562503772566,25.64803766523812,89.17454457656788,2.6852562322689684,4.25003975372729,17.10580853503954,25.772031130648447,32.78612831968888,5.719865998672059,0.0,10.786128319688878,80.45382264146258
2021-06-12,28.034770326552785,30.604501116677735,26.034671938190385,89.23152049254544,3.044446188205469,4.5778515301502996,20.165626848554357,26.09322556077852,33.0599689428013,6.034770326552785,0.0,11.059968942801298,80.99432913929168
2021-06-13,28.816933663306575,32.07954427476309,26.320469608257383,86.84429528580912,3.0412567151566376,5.197655236313153,5.592127723788254,26.403575045812953,34.05148653300883,6.816933663306575,0.0,12.051486533008827,81.97383137236645
2021-06-14,28.816680750890324,31.691196957807694,26.6710526951168,88.46615198889359,3.572929920927144,4.440474968310497,11.940042856280558,26.71746359502186,33.891109783755404,6.816680750890324,0.0,11.891109783755404,82.20722730554846
2021-06-15,28.501215669704838,31.586868473471366,26.36587070682683,89.02074002535163,3.5112011830747876,4.029568974467315,24.562535763867935,26.512866448929376,33.479915182929844,6.5012156697048376,0.0,11.479915182929844,81.75397907750596
2021-06-16,28.227140701394344,30.941058127603068,26.169488742681235,87.7564314601316,3.0340930765980563,3.0758458562201967,16.710744854228285,26.000727741627383,33.19893668898486,6.227140701394344,0.0,11.198936688984858,81.11591781363057
2021-06-17,27.592999939639046,30.4039186334279,25.271259129594977,87.83814933301142,4.224583811190922,3.6719363493692283,25.283814812579227,25.392603008275504,31.33794490262526,5.592999939639046,0.0,9.33794490262526,80.06288694019548
2021-06-18,27.366371099173058,30.492084263898114,24.656833464115415,87.84942113840768,3.1150389328182535,3.2482852357095435,34.767152773586055,25.171797917520248,31.748174363857245,5.366371099173058,0.0,9.748174363857245,79.68397883261977
2021-06-19,27.04753365123438,29.19340556528038,25.510386310134603,90.06222913019859,2.862781432969156,2.173339337236676,37.531336995231484,25.275786826587563,31.67114608095119,5.047533651234382,0.0,9.671146080951189,79.42867765728118
2021-06-20,27.116795436711534,29.39337055592443,25.280025351602585,90.03256413351846,3.0574449206253402,2.4871364097301862,24.42465382990282,25.338600487407014,31.64397456191392,5.116795436711534,0.0,9.643974561913922,79.5426933566549
2021-06-21,27.62549284722642,30.376625218808478,25.243138769843668,88.94804732299151,2.7424096094645987,3.792414178789159,28.663887245729466,25.636122512828667,32.563822637813544,5.625492847226418,0.0,10.563822637813544,80.26421191423094
2021-06-22,27.91090179272047,31.165036518379914,25.283785839319133,87.58762238184342,2.745659443471962,3.738400398382327,7.512385465081187,25.65717934137198,32.86081248165554,5.91090179272047,0.0,10.860812481655543,80.56259907676609
2021-06-23,28.065350395364284,31.641478843484037,25.040119514697892,87.06519043882417,2.926130258948513,5.412528707671879,11.566176736886584,25.70810421421821,32.921961896327225,6.065350395364284,0.0,10.921961896327225,80.75004366214796
2021-06-24,28.37740025351603,31.719293776785175,25.54849157964629,87.00980744854228,3.039322146435685,5.230091193336151,7.634814993662101,26.00399082686314,33.34783256437949,6.377400253516029,0.0,11.347832564379488,81.26362924970917
2021-06-25,28.22610430373635,31.192396330053725,25.790592141003202,86.65457113538965,2.985669704834913,5.299740309048106,8.0717721977425,25.78625233755519,33.09181903914166,6.226104303736349,0.0,11.091819039141662,80.96183483212346
2021-06-26,28.419114504738342,31.652142814027886,25.804038148125795,87.9380310255327,3.1601635781976216,4.853189992153077,12.178352145832076,26.224567279595426,33.450614980094784,6.419114504738342,0.0,11.450614980094784,81.46342486647242
2021-06-27,28.692273797307905,31.816233476187602,26.0641818072071,87.39359087342308,2.958790970000604,5.763090716484578,8.946222007605481,26.387983460147254,33.973977389867656,6.692273797307905,0.0,11.973977389867656,81.84435032677504
2021-06-28,28.4235280980262,31.07638739663186,26.33998551336996,88.53142995110764,3.4681233777992397,3.5640307720166597,19.11454155851995,26.342855107423034,33.318235271483324,6.4235280980262,0.0,11.318235271483324,81.55405243319893
2021-06-29,28.471666566065068,30.864189050522125,26.516802076416976,90.34822176616166,3.85672903965715,2.5081770386913744,24.510883080823323,26.735139059656426,33.35910756024303,6.471666566065068,0.0,11.359107560243032,81.89083376815535
2021-06-30,28.649723546809927,30.8660898171063,26.640041045451802,91.38856280557735,3.6029323353654856,2.4397002052272594,55.16681354499911,27.10594672442374,33.97019015116052,6.649723546809927,0.0,11.970190151160523,82.34239639064548
2021-07-01,28.379567815536912,30.72899861169796,26.269594977968254,90.48633005372125,3.5389708456570292,2.194682115047987,39.787324198708276,26.670164976115426,33.445127048881005,6.379567815536912,0.0,11.445127048881005,81.75325212608004
2021-07-02,27.695401702179034,29.83546145952798,26.108812096336095,90.632557493813,3.572783847407497,2.263420896963844,34.50062896118791,26.021877790899456,32.30345269061682,5.6954017021790335,0.0,10.303452690616822,80.60628395350403
2021-07-03,28.184798092593716,30.66086738697411,26.270176253998915,90.25458864006761,3.721499366209936,3.5550486992213437,25.576951771594135,26.43433683120842,32.96314226932476,6.1847980925937165,0.0,10.963142269324763,81.38925128740931
2021-07-04,28.738370857729223,31.754292871370797,26.182407195026265,85.83992334158268,2.3457849942657094,3.8836611335788014,13.067550552302771,26.129395252661123,34.27723641133189,6.7383708577292225,0.0,12.277236411331891,81.69874323888997
2021-07-05,28.79749320939216,31.75890807026016,26.15280678457174,87.36281463149636,2.5109470634393674,4.905363922255086,9.461379247902457,26.48544951658131,34.45822259024969,6.797493209392162,0.0,12.45822259024969,82.01604987161727
2021-07-06,28.740220317498643,31.367465443351247,26.687320577050766,89.05300778656365,2.514539144081608,4.093791996136899,22.607340496167076,26.754544712449402,34.58071762132872,6.740220317498643,0.0,12.580717621328724,82.16257376995136
2021-07-07,28.579520733989256,30.742681233777994,26.96331140218507,91.69936862437378,2.8898370254119636,2.191310774431098,25.75718717933241,27.094396286250195,34.39105477686641,6.579520733989256,0.0,12.391054776866412,82.26614757422172
2021-07-08,28.531014064103346,31.33152411420294,26.254912778414923,88.98746725417999,2.7477177521579046,4.8661897929619125,10.450906621597152,26.53588440852916,34.05970398607971,6.531014064103346,0.0,12.059703986079711,81.7996427642602
2021-07-09,28.707350153920448,31.78509627572886,26.02007907285568,86.99130440031388,2.2634707551155917,5.6432177400857135,3.8780956117583147,26.32458925137815,34.43341691438715,6.707350153920448,0.0,12.433416914387152,81.81203064715207
2021-07-10,28.417849339047503,30.920606024023662,26.34622261121507,88.1317432244824,1.8323872759099418,5.145686008329813,8.39174503531116,26.26059152558301,34.40273138945679,6.417849339047503,0.0,12.40273138945679,81.48845445632216
2021-07-11,28.69477274099113,31.37063499728376,26.394454035130078,86.41691193336152,1.67989557554174,5.899862630530573,8.779135027464237,26.200013442388858,34.7464569788734,6.69477274099113,0.0,12.746456978873397,81.70891936344938
2021-07-12,29.064463089273858,32.73491821090119,26.288556769481502,83.88733928894793,1.529017927204684,5.912601358121567,8.192122291301986,26.059498736968674,35.1293066435014,7.064463089273858,0.0,13.129306643501401,81.95319837802077
2021-07-13,28.237818554958654,31.117113538963004,26.144939940846264,88.95270417094225,2.7759600410454524,5.4456024204744375,9.835336512343815,26.24035953431379,33.54856092693746,6.237818554958654,0.0,11.548560926937462,81.29936864687105
2021-07-14,28.449095792841195,31.64328242892497,26.031320094163096,86.9549182109012,2.4695195267700853,5.498705233295105,6.7282948029214715,26.063763746893326,33.857759454415174,6.449095792841195,0.0,11.857759454415174,81.37565639030919
2021-07-15,28.880467193819044,31.8135896662039,26.05260819701817,85.22977243918635,1.7118398020160561,5.679948699221343,3.7535045572523695,26.147985891142802,34.875530619489005,6.880467193819044,0.0,12.875530619489005,81.84604299247823
2021-07-16,28.057441298967827,30.13623528701636,26.4060650691133,86.85758737248749,1.8440810044063505,5.248834146194243,9.188276694633911,25.660065868453312,33.64046609385891,6.057441298967827,0.0,11.640466093858912,80.70847704827143
2021-07-17,28.54019436228647,31.240178668437252,26.090692340194366,88.28631073821454,2.1772107201062356,4.1652983581819285,10.071419689744674,26.41071293486889,34.38407110009269,6.540194362286471,0.0,12.38407110009269,81.71601142350491
2021-07-18,28.279319731997347,30.492804973742988,26.456065069113297,88.57701997947729,1.9754427476308327,5.181089207460616,10.617313937345324,26.209565079356903,34.13002240216801,6.279319731997347,0.0,12.13002240216801,81.3173435976247
2021-07-19,28.061245850184104,30.229028188567636,26.413757469668617,90.64337719562988,2.168191585682381,3.5468952495925636,17.471543429709666,26.38523536702022,33.893863363451054,6.061245850184104,0.0,11.893863363451054,81.232011285752
2021-07-20,28.830150298786744,31.71202933542585,26.371397356190016,86.96864006760427,1.993805758435444,3.918898219351724,24.573496710327763,26.440825538044603,34.8229185294344,6.830150298786744,0.0,12.822918529434403,82.01382571359557
2021-07-21,29.106982555682986,32.37507756383172,26.247655580370616,85.26996740508241,1.6582501358121569,4.766215295466893,10.115799480895758,26.377964897614945,35.29279561211051,7.106982555682986,0.0,13.29279561211051,82.22622527604844
2021-07-22,28.998411299571437,32.3227796221404,26.458413110400198,86.74049435625038,2.725675740930766,6.092690149091569,11.606241323112211,26.561538623527344,34.56034832416959,6.998411299571437,0.0,12.560348324169588,82.26146316906413
2021-07-23,28.26634152230338,30.548579706645747,26.53510532987264,90.74524053841975,4.112614233114023,3.5679523752037188,13.792769964387036,26.606876219095664,32.88730470576882,6.266341522303382,0.0,10.88730470576882,81.59611818613568
2021-07-24,28.645266493631922,31.303141184282012,26.808698617734052,90.03079736826221,4.083707973682623,3.399511782459105,28.503898714311585,26.846632620733356,33.45022474107488,6.645266493631922,0.0,11.450224741074877,82.14134020635623
2021-07-25,28.901911027947126,31.848185549586525,26.50731212651657,88.64536126033684,2.708710689925756,5.237659304641758,9.549710871008632,26.835805755927705,34.662225073443075,6.901911027947126,0.0,12.662225073443075,82.37680024273405
2021-07-26,29.820739421742022,32.7820106235287,27.183806965654615,85.06219834610974,1.667079736826221,5.036369348705259,8.412362527916944,27.03589424941853,36.44900528441122,7.820739421742022,0.0,14.449005284411221,83.37381149075256
2021-07-27,29.529221343634937,31.970845053419453,27.63817770266192,88.02564737128026,1.927852960705016,3.748742282851452,23.827935655218205,27.333769985964473,36.182427175267534,7.529221343634937,0.0,14.182427175267534,83.3409721048765
2021-07-28,28.851365364882,31.01765135510352,27.124811372004586,90.99836482163337,3.7119279290155127,3.7258278867628416,34.89564193879399,27.232278175091913,34.18380966036073,6.851365364882,0.0,12.18380966036073,82.6315984683481
2021-07-29,27.92948149936621,30.048469849701213,26.522704774551826,91.14787589786926,5.753012615440334,2.596165660650691,27.307036880545667,26.349144149373686,31.228447652767642,5.9294814993662115,0.0,9.228447652767642,81.07542020616046
2021-07-30,28.223496106718173,30.93358604454639,26.3085815174745,90.24308565220016,4.856384982193517,3.253198756564254,24.529460373030727,26.470374568199382,32.23166981745178,6.223496106718173,0.0,10.231669817451781,81.45354631708878
2021-07-31,28.25987626003501,30.960411661737194,26.299829782096946,89.62325104122657,3.222267157602463,3.767489159171848,14.704192068570052,26.389371940223892,33.357619945623256,6.259876260035011,0.0,11.357619945623256,81.42957270256255
2021-08-01,28.11375082996318,30.576231665358844,26.234697893402547,90.565040743647,2.65057403271564,3.9053885133095925,26.056645137924793,26.42242879942694,33.63367823467844,6.11375082996318,0.0,11.633678234678442,81.31086469060892
2021-08-02,28.11135449990946,30.820342246634883,26.148184342367358,90.22692098750527,2.2721675620208854,3.993809512887066,26.90846019194785,26.356640282517645,33.85211347996369,6.11135449990946,0.0,11.852113479963691,81.26041659087763
2021-08-03,28.561294742560516,31.612678215730067,25.833021669584117,87.302681233778,1.5298074485422828,4.247649423552845,18.933121265165695,26.241586144324817,34.745497375643936,6.561294742560516,0.0,12.745497375643936,81.61222580172179
2021-08-04,28.46671636385586,31.49583992273797,26.242182048650943,88.63340194362287,2.0856467676706707,5.108494893462909,20.886199674050825,26.404903708404156,34.370716724123675,6.466716363855859,0.0,12.370716724123675,81.64118234613042
2021-08-05,29.691897144926664,33.390398985935896,26.125228466228045,82.83479266010744,1.5478662401158927,6.104153558278506,8.682133156274523,26.45876483037639,36.009785379373874,7.6918971449266635,0.0,14.009785379373874,82.82052900973822
2021-08-06,28.89027283153257,31.30796764652623,26.86852417456389,89.35468099233417,2.9638902637773894,5.058698484939942,16.976747751554296,26.959985704651327,34.557306269922684,6.89027283153257,0.0,12.557306269922684,82.45995532876086
2021-08-07,28.36995412567152,30.791475221826527,26.616476127240905,89.87451681052696,2.893841975010564,3.1447759220136415,34.499119937224606,26.545454626777264,33.80264389617788,6.369954125671519,0.0,11.802643896177877,81.65139206963676
2021-08-08,28.8732854469729,31.7724754029094,26.599835818192798,89.04967767248145,2.6451554294682196,3.4714318162612425,14.624003138769845,26.885036238507244,34.711831625012195,6.873285446972901,0.0,12.711831625012195,82.38704239672586
2021-08-09,28.921688296010146,31.80240900585502,26.452950443653048,89.03775698678095,2.6163173779199616,3.862736934870526,26.90292207400254,26.930454862232185,34.81170897098012,6.921688296010146,0.0,12.81170897098012,82.46713617218745
2021-08-10,28.779287137079734,31.03310919297398,26.966783364519834,90.9837212530935,2.8108124585018412,3.9508352145832077,20.494629081909824,27.158311059082077,34.69080865378836,6.779287137079734,0.0,12.690808653788359,82.50624023664633
2021-08-11,28.793056678940065,30.898299631798157,27.25761151687089,91.47634212591298,2.6231906802680025,3.56675330476248,13.405541739602825,27.26403894930977,34.90977925668906,6.793056678940065,0.0,12.909779256689063,82.60068711315583
2021-08-12,28.445851391320094,30.29735317196837,27.149604635721616,91.28937345325046,3.390616285386612,3.8964766825617194,23.673477394821035,26.885900894614515,33.76270458196954,6.445851391320094,0.0,11.762704581969537,81.97905084436684
2021-08-13,28.26854288646104,30.610947063439372,26.6433307176918,90.24142814027888,3.2853431520492546,2.514277298243496,22.856363252248446,26.514529370710292,33.406216301641116,6.2685428864610415,0.0,11.406216301641116,81.53000547215834
2021-08-14,28.849304641757715,31.874840948874272,26.46745518198829,88.89210720106236,2.849636023420052,4.069243218446309,25.848790970000607,26.831273309159563,34.507808807352276,6.8493046417577155,0.0,12.507808807352276,82.32373508536551
2021-08-15,28.509854530089946,31.09668437254784,26.547639282911813,90.1346182169373,2.2037973079012496,4.560809712078228,14.749220136415769,26.732596862055864,34.55265615820359,6.509854530089946,0.0,12.55265615820359,81.92574713573376
2021-08-16,28.387310919297402,31.49941148065432,25.894601919478482,88.28394760668799,2.2213720045874337,3.2953199613689867,10.254465503712202,26.25976284584102,34.09932048857976,6.387310919297402,0.0,12.099320488579757,81.45839897901499
2021-08-17,28.11852115651597,30.73855737309109,26.078982917848737,90.45237097845114,2.9998617734049624,3.483368419146496,20.403812398140882,26.40602798584736,33.38295660335702,6.118521156515971,0.0,11.382956603357023,81.30354457446191
2021-08-18,27.565220015693853,29.53288465020825,26.053106778535643,93.30042977002476,3.040303615621416,3.8928225327458206,25.209752520070023,26.384296549530273,32.786207111411215,5.565220015693853,0.0,10.786207111411215,80.73538286736677
2021-08-19,27.279947485966076,29.275731876622206,25.74592986056619,92.27960041045453,3.035634091869379,4.203879181505402,17.35381722701757,25.915490965611205,32.19387670851162,5.279947485966076,0.0,10.193876708511617,80.10952206189873
2021-08-20,27.54156334882598,30.32604213194906,25.272944407557194,90.19971449266615,2.680982676404901,3.97225337719563,9.767328423975373,25.78909919564731,32.62170933328383,5.5415633488259814,0.0,10.621709333283832,80.28690329957467
2021-08-21,27.798924367718964,30.62246695237521,25.44609947485967,87.83310376048772,2.038854349007062,4.961959733204564,3.9601641818072073,25.594223948647,33.20296575781961,5.798924367718964,0.0,11.202965757819612,80.40783063686304
2021-08-22,28.02939820124344,30.866266674714797,25.751349671032777,87.20427476308325,2.5959805637713527,5.737466940303013,7.697625399891352,25.699698250990963,33.11164565205553,6.029398201243438,0.0,11.111645652055529,80.70893641696179
2021-08-23,28.399224965292447,31.277493813001758,25.87210297579526,89.18764290456933,2.5728194603730308,4.188325043761695,22.128553751433575,26.444132845596208,33.98844815605316,6.399224965292447,0.0,11.98844815605316,81.6049587436863
2021-08-24,28.45287378523571,31.100505221222917,26.581171606205107,90.6860119514698,2.491242228526589,4.364133005372126,12.91669704834913,26.780030322456074,34.32676934083173,6.45287378523571,0.0,12.326769340831731,81.90628982859238
2021-08-25,28.366630651294745,30.573292086678336,26.81461821693729,90.93055773525685,2.5389515301502987,3.108248880304219,22.926444135932876,26.740619695209844,34.1801389764696,6.366630651294745,0.0,12.1801389764696,81.79323966908144
2021-08-26,28.095306331864556,30.314813786442926,26.3599837025412,90.97643085652201,2.541134182410817,2.9005298303857066,21.716142331140222,26.48109151583218,33.731227398089466,6.095306331864556,0.0,11.731227398089466,81.33574596108929
2021-08-27,27.391274219834617,29.479330596969884,25.772293112814634,91.24890143055472,2.1653823866723,4.300989992153075,29.83231665358846,25.835893024776873,32.86259674484658,5.391274219834617,0.0,10.862596744846577,80.16741438329765
2021-08-28,27.81622080038631,30.4686430856522,25.677544516206922,89.84007726202694,2.087375505523028,4.944781282066759,8.839808655761454,25.992651616434248,33.444996311024,5.816220800386311,0.0,11.444996311024,80.70611977302025
2021-08-29,27.57618216937285,30.067820969396994,25.41700368201847,90.42602221283273,2.213502746423613,4.56033511196958,5.622795919599204,25.86558796714631,33.033345629346556,5.576182169372849,0.0,11.033345629346556,80.37564315077867
2021-08-30,27.205177763022878,29.301115470513675,25.632201967767255,90.55737067664637,1.8049465805516993,4.180252514033923,11.824224663487655,25.523705895258157,32.727128581766806,5.205177763022878,0.0,10.727128581766806,79.76017450308242
2021-08-31,27.791618880907833,30.9333307176918,25.17662461519889,88.1970978451138,1.5751880243858274,5.635326480352508,7.504083418844692,25.656760818207708,33.56046915645684,5.7916188809078335,0.0,11.56046915645684,80.44431431216529
2021-09-01,27.6554276573912,29.82533470151506,25.992018470453313,89.55285507333859,1.4589050522122293,4.074377835456027,8.97412506790608,25.779953891968223,33.5852093009757,5.655427657391201,0.0,11.585209300975698,80.39495604528774
2021-09-02,27.601943019255152,29.878664815597272,25.71725417999638,88.26852900344058,1.3988627995412568,4.583443502142814,13.877651958713106,25.483695846107523,33.38296213723647,5.6019430192551525,0.0,11.382962137236468,80.13471531837305
2021-09-03,28.166769481499372,31.998959980684496,24.48522182652261,82.8725206736283,1.3467175710750288,5.30130173235951,2.362011227138287,24.977113374735552,33.665415378787216,6.166769481499372,0.0,11.665415378787216,80.34228446984582
2021-09-04,28.814752821874816,32.67239753727289,25.31261302589485,83.18853926480352,1.2020504617613332,5.271520365787409,3.257006700066398,25.674108940803233,34.85702316624417,6.814752821874816,0.0,12.857023166244169,81.44322456864955
2021-09-05,29.250307237278932,32.53310013883021,26.129926963240177,83.88201122713829,1.3755224240960948,5.339518446308928,7.807056196052395,26.240184869716845,35.542298685907134,7.250307237278932,0.0,13.542298685907134,82.25698217386199
2021-09-06,28.432351662944413,31.24544093680208,26.406255206132677,88.9078915917185,2.794313394096698,5.554879543671154,12.194220438220558,26.42349162989053,33.852711317534265,6.432351662944413,0.0,11.852711317534265,81.62174933461486
2021-09-07,27.61124464296493,30.23919055954609,25.674799903422468,90.24851994929679,2.644271141425726,4.844517432244825,13.366052996921592,25.867017189787674,32.767837530673646,5.61124464296493,0.0,10.767837530673646,80.41194847152855
2021-09-08,27.708638256775522,30.523112814631496,25.156043339168228,87.9158435443955,1.59636144141969,5.128448331019498,5.877904267519769,25.521262612126325,33.375539680480664,5.708638256775522,0.0,11.375539680480664,80.26731219313675
2021-09-09,28.558847709301627,31.30831653286654,25.919826160439428,85.22377135268908,0.9960735196474921,5.260583455061267,4.076285990221526,25.83160311197491,34.84708810955428,6.558847709301627,0.0,12.847088109554278,81.31378216539198
2021-09-10,28.39068932214644,31.800480473229918,25.84398080521519,88.39493450836,1.8233802136777935,5.58708609887125,5.171663548017143,26.284373110178613,34.397676008945574,6.390689322146439,0.0,12.397676008945574,81.47961212129661
2021-09-11,28.205350998973863,31.018302046236492,25.898465020824535,87.54630953099537,1.7462310617492607,5.379134659262388,18.674087040502204,25.938776314709557,34.038035936714046,6.205350998973863,0.0,12.038035936714046,81.0503561165811
2021-09-12,28.3735486207521,31.81616164664695,26.027473290275854,87.9905058248325,2.7225756021005614,5.40431655097483,2.55522906983763,26.189834518506707,33.688274025554804,6.3735486207521,0.0,11.688274025554804,81.39423500968036
2021-09-13,27.866949960765382,30.385304521035795,26.05047624796282,90.98708999818916,3.67089515301503,4.720344244582604,3.7615150600591543,26.257428723144436,32.56219593787436,5.866949960765382,0.0,10.562195937874357,80.94674584942501
2021-09-14,27.583339771835583,29.91938250739422,25.943385646164064,91.0335033500332,2.7278475282187484,3.2992853021065978,12.866185791030363,25.98579678780586,32.75904896086464,5.583339771835583,0.0,10.75904896086464,80.46792787030867
2021-09-15,28.239943864308568,31.15728315325648,25.691699160982683,87.7804285628056,1.6308076296251586,4.980590046477939,7.015061266372911,26.017944792803032,34.20535702642103,6.239943864308568,0.0,12.205357026421026,81.14071712838863
2021-09-16,27.70688597814933,30.130503410394162,25.80258103458683,89.99457234260879,1.5719768213919236,4.866856479748899,11.873182229733809,25.91381096625441,33.64471612506166,5.70688597814933,0.0,11.644716125061663,80.54098391067353
2021-09-17,27.678615923220864,30.24003199130803,25.559849701213253,88.78772922074003,1.4694018229009478,3.6835797609706042,8.58221886883564,25.65804149411415,33.522227904933466,5.678615923220864,0.0,11.522227904933466,80.33267428874811
2021-09-18,27.019305245367295,28.9350165992636,25.573378402849038,91.83504496891412,1.8578324379791153,3.503312380032596,21.39330295165087,25.576057849736056,32.53760970280496,5.0193052453672955,0.0,10.537609702804957,79.60438884314144
2021-09-19,27.388923160499793,30.114719019738036,25.321364761272413,89.53160439427778,1.4547431641214463,2.9811204201122714,27.0550208245307,25.513128591703932,33.14943099678498,5.388923160499793,0.0,11.149430996784979,79.94032982753524
2021-09-20,26.966779139252736,29.554190257741297,25.146274521639405,91.00487837266856,1.9263674775155435,3.5426701756503896,14.197515542946823,25.371191279946274,32.306245287763346,4.966779139252736,0.0,10.306245287763346,79.40980538244102
2021-09-21,26.79309349912477,29.392707792599747,24.97177159413292,90.20205227259008,1.825492243616829,3.893753093499126,3.9960831774008576,25.050712139364663,32.00114547851194,4.793093499124769,0.0,10.001145478511937,79.0132994755713
2021-09-22,26.53504315808535,29.213572765135513,24.741570592141002,90.67182712621478,1.8219055954608558,4.1790903060300595,4.614171545844149,24.883048694271945,31.641088366110935,4.535043158085351,0.0,9.641088366110935,78.63109988045898
2021-09-23,27.962278022575003,31.66246031266977,24.65099052332951,84.7759703024084,1.3960662763324685,5.188263759280498,2.57597573489467,25.158394381388927,33.539524648986095,5.962278022575003,0.0,11.539524648986095,80.26737520680825
2021-09-24,28.72381722701757,32.40626969276273,25.307032051668983,82.20159835818194,0.9370392949840044,5.525035522424097,0.5652876199674052,25.384251454665495,34.76585863047746,6.72381722701757,0.0,12.76585863047746,81.15346048812711
2021-09-25,28.751810828755957,31.901116677732848,25.99727047745519,83.1479326371703,1.1213062111426328,4.723152109615501,5.284190257741294,25.60438148726517,34.80562465892586,6.751810828755957,0.0,12.805624658925858,81.33468266311289
2021-09-26,28.797208909277487,31.97983400736404,25.804656244341164,85.37958652743407,1.2982664332709604,5.525635383593892,9.345903301744432,26.096102085589212,35.047421072981756,6.7972089092774866,0.0,13.047421072981756,81.730044565654
2021-09-27,28.34380515482586,31.62538419750106,26.07307418361804,87.10288827186575,1.9912398140882481,5.225528206675922,7.307274099112695,25.989054762832332,34.03806031040779,6.3438051548258585,0.0,12.038060310407793,81.2205011487153
2021-09-28,27.089512283455065,29.34686364459468,25.587362226112152,90.02269028792179,1.934359268425183,3.5553055652803764,11.219663789460977,25.309830392145727,32.384596007873576,5.089512283455065,0.0,10.384596007873576,79.4950501687466
2021-09-29,26.909857548137865,29.181943019255147,25.28464417214946,90.09833584837327,1.8375294259672845,3.3206428381722706,11.597777509506852,25.146643801941924,32.16966803917469,4.909857548137865,0.0,10.169668039174688,79.19905950638461
2021-09-30,27.525562865938312,30.27312247238487,25.50198285748778,86.53186817166657,1.0066940303012013,4.761896257620572,6.555298484939942,25.074441514216197,33.32232010334833,5.525562865938312,0.0,11.322320103348332,79.7782450486936
2021-10-01,27.56769662582242,30.63979296191224,24.75072312428322,82.3837870465383,1.116910122532746,5.475884348403453,0.9450534194483008,24.293255161765455,32.80859634695567,5.567696625822421,0.0,10.808596346955667,79.30220444780969
2021-10-02,27.679846079555745,30.72837387577715,24.784335727651353,85.46541799963784,1.3132800144866303,5.003265944347196,4.295582181445042,25.017646123057325,33.2266745105932,5.679846079555745,0.0,11.226674510593199,79.89355282524542
2021-10-03,27.8069656546146,30.675760246272716,25.424250618699826,89.42596969879884,2.1403289672239993,3.970642313031931,13.784970724935114,25.905442032660538,33.3415857612391,5.806965654614601,0.0,11.341585761239102,80.63488156751569
2021-10-04,27.310853503953645,29.215181988289977,25.98791090722521,91.70690710448484,2.275416792418664,3.8568956117583157,26.572796523208787,25.8409165228675,32.70833867764086,5.310853503953645,0.0,10.70833867764086,80.08882723242981
2021-10-05,27.6238775879761,30.169922737973085,25.604376169493573,86.40296553389268,1.1851487897627815,3.7492843001146863,15.167490794953828,25.14593626854749,33.340610991927015,5.6238775879761,0.0,11.340610991927015,79.92492446496402
2021-10-06,27.67419206857005,30.88913080219714,24.868508480714674,84.33103337961008,0.9817196837085775,4.649179012494719,10.621958109494777,24.78803663909018,33.31077976145444,5.674192068570051,0.0,11.310779761454441,79.7336169990754
2021-10-07,28.14155670912054,31.879453129715706,24.696252188084756,83.65243858272471,1.0535751795738517,4.504786189412689,4.930439427778113,25.109719920589242,33.9281843262422,6.14155670912054,0.0,11.928184326242203,80.40839265370377
2021-10-08,28.3449960765377,31.861451077443114,25.267409911269393,84.64018289370436,0.9644974950202209,4.374779332407798,9.741772197742499,25.5062254973257,34.445217699595275,6.344996076537701,0.0,12.445217699595275,80.87906704493156
2021-10-09,28.326729039657152,31.751816261242233,25.41356190016298,83.87717631435987,0.9180660348886341,4.487236276936079,8.660370616285388,25.335904279511382,34.350964227094885,6.3267290396571525,0.0,12.350964227094885,80.74273030314211
2021-10-10,28.490006036095856,31.892143417637474,25.62834671334581,83.57161827729824,1.0146465865877952,4.73806179151325,4.315350395364279,25.43414400328321,34.50924509495142,6.490006036095856,0.0,12.509245094951417,80.96725088861099
2021-10-11,28.25926359630591,32.44206132673387,24.694891048469856,85.28329027584958,1.5207533047624797,5.272519617311524,0.45774189654131725,25.549763751336847,33.99790205286327,6.25926359630591,0.0,11.997902052863267,80.82704687997744
2021-10-12,28.18242651053299,31.605259853926484,25.175095672119273,88.08268002655882,1.564133518440273,4.573366898050341,3.361158930403815,26.019476456119307,34.19545828296262,6.182426510532991,0.0,12.195458282962619,81.08587185159479
2021-10-13,28.72307358000845,31.73200881269995,25.856683768938254,84.60696444739544,1.021368382929921,3.9533199613689876,8.708040683286054,25.86980120941563,35.01865095418498,6.72307358000845,0.0,13.018650954184977,81.4967766356188
2021-10-14,29.13842035371522,32.67452948632825,25.899674050823926,82.0780672421078,0.8725399891350274,4.458374920021731,5.147262630530573,25.76333860520577,35.469390594012474,7.138420353715219,0.0,13.469390594012474,81.80774685131905
2021-10-15,29.227726806301686,32.527512524898896,26.21784088851331,83.56987505281583,1.0504062292509206,5.286531254904328,4.4379163397114745,26.15498297196541,35.69078316400841,7.2277268063016855,0.0,13.690783164008408,82.17369421024054
2021-10-16,28.508935232691496,31.351514456449575,26.249855133699526,86.30379851512042,1.5028387758797612,5.086296571497555,6.99176978330416,25.99542489618768,34.54942013043403,6.5089352326914955,0.0,12.54942013043403,81.38369522200409
2021-10-17,27.690531780044665,30.089477274099117,25.979961972596126,88.62413110400192,2.1672487475101105,4.057941437798033,13.882823685640128,25.638679183886673,33.03318637644913,5.690531780044665,0.0,11.03318637644913,80.33104373320157
2021-10-18,26.305085410756327,27.86397175107141,25.17762117462426,92.12974044787832,3.322664332709604,3.294703760487717,28.071172209814698,24.923162817904807,30.38523972888334,4.305085410756327,0.0,8.385239728883342,78.4121926176331
2021-10-19,26.47778052755478,28.28130560753305,25.120880062775402,92.98409247298846,2.8017082151264563,2.553868811492727,25.686663246212355,25.249192827758037,31.126786036140473,4.477780527554781,0.0,9.126786036140473,78.81263903646996
2021-10-20,26.72631737791996,29.101261544033324,25.005395666083174,91.56285990221527,2.293585440936802,2.932481740810044,28.051712440393555,25.236281682719905,31.7231088941951,4.726317377919958,0.0,9.7231088941951,79.06738261418323
2021-10-21,25.59338081728738,28.590837206494843,22.284493269753128,88.25062654674957,2.198093800929559,4.523356214160682,9.423723667531842,23.50296154655676,29.61091159177596,3.593380817287379,0.0,7.6109115917759596,76.7529333568497
2021-10-22,24.62219532806181,28.52509144685218,20.857661012856887,80.93110701997946,0.9437339288947909,4.063138872457295,4.301405806724211,21.127898403154756,28.232047152200764,2.62219532806181,0.0,6.232047152200764,74.3706921031945
2021-10-23,24.864168527796224,28.51740025351603,20.93619846683166,78.7110038027404,1.0218102251463754,4.328902233355466,0.2467169674654434,20.91016495968444,28.309722067336985,2.864168527796224,0.0,6.309722067336985,74.52778691007583
2021-10-24,25.60893885434901,29.22500211263355,21.910756926419992,75.07226776121205,0.7323800325949177,4.546116544938733,0.3419061990704413,20.86087305260041,29.23297214576033,3.6089388543490095,0.0,7.232972145760328,75.30195567340664
2021-10-25,25.32818072070985,28.58443773767128,22.055542946821998,77.78221947244522,0.7685193456872096,4.483445137924791,0.385110158749321,21.166888456581283,29.081031827598807,3.328180720709849,0.0,7.081031827598807,75.16272608909586
2021-10-26,25.36943321059939,28.801166777328426,21.97068751131768,78.34325768093197,0.7801128749924551,4.239814468521761,0.40382748838051546,21.324145146800987,29.194501496164406,3.3694332105993894,0.0,7.194501496164406,75.28935789479712
2021-10-27,25.31703084444981,28.781968370857733,21.72223878795196,81.47607533047625,1.1222267157602466,3.6130528520552905,0.6789581698557373,21.91469367884041,29.210251887977442,3.3170308444498104,0.0,7.210251887977442,75.5483929502351
2021-10-28,25.455157240296977,29.23607653769542,21.826033077805274,82.25517957385165,1.2019122351662945,3.672526969276272,0.19227741896541317,22.205645104873206,29.447907297961407,3.455157240296977,0.0,7.447907297961407,75.85756523241552
2021-10-29,25.40572584052635,29.921760729160383,21.861105812760307,84.27405142753669,1.6622846622804377,5.174929009476671,0.0047552363131526535,22.556331945557517,29.266461751113965,3.405725840526351,0.0,7.266461751113965,75.99955172723995
2021-10-30,24.657695418603247,28.943888452948634,21.076173718838657,85.51642844208367,1.804073157481741,5.100310997766644,0.0016122412023902941,22.064093752183908,28.152475542473127,2.6576954186032467,0.0,6.152475542473127,74.89817109733934
2021-10-31,23.52648276694634,28.023476791211444,19.88730307237279,83.26318826582967,1.7912235166294443,4.980023420051912,0.00744069535824229,20.520676538838178,26.23916974470248,1.5264827669463408,0.0,4.23916974470248,72.8201867418481
2021-11-01,22.58015995654011,27.099497193215427,18.38789521337599,77.94457113538964,1.313828091990101,4.82377566246152,0.0,18.536300301434828,24.702782068230746,0.5801599565401112,0.0,2.7027820682307464,70.84011856154615
2021-11-02,22.375587010321723,26.62490070622322,17.749127784149213,75.84371159534014,1.3607810708034045,4.53903502142814,0.0,17.902609277857298,24.19079815194631,0.37558701032172337,0.0,2.1907981519463107,70.3494508184012
2021-11-03,22.575978149333014,27.10762660711052,18.426558218144503,77.96351059334822,1.297583750829963,4.422836470091145,0.0,18.536127729108724,24.709892509888792,0.5759781493330145,0.0,2.7098925098887925,70.83506211003149
2021-11-04,22.589712078227805,27.430047081547656,18.38101949658961,79.37503229311281,1.1729751916460438,4.496285434900707,0.0,18.83655814795909,24.94433778371424,0.5897120782278051,0.0,2.9443377837142393,70.97235626938853
2021-11-05,21.710016901068393,26.66605360053118,17.560415283394704,81.89642663125491,1.4411728134242774,4.848995183195511,0.0,18.480118497323943,23.718210117524976,0.0,0.28998309893160723,1.7182101175249755,69.75465614897053
2021-11-06,21.47336814148609,26.857262026920992,16.53269089153136,80.91778294199312,1.5534514396088612,4.9117952797730435,0.0,18.05763272529617,23.219382150720836,0.0,0.5266318585139089,1.2193821507208362,69.30230719260467
2021-11-07,21.19719381903785,26.541718476489415,16.345527856582365,82.16923341582665,1.655841733566729,4.962122647431641,0.0,18.03265112285804,22.860645548573967,0.0,0.8028061809621505,0.8606455485739666,68.94295711012163
2021-11-08,21.450001207219174,27.00198708275488,16.355672119273255,82.84190318102253,1.4415621416068087,5.031741769783306,0.0,18.40955119758165,23.426816219217493,0.0,0.5499987927808263,1.4268162192174927,69.40035614012076
2021-11-09,21.863527494416612,27.206570290336213,17.036304098509085,83.71600410454519,1.2139512283455065,5.006214227077926,0.0,18.981835433098205,24.254316108662458,0.0,0.13647250558338797,2.254316108662458,70.13898897910296
2021-11-10,22.35368503651838,27.262946218385952,17.827943502142812,82.73560210056137,1.0484420836602888,4.820706754391261,0.0,19.271911021132503,24.992681003425382,0.3536850365183817,0.0,2.992681003425382,70.86347723336044
2021-11-11,22.984205951590518,27.008114927265044,18.45430675439126,80.05402366149576,0.8637115953401341,4.44810863161707,0.000688114927265045,19.35689553710086,25.792025649203897,0.9842059515905177,0.0,3.7920256492038966,71.65936702491021
2021-11-12,23.395765678758984,27.59489889539446,19.450465382990284,83.23038812096335,1.2080207641697354,3.6534179694573554,0.015260457536065676,20.38650250776511,26.45095863122411,1.395765678758984,0.0,4.450958631224111,72.6038232318907
2021-11-13,22.878940665177765,26.199626969276274,20.412560511860928,88.45372789279894,1.3142168165630472,2.5519675439125975,0.8016955393251646,20.86777203866739,26.097067591760396,0.8789406651777654,0.0,4.097067591760396,72.20309163631043
2021-11-14,23.0200657934448,26.206014969517714,20.568134242771777,88.50613689865393,1.1042723486448967,2.9554859238244706,4.092558701032172,21.016417257188884,26.459919236584316,1.0200657934448003,0.0,4.459919236584316,72.44533986665613
2021-11-15,22.555087825194665,25.604254240357335,19.92462002776604,87.66646586587795,0.881317679724754,2.6891763626486394,3.788393794893463,20.40378591668408,25.846780889211182,0.5550878251946649,0.0,3.846780889211182,71.59334754476238
2021-11-16,22.52590813062112,26.591150479869622,19.38877105088429,86.98036699462787,1.3525200700187123,3.6633831049677075,1.6153165932275007,20.247794903307625,25.411958101318557,0.5259081306211186,0.0,3.4119581013185574,71.48867121815745
2021-11-17,21.714164302529127,27.581955695056436,17.40370314480594,83.51360656727228,1.737222792297942,4.579332800144867,0.3059401219291362,18.796933103255913,23.65550066408019,0.0,0.2858356974708727,1.65550066408019,69.87965384132136
2021-11-18,21.486910122532745,27.403423069958354,16.268114927265046,78.58539506247361,1.2395104726263055,4.649969644473954,0.0,17.6058756033409,23.261224310099337,0.0,0.5130898774672552,1.2612243100993368,69.15880441554098
2021-11-19,21.853264320637415,26.656855194060483,17.138246514154645,78.24744009174866,1.0944848192189294,4.567898171062956,0.0,17.89299566889247,23.850463346859442,0.0,0.14673567936258536,1.850463346859442,69.71459999068037
2021-11-20,21.978551940604817,26.494251825919,17.797400857125616,81.74409850908432,1.140806422405988,3.9768092110822724,0.0,18.712341956636926,24.29983545986974,0.0,0.02144805939518335,2.2998354598697404,70.17786051637398
2021-11-21,22.33056437496228,26.586214764290457,18.137756986780953,82.65964990644052,1.241147461821694,3.5994468461399167,0.0,19.234566190717977,24.817536675715214,0.33056437496227886,0.0,2.817536675715214,70.81982824791854
2021-11-22,22.721752278626187,27.525888815114385,18.401238606869082,82.60479567815537,1.341055713164725,4.005424935111971,0.0,19.60597885162977,25.310831647732886,0.7217522786261874,0.0,3.3108316477328863,71.45156828950235
2021-11-23,22.169106054204143,26.858133639162194,18.4775125248989,82.19043882416854,1.2226365666686787,3.796139144081608,0.0,18.985526523508508,24.555688269216596,0.1691060542041427,0.0,2.5556882692165956,70.52074720202874
2021-11-24,20.64236373513612,26.06119514697894,16.557622985453012,82.84913502746424,1.6394072553872154,3.854662214039959,0.005314782398744493,17.62172757804577,22.142863563528586,0.0,1.3576362648638813,0.14286356352858576,68.08563534793728
2021-11-25,20.08160439427778,26.106563047021194,15.22257862014849,75.79927808293597,1.4103603549224362,3.812612186877528,0.0,15.675786496133924,20.96956244618773,0.0,1.9183956057222211,0.0,66.77189862981314
2021-11-26,19.279488742681234,24.904554234321246,14.370292750648881,77.19996981952075,1.5196855194060483,3.9483231484275976,0.0,15.185136145259671,19.90863865283899,0.0,2.7205112573187655,0.0,65.59055483084181
2021-11-27,19.34882115047987,25.915268304460675,13.798560391139013,77.22763807569265,1.4389002233355468,4.145406482766947,0.0,15.257905707144792,20.06121036053389,0.0,2.6511788495201287,0.0,65.70091460748982
2021-11-28,19.4609211082272,25.50949417516751,14.040745457837874,76.7742107804672,1.3850479869620331,4.482785736705499,0.0,15.274723930682242,20.217242334070217,0.0,2.5390788917727996,0.0,65.85421912564527
2021-11-29,19.152200156938495,25.03560330778053,14.201770990523329,79.98464296493029,1.3695557433452046,4.470604641757711,0.0,15.614364878292037,20.045171831131594,0.0,2.8477998430615052,0.0,65.5227904540569
2021-11-30,19.896211142632946,25.990656123619242,14.267185368503656,80.11149212289493,1.346817770266192,4.501559817709906,0.0,16.363316400095425,21.09195338904354,0.0,2.1037888573670536,0.0,66.72006567069442
2021-12-01,21.072549043278812,27.045068509687937,15.45594253636748,78.71122532745821,1.1782851451681056,4.528207997827005,0.0,17.228883850446003,22.733313609099536,0.0,0.9274509567211879,0.733313609099536,68.5100843471634
2021-12-02,21.61774793263717,27.58355344962878,15.839145288827188,76.8736180358544,1.0435600893342187,4.471140339228587,0.0,17.38355193852453,23.436822653372076,0.0,0.3822520673628311,1.4368226533720758,69.242742322636
2021-12-03,22.051356914347807,27.151809621536792,16.425242952858092,78.84096517172692,0.9672107201062354,4.14286090420716,0.17384076779139257,18.205619479754315,24.27187763506543,0.05135691434780654,0.0,2.2718776350654295,70.07348917148371
2021-12-04,22.014933904750407,25.880826341522305,18.235941932757896,84.5014679785115,1.14450534194483,2.0604948270658543,3.3736965051005017,19.27998289601959,24.590155983317732,0.014933904750407123,0.0,2.5901559833177323,70.4466780589078
2021-12-05,21.981772197742508,25.104207762419268,19.576034888634034,89.88608740266795,1.477079736826221,2.1756405504919423,10.990871612241204,20.2439330278386,24.778364615926115,0.0,0.018227802257491987,2.7783646159261153,70.80037614252802
2021-12-06,21.97156817770266,24.3848807871069,20.222601557312732,92.6615832679423,2.680155127663427,1.1893044787831233,45.23478722762118,20.7271420547675,24.162771795105627,0.0,0.028431822297338982,2.162771795105627,70.9931894938331
2021-12-07,22.1578577895817,26.070247479929982,19.024600108649725,88.37469910062173,1.912480231786081,2.0925991730548685,13.209210478662403,20.1430749294631,24.601153629044376,0.15785778958170127,0.0,2.6011536290443757,70.98226970986234
2021-12-08,21.6969161586286,26.13605480775035,17.98409005855013,86.70760427355587,1.4563113418241083,3.310503193094706,2.973971147461822,19.38240629870951,24.100789910722845,0.0,0.3030838413714001,2.1007899107228454,70.08451411389973
2021-12-09,21.769744069535832,26.826482163336756,17.398982917848738,84.17325647371281,1.2581601979839439,3.1141753244401524,0.6628900826945133,18.97740125822654,24.127521224020622,0.0,0.2302559304641676,2.1275212240206223,70.0191488327353
2021-12-10,20.285525442144024,24.236261845838115,17.38043459890143,83.45695116798456,1.7812120480473232,3.4741801171002598,0.6506132673386855,17.388760207717567,21.589582096812002,0.0,1.7144745578559757,0.0,67.54030044794466
2021-12-11,19.054379791151085,24.816758012917244,14.95093016237098,81.03066819581096,1.6221132371582063,3.543115766282369,0.9323208788555563,15.722220367794746,19.811016919289923,0.0,2.945620208848915,0.0,65.41497887806139
2021-12-12,17.53065733083842,23.49503048228406,13.147563228104064,78.93886702480837,2.001598961791513,3.8732065974527683,0.0,13.833134932836199,17.345905246828146,0.0,4.4693426691615805,0.0,62.89583129206369
2021-12-13,17.372477817347743,23.246120601195145,11.951958713104366,79.56453250437619,1.475462063137563,4.045065708939458,0.0,13.801001463192291,17.54507916168735,0.0,4.627522182652257,0.0,62.663020333047214
2021-12-14,17.758424578982318,23.76862558097423,12.882278626184583,83.08249894368325,1.3652634755839923,4.172666137502264,0.0,14.846799656535477,18.372388109925414,0.0,4.241575421017682,0.0,63.397002728543235
2021-12-15,17.284228888754757,22.793332528520555,12.747438280919901,82.26514999698196,1.3704738335244766,3.9550284420836603,0.0,14.230179531675152,17.677051520017248,0.0,4.7157711112452425,0.0,62.60009833259419
2021-12-16,17.236214160680873,23.168045512162735,12.473932516448361,82.03114263294502,1.4292980020522725,3.997738552544215,0.0,14.13926720221953,17.55644494027635,0.0,4.763785839319127,0.0,62.51555021206861
2021-12-17,17.54143477998431,23.85169553932517,11.811432365545965,78.38508299631798,1.4097778716726024,4.346521669584114,0.0,13.735138516797607,17.737889017888264,0.0,4.458565220015689,0.0,62.895564083553346
2021-12-18,17.79537997223396,24.520375445162074,12.56389147099656,77.96333252852055,1.4100820909036038,4.24777148548319,0.0,13.898496335219813,18.046981862435405,0.0,4.20462002776604,0.0,63.28345535614672
2021-12-19,16.114563892074607,22.206978934025475,11.73274099112694,81.83328484336332,1.9293402547232452,3.870859377074908,0.0,13.007099527155026,15.706676597039582,0.0,5.885436107925393,0.0,60.69473506728255
2021-12-20,14.696137502263536,21.70235890625943,8.821289310074244,79.85052695116798,1.6426184583811192,3.993886032474196,0.0,11.251363703912165,13.949487432784178,0.0,7.303862497736464,0.0,58.39337735786829
2021-12-21,16.238286955996863,22.27721072010624,10.506376531659322,82.5876610128569,1.2770718899016118,3.6041820788314123,0.0,13.268606625137073,16.372086096214097,0.0,5.761713044003137,0.0,60.908827764459744
2021-12-22,17.38308263415223,21.79777388784934,13.801373815416191,80.29126154403332,1.2101080461157723,3.2856953763505765,0.21166234079797186,13.951508920889282,17.79250028318011,0.0,4.616917365847769,0.0,62.701620787183586
2021-12-23,17.840004828876687,23.371636989195387,13.258044304943562,76.89254300718295,1.0438667230035612,3.3617504798696207,0.05541860324741957,13.728640089052755,18.29055483669212,0.0,4.159995171123313,0.0,63.31711105559452
2021-12-24,17.816231665358846,23.409363191887493,12.507517957385165,79.5413200941631,1.1973048832015454,3.7484044546387407,0.006084988229613087,14.228149341021462,18.329835988959903,0.0,4.1837683346411545,0.0,63.37030109638832
2021-12-25,18.49092412627513,23.804198104665904,13.238915917184766,74.84619484517414,0.9218856763445404,3.7757893462908196,0.0,13.942418827432432,19.099545106865154,0.0,3.5090758737248713,0.0,64.25464034354022
2021-12-26,18.28855314782399,23.80139977062836,13.34629323353655,74.70488018349732,1.1606941510231183,3.768685296070502,0.0,13.717916029048125,18.65393420097642,0.0,3.7114468521760102,0.0,63.93578148821272
2021-12-27,18.011242832136176,23.313608981710637,13.386944528279113,75.62216997645925,1.0865340737610913,3.421144980986298,0.0,13.637889108080332,18.4015549888243,0.0,3.988757167863824,0.0,63.539894458489655
2021-12-28,17.969673447214348,23.210187118971447,13.221907406289613,78.14358000845053,1.2906700066397057,3.5471081547654975,0.0098267640490131,14.10328314144572,18.37492784872026,0.0,4.030326552785652,0.0,63.56520938403584
2021-12-29,17.74387879519527,23.221533168346717,13.179859962576206,79.09138649121748,1.4369089153135752,2.7104891712440398,0.10075390837206497,14.070149595090982,18.035276435477854,0.0,4.256121204804732,0.0,63.23982313786197
2021-12-30,18.283276996438705,24.627510714070144,13.929520733989257,77.00116858815719,1.4617402064344782,3.226681070803405,0.20222490493149028,14.179858578173663,18.595316150143226,0.0,3.7167230035612953,0.0,64.01679026392387
2021-12-31,17.578180117100263,23.93451741413654,12.70727711716062,81.1008468642482,1.8135299088549528,4.1949315265286415,0.1358942476006519,14.296593721722624,17.68404622455717,0.0,4.421819882899737,0.0,63.04007508351968
2022-01-01,17.175206736282973,23.47534798092594,12.82978330415887,81.91842035371523,1.7294163095309951,4.074017335667292,0.0,14.058469513246607,17.25756214638386,0.0,4.8247932637170265,0.0,62.413570908939285
2022-01-02,16.79662340797972,22.69004044184222,11.73448361199976,82.05212530934992,1.577488984125068,3.600636319188749,0.0,13.71400173346311,16.868209988642743,0.0,5.20337659202028,0.0,61.80377916829251
2022-01-03,16.975567694814995,23.021767972475402,12.022641999154947,81.22077503470757,1.466593227500453,3.9202065491640012,0.0,13.731794615805441,17.130851695187303,0.0,5.024432305185005,0.0,62.07235019912429
2022-01-04,16.41975795255629,22.80739361381059,11.267857185972113,80.56849459769421,1.5040894549405446,3.8052785597875296,0.0,13.066149582087807,16.328779014483853,0.0,5.580242047443711,0.0,61.163094938936844
2022-01-05,16.76645319007666,23.221310436409727,10.934543369348706,77.21644956841915,1.4121410031991308,3.5779542946822,0.0,12.752811265759366,16.639425872805692,0.0,5.2335468099233395,0.0,61.64045368613712
2022-01-06,17.48683346411541,23.84979537635058,11.592554475765077,75.95190861350879,1.2728592986056622,3.877820269209875,0.0,13.197591205062867,17.600945259860634,0.0,4.51316653588459,0.0,62.73397570300847
2022-01-07,18.123701937586773,24.167996619786326,12.816147160016904,77.14504315808536,1.3888730609042073,4.104553359087343,0.0,14.05407039636229,18.443399034333027,0.0,3.876298062413227,0.0,63.771613016899195
2022-01-08,18.520293957868052,24.842274400917493,13.178743284843362,80.82118488561599,1.4472590088730608,4.243113538963,0.0,15.161293847095282,19.19103036566128,0.0,3.479706042131948,0.0,64.54630556381385
2022-01-09,19.161743224482404,24.824201726323416,13.71640671213859,79.60097664030906,1.1872107201062352,4.180922291301987,0.0,15.54852843580287,20.157754557944106,0.0,2.8382567755175963,0.0,65.51978869137766
2022-01-10,19.75523812398141,25.223342789883507,14.748889961972596,79.34403935534496,1.2505818796402488,3.8415293173175593,0.0,16.075052547017037,20.906589249549242,0.0,2.2447618760185897,0.0,66.45325274384938
2022-01-11,19.654530089937825,25.109291362346834,14.793306573308385,81.66950141848254,1.2996631858513914,3.4600123498521165,0.6014709965594256,16.430631373708348,20.909480355575052,0.0,2.3454699100621745,0.0,66.41497259828662
2022-01-12,19.290077865636505,23.56219834610974,15.717512524898899,84.88606567272288,1.2635763867930225,2.139879416913141,4.035603307780527,16.682300699062964,20.669428551138285,0.0,2.709922134363495,0.0,65.9830570009807
2022-01-13,18.353674171545848,22.70262268364822,14.646967465443351,83.31490734592865,1.4961326733868532,3.324946097664031,4.228279109072252,15.472419666578835,19.10466907335815,0.0,3.6463258284541524,0.0,64.37693931002002
2022-01-14,17.233434538540475,21.954559063197927,12.880805215186818,78.10348584535524,1.722659503832921,1.7164986177340495,2.4129655338926783,13.380775881947898,17.09266375147317,0.0,4.766565461459525,0.0,62.39975877457874
2022-01-15,17.386526226836484,23.490877044727476,12.837723184644174,76.49394700307842,1.7181288102855075,2.50694442566548,0.1564073157481741,13.209584602814768,17.192817778165498,0.0,4.613473773163516,0.0,62.59373277065852
2022-01-16,16.631123921047863,23.029695780769,11.633630108046118,78.69035552604576,2.320816683768938,4.199194676163458,0.035111969578076906,12.910639695456817,15.918393499652247,0.0,5.3688760789521375,0.0,61.46057848253751
2022-01-17,16.53979779078892,23.77491821090119,10.332615440333193,79.20859540049497,1.6639029395786806,4.394562654674957,0.0,12.922328131839604,16.290618106252623,0.0,5.460202209211079,0.0,61.32674200712586
2022-01-18,17.254820426148367,23.664058670851695,11.869415705921412,79.19971147461823,1.4159292569566004,4.133149393372367,0.0,13.615814230538561,17.40680830023522,0.0,4.745179573851633,0.0,62.464865881546665
2022-01-19,17.86080883684433,23.29343997102674,13.669953522061933,76.59767670670611,1.2910557131647251,3.9226124886823204,0.006251584475161466,13.689627872868819,18.125225969987635,0.0,4.139191163155669,0.0,63.3395462337586
2022-01-20,17.128095008148733,22.149130802197142,12.830073036759826,76.63531055713166,1.2404478783123074,3.3475997283756866,0.028388966016780346,12.987637311234957,17.196622191575912,0.0,4.871904991851267,0.0,62.19316008830737
2022-01-21,17.829884710569203,23.037712319671638,13.037609102432548,68.27177944105753,0.9816828635238729,3.431474346592624,0.03376048771654493,11.900657365379333,17.74013767427141,0.0,4.170115289430797,0.0,63.005551093137726
2022-01-22,17.94393130922919,23.497073700730372,12.445998672058913,70.93059093378403,1.1062304581396754,2.507627271081065,0.07027283153256475,12.591425141937853,17.980474200915374,0.0,4.056068690770811,0.0,63.268876467307
2022-01-23,18.33463330717692,24.199071648457778,13.276554596486994,75.03971932154283,1.3305058248324986,2.4045820727953164,0.37340134001327946,13.831307494965701,18.619420042250585,0.0,3.6653666928230813,0.0,64.02024443577903
2022-01-24,18.15530934991248,22.403901128749926,14.697573489467013,84.49468582121085,1.546322206796644,2.2813272771171604,3.1400464779380695,15.497753220674516,18.880480617544695,0.0,3.8446906500875215,0.0,64.09728431675309
2022-01-25,18.73708999818917,22.916056618579105,15.234438341280862,80.79129051729342,1.4353075390837209,3.5931482706585385,1.3746840103820852,15.366786436073523,19.491748502571888,0.0,3.2629100018108304,0.0,64.89366297898482
2022-01-26,18.2880962153679,23.097568660590337,14.06236313152653,78.83074425061871,1.1560970604213197,2.418496227440092,1.6083787046538303,14.54796137219969,18.94250609164085,0.0,3.7119037846320992,0.0,64.09549215604898
2022-01-27,16.919391561538,22.042329329389755,12.59552846019195,77.42289189352329,1.7623021669584116,3.365526522605179,3.0016828635238726,12.941921305634992,16.607803997741037,0.0,5.080608438462001,0.0,61.88609905429451
2022-01-28,14.674895877346534,20.694869922134366,9.766389207460616,73.44934266916158,1.9063282428924972,3.9841239995171125,0.7781915856823807,9.974971205771652,13.385120330986119,0.0,7.325104122653466,0.0,58.34182591681288
2022-01-29,14.11725538721555,20.391782459105453,8.746562443411602,74.3847202269572,1.584101527132251,4.137909482706586,0.0,9.626024347346112,12.959413566755767,0.0,7.88274461278445,0.0,57.483485520595934
2022-01-30,14.94567393010201,21.47109555139736,8.885451801774613,71.82671757107502,1.6657143719442267,3.994070054928473,0.0,9.901662510065867,13.804644008205198,0.0,7.054326069897989,0.0,58.748478816714965
2022-01-31,16.35512585259854,22.418774068932215,10.506056014969516,67.15268606265468,1.1884970121325529,3.731176984366512,0.0,10.244062484166491,15.641844140813127,0.0,5.64487414740146,0.0,60.79702020800413
2022-02-01,16.920997766644536,23.016681354499912,11.022600953703146,74.22976338504256,1.8148825979356555,3.6916749139856346,0.333419448300839,12.30043982309871,16.370087289408243,0.0,5.079002233355464,0.0,61.80812889043807
2022-02-02,18.121949055351,24.04785477153377,12.628140882477215,67.4650944649001,1.254984004345989,4.033024868714915,0.15642119876863644,11.998872528090738,17.870844428397785,0.0,3.878050944649001,0.0,63.40857569040881
2022-02-03,18.33120178668437,25.020589122955283,12.154299511076237,71.83457958592383,1.6437864429287137,3.4836535944950806,0.14280919901008032,13.156984151539943,18.17282200430028,0.0,3.668798213315629,0.0,63.88892370548654
2022-02-04,18.789351119695784,23.977930826341527,14.110881873604155,79.72540049495987,2.3501080461157726,2.39548577895817,16.735494658055174,15.210648127517628,18.846275555045334,0.0,3.210648880304216,0.0,64.93090865506409
2022-02-05,16.8202836965051,21.711548258586344,12.013271563952438,78.98806965654614,2.500808836844329,3.3441816864851814,12.305057644715399,13.152298629717917,16.059757760806818,0.0,5.179716303494899,0.0,61.76796232928556
2022-02-06,15.275588217540898,21.572323896903487,10.112087281946037,72.93300718295407,1.4825532685459044,4.630862787469066,9.603771956298667,10.448005906934652,14.41243666901467,0.0,6.724411782459102,0.0,59.25906339162492
2022-02-07,15.423300537212532,21.65698738455967,9.74453250437617,70.86099474859661,1.5308879097000063,4.74233168950323,0.12012434357457598,10.15791388523527,14.446370509446936,0.0,6.576699462787468,0.0,59.46376136970656
2022-02-08,16.581993722460314,22.63935413774371,10.383686847347139,66.81204321844632,1.483653648819943,4.775813303555261,0.0,10.384049860349194,15.700824689769426,0.0,5.4180062775396856,0.0,61.12342956684222
2022-02-09,17.72623287257802,23.82560511860929,11.236024023661496,65.71412325707732,1.4277449145892436,4.532808752338987,0.0,11.223742354652638,17.123194289724744,0.0,4.27376712742198,0.0,62.76679106776576
2022-02-10,17.836941510231185,23.164771533771955,12.400238425786206,76.84545421621297,1.4485634091869382,2.3405007364036945,1.0385416792418667,13.716239132315298,18.000031659570947,0.0,4.163058489768815,0.0,63.31068652286767
2022-02-11,18.119312488682322,23.931908009899196,13.579374660469611,75.27007303675983,1.8988422768153561,3.9471177702661926,0.17915253214221044,13.670509873208786,17.95198954945407,0.0,3.880687511317678,0.0,63.69497921764237
2022-02-12,16.762109615500695,23.13837146133881,11.467081547654976,65.22253395303918,1.7451089515301503,5.114778740870406,0.010138830204623651,10.194475961856934,15.645746865913825,0.0,5.237890384499305,0.0,61.3503154383785
2022-02-13,17.267607291603788,24.57298786744734,10.594377980322328,65.6722369771232,1.8259304641757712,5.4614582121084085,0.0,10.778082966258973,16.257587693704142,0.0,4.732392708396212,0.0,62.097307689398335
2022-02-14,17.721273012615445,25.032515241142036,11.005526045753609,65.51189110883081,1.55491036397658,5.576336554596487,0.0,11.172491604616688,17.01431848496596,0.0,4.278726987384555,0.0,62.75284716954397
2022-02-15,18.157105088428807,25.16029576869681,11.845561055109556,61.41728858574275,1.3348168044908553,5.602152127723789,0.0,10.613004417012727,17.444621385092237,0.0,3.842894911571193,0.0,63.23319614537299
2022-02-16,18.163170761151683,24.803798515120423,11.816203295708336,61.42432788072675,1.4033572765135514,5.361593625882779,0.0,10.620447380023057,17.404802440659406,0.0,3.836829238848317,0.0,63.2420389559628
2022-02-17,18.4942886461037,25.55275064888031,11.800200398382326,61.27996378342489,1.7669107261423316,5.191737912718054,0.0,10.897264489616653,17.55999746590382,0.0,3.5057113538962987,0.0,63.70440951640418
2022-02-18,18.71798635842337,25.71870042856281,12.021448059395183,57.33516388000241,1.7553968733023482,5.3620094947787775,0.0,10.108190079490742,17.571581180400273,0.0,3.2820136415766292,0.0,63.85011364165688
2022-02-19,18.70000181082876,26.04154342970967,12.372960705015995,57.37406410333797,1.9319502625701697,5.532819049918513,0.0,10.101520540953615,17.428183848422588,0.0,3.299998189171241,0.0,63.82708724405259
2022-02-20,18.91884348403453,26.03158749320939,12.63872698738456,69.62760427355586,1.9768883925876746,3.7274386974105145,1.3719110279471238,13.241932450148882,18.555296183467682,0.0,3.0811565159654712,0.0,64.68143724603254
2022-02-21,19.331782459105455,25.89406349972838,13.619051125731877,70.02565582181447,1.7826661435383597,4.853495889418724,2.2499082513430317,13.724917530839278,19.2646430312891,0.0,2.6682175408945454,0.0,65.31893897797816
2022-02-22,20.248196414559068,26.813379006458625,13.668900826945134,64.35734170338625,1.3718078107080343,4.972675982374601,1.4014486630047684,13.3003350891748,20.32797454381007,0.0,1.751803585440932,0.0,66.36230088165021
2022-02-23,21.429407858996804,27.749834610973622,15.150727349550316,64.68863886038508,1.2922025713768335,4.7516149453733325,0.12083841371400982,14.49943800783372,21.973060790326414,0.0,0.5705921410031962,0.0,68.09075455112742
2022-02-24,22.01333132130138,28.885727047745522,15.505178366632464,68.21836180358545,1.3293324077986357,4.497714082211626,0.20830446067483557,15.8824409124994,23.03719292803005,0.013331321301379262,0.0,1.0371929280300485,69.20435496311217
2022-02-25,22.158521760125556,27.958991971992518,17.401495744552424,73.71186092835156,1.3306374117220983,4.4468359328786145,3.3162926299269633,17.24084238728575,23.718201281918716,0.15852176012555574,0.0,1.7182012819187165,69.84576817802008
2022-02-26,22.821516267278326,29.278100440635004,17.37480593951832,71.35954970724936,1.4324778173477395,5.364145584595884,0.8911492726504499,17.364728021445675,24.361305333818116,0.8215162672783265,0.0,2.361305333818116,70.66676910067522
2022-02-27,22.819367417154588,28.88449326975313,16.511124524657454,63.952052272590095,1.3510394157059213,4.669889231604998,0.4972970362769362,15.638229621398422,23.736250653180758,0.8193674171545879,0.0,1.7362506531807576,70.03985218536378
2022-02-28,23.311480654312792,29.537458803645805,17.587992394519226,66.31536790004226,1.7147600651898351,4.944835160258345,1.4550425544757652,16.674584078613524,24.37428766775695,1.311480654312792,0.0,2.374287667756949,70.95886570469885
2022-03-01,22.823173175590032,29.594582000362166,16.690003621657514,60.631566970483505,1.8072258103458683,5.419907370073037,0.5817890988108892,14.811119914693949,23.11761386149067,0.823173175590032,0.0,1.1176138614906712,69.7656404254697
2022-03-02,22.392334761876022,29.370788917728017,15.82820848675077,56.89560632582847,1.9100446671093139,5.657584288042494,0.0,13.424990544332351,22.137443768841187,0.3923347618760218,0.0,0.13744376884118736,68.86115513186013
2022-03-03,22.67077684553631,30.062720468401043,15.717645922617251,54.63975915977547,1.7528170459346897,5.840637429830386,0.0,13.06361427450004,22.40776644046743,0.6707768455363095,0.0,0.40776644046743016,69.05575402547257
2022-03-04,22.747358604454643,30.002172994507156,15.573350636808115,54.33551336995231,1.8029142270779264,5.966718929196597,0.0,13.049193407112684,22.444645117799894,0.747358604454643,0.0,0.4446451177998938,69.13346703412503
2022-03-05,23.211019496589607,30.810825134303137,16.112578016538905,55.61161707007908,1.7564900102613632,5.647051167984548,0.0,13.836924346792783,23.20189605139852,1.211019496589607,0.0,1.2018960513985206,69.86876601968511
2022-03-06,23.786971690710452,31.43474859660771,17.12096336089817,53.55347437677311,1.7969451318886946,5.988021452284662,0.0,13.790642052656919,23.73415436385612,1.7869716907104518,0.0,1.7341543638561205,70.45662683170792
2022-03-07,24.027555984789043,32.65896963843786,16.303860083298122,55.49717571075029,1.604693064525865,6.0798416973501554,0.0,14.564975616694838,24.37688234266747,2.0275559847890428,0.0,2.3768823426674714,70.96506644936046
2022-03-08,24.820589726564858,32.43409488742681,18.07602523088067,52.603817227017565,1.3541836180358546,6.022175928049737,0.0,14.470713786131446,25.312484144650718,2.820589726564858,0.0,3.3124841446507176,71.73809975499142
2022-03-09,24.791840405625642,32.79271081064768,17.892377618156576,52.31264743164122,1.3395992032353476,5.9698628840465995,0.0,14.358214808145553,25.254546116792856,2.791840405625642,0.0,3.2545461167928558,71.66971915755428
2022-03-10,24.564146797851148,32.89749381300175,17.33275547775699,50.46965171726927,1.3795080581879642,5.99556324621235,0.0,13.594944897738094,24.738165592989922,2.564146797851148,0.0,2.7381655929899225,71.18112692718837
2022-03-11,24.715268908070264,32.418078710689926,17.557796825013586,48.81471479447094,1.5128279109072256,6.0014326069898,0.0,13.221484715438882,24.67259101316734,2.7152689080702643,0.0,2.6725910131673416,71.20758422421345
2022-03-12,24.830348282730732,32.72604152833947,18.100846864248204,48.96442626908916,1.6999716303494903,6.034841968974468,0.0,13.373917614582997,24.706791108055643,2.830348282730732,0.0,2.7067911080556435,71.37143882069148
2022-03-13,25.20118548922557,33.24853322870767,17.67341220498582,49.747344117824596,1.7956570290336211,6.229437604877167,0.0,13.958200712776026,25.20684017349571,3.201185489225569,0.0,3.20684017349571,71.93425130551003
2022-03-14,26.008744492062533,33.99355827850547,18.40977726806302,49.52246151988894,1.5682718657572283,6.090314601315869,0.0,14.629124805894676,26.407270006175583,4.008744492062533,0.0,4.407270006175583,72.95593161767393
2022-03-15,26.683034345385412,34.56526407919358,19.192228526589005,46.31249471841613,1.3664049013098332,6.01794783002354,0.0,14.207452924064057,27.07553362500711,4.683034345385412,0.0,5.075533625007111,73.43500710877619
2022-03-16,26.908232631134183,34.81986780950082,19.81579284119032,50.58205468702844,1.3412778414921231,6.105456443532323,0.0,15.78488743001065,27.889441359437015,4.908232631134183,0.0,5.889441359437015,74.25350717476837
2022-03-17,27.4671956298666,35.27013943381421,19.578881511438407,54.00007786563652,1.29855797670067,5.957821657511922,0.0,17.330042838844953,29.089242381451108,5.467195629866598,0.0,7.089242381451108,75.43005231887629
2022-03-18,27.754312186877527,35.83033138166234,20.17993782821271,51.2758103458683,1.543989859358967,6.058900458743286,0.0,16.777214949534912,28.980182962368232,5.754312186877527,0.0,6.980182962368232,75.45098153944052
2022-03-19,27.964948994990042,36.140935594857254,20.750666988591778,50.439675861652695,1.5864580189533413,6.00251672602161,0.0,16.711749438564954,29.13507881867806,5.964948994990042,0.0,7.1350788186780605,75.61407549986353
2022-03-20,27.03834912778415,35.11596366270296,20.296719985513377,56.67798937647131,2.139092171183679,6.350956123619245,0.0,17.699046611553392,28.225513531618937,5.0383491277841514,0.0,6.225513531618937,75.19384147823418
2022-03-21,27.03777509506851,35.23654674956239,19.63675801291725,58.91399951711234,1.8020220921108232,5.938374153437557,0.07621657511921288,18.314403869294953,28.72436623698639,5.037775095068511,0.0,6.724366236986391,75.47563883453722
2022-03-22,28.35199191163156,35.974431701575426,21.3802221283274,58.653629504436545,1.5432021488501242,5.496488760789521,0.039703024084022445,19.47360867528304,30.74186692278724,6.351991911631561,0.0,8.741866922787239,77.26494317364258
2022-03-23,29.42012555079375,37.14042131949055,22.620884891652082,54.18652200156939,1.6311565159654737,5.3247443532323295,0.03962998732419871,19.19424905056931,31.620500813184357,7.420125550793749,0.0,9.620500813184357,78.07498407687919
2022-03-24,28.44511498762601,35.94004225267098,22.782502565340742,58.81478300235409,3.402715035914771,5.285005613569143,0.37413050039234624,19.604942281810942,29.59456305552932,6.44511498762601,0.0,7.594563055529321,77.41669589250415
2022-03-25,28.23217420172633,35.17143840164183,22.77716544938734,66.8784583811191,3.8102492907587378,4.824943640973019,1.7246055411359933,21.48915576917752,30.02339286188416,6.23217420172633,0.0,8.023392861884162,78.23648422808651
2022-03-26,28.718390173235953,35.52048469849702,24.055852598539268,67.23871370797369,3.520464175771112,4.115258942476006,5.144359268425183,22.039632412764394,31.00196137228243,6.718390173235953,0.0,9.00196137228243,79.00221351476152
2022-03-27,28.348039476066884,35.0523764109374,22.593060300597575,64.75597332045633,2.068569445282791,4.7820051427536665,2.443471962334762,21.07280334417276,31.145453278141154,6.348039476066884,0.0,9.145453278141154,78.1106203027021
2022-03-28,28.099963783424883,34.483474980382695,22.737958592382448,65.22649544274763,2.1037604877165452,4.945112796523209,1.314658055169916,20.955645320462484,30.813453288335253,6.099963783424883,0.0,8.813453288335253,77.81597727959361
2022-03-29,27.85639524355647,34.13010683889661,22.786523208788562,68.78451741413653,2.7158930403814816,4.514866952375203,2.6889841250679063,21.590685601916647,30.466050163671433,5.85639524355647,0.0,8.466050163671433,77.94103272446432
2022-03-30,28.225781976217785,34.055826039717516,23.46871189714493,69.94613870948272,2.5554687028430014,4.481402945614777,2.6988398623770147,22.218126913601044,31.280034590855692,6.225781976217785,0.0,9.280034590855692,78.65122621973018
2022-03-31,29.029221343634937,35.23444317015754,23.979119937224606,68.83958290577655,2.994037544516207,4.730713255266494,2.8626118186756804,22.72299024097676,32.05248685265833,7.029221343634937,0.0,10.052486852658333,79.69407203022908
2022-04-01,29.302373996499067,35.298810285507344,24.317971871793326,68.99726685579768,3.241162552061327,4.969283068751133,6.807438884529486,23.021450414807635,32.31917398794429,7.3023739964990675,0.0,10.31917398794429,80.12412995141273
2022-04-02,29.037893402547233,34.697094827065854,24.72167079133217,69.73424277177521,2.4807955574334524,4.076145747570472,7.14359872034768,22.944477136115708,32.54358455315186,7.037893402547233,0.0,10.54358455315186,79.83793884404375
2022-04-03,28.8823933120058,34.69898171062956,24.050842035371527,68.43928170459348,3.180410454518018,4.621468787348344,3.2751276634272957,22.486808345915204,31.645341519009122,6.882393312005799,0.0,9.645341519009122,79.4175606059755
2022-04-04,29.251600169010686,35.831433572765135,24.500695358242286,65.94884408764412,4.367750347075512,5.418455441540413,6.040666988591779,22.228187206847696,31.04351359256996,7.251600169010686,0.0,9.043513592569958,79.59573877518969
2022-04-05,28.982728918935237,35.69321361743225,23.696849761574217,67.80142451862136,3.089218929196596,5.52528524174564,9.172561719080099,22.42825258219807,31.77768193329816,6.982728918935237,0.0,9.777681933298162,79.47348107587524
2022-04-06,29.0942065552001,35.854411178849524,23.4624138347317,67.05127603066337,2.4104436530452102,5.383730295165088,1.7940592744612784,22.35126350407883,32.322586384285756,7.094206555200099,0.0,10.322586384285756,79.52801824200313
2022-04-07,30.0088446912537,37.299593770749084,23.78683829299209,60.71466771292329,1.9389279893764717,5.7954935957023,0.45938130017504675,21.5872526725427,33.16229083980987,8.0088446912537,0.0,11.16229083980987,79.8839339411239
2022-04-08,29.83065612361925,37.02947908492787,23.302586467073098,58.10075632281041,2.23187541498159,5.924695279773044,0.09363554053238364,20.70291933564443,32.329536597285085,7.830656123619249,0.0,10.329536597285085,79.22985281229023
2022-04-09,29.689374660469607,36.645985392648036,23.571918874871734,60.83052393312006,2.573788857367055,5.548439403633729,1.9507605480775037,21.31828494465311,32.2592283690944,7.689374660469607,0.0,10.259228369094402,79.45210644043703
2022-04-10,29.72116496649967,36.81879338443895,23.64109132613026,63.773589666203904,2.5768274280195573,5.159303627693609,2.6278161405203115,22.12184448784386,32.710014865854795,7.721164966499671,0.0,10.710014865854795,79.94778885101742
2022-04-11,30.04895696263657,36.458098629806244,24.663873966318587,66.01132069777269,2.9616007726202693,4.73929793565522,3.138337659202028,23.000548971514792,33.25036163495208,8.04895696263657,0.0,11.250361634952078,80.76924873657171
2022-04-12,30.099680086919783,36.17067724995473,24.966749562383054,66.41269451318887,2.391242228526589,4.549015844751616,2.195038932818253,23.148979679966335,33.78397723955942,8.099680086919783,0.0,11.78397723955942,80.9063246452098
2022-04-13,30.3518132431943,36.78124826462245,25.161273616225028,65.60217178728799,2.949219532806181,5.171936560632583,6.805895454819822,23.184999455959154,33.66613164179066,8.3518132431943,0.0,11.666131641790663,81.14618652154311
2022-04-14,30.425026860626556,37.03646465865878,25.676610128568846,65.29660711052092,3.396927023601135,4.622516587191405,3.9721742017263235,23.17711636254812,33.4215486993963,8.425026860626556,0.0,11.421548699396297,81.20382031704001
2022-04-15,31.10151687088791,38.50521880847469,25.80006458622563,60.39521216876925,3.743136355405324,5.528178131224725,2.2339820124343572,22.52652149466254,33.494113108670426,9.10151687088791,0.0,11.494113108670426,81.36813004628587
2022-04-16,30.320995955815786,36.224116617371884,25.240109253334946,65.00790124947184,3.3417607291603795,5.019803700126758,3.144814993662099,23.00524318032447,33.2591566037247,8.320995955815786,0.0,11.259156603724698,81.00670209354176
2022-04-17,30.653930102010026,36.94519466409127,25.426002897326015,63.28118669644475,3.250194362286474,5.394158272469367,2.9691368382929926,22.87520640245115,33.583751919515365,8.653930102010026,0.0,11.583751919515365,81.20882393497061
2022-04-18,30.459234019436234,36.7391120903,25.16771775215791,64.85897869258163,2.7209422345626852,5.616558616526831,3.536790607834853,23.09823222025026,33.88439692470368,8.459234019436234,0.0,11.88439692470368,81.18324238640696
2022-04-19,30.348947304883204,36.57856220196777,25.044262087281947,65.66519285326252,2.8645228466228043,5.876391917667653,5.173012011830748,23.19817850421352,33.73001966288264,8.348947304883204,0.0,11.73001966288264,81.15206484972333
2022-04-20,28.775096275728863,34.01219412084264,24.95112874992455,71.18274944166114,2.137824591054506,3.3896447757590393,14.467033258888153,23.032844830427116,32.57017853877184,6.775096275728863,0.0,10.570178538771842,79.65266578453273
2022-04-21,28.296590209452525,33.352767549948695,23.362800144866306,68.72192792901552,1.505134303132734,5.492726166475524,8.669183919840647,21.99580565512643,31.96721858803589,6.296590209452525,0.0,9.967218588035891,78.58727687589261
2022-04-22,29.46291784873544,34.91965654614595,24.98405323836543,69.0075252007002,2.240764773344601,4.168116279350516,8.579436228647312,23.17713560462599,33.26792712629444,7.46291784873544,0.0,11.267927126294438,80.36488110941522
2022-04-23,29.68722339590753,35.93891591718477,24.792958290577655,69.6486394639947,2.3629033621053908,6.039341117884952,13.384952616647553,23.544631955859945,33.61705864325601,7.68722339590753,0.0,11.617058643256009,80.79712182379711
2022-04-24,30.260289128991374,37.26099595581578,24.649349912476612,65.23395907527012,2.6799655942536367,6.790992804973745,7.873642783847407,23.00511963311721,33.661584791061436,8.260289128991374,0.0,11.661584791061436,80.95452582281885
2022-04-25,30.534321844630888,37.67068871853686,24.443165932275008,64.36694814993663,2.5644661073217847,6.477241787891593,0.9879060783485243,23.043339195490805,34.0381719753422,8.534321844630888,0.0,12.038171975342202,81.21262805178218
2022-04-26,30.489835818192798,36.98898231423916,25.03702058308686,67.64341824108168,2.5477340496167082,6.241308353956661,1.2384511378040683,23.824618469681663,34.453863305761224,8.489835818192798,0.0,12.453863305761224,81.67558359135776
2022-04-27,30.615746363252253,37.19352145832076,25.47589907647734,68.34861954487837,2.7608637653165933,6.060040828152352,3.817926601074425,24.117258523909253,34.603503104161014,8.615746363252253,0.0,12.603503104161014,81.97583587878353
2022-04-28,30.89025049797791,37.508238667230046,25.355716182772984,66.50683587855376,1.9199643870344663,5.934383491277842,1.1364435323232935,23.923361028726347,35.35209152630065,8.89025049797791,0.0,13.352091526300647,82.0793442330349
2022-04-29,31.282262932335367,37.9222164543973,25.217190197380337,64.2845524234925,2.0069578076899863,5.873388344298908,1.7492394519224967,23.729545515707727,35.5699752352747,9.282262932335367,0.0,13.569975235274697,82.27849751087726
2022-04-30,30.82398985935897,37.110854107563235,25.89850184100924,64.62206011951471,2.3578336451982858,5.413306199070441,6.47966861833766,23.382923724712597,34.665410447484554,8.82398985935897,0.0,12.665410447484554,81.67271248842513
2022-05-01,30.686459226172513,36.65019134423855,25.462290698376297,60.60515784390657,1.7523094102734351,6.064335148186154,1.9239753727289193,22.194007537931533,34.29197177959238,8.686459226172513,0.0,12.29197177959238,80.81960170214334
2022-05-02,30.36983943985031,36.32209331804189,25.667938069656547,62.94486328242893,1.9846037303072375,5.544866209935415,3.9844896480956122,22.51921290644939,33.98879942447821,8.36983943985031,0.0,11.98879942447821,80.74806515371745
2022-05-03,28.8931128146315,33.374234321241026,25.246255809742262,70.57003380213679,2.429268425182592,2.7412375384801115,10.768883925876745,23.00292963880712,32.46749029012517,6.8931128146315,0.0,10.46749029012517,79.74228486397247
2022-05-04,28.463703144805947,33.009605842940786,24.617677913925277,72.45484758857971,1.7543013219049919,4.49365224240961,10.398864006760428,23.02703048291293,32.523716384256055,6.463703144805947,0.0,10.523716384256055,79.3607971947242
2022-05-05,28.790688718536853,33.32977907889178,24.795886400676046,70.26235528460192,1.4835401702179032,5.700474817408101,5.194903724271141,22.832727702163552,32.93193318839474,6.7906887185368525,0.0,10.931933188394737,79.54378781014897
2022-05-06,29.110547473893895,33.896992817045934,24.76671213858876,69.93942174201726,1.5344630892738578,5.8675242288887555,11.649279893764714,23.062498818642485,33.34494830744095,7.110547473893895,0.0,11.344948307440951,79.97690981744142
2022-05-07,30.129339651113664,35.231503591477036,25.581978028611104,64.66120661556106,1.1576386793022275,6.2876599263596304,2.643968733023481,22.73544435478143,34.445902806300516,8.129339651113664,0.0,12.445902806300516,80.67425253196092
2022-05-08,30.441780648276698,36.06895273736947,25.123283032534562,63.93080642240599,1.661043640973019,6.320517528822358,1.4287088790970004,22.84347842343571,34.46615957775691,8.441780648276698,0.0,12.466159577756912,81.00906425157811
2022-05-09,29.222694513188877,33.73778233838353,25.68629383714614,71.62084082815235,2.5242282851451687,3.244832148246514,12.420379066819583,23.563547411055474,33.0501146820205,7.222694513188877,0.0,11.0501146820205,80.39429405428538
2022-05-10,27.8317601255508,31.455118609283517,25.070479266010746,81.15091990100805,2.3675052815838717,3.8571120480473233,23.53913321663548,24.29901728470483,32.20094963241539,5.831760125550801,0.0,10.200949632415387,79.5654050012219
2022-05-11,28.64660288525382,32.52144262690892,25.42913744190258,81.91221826522604,3.308535643146013,3.822044081608017,23.501067785356433,25.2496175099564,32.943237960508434,6.64660288525382,0.0,10.943237960508434,80.98699075895215
2022-05-12,29.418090782881638,33.38575058851935,26.312220679664392,79.90211384076778,3.5823263113418244,5.220482833343394,18.646803283636142,25.582493570294545,33.735795214242266,7.418090782881638,0.0,11.735795214242266,81.93424462035324
2022-05-13,29.26719200820909,33.02430011468583,26.354528279109076,82.914120842639,4.080796161043038,3.5718388302046242,34.78436409730187,26.060248637704532,33.546494169449275,7.26719200820909,0.0,11.546494169449275,82.14075515416093
2022-05-14,29.89030904810769,34.78544938733627,26.55380575843545,81.09622261121507,4.271964749200218,4.524185012373998,18.286602885253817,26.292612954389575,34.190347758539474,7.890309048107689,0.0,12.190347758539474,82.87430274730475
2022-05-15,29.77764652622684,33.6755266493632,26.97760427355587,82.4292515241142,3.8698581517474495,5.105431357517958,9.428248928592986,26.45920830254531,34.47052922835385,7.777646526226839,0.0,12.470529228353847,82.8977961545742
2022-05-16,29.112815838715523,32.338710689925755,26.868771050884295,84.66477575903906,3.1305981770990527,5.296080364580189,10.187825798273678,26.262969705449866,34.19125993693038,7.112815838715523,0.0,12.19125993693038,82.1468252086613
2022-05-17,28.830571014667715,31.927609102432548,26.704151626727832,85.01851512042012,3.4287577714734114,4.804307062232149,20.687350153920445,26.057103784564298,33.563778206078574,6.830571014667715,0.0,11.563778206078574,81.7331140118024
2022-05-18,28.320507032051673,31.028783123076,26.52645922617251,85.24928774068933,3.095858634635118,5.740457427415949,21.9128538661194,25.603067767409954,32.99085509308948,6.3205070320516725,0.0,10.990855093089479,80.92353872035795
2022-05-19,29.20243254662884,33.372116858815716,26.24630108046116,83.50667833645198,3.130003621657512,4.959166282368565,25.320724935111972,26.117454339712946,34.18494000199551,7.202432546628842,0.0,12.184940001995507,82.1229657699867
2022-05-20,28.83413955453613,32.18659322750045,26.283667531840404,84.17678517534858,2.8340647069475473,4.922361888090784,25.06389569626366,25.89240705541549,33.87568806133295,6.834139554536129,0.0,11.875688061332951,81.6175062883608
2022-05-21,28.45112995714372,31.517734049616713,26.035027464236137,87.41703748415526,2.4286762841793927,4.155451385283999,43.70404720226958,26.15544958416455,33.94889798575644,6.451129957143721,0.0,11.948897985756439,81.44398550729866
2022-05-22,28.776847347135877,32.490388724572945,25.49513007786564,82.0779078891773,1.6296668075089034,5.330025043761696,14.237779923945194,25.410636106363444,34.350885486962135,6.776847347135877,0.0,12.350885486962135,81.22169340065852
2022-05-23,28.636042131949058,32.22734472143418,25.422836361441423,81.57908372064948,1.765835697470876,5.9331587674292265,16.254399106657814,25.17082527127504,33.96292323218065,6.636042131949058,0.0,11.96292323218065,80.92246643488889
2022-05-24,29.259028792177226,33.247265648578505,25.046655399287744,78.87464598297822,1.2168805456630654,5.885942101768577,8.625151807810708,25.210164147276995,34.99554655476242,7.259028792177226,0.0,12.99554655476242,81.52722939008038
2022-05-25,29.149383111003807,32.21185187420777,26.38379791151084,79.77629806241325,1.3829613086255808,4.817010050099597,8.118324983400738,25.294786188880206,34.82296227681219,7.149383111003807,0.0,12.822962276812191,81.48601832180469
2022-05-26,28.84474799299813,32.39264260276454,25.47511438401642,79.41816442325106,1.9326413955453614,5.98040132794109,12.248506066276335,24.923227226011296,33.900416835164314,6.84474799299813,0.0,11.900416835164314,80.94755210600201
2022-05-27,28.906410937405685,32.90113056075331,25.396134484215615,79.41053479809261,2.096878131224724,5.25777675499487,9.241828333433936,24.981512480545916,33.88340026686044,6.906410937405685,0.0,11.883400266860441,81.0447472553274
2022-05-28,28.97793384438945,33.02897084565703,25.257374901913444,78.83805094464901,1.6920082090903605,5.38448502444619,7.983129112090301,24.92957577144488,34.206115262650194,6.977933844389451,0.0,12.206115262650194,81.07530598642855
2022-05-29,28.480255930464175,31.604105148789763,25.75961791513249,84.51232932938977,1.9745735498279715,3.615086195448784,20.629186937888573,25.61318339446806,33.942169616793485,6.480255930464175,0.0,11.942169616793485,81.08375700674615
2022-05-30,28.164319430192556,31.110989919719927,25.697435262871977,85.39650147884348,1.7881318283334342,3.80009844268727,13.30333313213014,25.47904569635416,33.670442250937306,6.164319430192556,0.0,11.670442250937306,80.68570278991118
2022-05-31,28.356707913321667,31.443248626788197,25.60469125369711,83.95238667230036,1.8895937707490797,4.751233126094043,7.440219110279473,25.380308792337132,33.72909034219611,6.356707913321667,0.0,11.729090342196109,80.80235572477268
2022-06-01,28.247424397899444,31.098777086980146,25.92639162189896,86.46866541920687,2.4787221585078774,4.759542047443714,7.727510714070141,25.770937076683932,33.45808799997938,6.247424397899444,0.0,11.458087999979377,80.97162259011685
2022-06-02,28.56906500875234,31.907096034285022,25.906577533651237,83.96846079555745,2.6836922798334037,3.8742940785899687,6.885668497615742,25.59126013052856,33.520590904146275,6.5690650087523395,0.0,11.520590904146275,81.15279780397313
2022-06-03,28.543507575300296,31.426005915373942,26.290420715880973,86.53372366753186,2.8716188809078287,3.3253941932757893,14.480517897024207,26.074360217618228,33.67777842646681,6.543507575300296,0.0,11.677778426466809,81.47370982234703
2022-06-04,28.29507092412628,31.016747751554295,26.22792116858816,86.5595195267701,2.924190257741293,3.1028318826582963,22.69037725599083,25.835450080447902,33.235863209978895,6.2950709241262786,0.0,11.235863209978895,81.06356336912867
2022-06-05,28.570137622985456,32.04395485000302,25.87488742681234,84.93675439125974,2.728320154524054,4.786535359449509,11.045541739602825,25.785710821599,33.61599591949031,6.570137622985456,0.0,11.61599591949031,81.29176508812702
2022-06-06,28.7907116557011,32.353928894790855,25.994775155429473,85.23593227500453,2.88642723486449,4.797607647733446,11.181856703084446,26.0612467758799,33.90623630182864,6.790711655701099,0.0,11.906236301828642,81.69862656530546
2022-06-07,29.122629323353657,32.57925333494296,26.182675197682144,84.53694211384078,2.7691265769300415,4.405663457475706,14.625239934810162,26.246982693733884,34.44348234049557,7.122629323353657,0.0,12.44348234049557,82.14416408740175
2022-06-08,28.86353775577956,31.64186937888574,26.591972596124826,86.82629142270781,2.709328786141124,4.431654958652744,17.508254361079253,26.445838497243845,34.35884130664514,6.863537755779561,0.0,12.35884130664514,82.04898364649017
2022-06-09,28.588575481378648,31.101637592804977,26.775157843906566,89.5939880485302,3.1812229130198597,2.418842107804672,22.216189412687875,26.708002493774227,33.930512552470894,6.588575481378648,0.0,11.930512552470894,81.98297100614599
2022-06-10,28.01394821029758,30.643790064586224,25.85145892436772,85.61380877648338,2.576538299028189,4.992153033138167,23.69973320456329,25.374397690341404,32.90137280874761,6.013948210297581,0.0,10.90137280874761,80.46657815593171
2022-06-11,28.40209633608982,31.955518198829,25.368236252791696,85.77634152230337,2.952855073338565,5.120353998913504,2.914231303193095,25.787031756575754,33.2914664294414,6.402096336089819,0.0,11.2914664294414,81.13216304239819
2022-06-12,28.944066517776307,32.295149996981955,26.199174262087283,86.34368865817589,3.2918325587010324,4.428182078831413,18.827136476127244,26.430371631609603,34.0213196528747,6.944066517776307,0.0,12.021319652874702,82.11313672656783
2022-06-13,29.447114746182166,32.874731695539325,26.64349791754693,85.93981650268607,3.3694084626063856,4.088529625158448,13.940395364278384,26.844369208314756,34.75139974907423,7.447114746182166,0.0,12.751399749074231,82.8891545987633
2022-06-14,29.060793142995113,32.061603187058616,26.913501539204443,87.94184764894068,3.434097905474739,3.43408815114384,17.28753485845355,26.856642274291776,34.32779285341506,7.060793142995113,0.0,12.327792853415062,82.5416068843352
2022-06-15,28.28295949779683,30.551134786020402,26.755598478903845,89.71961489708458,3.603850425544758,3.4197782941993125,17.11876863644595,26.430363746080758,33.141095609202786,6.282959497796831,0.0,11.141095609202786,81.482105395979
2022-06-16,27.74449870223939,30.024190861350878,26.134293474980378,89.6631297156999,3.8983225689623957,2.515074545783787,32.64228828393795,25.888582586607264,32.037454474317684,5.74449870223939,0.0,10.037454474317684,80.5606941430903
2022-06-17,27.379207460614477,29.433246815959436,26.017531236796042,91.985542946822,3.946471901973803,1.4877393191283879,52.058192189291965,25.959795254957797,31.684630923960505,5.379207460614477,0.0,9.684630923960505,80.24236042133224
2022-06-18,27.48551880243859,29.74095913563108,25.964577171485487,90.19423190680268,4.20471056920384,2.431192967948331,58.569215911148675,25.732752327617572,31.46247783316086,5.485518802438591,0.0,9.462477833160861,80.19079821683061
2022-06-19,27.3737460010865,29.468583931912843,25.8172330536609,89.86764592261726,3.6954071346652984,2.708324059878071,38.24804430494356,25.561278571124806,31.596621152496702,5.373746001086499,0.0,9.596621152496702,79.95819692002533
2022-06-20,27.28660650691133,29.564621838594793,25.581878433029523,89.89104001931551,3.3672004587432856,3.1425393372366757,32.425195871310436,25.479686278180846,31.686912297276237,5.28660650691133,0.0,9.686912297276237,79.81318981778844
2022-06-21,27.442442807991792,29.771457113538965,25.389941449870225,90.16201364157665,2.315327458200037,4.032039777871673,20.53,25.68420612980675,32.71054736164718,5.442442807991792,0.0,10.71054736164718,80.11328331012983
2022-06-22,27.866010140641034,30.981081064767306,25.3911842820064,85.81430252912418,2.1486847347135876,4.613605746363253,7.614857246333073,25.26865191065941,32.985790789024655,5.866010140641034,0.0,10.985790789024655,80.24857079320506
2022-06-23,27.95774008571256,31.150900585501297,25.1718174684614,87.30606205106537,2.7118983521458326,5.031279422949237,11.034012796523209,25.648935952527328,32.9260176309062,5.957740085712562,0.0,10.926017630906202,80.60292104052442
2022-06-24,27.962875596064467,30.641029154342974,25.72418422164544,88.49168889961973,2.895211565159655,5.50850618699825,4.432182048650932,25.88164442458687,32.95370683122026,5.9628755960644675,0.0,10.95370683122026,80.77231815516339
2022-06-25,28.24548862195932,31.440771413050044,25.50756805698075,87.23112150660951,2.975585199492968,5.514507828816322,7.641900162974588,25.917290778374227,33.20361940593011,6.245488621959321,0.0,11.203619405930112,81.07396590057259
2022-06-26,28.213093499124767,31.25935715579164,25.789122955272532,87.47527071889901,2.7837635057644716,6.096305305728254,5.635087825194664,25.9326715702607,33.31552074995568,6.213093499124767,0.0,11.315520749955681,81.05351573231385
2022-06-27,28.60470936198467,31.74042614836724,25.841877225810347,85.96607291603792,2.424148005070321,6.002012506790609,6.028813907164847,26.023116319819646,34.0185583745767,6.604709361984671,0.0,12.018558374576699,81.49499829722274
2022-06-28,28.156775517595218,30.91663366934267,26.23029999396391,87.97990825134305,2.929176072916038,4.649909893161104,9.460531176435083,25.97449715453936,33.18473814503384,6.156775517595218,0.0,11.18473814503384,81.02861889279967
2022-06-29,27.99619967405083,30.41289732600954,25.86978752942597,88.17894549405445,2.437667652562323,3.201289092774794,17.363819037846323,25.85465244925158,33.28975312378999,5.996199674050828,0.0,11.289753123789993,80.78594523908475
2022-06-30,27.84514335727652,30.119745880364587,25.871707611516868,89.62090722520675,2.248491579646285,2.7760009476670495,14.509750709241263,25.979890086652357,33.35279893579648,5.84514335727652,0.0,11.352798935796478,80.72577414034205
2022-07-01,28.48517534858454,31.52627150359148,25.998801834973143,88.5697615742138,2.320228164423251,4.850828605058249,8.316543731514457,26.410901958703096,34.22900845553044,6.485175348584541,0.0,12.22900845553044,81.6633465024189
2022-07-02,28.419377074907956,31.400619907044128,26.219438643085656,87.33121627331442,2.3842144021247056,5.607058634635117,7.3909543067543915,26.10761046354417,33.9166262263073,6.419377074907956,0.0,11.9166262263073,81.3787941733857
2022-07-03,28.317562020884893,31.300327156395245,25.950527554777576,88.17862859902216,2.7067175710750293,5.029568751131768,5.5553165932275,26.170894165452868,33.63078354937382,6.317562020884893,0.0,11.630783549373817,81.32636494114257
2022-07-04,28.332210418301447,31.462521880847472,25.964331502384262,88.30155670912056,2.3145602704170947,5.857195406531056,9.39190619907044,26.20889953357274,33.94514453660814,6.332210418301447,0.0,11.94514453660814,81.36812701799161
2022-07-05,28.74054868111306,31.90483129112091,25.982504376169494,86.06170580068812,2.538337055592443,5.604972547836061,2.70230759944468,26.175206952756188,34.17493300603231,6.7405486811130615,0.0,12.174933006032312,81.73415976103443
2022-07-06,28.19740628961188,30.703688658175896,26.32984607955575,88.95276634272953,2.4632419870827547,4.5574335184402734,14.280239633005372,26.200551817640402,33.70058600794967,6.19740628961188,0.0,11.700586007949667,81.23109960984503
2022-07-07,28.556083177400858,31.963679604032112,25.672533349429596,85.9975288223577,2.3968177702661926,6.208521156515966,2.8112609404237343,25.981593952485177,33.96175994614562,6.556083177400858,0.0,11.96175994614562,81.41874825252292
2022-07-08,28.481108830808235,31.622054687028434,25.97154101527132,86.70453733325286,2.525046779742863,5.496464477575905,4.392303977787167,26.04643851653235,33.83953416820572,6.481108830808235,0.0,11.839534168205716,81.39384732779068
2022-07-09,28.485929256956606,32.01379549707249,25.599732600953708,84.66268425182592,2.4122206796643937,6.477549834007363,1.5620100199191165,25.64870806986068,33.66436790834247,6.485929256956606,0.0,11.66436790834247,81.11426921631802
2022-07-10,28.681654493873364,32.357955574334525,25.459074666505707,85.73557312730125,3.123919840647069,6.370541956902277,3.721697953763506,26.05318721908627,33.62551649262903,6.6816544938733635,0.0,11.625516492629032,81.589781927482
2022-07-11,28.247813122472387,31.41341039415706,25.83573730910847,86.74074364700913,3.196139916701877,5.529603730307238,5.854924246997042,25.82435406975866,32.990974426970105,6.247813122472387,0.0,10.990974426970105,81.00994657925858
2022-07-12,28.96803102553269,32.68568358785538,25.806243133940967,84.5517021790306,3.1539675258043096,6.592697597633851,3.6200670006639712,26.098586033336986,33.92106795211199,6.968031025532689,0.0,11.92106795211199,81.89194302648332
2022-07-13,29.477194422647433,33.03399468823565,26.55749924548802,84.28761876018592,3.1304207158809683,6.4513230699583515,1.7657252369167622,26.543943715011853,34.74443789385154,7.4771944226474325,0.0,12.74443789385154,82.68996369281103
2022-07-14,29.207220377859603,32.5289678276091,26.784312790487117,85.90962334761876,3.140152109615501,6.825285778958171,1.9005770507635662,26.60306475866717,34.5073316702669,7.207220377859603,0.0,12.5073316702669,82.48660355715872
2022-07-15,29.23982374600109,32.52045029275065,26.645276754994867,85.08527071889903,2.7912597332045634,6.1751105450594554,5.296902879217722,26.471361273560507,34.69532600670659,7.23982374600109,0.0,12.695326006706587,82.41836320529336
2022-07-16,29.377570471419087,33.16211806603489,26.349302227319374,84.62661133578801,3.228299631798153,6.365918289370436,2.485758435443955,26.514555313060267,34.55637042958382,7.377570471419087,0.0,12.556370429583822,82.57706672752686
2022-07-17,29.33008812699946,32.9887788978089,26.490965171726927,85.11369650510049,3.3024941148065436,5.783968473471359,10.072292509205047,26.565470726940077,34.491262492695455,7.33008812699946,0.0,12.491262492695455,82.57162039795793
2022-07-18,29.160580672421084,32.786734472143415,26.264750407436473,83.94793746604695,2.896533470151506,5.183896118790368,3.7222985453009,26.165728608945553,34.33838924719511,7.160580672421084,0.0,12.33838924719511,82.11966757044632
2022-07-19,28.984142572584055,32.26010623528702,26.533146616768274,85.1690668195811,3.026146556407316,5.193491875414983,8.669573248023179,26.237520101224636,34.118648285434766,6.984142572584055,0.0,12.118648285434766,82.00849219077433
2022-07-20,28.86738697410515,31.784999698195215,26.603919237037484,86.99507877105088,2.7788380515482594,3.9704828937043524,18.586786986177344,26.482568055295015,34.33872790402015,6.867386974105148,0.0,12.338727904020153,82.07982427351965
2022-07-21,28.932528520552907,32.16041588700429,26.50140882477214,85.15061688899621,2.604008571256112,5.573922695720409,7.82115832679423,26.18327473695066,34.326486863233704,6.932528520552907,0.0,12.326486863233704,81.92056050126243
2022-07-22,28.971450473833528,32.046154403331926,26.555670308444498,86.6518911088308,2.5615711957505884,5.349518035854409,4.248530210659746,26.51771197473856,34.618656499538396,6.971450473833528,0.0,12.618656499538396,82.20359777663026
2022-07-23,28.282288887547537,30.99716907104485,26.312587070682685,88.13327277117162,2.398838655157844,4.552032727711716,14.736838292992093,26.12746963339309,33.782270841312155,6.282288887547537,0.0,11.782270841312155,81.26074664218234
2022-07-24,27.636345143960888,29.791156515965476,25.94302106597453,89.33417214945374,2.5058833826281157,2.5272406832860512,17.322710810647674,25.719878174384416,32.79430707875209,5.636345143960888,0.0,10.794307078752091,80.3336554723706
2022-07-25,27.368215730065792,29.59863101346049,25.49780527554778,84.88798213315627,1.6084891652079438,3.828435842337177,17.31419267217964,24.59863464151908,32.449647595536916,5.368215730065792,0.0,10.449647595536916,79.30302923598003
2022-07-26,28.086718778294202,31.525628659383113,25.02749019134424,81.28127361622504,1.3692750648880305,3.4215155248385343,10.150856522001572,24.5742143871535,33.32139296012691,6.086718778294202,0.0,11.321392960126907,79.99411436190393
2022-07-27,28.582377618156585,32.05336934870526,25.369633608981715,82.79330536608923,1.5665437315144566,6.004676899861171,7.08634212591296,25.366905071918968,34.172604001553175,6.582377618156585,0.0,12.172604001553175,81.00796130409753
2022-07-28,28.42642059515906,31.51985815174745,26.079050522122294,85.0726902879218,1.7188199432606992,4.386984620027766,8.38537997223396,25.671892001279662,34.105129077312036,6.426420595159058,0.0,12.105129077312036,81.07378982752819
2022-07-29,28.705430071829547,32.05285990221525,25.64452827910908,82.30858634635119,1.5250033198527193,5.1520133337357406,6.422852658900224,25.388202251198642,34.33839000065126,6.7054300718295465,0.0,12.338390000651259,81.13894132035234
2022-07-30,29.11201122713829,32.43898895394459,26.452277418965416,84.89238546508119,1.8330047685157245,4.878658737248748,7.135212772378825,26.3076690686661,35.128541814130266,7.112011227138289,0.0,13.128541814130266,82.17898626231889
2022-07-31,28.357767248143897,30.469896782760912,26.819511076235898,88.97023661495744,2.3686527434055655,4.0740941812035985,15.998264622442205,26.36188939527881,34.03475545105856,6.357767248143897,0.0,12.034755451058558,81.50447234535378
2022-08-01,28.821615259250322,31.406768877889785,26.65244522243014,88.35799480895759,1.814875958230217,3.2494239270839627,17.45758314722038,26.70152984694002,35.115840580372186,6.821615259250322,0.0,13.115840580372186,82.19994226953649
2022-08-02,29.38839077684554,32.68279652320879,26.467770869801413,84.11514275366693,1.366841914649605,4.594498424578982,11.663545602704172,26.42229556168527,35.80818863225655,7.38839077684554,0.0,13.808188632256552,82.5182189198975
2022-08-03,28.340857729220744,30.667647733446007,26.442725297277722,87.36024084022455,1.509439246695238,4.329719810466591,12.863159292569566,26.036041682136716,34.403225745200345,6.340857729220744,0.0,12.403225745200345,81.2514530708169
2022-08-04,28.786293837146136,31.935061869982498,25.903239572644416,84.8919291362347,1.6335836301080462,4.8378062594314,14.777582543610796,25.9885329301112,34.731022030944004,6.786293837146136,0.0,12.731022030944004,81.64183743927751
2022-08-05,29.198947908492787,32.55349731393735,26.539214100319917,85.27870586104909,1.6346013158688961,5.790336186394641,12.466467676706706,26.46983389834037,35.46304066754316,7.198947908492787,0.0,13.463040667543162,82.37950958420767
2022-08-06,28.687140701394338,31.450472626305306,26.5930264984608,87.69001267580131,1.8513653648819948,4.555320842638982,13.609395786805095,26.440360309073586,34.779153533597984,6.687140701394338,0.0,12.779153533597984,81.87810805317773
2022-08-07,29.65526890807026,33.175636506307725,26.23022092110823,82.96448783726686,1.8800663970543854,6.254507520975435,11.513380213677795,26.44953605919847,35.734377397336615,7.6552689080702585,0.0,13.734377397336615,82.7806708442345
2022-08-08,28.47706404297701,30.96107382145229,26.440976640309053,88.20481559727169,3.175224844570532,5.349892328122172,8.533300537212531,26.332915146013345,33.57021844745726,6.477064042977009,0.0,11.570218447457258,81.59829961499932
2022-08-09,28.4039681294139,31.601402788676285,25.86333977183558,87.7264682803163,3.6820987505281586,5.501854409368021,8.046423009597394,26.1688833972399,33.03318162601237,6.403968129413901,0.0,11.033181626012372,81.40836116256702
2022-08-10,27.747955574334526,30.039702420474438,25.81642602764532,89.96718053962698,4.103482223697712,3.9999405384197506,6.123764109374059,25.949193562466135,31.936910762245006,5.747955574334526,0.0,9.936910762245006,80.60714374937837
2022-08-11,28.12819943260699,31.07039415705922,25.68161767368866,88.35973924065917,3.56411722098147,5.0883820063982625,5.360838413714012,26.019204023736837,32.74100765213839,6.128199432606991,0.0,10.741007652138393,81.03276076717478
2022-08-12,28.780024747992996,32.411491519285335,25.433684432908795,84.74751916460436,1.644437134061689,5.651815379972234,3.007262026920988,25.95361406039859,34.69426661191887,6.7800247479929965,0.0,12.69426661191887,81.61073402757461
2022-08-13,28.19459467616346,31.498015331683472,25.879829178487356,88.8178988350335,3.0442983038570657,4.508797386370497,8.796334278988349,26.17209290189835,33.27217524369074,6.194594676163462,0.0,11.27217524369074,81.20774488510855
2022-08-14,27.739045089636022,30.702935353413416,25.743476791211446,88.62977726806302,4.9535118005673935,3.552686883563711,18.627083358483734,25.687534659717116,31.16287002471651,5.739045089636022,0.0,9.162870024716511,80.41360202433972
2022-08-15,28.17441781855496,31.54815355827851,25.503560089334222,87.75246876320396,3.0853660892134966,4.608749960765377,8.686240719502626,25.94810324382052,33.07577932878762,6.174417818554961,0.0,11.075779328787618,81.02692594838462
2022-08-16,28.843156274521643,32.29137140097785,25.731044848192195,84.97466288404661,1.671603790668196,5.563442150057343,3.9563783424880796,26.06070663529027,34.8087559883177,6.843156274521643,0.0,12.8087559883177,81.7475483737081
2022-08-17,29.618136053600537,32.85567091205409,26.152782640188327,83.00551155912358,1.3803645801895337,5.657697374298305,2.7835057644715397,26.421654730381434,36.02828086894873,7.618136053600537,0.0,14.028280868948727,82.72640052393498
2022-08-18,30.46998611697954,34.01227741896542,27.11247661012857,80.76580853503955,1.6598907466650572,5.876162968551941,7.880922919055955,26.787649078381076,36.9332109617028,8.469986116979541,0.0,14.933210961702798,83.75504311243077
2022-08-19,28.74948813907165,31.993284239753724,26.060277056799663,85.68924126275127,3.729171244039356,4.2659441057524,15.502552664936323,26.11056819197135,33.30756214546603,6.7494881390716515,0.0,11.30756214546603,81.69555802271631
2022-08-20,28.275064284420836,31.654654433512405,25.82963904146798,86.61759099414498,3.7269559968612307,4.958758338866422,12.571125128267036,25.82712816937045,32.648486315873285,6.275064284420836,0.0,10.648486315873285,81.038297859591
2022-08-21,28.17347618760186,31.45263958471661,25.424069535824234,87.08421138407681,2.2394525261061147,5.737636663246212,8.698498822961309,25.8180462464175,33.582141423408416,6.17347618760186,0.0,11.582141423408416,80.93330406822818
2022-08-22,28.941644836120002,32.43165147582543,26.005717389992157,85.04268425182593,1.5114166716967468,5.679066632462123,4.320014486630049,26.170734802167804,35.09212150507088,6.941644836120002,0.0,13.092121505070878,81.91992097189947
2022-08-23,28.36685096879339,31.27919357759402,26.141747449749502,87.51903543188267,2.1176718778294203,4.601014842759704,27.82070924126275,26.092316799731126,34.04053677802221,6.36685096879339,0.0,12.040536778022208,81.31713402313125
2022-08-24,27.98833162310618,31.44410816683769,25.320075451198164,86.87860445463876,2.702413834731696,4.671765630470212,9.270054324862679,25.596250766236626,32.92937462098849,5.9883316231061805,0.0,10.92937462098849,80.59601818130795
2022-08-25,28.45394579585924,32.24963481620088,25.175764471539807,83.64367417154584,1.5743773767127425,5.7430077443109795,2.7555894247600654,25.413397316568954,34.06812270290589,6.453945795859241,0.0,12.068122702905889,80.91839326642156
2022-08-26,28.488975674533712,32.03093016237098,25.72714070139434,85.53290879459166,1.933028309289552,5.089554149815899,0.8931737791996137,25.82424952857571,34.11649326415432,6.488975674533712,0.0,12.116493264154322,81.24189125341809
2022-08-27,27.779971630349493,30.254505945554413,25.728484336331263,88.842352266554,2.5829226776121206,3.2347526951167986,6.81378825375747,25.76826984481997,32.91548958010735,5.779971630349493,0.0,10.915489580107348,80.51105883327969
2022-08-28,27.991906199070442,31.116491821090126,25.588443894489046,86.85415645560452,2.6977195629866606,4.526938914709966,9.98499305848977,25.59501841099624,32.935446835592785,5.991906199070442,0.0,10.935446835592785,80.598660434696
2022-08-29,28.446642723486452,31.909229794169136,25.557691193336154,85.15284300114686,1.794054445584596,5.450589346290821,7.096273314420233,25.70759209637556,34.09576279056171,6.446642723486452,0.0,12.095762790561707,81.1184298040516
2022-08-30,28.737002474799304,32.120488923764114,26.01535039536428,82.43582966137502,1.7029353534134124,5.328419502625703,7.415862859902216,25.445015383555948,34.28161609545095,6.737002474799304,0.0,12.28161609545095,81.20842891851211
2022-08-31,28.606875716786387,31.929122955272536,25.597035069716913,86.30001750467797,1.7912633548620753,4.9296374660469615,5.550758133639164,26.090819647130242,34.50830916422711,6.606875716786387,0.0,12.508309164227107,81.5460368038836
2022-09-01,27.8017311522907,30.15899800808837,26.014429287137084,87.99015210961551,1.7960089334218627,4.141543972958291,14.00572282247842,25.627101388725908,33.396911395296605,5.801731152290699,0.0,11.396911395296605,80.43358854805487
2022-09-02,28.03168225991429,30.865108951530154,25.88872517655581,87.96248385344362,2.0487137079736826,3.745297537272892,16.31564857849943,25.848062952583188,33.593248618719635,6.031682259914291,0.0,11.593248618719635,80.81611211476128
2022-09-03,28.768181324319432,31.86094464900103,26.11606265467496,87.41004768515724,2.4884414800507035,4.277600724331503,22.72005191042434,26.465803639694965,34.43141980760726,6.768181324319432,0.0,12.431419807607263,81.97377920653301
2022-09-04,28.776948149936622,31.53615198889359,26.885745759642663,89.0854035130078,2.458785537514336,3.482936602885254,22.60659624554838,26.796923574603696,34.68545998786444,6.776948149936622,0.0,12.68545998786444,82.22932079217625
2022-09-05,28.27127844510171,30.432066155610553,26.798979899800806,90.38917607291604,1.9689696384378585,3.4536743465926234,14.833888452948633,26.54499726189946,34.35096503851875,6.271278445101711,0.0,12.350965038518751,81.5551570533888
2022-09-06,28.323368141486092,30.99694754632704,26.3760035009356,88.0620649483914,1.283560692943804,3.891685465081186,18.88306875113177,26.154217163966106,34.621768824371436,6.3233681414860925,0.0,12.621768824371436,81.319900008948
2022-09-07,28.550393553449634,31.450051306814753,25.83328906863041,85.83468702843003,1.1886545542343212,5.239876247962818,6.09327880726746,25.943976435151928,34.77713895645386,6.550393553449634,0.0,12.77713895645386,81.38626086265434
2022-09-08,29.591262751252494,33.10835033500332,26.303318041890506,83.15966922194724,1.3677630228768036,5.4676552846019195,6.884397295829059,26.42687397568887,36.01370169702913,7.5912627512524935,0.0,14.013701697029127,82.70601405558045
2022-09-09,28.63203174986419,31.607281946037304,26.43095853202149,86.3828979296191,1.4892267761212048,5.743223860686908,11.535085410756322,26.131756098504148,34.77193742782326,6.63203174986419,0.0,12.77193742782326,81.59966685968752
2022-09-10,27.66922919055955,29.882016659624558,26.025055833886647,89.89773827488384,2.4754469728979296,4.679543924669524,11.281114263294501,25.858467377321112,32.93848754844607,5.669229190559552,0.0,10.93848754844607,80.46412028127136
2022-09-11,27.149391561538,29.221635781976218,25.751912235166294,90.79519647492003,3.0032697531236794,4.03260398985936,23.779140459950504,25.51278737704567,31.825472246059675,5.149391561538,0.0,9.825472246059675,79.6953483668857
2022-09-12,26.832119273254065,28.53419750105632,25.433209392165146,93.65729522544817,3.1626238908673874,2.6151990462968553,27.231452888271875,25.721965331224343,31.53089621688096,4.832119273254065,0.0,9.530896216880961,79.50928206913466
2022-09-13,27.151743828091995,29.078087764833707,25.805099293776788,93.44750648880306,2.8137490191344234,1.3037966982555687,41.52668678698618,26.001045853354334,32.27687966702196,5.151743828091995,0.0,10.276879667021959,80.03758170366541
2022-09-14,27.11299088549526,29.369947485966083,25.31747691193337,90.40000784692461,2.2861749260578264,1.9954438039476068,35.24139554536126,25.40338412709529,32.22120115008926,5.112990885495261,0.0,10.221201150089257,79.58293746646274
2022-09-15,27.392029939035435,29.92806965654615,25.312573187662224,90.48735920806425,2.255294259672844,3.6181985332287088,22.48183436952979,25.695192855035263,32.709201228782554,5.392029939035435,0.0,10.709201228782554,80.0697687505826
2022-09-16,27.539608257379125,30.062512826703696,25.454276573911997,90.57599082513433,1.790022333554657,4.080804708154766,14.483566125430071,25.85745862633411,33.28787411182312,5.539608257379125,0.0,11.287874111823122,80.33301697556561
2022-09-17,28.2321464356854,31.60394700307841,25.4938117945313,87.53042675197683,1.6086123015633491,4.997996203295708,4.303785839319129,25.962059184228977,34.17643229196144,6.232146435685401,0.0,12.17643229196144,81.0930539526621
2022-09-18,28.679393372366757,31.788021367779322,25.807111124524663,86.28098509084326,1.339982495322026,4.460616804490855,4.755109555139736,26.158266917151785,34.941348604235536,6.679393372366757,0.0,12.941348604235536,81.66391596456802
2022-09-19,28.121263354862077,31.32518440272832,26.02216212953462,88.76596004104546,2.306177340496167,5.147410454518019,14.494866300476852,26.089953959472975,33.66118272551999,6.1212633548620765,0.0,11.661182725519993,81.07682183059315
2022-09-20,27.816987384559667,30.912536971087103,25.564447395424644,89.47820184704534,3.251076839500212,4.980690372427115,4.384999094585622,25.925189901058804,32.58699665377617,5.816987384559667,0.0,10.586996653776168,80.65886896139665
2022-09-21,27.762377014546995,30.622731936983165,25.483540773827496,89.57095309953523,2.740068811492727,4.852771062956481,4.427248143900525,25.888840133823123,32.86629678085049,5.7623770145469955,0.0,10.86629678085049,80.57871006032056
2022-09-22,27.88875958230217,30.954428079917914,25.513324077986365,89.01349731393735,2.0301798756564255,5.038994990040442,4.680008450534196,25.907959637733445,33.502212144545915,5.888759582302171,0.0,11.502212144545915,80.71782431431774
2022-09-23,27.674240357336878,30.292331140218508,25.59977907889177,88.36248566427236,1.7115633488259794,4.225288778897809,4.689626365666687,25.572794720027638,33.29349778515969,5.674240357336878,0.0,11.293497785159687,80.26884101866236
2022-09-24,27.461573006579343,29.93591537393614,25.583045813967527,88.05288344298907,1.5164380998370255,3.8636110098388365,6.683992877406894,25.30436523684027,33.04611052307015,5.461573006579343,0.0,11.046110523070148,79.8703500605677
2022-09-25,27.79498822961309,30.493093499124768,25.104007364036946,84.94621174624254,1.2193487052574397,3.9286931731755903,8.907889177280138,25.028214936406513,33.41427311499919,5.7949882296130895,0.0,11.41427311499919,80.01452564860188
2022-09-26,27.596987988169253,30.313500935594856,25.14535341341221,85.73953642783849,1.1756407315748176,4.422381758918332,3.196661435383594,24.990132514259944,33.22293856364614,5.5969879881692535,0.0,11.222938563646139,79.79262671402924
2022-09-27,27.420525743948815,30.069922737973084,25.357543912597333,88.10884046598662,1.2692678215730067,4.24099267821573,8.769101828937044,25.27465241216057,33.159249597119434,5.420525743948815,0.0,11.159249597119434,79.80865485072763
2022-09-28,27.571613448421566,30.288487957988778,25.288893583630113,84.86172511619485,1.1065835697470876,4.926060077262027,3.239158568238064,24.792703253804728,33.123573629769595,5.571613448421566,0.0,11.123573629769595,79.63494915670452
2022-09-29,28.583345204321848,32.07482827307298,25.18674533711596,81.39548801834974,0.979477877708698,4.682189563590271,3.060501599565401,25.08162535933074,34.40468086767373,6.583345204321848,0.0,12.404680867673733,80.81127920984244
2022-09-30,28.85516991609827,32.873814812579226,24.899862377014546,81.32296493028309,1.2433814208969638,4.640676175529668,1.4962600350093562,25.331488431231545,34.649408539260136,6.855169916098269,0.0,12.649408539260136,81.23950869436004
2022-10-01,29.001026136295046,32.34533832317258,25.800590330174447,83.08323051850064,1.0679996378342491,4.443593637954971,9.134991247661013,25.834711476160326,35.24139207900484,7.001026136295046,0.0,13.24139207900484,81.73182511192059
2022-10-02,27.728913502746426,29.8369904026076,26.059971630349494,90.26028188567635,1.5501424518621358,3.0053559244280805,24.356110943441784,25.98537746272916,33.72889137522928,5.728913502746426,0.0,11.728891375229281,80.61384570207403
2022-10-03,27.180339228586952,29.225814571135395,25.660548077503474,91.90056497857186,1.8895014184825258,3.232010170821513,21.457092412627514,25.74741009716204,32.787124277672326,5.180339228586952,0.0,10.787124277672326,79.88947534011902
2022-10-04,27.477613931309236,30.105346170097185,25.408281523510595,89.09171968370858,1.7607430433995297,4.864406223214825,13.825078771050887,25.517594434840866,33.02686861652035,5.477613931309236,0.0,11.026868616520353,80.03316229004704
2022-10-05,27.55040200398383,30.587140097784758,24.93971388905656,87.7863113418241,1.3866716967465444,5.015643816019798,8.453167139494177,25.34076251669052,33.24892371994774,5.55040200398383,0.0,11.24892371994774,79.98457444910579
2022-10-06,27.64801955695057,30.916290819098215,24.998693788857366,86.58421198768637,1.4412597332045634,4.6965223335546575,3.7724554837930833,25.204853027247914,33.22254173386358,5.648019556950569,0.0,11.22254173386358,79.98910898292068
2022-10-07,27.65606869077081,31.098714915192858,24.837918150540236,83.67856401279653,1.3594899499004045,5.590061151687089,2.131868775276151,24.64024022303979,32.937484180539045,5.656068690770809,0.0,10.937484180539045,79.61734287760358
2022-10-08,27.741379851512043,30.95086195448784,24.7135896662039,84.29728073881815,1.2264326673507577,5.396186153196113,2.507160016901069,24.847089196678006,33.2431752389015,5.741379851512043,0.0,11.2431752389015,79.83952430907087
2022-10-09,27.348407074304344,30.32111365968492,24.98403573368745,88.17939337236675,1.6093142995110763,4.866148331019497,9.122151264562083,25.217126600884455,32.81272694801733,5.348407074304344,0.0,10.812726948017328,79.69655246894968
2022-10-10,27.115669704834914,29.926479748898416,25.009599806844932,88.93730065793444,1.5379459165811553,4.6827980925937105,12.278666626426029,25.131727331830646,32.57603034004774,5.1156697048349145,0.0,10.576030340047737,79.40150915992685
2022-10-11,27.050045270718904,29.893828695599684,25.06079616104304,90.76983038570653,1.949869016719986,4.275192641999156,16.249030603005977,25.409936935692407,32.397776516124715,5.050045270718904,0.0,10.397776516124715,79.52246085252176
2022-10-12,26.556186394639948,28.47525864670731,25.114960463572164,90.78016237097845,1.5734478179513494,3.9543907647733456,13.454739542463933,24.923959509804817,31.861529882347703,4.556186394639948,0.0,9.861529882347703,78.6803548628849
2022-10-13,26.957888573670544,29.789004044184225,24.641669584113,85.59544697289795,1.0510086316170701,4.242889020341643,11.974407557192011,24.335178873153282,32.2695482992705,4.9578885736705445,0.0,10.269548299270497,78.71529171392822
2022-10-14,27.019660167803465,30.23572463330718,24.305867085169318,84.82874630289129,1.1099698195207344,4.961478318343696,5.745411359932396,24.245526769825727,32.23628780070078,5.019660167803465,0.0,10.23628780070078,78.7208276422758
2022-10-15,26.424738938854347,30.566106114565102,23.02522665539929,85.31102613629506,1.6319744069535829,5.447185658236253,2.377904267519769,23.756973532440462,30.9865637502037,4.424738938854347,0.0,8.9865637502037,77.79821933003076
2022-10-16,26.480859540049497,31.552687269873843,22.22176435081789,83.3048892376411,1.5490951892316054,5.495367193819038,1.1687674292267762,23.416764329492516,30.90395038265744,4.480859540049497,0.0,8.903950382657442,77.64863429083283
2022-10-17,26.731419086135087,31.068810285507336,22.92522303374178,83.61096698255568,1.2725737912718056,5.315422997525201,1.3963548017142513,23.722604842546996,31.525059122736145,4.731419086135087,0.0,9.525059122736145,78.09555400949705
2022-10-18,26.989759159775456,30.730659745276753,23.399686123015638,80.89923220860747,1.0509217118367842,5.078897150962757,0.8642560511860929,23.42726778089481,31.768045327662527,4.989759159775456,0.0,9.768045327662527,78.17682582499154
2022-10-19,26.2547739482103,29.934714190861357,22.852481439005256,82.50694211384076,1.3206096456811736,4.50634835516388,1.7453612603368143,23.036529174844265,30.62179851208232,4.2547739482103,0.0,8.621798512082322,77.1848306377448
2022-10-20,26.285376350576453,31.0537665238124,22.409244884408764,81.83060723124284,1.6137743707370071,5.286869662582243,0.5295388422768156,22.930329006952256,30.387708748781137,4.285376350576453,0.0,8.387708748781137,77.1541767198564
2022-10-21,26.41152109615501,31.240723124283218,22.07740628961188,83.02816804490857,1.6777805275547775,5.4859607291603805,0.14085833283032537,23.29385228003907,30.674234855260835,4.41152109615501,0.0,8.674234855260835,77.50216279738923
2022-10-22,26.66738757771473,31.66288585742742,22.259206253395305,79.33529788133036,1.5938468038872455,5.509489442868353,0.11640007243315027,22.790728678532172,30.70628543565892,4.667387577714731,0.0,8.70628543565892,77.46627853920909
2022-10-23,25.136380153316836,28.400905414377988,22.289442264743165,87.07649061387094,1.6962896118790365,2.605238866421199,14.865421017685765,22.831704697095233,29.12501016450087,3.1363801533168356,0.0,7.125010164500871,75.85796717912591
2022-10-24,23.759042071588098,25.40530150298787,21.886692219472447,92.73760910243254,4.4104611577231845,1.0318578620148489,101.25164906138711,22.511325391735976,25.670052634533448,1.759042071588098,0.0,3.670052634533448,74.08658550935205
2022-10-25,23.881030361562146,27.50422043822056,20.742985453008995,86.38998249532203,3.047088187360415,3.7459665419206862,14.096233476187603,21.46836634898277,26.192286977532817,1.8810303615621464,0.0,4.192286977532817,73.69548475897942
2022-10-26,24.300306633669344,28.366750165992638,20.252127120178667,82.21473109192976,1.3610864972535766,4.886087300054326,4.657735256835879,21.07049774020316,27.588685272831317,2.3003066336693436,0.0,5.5886852728313166,73.9797557830832
2022-10-27,24.268110098388362,29.02152049254542,20.16308444498099,77.52558399227381,1.3529691555501904,4.7136947727409915,0.013292690287921773,20.08590787157383,27.077136345765503,2.2681100983883624,0.0,5.077136345765503,73.46479806148682
2022-10-28,23.66554777569868,28.70038751735378,18.806354198104668,76.88779984306152,1.3355604514999702,5.182965733083841,0.0005492847226413955,19.369092540650875,26.149168316295846,1.6655477756986805,0.0,4.149168316295846,72.4565140487014
2022-10-29,24.27871672602161,29.045565280376653,19.241300175046785,77.63207822780228,1.2024868714915193,5.272051047262631,0.10558218144504139,20.118388624672978,27.20867974958867,2.27871672602161,0.0,5.2086797495886685,73.49202647746537
2022-10-30,25.08088126999457,29.94590631979236,20.510889720528763,80.02724391863345,1.0891953884227683,5.1476219955332905,1.6754161888090786,21.39111641648644,28.72377010358103,3.0808812699945705,0.0,6.723770103581032,75.01231992259385
2022-10-31,25.525308142693312,30.228049737429835,21.17284843363313,82.85297639886521,1.2002480835395668,5.057259926359631,1.5288634031508423,22.39322390996634,29.62062268277967,3.525308142693312,0.0,7.620622682779668,76.03789544392137
2022-11-01,25.553830506428447,30.411012856884167,21.3235570712863,83.21923522665541,1.3819430192551458,5.108883092895516,0.027271081064767312,22.493708588829247,29.576688380014716,3.5538305064284472,0.0,7.576688380014716,76.1251968510699
2022-11-02,25.26025472324501,29.52791332166355,21.582919659564197,82.8369819520734,1.3571346652984855,4.64356115168709,0.01620691736584777,22.13114089896495,29.10421806813534,3.2602547232450085,0.0,7.104218068135339,75.60451102363967
2022-11-03,24.327275306331867,28.30458562201968,20.60944709361985,81.61312850848073,1.2704358061206014,3.863523667531841,0.008245306935474137,20.9771857320182,27.632051065518837,2.3272753063318667,0.0,5.632051065518837,73.96378019821279
2022-11-04,24.220155731273007,28.75496167079133,19.571300175046783,78.4726444135933,1.1941679241866363,4.638387463028913,0.010929558761393132,20.235881209002414,27.212528218711498,2.2201557312730067,0.0,5.212528218711498,73.48226047288136
2022-11-05,25.1299136838293,29.724996076537696,20.429437435866483,76.33336150178066,0.9921711836783969,4.634554590450897,0.2053866119393976,20.66893647780472,28.47622572569876,3.129913683829301,0.0,6.476225725698761,74.6944347481699
2022-11-06,25.03953280618097,29.151716062051065,21.080109253334946,75.81496891410636,0.9090034405746363,4.733632401762541,1.014621838594797,20.470965521731276,28.346519699476318,3.0395328061809685,0.0,6.3465196994763176,74.49798473455702
2022-11-07,24.338187964024872,28.741400977847526,19.931215066095252,74.7869819520734,0.9909681897748537,4.666210955513974,0.540601195146979,19.573179913543942,27.158152074832188,2.338187964024872,0.0,5.158152074832188,73.30302121023831
2022-11-08,23.983587855375145,28.594550612663735,19.17103337961007,71.85476851572403,0.9222019677672483,4.564163234140159,0.0,18.590028595408903,26.404983133987233,1.983587855375145,0.0,4.404983133987233,72.47313515328096
2022-11-09,23.72633065733084,28.116022816442328,19.5584499305849,73.62817770266193,0.9997024204744372,4.788661634574758,0.0,18.732714181178046,26.156618367711715,1.7263306573308412,0.0,4.156618367711715,72.24787183538206
2022-11-10,23.437742500150904,27.792507394217424,18.67605299692159,73.8957354982797,1.0094670127361625,4.786568111305607,0.0,18.512769459889412,25.763618358347475,1.4377425001509039,0.0,3.7636183583474754,71.82870029304785
2022-11-11,23.199209875052823,28.005222430132196,18.284073761091328,74.79629142270781,1.0377177521579042,4.6479345807931445,0.0,18.47632918180776,25.48913269990757,1.1992098750528228,0.0,3.4891326999075716,71.54085056108245
2022-11-12,22.91680147280739,27.949066215971516,18.64978752942597,78.3340423733929,1.3112386068690771,4.644713581215671,0.0,18.94265004645002,25.22252589480252,0.9168014728073892,0.0,3.2225258948025193,71.4049960528126
2022-11-13,21.285548379308267,26.52115651596548,16.67766885978149,80.24525321422105,1.5956491821090122,4.492354355043158,0.11584354439548501,17.74198320416028,22.867623398738885,0.0,0.7144516206917331,0.8676233987388855,68.95376443561022
2022-11-14,21.59851451681053,27.094618820546877,16.123204563288464,76.39758314722039,1.306365063077202,4.731516007726203,0.5758121566970484,17.26657658566255,23.185408407092684,0.0,0.40148548318947164,1.1854084070926838,69.17830272679348
2022-11-15,21.960054324862682,27.084380998370257,16.70639101828937,75.75471479447093,1.0900748475885798,4.710968745095673,0.0,17.48233422483664,23.787731894281006,0.0,0.03994567513731795,1.7877318942810057,69.69514105199693
2022-11-16,21.765638920746063,26.79299390354319,16.847621174624255,76.98599323957265,1.1459890143055471,4.691104484819219,0.0,17.54991697814415,23.582204738451985,0.0,0.23436107925393657,1.5822047384519848,69.48302141817375
2022-11-17,21.663898714311586,27.276614957445528,16.49813786442929,77.94444075571921,1.3981493330114083,4.66128553147824,0.0,17.64764395179067,23.344778459701367,0.0,0.33610128568841446,1.3447784597013666,69.3929242013813
2022-11-18,20.76467978511499,26.385580974225874,15.866364459467619,78.58836361441419,1.7119345687209513,4.485424385827247,0.0,16.905244181604775,21.920237390647134,0.0,1.2353202148850109,0.0,68.01364152051127
2022-11-19,20.877511317679726,27.372544214402126,14.99856703084445,78.59411963541982,1.6490577654373153,4.431449900404419,0.004201122713828696,17.015955703057305,22.121856366357104,0.0,1.1224886823202738,0.12185636635710395,68.19295204855885
2022-11-20,22.11958652743406,28.124530089937828,16.13926238908674,76.49749441661135,1.2968588157179934,4.293851650872217,0.6219520733989257,17.791485038984895,23.932242366756874,0.11958652743405906,0.0,1.9322423667568742,70.0009594947566
2022-11-21,21.331493330114082,27.142631134182412,16.70551276634273,79.99097301865154,1.5495666083177402,4.5564371219894975,0.5459992756684976,17.736280232013826,22.94345025086656,0.0,0.6685066698859181,0.9434502508665616,69.00976362357245
2022-11-22,20.49798454759462,26.571452888271867,15.39242892497133,81.12873604152834,1.5920589122955273,4.4652646103700135,0.05877346532262933,17.14838915176202,21.835841119952992,0.0,1.5020154524053808,0.0,67.74560542554693
2022-11-23,20.104195086617974,26.042085471117282,15.270246272710812,82.74752701152894,1.565958833826281,4.414838305064285,0.0,17.0764062768841,21.430772462706344,0.0,1.895804913382026,0.0,67.20343643938389
2022-11-24,20.17085048590572,26.681920082090905,14.573905957626609,80.20702480835396,1.5101828937043524,4.334624705740327,0.2645620812458502,16.649395757617583,21.365022086836504,0.0,1.8291495140942793,0.0,67.165307869608
2022-11-25,21.265064888030427,27.668245306935482,15.258748113720046,79.29813424277178,1.336895032293113,4.524429419931189,7.628055773525684,17.533603981805083,22.940883475445048,0.0,0.7349351119695733,0.9408834754450481,68.8559202811881
2022-11-26,21.77353956660832,27.222074002535162,16.354948994990043,77.16861954487838,1.0213170761151686,4.5398743767731045,0.389249713285447,17.59515883542836,23.696282549665447,0.0,0.22646043339167932,1.6962825496654474,69.50889034843371
2022-11-27,21.58584414800507,26.55314661676828,16.400057946520192,75.60812639584718,0.9276634272952256,4.3771690106838905,0.09679000422526712,17.09003249020203,23.365657815898274,0.0,0.41415585199493066,1.365657815898274,69.10175744443632
2022-11-28,21.607854167924188,27.103756866059037,16.188264018832623,78.43474859660772,1.1494223456268484,4.042033590873423,0.07368865817589185,17.69282402909133,23.48178609782003,0.0,0.392145832075812,1.4817860978200308,69.33974563016079
2022-11-29,22.727684553630713,28.477516750165996,17.54897326009537,77.60078710689928,1.1394700307840888,3.5410330717691805,0.06660831774008572,18.60866191291064,25.004403204433462,0.7276845536307128,0.0,3.004403204433462,71.04449640430167
2022-11-30,22.37357578318344,27.95898412506791,17.97655278565824,80.12222309410275,1.3135148186153198,3.925444956841915,0.03261302589485122,18.776414503790587,24.602782316342974,0.37357578318344054,0.0,2.6027823163429744,70.68746680412633
2022-12-01,21.37576809319732,27.499325164483615,16.65958350938613,81.17855133699524,1.579815295466892,4.166154475765075,0.016581155308746306,18.013742519308696,23.084453261377288,0.0,0.6242319068026809,1.0844532613772877,69.16344195724378
2022-12-02,20.263308987746722,26.56758194000121,15.112469366813547,81.34805516991611,1.6085730669403033,4.144709247298848,0.0,16.96225932820807,21.513909729923714,0.0,1.736691012253278,0.0,67.38033502033223
2022-12-03,19.783646405504918,25.84485422828515,14.329122351662948,78.5991652079435,1.4318784330295167,4.2841620389931805,0.0,15.95479867040645,20.762049120649884,0.0,2.2163535944950823,0.0,66.45841825687825
2022-12-04,19.963901128749928,26.13198768636446,14.273998913502748,77.0400126758013,1.228261604394278,4.270475252007002,0.0,15.815862187055794,21.032108755669064,0.0,2.036098871250072,0.0,66.65755103785793
2022-12-05,20.11895937707491,26.575181988289977,14.600709844872338,80.32401521096153,1.4705148789762785,4.262532093921652,0.0,16.621836332120083,21.329939911689376,0.0,1.8810406229250916,0.0,67.08886530161028
2022-12-06,19.754159473652443,25.972841190318103,14.492856280557739,80.41144987022393,1.4182821271201786,4.246078354560271,0.0,16.28374653610302,20.86878902649282,0.0,2.245840526347557,0.0,66.50868484004984
2022-12-07,19.17318645500091,25.50435745759643,14.059645077563834,79.26473350636809,1.4272559908251345,3.9954722822478423,0.0,15.493552547194705,19.980694234389997,0.0,2.8268135449990908,0.0,65.52200268731926
2022-12-08,19.505246574515606,25.612757892195333,14.101487897627814,78.07618579103037,1.363114021850667,3.822436488199433,0.0,15.580103133164224,20.39010306914513,0.0,2.4947534254843937,0.0,65.99017906022151
2022-12-09,19.792093921651478,25.185404116617374,14.432041407617554,74.18617975493451,1.0960234200519106,4.2460311462546025,0.0,15.060729338564924,20.672765635713112,0.0,2.207906078348522,0.0,66.23386362659244
2022-12-10,20.20733928894791,25.769932395726446,14.798728194603731,74.74758676887791,1.1788344298907467,3.945266940303012,0.0,15.578880778206734,21.22111776192808,0.0,1.7926607110520898,0.0,66.90671740512781
2022-12-11,19.661430554717214,25.83281463149635,14.710314480593953,77.53112452465746,1.3644262690891535,4.065499082513431,0.0,15.622120681100073,20.56117633707482,0.0,2.3385694452827863,0.0,66.20839071892995
2022-12-12,19.24463572161526,25.314454035130083,14.050329570833584,77.71499305848977,1.317839681294139,3.6632327035673327,0.0,15.254939651037944,20.040623130103917,0.0,2.7553642783847394,0.0,65.56071689205461
2022-12-13,19.436109736222612,25.054897084565706,14.390878251946642,76.26656002897327,1.1409693969940247,3.3574574757047144,0.0,15.147355613281219,20.316649719085095,0.0,2.563890263777388,0.0,65.78975544407928
2022-12-14,19.483524476368686,24.96692279833404,14.562136777932034,76.98488440876443,1.1169590149091568,3.3173279773042803,0.0,15.339337661422723,20.451300365123764,0.0,2.516475523631314,0.0,65.90036502311862
2022-12-15,18.586869680690533,24.680592141003203,13.65126818373876,75.57097120782278,1.3451065370918092,3.339924458260397,0.0,14.183908530325992,18.98210217926095,0.0,3.4131303193094666,0.0,64.43355382545613
2022-12-16,17.542028128206677,24.293143598720352,12.309751312850848,76.56844932697533,1.4796800869197804,3.4738212168769245,0.0,13.37508830398181,17.569613636072688,0.0,4.4579718717933225,0.0,62.83942471775058
2022-12-17,18.44174865696867,24.839669221947247,12.471642421681656,75.19298002052273,1.265687209512887,3.55414722037786,0.0,13.966239583444208,18.817803049597828,0.0,3.55825134303133,0.0,64.19251018568913
2022-12-18,19.406503289672237,24.935326854590453,13.822432546628844,74.24442687269874,0.9890426751976822,3.7373594495080584,0.0,14.701060041726885,20.232634449948307,0.0,2.593496710327763,0.0,65.64225230551776
2022-12-19,20.05686605903302,25.610176857608504,15.033662702963722,73.6288772861713,1.0417498641878433,3.8164277418965415,0.0,15.198539780936217,21.025885887531828,0.0,1.9431339409669803,0.0,66.6105798160749
2022-12-20,19.49695237520372,25.22521458320759,14.488033439971028,75.52083720649485,1.0287752761513853,3.6115801593529318,0.0,15.05324879888618,20.421827475685802,0.0,2.503047624796281,0.0,65.84682300593315
2022-12-21,18.736585984185428,24.852418663608383,13.856706706102493,77.33310436409731,1.3003168950322932,3.634606289611879,0.0,14.685757462434145,19.339040162611152,0.0,3.263414015814572,0.0,64.74288535233728
2022-12-22,18.674034526468283,25.055179573851632,13.399667411118491,75.02785235709544,1.266657813726082,3.4207689382507396,0.0,14.156666526483153,19.114824763635426,0.0,3.325965473531717,0.0,64.54594393538453
2022-12-23,18.290475644353233,25.050677853564313,12.887131647250559,69.89796583569748,1.4359709060179877,3.588413822659504,0.0,12.69965676869885,18.130575896742076,0.0,3.709524355646767,0.0,63.75174385221874
2022-12-24,18.563920444256656,24.998426389811065,12.864276573911996,66.92570048892377,1.0792678215730065,3.7713616466469495,0.0,12.298044276930646,18.527922907101658,0.0,3.436079555743344,0.0,64.0378692805256
2022-12-25,19.56631677431038,25.05170217903061,14.771570592141005,69.54970543852237,1.119636023420052,3.0109257620571017,0.11909458562201966,13.844366200071454,20.003734626784865,0.0,2.43368322568962,0.0,65.64621151800215
2022-12-26,20.53561598358182,26.183691072614234,15.816432667350758,74.0590462968552,0.974953823866723,2.8701735619001636,0.4344830083901733,15.750860337277363,21.756880045308947,0.0,1.4643840164181796,0.0,67.37247146874357
2022-12-27,20.09483491277842,25.33397657994809,16.00197983943985,79.36945976942116,1.5443302951650877,2.2818337176314363,3.3135443954850006,16.410238013904284,21.170781726425908,0.0,1.9051650872215795,0.0,66.99582763525535
2022-12-28,18.198239270839622,23.467464839741655,13.5509048107684,78.35592201364159,1.3744781795134908,2.230560397175107,6.980003621657513,14.367118726005904,18.63631154800039,0.0,3.801760729160378,0.0,63.9347368176223
2022-12-29,16.575363071165572,23.287638075692644,11.203323474376774,73.46019194784813,1.5671075028671457,3.038061483672361,0.05469125369710872,11.808768827374015,16.047530741221426,0.0,5.424636928834428,0.0,61.25831634457329
2022-12-30,16.85766523812398,22.702150660952498,11.738146918573067,71.24750286714554,1.1746912536971086,2.976321548862196,0.014027886762841798,11.616667743505085,16.54710839022101,0.0,5.142334761876018,0.0,61.63715730149641
2022-12-31,17.07899981891713,23.10948753546207,11.565181988289975,73.12711534979177,1.1324554837930827,3.037544359268425,0.0,12.224883006826749,16.982494258026467,0.0,4.921000181082871,0.0,62.02227514293394
2023-01-01,16.92990583690469,23.112395122834553,12.04977062835758,75.98226293233536,1.3937882537574697,3.2031590269813486,0.0,12.66492884344631,16.78791572589631,0.0,5.070094163095309,0.0,61.86620437446118
2023-01-02,17.121115470513672,23.552174805335913,11.680468401038208,74.72268304460674,1.4568135449990949,3.526315422224905,0.0,12.594495121356973,16.912847684622587,0.0,4.878884529486328,0.0,62.130182864720624
2023-01-03,16.688725780165388,23.543109192973983,11.403811794531299,76.53648035250801,1.604218023782218,3.1620703929498397,0.0,12.542434239292062,16.360695628706218,0.0,5.311274219834612,0.0,61.502690781191376
2023-01-04,15.839987324198713,22.827822780225752,10.524225267097242,78.0505106537092,1.7604533107985756,2.767251361139615,0.0,12.017845575119138,15.239847344475333,0.0,6.160012675801287,0.0,60.195907319244746
2023-01-05,15.905022031749866,23.554496891410636,9.856103096517174,77.30844932697532,1.9364924246997044,2.95401259129595,0.0,11.9358208601134,15.156738214469737,0.0,6.094977968250134,0.0,60.28752682017505
2023-01-06,16.243902335969096,24.137913925273132,9.936552785658238,76.19141667169676,2.0555652803766526,2.9373218506669887,0.014737731635178365,12.042986698975922,15.445028661776213,0.0,5.756097664030904,0.0,60.80001718059264
2023-01-07,16.750772016659628,24.32593287861411,10.310277660409248,77.17770266191829,1.67313816623408,2.6491078710689924,0.0005492847226413955,12.729940729875315,16.433769536258193,0.0,5.249227983340372,0.0,61.61488945060485
2023-01-08,17.42096758616527,25.15298726383775,11.136873302348043,75.34758495804915,1.350531176435082,3.05222327518561,0.00856522001569385,13.011478220153807,17.420264079189764,0.0,4.579032413834732,0.0,62.61300018747322
2023-01-09,18.093992877406894,25.94027283153257,11.71128568841673,72.92586165268304,1.5120818494597692,4.186109995774733,0.006561236192430736,13.160027120221018,18.028686500814153,0.0,3.906007122593106,0.0,63.569070437163234
2023-01-10,18.350245669101227,26.21622623287258,12.345183195509147,68.72143417637473,1.5640791935775942,4.3653249471841615,0.0,12.497708900558926,18.037018707112715,0.0,3.649754330898773,0.0,63.794862012577475
2023-01-11,16.976279350516087,24.22638679302228,11.153686847347139,68.02930705619606,1.4647166052996923,3.9961874449206256,0.0,11.031682218739922,16.291454969604878,0.0,5.023720649483913,0.0,61.73364847040083
2023-01-12,16.670655520009657,23.517552966741114,10.591725719804431,65.94960403211203,1.1966505704110584,3.9554286835274954,0.0,10.273639031447958,15.959924223947088,0.0,5.329344479990343,0.0,61.234012740387385
2023-01-13,17.84211384076779,24.490545059455545,11.198027403875173,63.04592744612785,1.1567169674654434,3.7228228888754757,0.0,10.708956331701472,17.281205476390802,0.0,4.157886159232209,0.0,62.84380366727782
2023-01-14,18.672633548620755,25.220030784088856,12.45501358121567,69.77230337417758,1.3169885917788375,2.772728683527495,0.0,13.038065884462535,18.704580656510046,0.0,3.3273664513792447,0.0,64.31922168050717
2023-01-15,18.379232812217065,24.578818132431948,13.905203114625461,71.37637954970728,1.5605806724210778,3.043626770085109,0.0,13.105027274095095,18.26222664362209,0.0,3.620767187782935,0.0,63.9436185649882
2023-01-16,17.041991308021974,23.5714064103338,11.782705378161408,69.94932335365486,1.6240490130983283,3.1236047383352448,0.0,11.514998773059421,16.38676932823612,0.0,4.958008691978026,0.0,61.88164808944133
2023-01-17,16.19680147280739,23.080973018651537,10.63768757167864,67.3462793505161,1.5829987324198707,3.400801466771293,0.0,10.136200159727366,15.17775613682608,0.0,5.80319852719261,0.0,60.56752011749697
2023-01-18,15.760315687813124,22.3780141244643,10.481104605541136,63.532964326673515,1.4915778354560272,3.1104358423371763,0.0,8.85298457184429,14.4676195622115,0.0,6.239684312186876,0.0,59.87250143091895
2023-01-19,15.311383473169553,22.40110943441782,9.49721132371582,63.78674171545845,1.6864073157481743,3.69925850184101,0.0,8.486567912904487,13.790413867352019,0.0,6.688616526830447,0.0,59.23044860060368
2023-01-20,15.97508178909881,22.87587674292268,10.012117462425303,62.857478722762124,1.409304641757711,4.114164954427476,0.0,8.897859636630837,14.75142607542142,0.0,6.024918210901189,0.0,60.170122131727936
2023-01-21,17.432172390897566,24.365521216876925,10.758810285507334,61.56285628055774,1.2683557674895876,4.166956063258285,3.005367296432667,9.964667851860128,16.58723377924227,0.0,4.567827609102434,0.0,62.21242984390507
2023-01-22,18.244140158145715,25.118198828997407,11.939522544818013,61.80288042494115,1.3384903724271142,3.892976930041649,0.0,10.789240905516444,17.578884344298935,0.0,3.755859841854285,0.0,63.37110147182251
2023-01-23,18.71855375143357,25.541802378221767,12.492072191706406,68.93565642542404,1.3447220377859603,3.5153245427657387,0.0,12.89731582450131,18.685772349842065,0.0,3.2814462485664286,0.0,64.35186637778236
2023-01-24,19.647010925333497,27.06132190499185,13.331160741232573,69.37835395666085,1.4049260578257985,3.6508811372004595,0.0,13.883542382505839,19.898050056691012,0.0,2.352989074666503,0.0,65.75789855218933
2023-01-25,20.540629564797488,27.23694875354621,14.155202511015876,65.9691978028611,1.2674594072553873,3.6933017323595103,0.0,13.958606004386167,20.913872346659023,0.0,1.459370435202512,0.0,66.88342771578021
2023-01-26,21.09071527735861,27.772835154222257,14.995876139313093,67.40050220317498,1.1874189654131706,3.3955023721856707,0.0,14.814472484917662,21.819321556924397,0.0,0.9092847226413916,0.0,67.78214791981114
2023-01-27,21.247223395907533,27.625797066457416,15.681879036639105,71.30919297398444,1.5203633729703627,3.9898004466710937,0.0,15.843142282243495,22.122012007650053,0.0,0.7527766040924675,0.12201200765005282,68.28047846147354
2023-01-28,20.734546991006216,27.37022393915616,15.298868835637112,72.05373573972355,1.7101418482525503,4.000927029637231,0.0,15.513282130659318,21.35222485772229,0.0,1.2654530089937843,0.0,67.5519153420132
2023-01-29,20.101932757892197,27.245215186817173,13.630584897688179,66.96698798816927,1.5849562383050644,4.084855592442808,0.0,13.772579138063948,20.189620252801223,0.0,1.8980672421078033,0.0,66.29995883138491
2023-01-30,21.03969336633066,28.552329329389753,14.230682078831412,66.37527916943321,1.3788277901853085,4.574765449387337,0.0,14.528102862464307,21.53259842699896,0.0,0.9603066336693402,0.0,67.63886970096084
2023-01-31,21.37678758978693,27.67612724090059,15.657458200036217,65.32959980684494,1.3528906863040988,4.048069270236011,0.6473773163517837,14.602323196758835,21.91421826835726,0.0,0.6232124102130712,0.0,68.05933748361096
2023-02-01,20.740903603549228,27.421991308021976,15.709209875052817,63.80421259129595,2.200461157723185,3.4354948512102377,0.0,13.634462866437008,20.351634133597084,0.0,1.2590963964507722,0.0,67.03848649825707
2023-02-02,18.92509144685218,26.772095128870653,12.049593167139493,57.988593589666216,2.252340194362287,4.850374165509749,0.0,10.471901271649859,17.531166912126878,0.0,3.0749085531478215,0.0,64.1641100461576
2023-02-03,18.645374539747692,26.78412868956359,11.700063982616046,59.500703808776485,1.7857234260880064,4.920430433995292,0.0,10.596161812756153,17.61271965653556,0.0,3.354625460252308,0.0,63.84232736226663
2023-02-04,18.886605903301746,26.236434478179515,12.153440574636328,59.98615198889359,1.6674419025774134,4.491517939276876,0.0,10.945158992583991,18.03580118195714,0.0,3.1133940966982543,0.0,64.20062695893866
2023-02-05,19.600640429770024,26.73351361139615,13.67896299873242,55.64084143176195,1.4057367054988834,4.338014245186214,0.0,10.482505877083504,18.80255822828615,0.0,2.3993595702299757,0.0,64.97419243878046
2023-02-06,20.345087825194664,27.19374358664816,14.122459709060182,51.13691374419026,1.4725321422104183,4.507698955755418,0.0,9.908220588194103,19.34308524461544,0.0,1.654912174805336,0.0,65.71620469334188
2023-02-07,20.685867085169317,27.59227681535583,13.618615923220863,55.940004828876695,1.6376724814390053,4.408408432425907,0.0,11.574741242979997,20.04036143462332,0.0,1.314132914830683,0.0,66.46500801911594
2023-02-08,21.377916339711476,28.799054143779806,14.803866723003562,66.62918633427898,1.85037665238124,4.426334900706224,0.0,14.909173396953522,21.676595022424763,0.0,0.6220836602885242,0.0,68.15166195200564
2023-02-09,21.635102915434295,28.365910545059457,15.910498581517478,64.33213194905535,1.2777919961368989,3.976268485543551,0.002125912959497797,14.608773543722277,22.227517061043624,0.0,0.3648970845657047,0.22751706104362412,68.36257828655457
2023-02-10,21.13603669946279,27.81562805577353,15.216097664030908,57.42322086074727,1.394953823866723,4.689278698617734,0.0,12.392533561658508,20.909562719838245,0.0,0.8639633005372112,0.0,67.17687859076374
2023-02-11,21.697761212048047,29.28538480111064,14.03537997223396,54.10374358664817,1.5374425061869985,4.837064103337962,0.0,12.009663261827933,21.25377071763387,0.0,0.30223878795195347,0.0,67.70657098337078
2023-02-12,21.756857004889234,29.303544395484998,15.38911148669041,59.59273736946943,1.8775517595219413,4.466912947425605,0.0,13.541929234245877,21.563218631606013,0.0,0.24314299511076598,0.0,68.18963807748244
2023-02-13,19.77671213858876,27.475369710871014,12.27286473109193,43.93308021971389,2.1520504617613327,5.759164990644051,0.0,7.144065568198091,17.611766196333416,0.0,2.22328786141124,0.0,64.5835249679003
2023-02-14,19.89722218868836,28.038123981408827,12.844087040502206,42.16932456087403,1.6117782338383533,5.567396173115229,0.0,6.655100339908606,18.000389582767433,0.0,2.1027778113116398,0.0,64.63591921753107
2023-02-15,20.183050642844208,27.19213617432245,13.861702179030603,45.619237037484154,1.3165063077201666,5.181270121325527,0.0,8.065751938977096,18.819724658926887,0.0,1.8169493571557922,0.0,65.1846240950322
2023-02-16,21.342258707068275,28.67126335486208,14.797405082392709,49.23180418905052,1.0775970302408404,4.888538027403875,0.0,10.257532762737853,20.712232842293716,0.0,0.6577412929317248,0.0,66.89160617861579
2023-02-17,22.13683527494417,28.713354862075214,16.177860807629628,53.43701273616225,1.05560813665721,4.781633391682261,0.0031544636928834435,12.228299500156814,22.097397869218486,0.13683527494416836,0.0,0.09739786921848648,68.24380187120315
2023-02-18,22.82678155369108,28.987856582362532,16.89523631315265,53.528809681897755,1.0080980261966561,4.159068262208004,0.021029757952556294,12.893859644909718,23.03041204421712,0.826781553691081,0.0,1.030412044217119,69.17218110313743
2023-02-19,23.24093800929559,29.35557131647251,17.154128689563592,55.998392587674296,1.163792479024567,3.9345097965835705,0.01892678215730066,13.97166846848704,23.692530904697165,1.24093800929559,0.0,1.6925309046971648,69.94353358231473
2023-02-20,23.964581396752582,30.00798696203296,17.701787287982135,59.565227862618464,1.2590384499305851,3.801021120299391,0.002125912959497797,15.607084755802278,24.934818785228817,1.9645813967525818,0.0,2.934818785228817,71.26882982048336
2023-02-21,24.21201001991912,30.520643447817957,18.71259129594978,65.14693366330657,1.9038389569626366,3.5774369348705255,0.07671334580793143,17.249113369187107,25.37508656431036,2.21201001991912,0.0,3.3750865643103616,72.161831674649
2023-02-22,24.54976097060422,32.24478119152532,18.43521096155007,69.12831472203779,2.631440212470574,4.3989357095430694,0.49497857185972116,18.51395444188888,25.74150658932143,2.5497609706042184,0.0,3.7415065893214283,73.05616748377722
2023-02-23,24.534189050522123,31.66024385827247,18.725935896662044,64.98801533168347,2.3027814329691556,5.044073386853383,0.8674292267761212,17.515982303602733,25.528559887374374,2.534189050522123,0.0,3.5285598873743744,72.6133595743128
2023-02-24,24.61011891108831,31.758710086316174,18.560608438462005,62.53280074847589,1.5528514516810528,4.8953723184644184,1.002906380153317,16.978364433671324,25.90882188532771,2.6101189110883105,0.0,3.9088218853277112,72.47276844372396
2023-02-25,24.41300537212531,31.956890807026014,18.389277479326374,54.99500694151024,1.504706947546327,5.07112266553993,0.1821856703084445,14.782371986739815,24.909749635266063,2.4130053721253084,0.0,2.9097496352660634,71.43705729715435
2023-02-26,24.590310255326855,32.52488199432607,17.135650992937773,46.394551819882906,1.4759189955936503,5.5732904086436905,0.4074123257077323,12.330068084075926,24.28925240232193,2.5903102553268553,0.0,2.2892524023219316,70.79999697627593
2023-02-27,24.544216816563047,32.14589666203899,17.969738033439974,43.07508058187964,1.4671883865515787,5.4713731152290705,0.08572523691676225,11.162594687569813,23.898586930520164,2.544216816563047,0.0,1.898586930520164,70.40500302138555
2023-02-28,24.158824168527797,32.03556105510956,17.571023721856704,46.13454759461581,1.4653715216997647,5.492831538600834,0.011920082090903606,11.85185212112223,23.718446341431598,2.158824168527797,0.0,1.7184463414315978,70.22924871552657
2023-03-01,24.302649242469972,32.47159775457234,16.94616164664695,48.81391742620873,1.6243538359389151,5.526114408160802,0.0,12.843244377486508,24.059357510649342,2.302649242469972,0.0,2.059357510649342,70.67599041820236
2023-03-02,25.214377376712747,32.88043822055894,17.91264863886039,47.66822719864791,1.501807207098449,5.488039723546811,0.0,13.31328809094867,25.20974935665417,3.214377376712747,0.0,3.2097493566541715,71.72652387942081
2023-03-03,25.88834792056498,33.47192189291966,19.222417456389206,43.067160620510656,1.6530965171726926,5.670884698497013,0.0,12.372581667164512,25.4770628051167,3.8883479205649785,0.0,3.4770628051166987,72.05838358804479
2023-03-04,26.848378704653832,34.183879398804855,19.626483974165513,42.944205347980926,1.3261676827428022,5.617314740146074,0.0,13.194556478047167,26.928558840706433,4.8483787046538325,0.0,4.928558840706433,73.22456027714394
2023-03-05,26.8305263475584,34.25360717088188,19.827145530271018,45.28942536367479,1.3558857970664575,5.555651548258587,0.0010629564797488985,13.996422127915201,27.157873559769126,4.830526347558401,0.0,5.157873559769126,73.49413503053611
2023-03-06,26.810969396994025,34.351419689744674,19.73732540592745,44.52183678396814,1.8935136113961488,5.803706060240236,0.0010629564797488985,13.715189316358838,26.666579216343287,4.810969396994025,0.0,4.666579216343287,73.37436705583313
2023-03-07,26.458562201967773,34.3396299873242,19.38684915796463,40.7951107623589,1.7691543429709666,6.019670398985937,0.0,12.060349882375727,25.869912162681327,4.458562201967773,0.0,3.8699121626813273,72.48615356821492
2023-03-08,26.443139373453253,34.02355163880003,19.88876863644595,39.218334037544516,1.7433379610068211,4.860306687994206,0.0,11.448813260610878,25.68877385790865,4.443139373453253,0.0,3.68877385790865,72.27763012685054
2023-03-09,26.51851270598177,33.711137804068336,20.13453672964327,43.09201605601498,2.107156395243557,4.981892062533953,0.0,12.949778977143565,25.972469693137047,4.51851270598177,0.0,3.9724696931370467,72.8369216057973
2023-03-10,25.405197682139196,31.55806301684071,19.93396873302348,43.53715337719563,1.8514522846622803,3.936075149393373,0.0,12.10165751552059,24.77113230913682,3.405197682139196,0.0,2.7711323091368207,71.51550794004788
2023-03-11,26.878111305607533,34.32249532202572,19.94971871793324,42.77316713949418,1.602406591416672,4.640786249773646,0.006141727530633188,13.16015601155558,26.753714669786543,4.878111305607533,0.0,4.753714669786543,73.23977244908565
2023-03-12,27.391831351481866,35.640328967224,20.326585380575843,42.356915555019015,1.7834248807871074,5.380462986660229,0.14355827850546268,13.472564517340412,27.24370853408527,5.391831351481866,0.0,5.243708534085268,73.81640411578314
2023-03-13,27.77231967163638,35.59152109615501,20.597919961368987,41.06496770688719,1.620191947848132,5.763376978330416,0.0648819943260699,13.338400893237726,27.694288319849605,5.772319671636382,0.0,5.694288319849605,74.10919449212831
2023-03-14,27.277195026257022,33.37358423371764,21.712839983098934,48.51886883563711,1.5505239331200582,4.6178928955151815,0.052765135510351904,15.472353911800855,27.994921595940667,5.277195026257022,0.0,5.994921595940667,74.46962538550444
2023-03-15,27.04897748536247,33.83125128267037,21.667726806301687,56.38382748838052,1.9387432848433637,3.6514974648397422,1.3998370254119634,17.626339731925178,28.345849017054775,5.048977485362471,0.0,6.345849017054775,75.17115963268084
2023-03-16,25.67778716726022,32.30118730005433,20.76503410394157,64.42942777811312,1.888437254783606,3.7841983280014486,3.3516822599142873,18.46231317862546,27.367672981887043,3.6777871672602203,0.0,5.3676729818870434,74.20844347170741
2023-03-17,25.287771473411,30.52940182290095,20.953673567936264,64.3687215548983,1.5547757590390536,2.7461887547534256,2.8083491277841497,18.077927009137056,27.044007723240743,3.2877714734109986,0.0,5.0440077232407425,73.63853648198237
2023-03-18,25.72001207219171,31.87899076477335,20.718175891833162,62.141696142934755,1.350344661073218,3.856573278203658,4.860745457837871,17.92591622488544,27.554566885872845,3.720012072191711,0.0,5.554566885872845,74.01045716299828
2023-03-19,23.662302770567997,27.615291241624917,20.973704955634698,76.13392829118126,1.7279966197863226,2.310130765980564,16.390440634997283,19.2075709076579,25.797043979926013,1.6623027705679974,0.0,3.7970439799260127,72.38159716591073
2023-03-20,23.270226353594495,27.172025110158753,20.258993179211686,78.73537152169976,2.33449508058188,3.1384535099897386,15.157592804973744,19.367754464557393,25.05370192348281,1.270226353594495,0.0,3.0537019234828087,72.00018675719394
2023-03-21,24.145157240296978,28.60924548801835,19.776980744854228,73.97266191827127,1.6663735136113962,4.439810623528703,16.54756262449448,19.210965401870205,26.324917525426606,2.145157240296978,0.0,4.324917525426606,72.9248780110064
2023-03-22,24.55779742862317,29.517079736826222,19.988460795557437,69.03366692823083,1.594572946218386,5.084751487897629,8.576627029637233,18.49973967182114,26.469100852910373,2.5577974286231715,0.0,4.469100852910373,73.05853798701865
2023-03-23,24.812649242469973,30.486103700126762,19.3602673990463,64.97254904327882,1.723313816623408,5.3466094042373395,3.01985694452828,17.776241656664872,26.32202997504037,2.8126492424699734,0.0,4.322029975040369,73.01548302974439
2023-03-24,25.572812217058008,31.86604514999698,19.465992032353476,63.859251524114214,1.3553968733023483,5.604325255025049,1.6011975614172755,18.221096739339238,27.530570241786158,3.572812217058008,0.0,5.530570241786158,73.99312402965444
2023-03-25,26.369646284783006,32.579540653105575,20.377731031568786,64.79793022273195,1.413524476368685,5.235676676525624,3.670935594857246,19.209068264971588,28.727056209729348,4.3696462847830055,0.0,6.727056209729348,75.25180007534792
2023-03-26,27.282788676284184,33.87511619484518,21.375597875294265,65.353816623408,1.9083943985030485,5.355667254179997,1.632424096094646,20.212456172633072,29.76611396383811,5.282788676284184,0.0,7.766113963838109,76.64562502850728
2023-03-27,27.212747027222797,33.53081970181687,21.67643146013159,65.82768274280195,1.88212048047323,4.527057680931974,3.414814390052514,20.262971099341385,29.738846926427783,5.212747027222797,0.0,7.738846926427783,76.60453208549625
2023-03-28,27.412696927627213,33.60268726987385,21.858988350335007,64.77892617854772,1.6508691978028611,5.37585206736283,3.962672179634213,20.192576537461314,30.066786818740646,5.412696927627213,0.0,8.066786818740646,76.75964287868754
2023-03-29,27.0680714673749,32.6518422164544,22.11555984789039,67.83923462304583,1.6273217842699346,4.347068322568963,8.271329751916461,20.613468333543643,29.943808394171853,5.068071467374899,0.0,7.943808394171853,76.6483798988675
2023-03-30,26.50067906078349,31.70518379911873,21.47554958652744,70.86601919478483,1.7132431943019257,4.755984571739,8.368390173235952,20.780576834408134,29.398704500411803,4.50067906078349,0.0,7.398704500411803,76.17581279454093
2023-03-31,25.41070441238607,30.05353835938915,21.708469849701213,79.65703325888815,1.603609585320215,3.7774297760608446,21.13227017565039,21.636027548242584,28.820635006659096,3.410704412386071,0.0,6.820635006659096,75.49936400572109
2023-04-01,24.371582060723124,27.718026800265584,21.695207943502147,81.95693487052576,1.3407128629202631,3.307145264682803,29.70612965533893,21.08887450064208,27.683576654151683,2.3715820607231244,0.0,5.683576654151683,74.06966866364638
2023-04-02,24.929853322870766,29.667423794289856,20.54553208184946,75.06416007726203,1.6675626244944772,6.313091320094164,11.355139132009416,20.20379502965983,27.575865902889653,2.929853322870766,0.0,5.575865902889653,74.24802861247721
2023-04-03,26.132861713044004,31.690670610249292,20.41210539023359,69.73571014667714,2.029408462606386,6.489899384318224,4.290281885676344,20.167749114999065,28.5090735165954,4.132861713044004,0.0,6.5090735165954,75.48828380655402
2023-04-04,27.282945011166778,33.08007907285568,21.97448481921893,68.9878541679242,2.246003500935595,5.974296468883927,3.0611233174382817,21.091514443220966,29.964810954603394,5.2829450111667775,0.0,7.964810954603394,77.11402332577103
2023-04-05,27.606066276332466,33.696928230820305,22.405829057765445,72.156529848494,2.296206313756262,5.5272682682441,4.13084746785779,22.135551936030595,30.796962890216363,5.6060662763324665,0.0,8.796962890216363,78.0138921755597
2023-04-06,27.78820667592202,33.81991911631557,22.02487294018229,63.5898895394459,1.358103458682924,6.588237568660592,4.109932395726445,20.247985149786533,30.67428238236797,5.788206675922019,0.0,8.67428238236797,77.14411117726914
2023-04-07,28.21662280437014,34.8748029214704,20.96125671515664,54.48977123196716,1.3112989678276092,6.819668714915194,2.203287257801654,18.168091716336995,30.184015943545425,6.2166228043701395,0.0,8.184015943545425,76.5019444015812
2023-04-08,28.795405323836547,35.668388966016785,21.35881511438402,51.52401098569446,1.154793263717028,6.827221778233838,0.009114504738335246,17.812214598970996,30.72046513757634,6.7954053238365475,0.0,8.72046513757634,76.85341447955803
2023-04-09,29.114990040441846,35.49235287016358,22.56215307539084,49.949365606325834,1.260995352206193,6.67079657753365,0.27392949840043457,17.612995173360694,30.881969687635113,7.114990040441846,0.0,8.881969687635113,77.04203620658821
2023-04-10,29.08687209512887,35.9956334882598,21.734975553811797,52.84046296855195,1.4584758857970666,6.63192377014547,1.0891609826764048,18.483034442523884,31.089059160710896,7.0868720951288715,0.0,9.089059160710896,77.43010888676827
2023-04-11,29.67075934085834,36.74536971087101,22.81437556588399,53.520225749984924,1.3572264139554537,6.562141932757893,0.001098569445282791,19.227482412749893,32.078261547436995,7.670759340858339,0.0,10.078261547436995,78.30955234565096
2023-04-12,29.820709844872344,37.04502203174987,22.31601315868896,49.73095008148729,1.2432087885555625,6.831090891531358,0.0,18.190397457514766,31.84643620057767,7.8207098448723436,0.0,9.84643620057767,77.92543339106234
2023-04-13,30.038468642482044,37.54841129957144,22.461019496589604,49.301573006579346,1.5647322991489108,7.045241727530634,0.0,18.25162590753668,31.86580194268521,8.038468642482044,0.0,9.86580194268521,78.14078594886993
2023-04-14,30.879622140399594,38.55216876924006,23.164449206253398,53.377135872517655,1.281737791996137,6.852205106537093,0.0,20.301996057274746,33.84759046300928,8.879622140399594,0.0,11.847590463009283,79.90004801347827
2023-04-15,31.298682320275248,38.88400193155067,24.347504677974285,53.826105510955514,1.110239029395787,5.850868225991429,0.0,20.82545317381337,34.64480910191135,9.298682320275248,0.0,12.644809101911349,80.53484843189274
2023-04-16,31.09269873845597,38.166648155972716,24.724703929498407,55.46882718657572,1.527890384499306,6.124615621416069,0.001098569445282791,21.12399595692145,34.296637510853124,9.092698738455969,0.0,12.296637510853124,80.53340320677462
2023-04-17,31.066562443411605,38.001291120903,24.815740930765983,61.17899136838293,2.2838703446610733,6.123957493813003,0.004533107985754814,22.70624385590871,34.57941507130157,9.066562443411605,0.0,12.579415071301568,81.44968475339022
2023-04-18,31.18447335063681,38.22704352025111,25.19770326552786,64.56652260517897,2.162759703024084,5.769143272771172,0.014577171485483192,23.70978672620444,35.351521486105135,9.18447335063681,0.0,13.351521486105135,82.1847294606086
2023-04-19,31.23947667048953,38.43667712923281,25.196104303736345,63.833682622080055,2.468310496770689,5.962431882658297,0.22026860626546751,23.572170744164875,35.11282024379542,9.23947667048953,0.0,13.112820243795419,82.14083942945112
2023-04-20,31.30928592986057,38.45208366028852,25.439661978632223,63.503884831291124,2.7389805034103945,5.883887125007546,1.8627114142572585,23.552113950237015,34.98163045461392,9.309285929860572,0.0,12.98163045461392,82.18548220658084
2023-04-21,30.806895032293113,37.50130319309471,25.115671515663674,63.402285265890036,2.3376157421379853,4.37413767127422,3.663898110701998,23.051215159493193,34.47420514782385,8.806895032293113,0.0,12.474205147823852,81.44786241748412
2023-04-22,30.110545663065135,36.6797410514879,24.536217782338383,59.17020522725901,1.8254620631375629,6.130270417094224,2.5963626486388605,21.26166881913109,33.17556335706415,8.110545663065135,0.0,11.17556335706415,79.78439864160998
2023-04-23,28.24027464236132,32.80867990583691,24.375150600591542,62.4204853021066,1.799422345626849,3.0988621717872875,5.381525321422105,20.374048380181705,30.878981188849963,6.240274642361321,0.0,8.878981188849963,77.6313863127954
2023-04-24,28.86851451681053,34.780359147703265,22.954528882718662,58.12085410756323,1.1900217299450717,6.0336963541981055,0.7330482284058671,19.809526994454085,31.663306960674802,6.8685145168105315,0.0,9.663306960674802,77.90403582729549
2023-04-25,29.077779320335612,34.799303434538544,23.219649302830927,56.808418542886464,1.3642494114806545,6.714311202993905,2.9034429890746667,19.63645377401268,31.669338325378128,7.077779320335612,0.0,9.669338325378128,78.00043776536597
2023-04-26,29.793422466348765,35.97944649001027,23.279758556165874,54.613944588640074,1.222657693004165,6.259554638739664,1.200199191163156,19.666639867328065,32.498744033832686,7.7934224663487655,0.0,10.498744033832686,78.641693189146
2023-04-27,30.520661556105516,36.58322086074727,24.24272952254482,54.3982115047987,1.2626226836482164,6.024484348403454,0.8642367356793627,20.276726575756577,33.48948790590449,8.520661556105516,0.0,11.48948790590449,79.58588081414746
2023-04-28,29.21330717691797,34.668134242771785,23.93893764712984,59.68242651053299,1.4806784571739,5.900851898352146,5.917231242832137,20.561340572168785,32.16759288802629,7.213307176917969,0.0,10.167592888026292,78.61158691117795
2023-04-29,29.957596426631255,35.87018953340979,24.55228586949961,60.90235830264986,1.5507496831049676,6.01878288163216,4.488070260155732,21.589594489758756,33.38394544671184,7.957596426631255,0.0,11.383945446711841,79.84102026033221
2023-04-30,29.193078408885135,34.22893643991067,24.648848312911205,64.65248928592987,1.0811577231846443,5.678421138407679,9.267721373815416,21.84687459594297,33.082335338645215,7.193078408885135,0.0,11.082335338645215,79.31855616047179
2023-05-01,28.454367115349797,32.96404176978331,24.554860867990588,66.54539325164484,1.5277062835757833,4.6680932033560705,3.9527234864489653,21.618729909699265,31.910829124897475,6.454367115349797,0.0,9.910829124897475,78.5160275582192
2023-05-02,29.260222731936988,34.557395424639346,24.42951107623589,59.65239633005373,1.3571618277298243,6.527850473833524,0.7588126999456752,20.597151074052938,32.31865261231667,7.260222731936988,0.0,10.318652612316669,78.67265714513337
2023-05-03,29.588667230035618,34.98765437315144,24.588686545542345,61.20640369409066,1.6125158447516146,4.414913641576629,3.3028411903181025,21.3241849725725,32.83435999682843,7.588667230035618,0.0,10.834359996828432,79.36737076459616
2023-05-04,28.918130017504684,33.87704895273737,24.916412748234443,67.77693969940243,1.7069970423130316,3.9361361441419693,11.624883201545241,22.36078526607559,32.64393803512886,6.918130017504684,0.0,10.643938035128862,79.37444824144873
2023-05-05,28.83914408160802,33.29757530029577,24.59750045270719,69.13601798756565,1.7156781553691074,5.471744401521097,9.171837387577716,22.612428564512538,32.69616744790889,6.839144081608019,0.0,10.696167447908891,79.45396451479746
2023-05-06,29.851007424397906,35.42497615742138,24.91324741956902,64.49392889479086,1.5934472143417637,5.574799782700551,2.8009832800144867,22.429316772267857,33.694302027213695,7.851007424397906,0.0,11.694302027213695,80.24576768133836
2023-05-07,30.693922858695004,37.00459165811553,24.88412084263898,58.52924910967586,1.5768811492726507,6.72073749622744,2.686290215488622,21.629503534073123,34.12335244771442,8.693922858695004,0.0,12.123352447714417,80.49184898666002
2023-05-08,31.685783183436957,38.987687571678634,24.493589666203903,50.369403030120125,1.6977986358423371,7.220107931429951,0.004323051850063379,20.10558051814672,34.26822604093226,9.685783183436957,0.0,12.268226040932262,80.45537234532765
2023-05-09,31.84262268364822,39.116669885917794,25.228824168527797,51.25463149634816,1.9533439971026743,6.176835848373273,0.0032957083358483735,20.53187997848613,34.453495195819606,9.84262268364822,0.0,12.453495195819606,80.8142501267209
2023-05-10,31.960215488621962,39.14573066940303,25.4334870525744,57.01992877406894,2.0714257258405264,6.592675324440153,0.17420776241926722,22.38255344010908,35.44525397098777,9.960215488621962,0.0,13.445253970987771,81.98099475508283
2023-05-11,31.690490734592867,37.92947184161284,26.129291965956423,60.38971992515241,1.7524929075873725,6.32821803585441,2.308659383111004,23.077694992542607,35.78305654852712,9.690490734592867,0.0,13.78305654852712,82.19407151597935
2023-05-12,30.528661797549347,35.5489310074244,25.980761755296673,64.1447944709362,1.546868473471359,5.03196691615863,6.833436952978813,22.980823721885333,34.7097313166959,8.528661797549347,0.0,12.709731316695901,81.16862639898991
2023-05-13,30.44967344721434,36.22029154342971,25.36663548017143,62.29750226353595,2.2019400012072197,4.170944842156094,2.580536005311765,22.424252218170363,33.8647647164736,8.44967344721434,0.0,11.864764716473601,80.75828443683994
2023-05-14,29.38997585561659,35.16652320878856,24.887372487475105,60.42222973380818,4.181573006579344,3.800277883744794,0.35196776724814394,20.927313213093296,30.635739937657938,7.389975855616591,0.0,8.635739937657938,78.96925833301631
2023-05-15,29.59574334520433,36.052104786624014,23.39216997645923,57.56070199794774,2.5393583630108045,6.627338842276816,1.8185145168105272,20.332055186813655,31.697045684074993,7.59574334520433,0.0,9.697045684074993,78.8233712194695
2023-05-16,30.257102673990467,35.984840345264686,25.56397718355768,68.81680871612242,2.892472988471057,5.764214559063198,12.895102311824715,23.888996610480266,34.01738921491999,8.257102673990467,0.0,12.017389214919987,81.51803415427153
2023-05-17,28.99211202993904,33.4478825375747,25.539132613025895,79.6968793384439,2.708825375746967,4.491670338624978,27.45464356853987,25.125204099942373,33.630603691836214,6.99211202993904,0.0,11.630603691836214,81.2231475413823
2023-05-18,28.135539928774072,31.756201484879586,25.495907527011532,84.33943139977062,2.30196052393312,3.7663919780286115,37.302748838051556,25.24126859832251,33.131004845575724,6.135539928774072,0.0,11.131004845575724,80.49290821863576
2023-05-19,28.374858453552246,32.512666747147954,25.056754391259737,82.60687390595764,2.3595913563107382,4.94957563228104,12.079398201243436,25.126395001881566,33.25795657507533,6.374858453552246,0.0,11.257956575075333,80.64408046410377
2023-05-20,29.162442204382202,33.81343695297882,25.755541739602826,78.30045512162734,2.519145892436772,6.280681173417033,5.230828755960645,24.993763883313225,33.85172144220733,7.162442204382202,0.0,11.851721442207328,81.28901319660423
2023-05-21,28.80574998490976,33.31247238486147,24.88185851391321,78.98160439427778,2.5314130500392347,5.648650624735921,10.016441721494537,24.79295436864238,33.36166918262457,6.80574998490976,0.0,11.361669182624567,80.82249245103796
2023-05-22,28.614129896782764,32.21161767368866,25.651150479869624,82.35235649182111,2.496555200096578,5.796762702963723,12.686215971509627,25.308058429961072,33.51606446558374,6.614129896782764,0.0,11.516064465583739,80.99697484223528
2023-05-23,28.290006036095853,31.55858453552243,25.705246574515602,85.20839077684553,1.7578970242047447,4.737728852538178,20.761984668316536,25.565087556533868,33.87250311248916,6.290006036095853,0.0,11.872503112489163,80.86745545104067
2023-05-24,27.44412204985815,30.911050884288045,24.81338745699282,83.70301321904992,1.7920281282066761,4.140391374419026,31.169904629685522,24.43786857957733,32.29947996493218,5.4441220498581515,0.0,10.299479964932182,79.2736208435883
2023-05-25,27.637629021548868,31.503094102734355,23.881000181082875,83.2612289491157,1.9139288947908493,5.810081716665661,10.97203054264502,24.538566447077294,32.468919365858255,5.637629021548868,0.0,10.468919365858255,79.53191582430549
2023-05-26,28.340887909700008,31.705028671455302,25.559546085591844,82.57175348584536,1.6989237641093744,6.139652393312006,15.386307116557013,25.08609148239736,33.661169494820335,6.340887909700008,0.0,11.661169494820335,80.58394592629551
2023-05-27,28.382797730427964,32.01421440212471,25.286590209452527,80.09803645801897,1.7571690710448482,4.878590686304099,12.386429045693248,24.617057234064752,33.37236240577826,6.3827977304279635,0.0,11.372362405778262,80.30618460831161
2023-05-28,28.96079676465262,32.97565038932819,24.83253878191586,73.24539989135027,0.8689442868352751,6.889014848795799,4.858490976036699,23.684610587553212,34.01686649386302,6.9607967646526205,0.0,12.01686649386302,80.2337512293587
2023-05-29,30.02093438763808,34.161001388302054,25.87189110883081,69.48632341401581,1.0603700126758013,7.257454668920142,0.38440212470574037,23.824657409051905,35.02571546432891,8.020934387638079,0.0,13.025715464328911,81.27116049899587
2023-05-30,30.79318102251464,35.32058067242108,26.113631315265287,68.74834973139373,1.0973465322629326,6.862223667531841,0.0005492847226413955,24.383740501385546,36.1052518307274,8.793181022514641,0.0,14.105251830727397,82.30458623947055
2023-05-31,31.176837689382513,35.42351542222491,26.906481559727165,71.50396571497556,1.3210442445826038,6.722831393734532,0.0768938250739422,25.409548675183387,36.96860610773658,9.176837689382513,0.0,14.968606107736584,83.33757442097918
2023-06-01,30.576452586467074,34.69678758978693,27.313012615440336,75.5015132492304,1.9221923100138834,5.928437369469428,1.3588501237399653,25.74901487339841,36.164842678699706,8.576452586467074,0.0,14.164842678699706,83.07462856200057
2023-06-02,30.594888634031513,35.13606748355164,26.57098026196656,73.11058248324984,2.24369409066216,6.506699185127061,1.6200494959859961,25.224784963130137,35.62316499551223,8.594888634031513,0.0,13.623164995512226,82.71608832007928
2023-06-03,30.42766161646647,34.84240779863585,26.517973079012496,76.947286774914,1.9661869982495324,6.346997024204745,1.317159413291483,25.92555562159964,36.100011717007305,8.42766161646647,0.0,14.100011717007305,83.07498004050845
2023-06-04,30.511568177702664,34.77066095249593,26.687609102432546,75.73052755477758,1.747004285628056,6.440575855616586,0.5758157783545603,25.737494562288973,36.215062120950336,8.511568177702664,0.0,14.215062120950336,83.01063012048402
2023-06-05,30.61557916339712,34.718858574274165,26.29315265286413,74.02860264380999,1.3366922194724453,6.769871105209151,1.0214697893402547,25.454625113810383,36.42456603307067,8.615579163397118,0.0,14.424566033070668,82.89662999598139
2023-06-06,30.71923884831292,34.67865093257681,26.932126516569085,71.40948270658538,1.5526269089153137,6.337134303132735,0.7532655278565825,24.94879224230377,36.05860783579253,8.71923884831292,0.0,14.058607835792529,82.62887512188271
2023-06-07,31.27033379610068,35.65279712681837,26.88197440695359,71.62848011106416,1.6265817589183316,4.37775627452164,2.4963898110701996,25.528463185632088,36.924259758526226,9.27033379610068,0.0,14.924259758526226,83.50023072469065
2023-06-08,31.084650208245314,35.04567513732119,27.430007846924607,72.66026136295045,1.440627150359148,2.547359159775458,16.875378161405205,25.591317977458953,36.90888795519203,9.084650208245314,0.0,14.908887955192029,83.39083061540136
2023-06-09,29.692265346773713,32.83505221222913,27.07156093438764,77.02380274038754,1.6014613388060603,2.885228128206676,25.601477636264867,25.230842168677796,35.1730364358042,7.692265346773713,0.0,13.1730364358042,81.9324965726546
2023-06-10,29.792431943019256,33.929122955272526,26.31337900645863,77.83005432486267,1.7482646224422045,2.8001309108468644,16.824316412144622,25.50304955752077,35.34343376102183,7.792431943019256,0.0,13.343433761021828,82.2138836975848
2023-06-11,29.8050534194483,33.66220921108228,26.51766282368564,80.0472783243798,2.606798454759462,3.4999803343997105,21.463261302589483,25.98931580023527,35.070093905921226,7.805053419448299,0.0,13.070093905921226,82.57536872224381
2023-06-12,29.04092472988471,32.02970242047444,26.69755839922738,86.2632812217058,2.567006096456812,3.499298961791514,16.27032413834732,26.509635430954393,34.67895712647152,7.040924729884711,0.0,12.678957126471524,82.26248185710648
2023-06-13,29.678633427898834,33.578143296915556,26.42443954850003,83.91897929619122,2.7497935655218204,4.862843701333978,13.044896480956119,26.66657498103958,35.29557087748317,7.678633427898834,0.0,13.295570877483172,82.96457996541844
2023-06-14,29.69766765256233,33.070091145047385,27.403697712319673,85.37974889841252,3.8302619665600295,5.032625104122654,23.942278626184585,26.978763507189203,34.7720770797836,7.69766765256233,0.0,12.7720770797836,83.21924435112126
2023-06-15,30.065090239633008,34.151375626244956,27.471941208426387,84.10615802498944,4.627814933301141,3.4462199010080283,30.352627512524897,27.08250576321666,34.653418151605464,8.065090239633008,0.0,12.653418151605464,83.62737774340934
2023-06-16,29.823439367417155,33.795149996981955,27.262060119514704,85.86075451198167,4.080091145047384,4.479278879700611,41.806554596487004,27.197835444360976,34.875181275856086,7.823439367417155,0.0,12.875181275856086,83.5014329064961
2023-06-17,29.73570773223879,33.278442083660295,27.16846683165329,86.47427959195993,3.8600887306090423,3.722260837810105,21.02856703084445,27.233214974814533,34.96607450255719,7.73570773223879,0.0,12.966074502557191,83.45000896757301
2023-06-18,29.051545844148006,31.954632099957752,26.869435625037728,88.18161948451741,3.459896782760911,3.0511061266372916,37.10672421078048,26.89387626653971,34.32604049866795,7.051545844148006,0.0,12.32604049866795,82.56120708020462
2023-06-19,28.706445946761633,31.350366391018298,26.70787348343092,89.2911021911028,2.8533421862739186,2.910005963662703,20.995982978209693,26.766654361416062,34.318009876049274,6.706445946761633,0.0,12.318009876049274,82.13954002764712
2023-06-20,28.764969517715944,31.73069475463271,26.352404176978336,87.22415585199492,2.9045910545059463,4.3048028369650515,16.6434991247661,26.426533273918537,34.11052693160588,6.764969517715944,0.0,12.110526931605882,81.94169901439687
2023-06-21,28.57408462606386,30.735080581879643,26.799308263415224,89.86138950926541,2.898265829661375,4.228906078348524,19.84933844389449,26.744366327215918,34.138851196588,6.574084626063861,0.0,12.138851196588,81.99629709605125
2023-06-22,28.06747087583751,30.487616949357154,26.20177461218084,89.05804430494356,2.7932208607472693,3.6843412084263902,13.112426510532991,26.092531787371897,33.26810366838068,6.067470875837511,0.0,11.268103668380682,81.02595896863863
2023-06-23,28.630669403030122,31.866029456147768,25.805207943502143,86.83288344298909,2.755049194181204,5.472495569505644,10.533196112754272,26.218375638707144,33.94186083453181,6.630669403030122,0.0,11.94186083453181,81.66143609831435
2023-06-24,28.707283756866065,32.42974588036458,26.003889660167804,86.54485845355225,3.215887004285628,5.531445711353896,13.05616707913322,26.237351121888118,33.70856943726029,6.707283756866065,0.0,11.708569437260287,81.74804548142066
2023-06-25,28.5972493511197,32.38015935293053,25.51388302046237,85.10578499426572,3.4908993782821276,5.914417474497496,4.783059093378403,25.845839659599676,33.14841625501922,6.5972493511197,0.0,11.148416255019221,81.36047998875947
2023-06-26,28.144842156093443,31.19366451379248,25.821595340134003,87.2795973924066,3.832944407557193,4.369264199915494,13.470532987263837,25.827744132560944,32.44433997678627,6.144842156093443,0.0,10.444339976786267,80.91231662093489
2023-06-27,27.95377980322328,30.544628478300236,25.990373634333316,89.86435021428142,3.7560300597573484,2.6206243254662884,29.221755296674118,26.13293640380649,32.50699804084588,5.953779803223281,0.0,10.506998040845879,80.94303999221974
2023-06-28,28.10615742137986,30.81797549345084,25.91774551819883,89.73710871008633,3.3313985634091874,2.8915067785356436,30.567744310979663,26.259268920475698,33.04052541347933,6.106157421379859,0.0,11.04052541347933,81.1844353223031
2023-06-29,28.13797006096457,30.366180358544096,26.412199553328907,90.69652683044606,2.7785622019677674,2.7059079676465263,34.467541498158994,26.47095900589687,33.60092198042718,6.1379700609645695,0.0,11.60092198042718,81.37023775107303
2023-06-30,28.438792177219774,31.142876199674053,26.284348403452654,90.3345192249653,2.645593046417577,3.6450627753968736,31.550727349550307,26.70010594330013,34.150135281424575,6.438792177219774,0.0,12.150135281424575,81.83290916005933
2023-07-01,29.079794772740993,31.970735800084505,26.609363795497075,87.82758314722038,2.212689684312187,3.434146097664031,44.25470151506006,26.85321416220285,35.19944960893319,7.079794772740993,0.0,13.199449608933193,82.5567447780632
2023-07-02,28.854497495020226,31.5551071407014,26.714162491700367,90.0115011770387,2.5399643870344666,3.9729890625943147,26.441145650992937,27.04944980879229,34.880072891014734,6.854497495020226,0.0,12.880072891014734,82.49430817888134
2023-07-03,29.01432727711716,31.463269149514097,27.09146918573067,89.66147944709361,2.2910201001991917,4.037920100199192,23.100406832860504,27.14071543709306,35.277710882362705,7.014327277117161,0.0,13.277710882362705,82.71488386959713
2023-07-04,29.330341643025292,32.27394036337297,26.864480593951836,86.62544335124043,1.7173718838655156,5.810794018229009,9.013109192973985,26.86496069928069,35.80504894480218,7.330341643025292,0.0,13.80504894480218,82.79774795654578
2023-07-05,29.170587915736103,32.197017565038934,26.571395545361263,87.07661737188388,2.288035854409368,5.683980992334159,14.112438582724694,26.796404431207428,35.198694819274294,7.170587915736103,0.0,13.198694819274294,82.59819865555212
2023-07-06,28.763164725055837,31.668043097724393,26.63596788797006,89.12434478179516,3.3563867930222733,4.346786497253576,17.56435625037726,26.79077224537798,34.03913513901242,6.763164725055837,0.0,12.039135139012423,82.21160823118062
2023-07-07,28.642571376833462,30.92472626305306,26.82244039355345,90.27984366511741,3.2175644353232333,5.13479960765377,12.523802136777933,26.890978664976615,34.08426312442418,6.642571376833462,0.0,12.084263124424183,82.17222827436478
2023-07-08,28.855128870646467,31.67499547292811,26.63695901490916,88.46831351481862,2.730341643025291,5.519603301744432,10.268599022152472,26.7557357749557,34.545500997837735,6.8551288706464675,0.0,12.545500997837735,82.27231182477175
2023-07-09,29.101705197078527,32.15102070380878,26.40289974044788,87.15787408704051,2.2638190378463214,5.113119375867689,7.956966861833767,26.744573587088986,35.11129421986844,7.101705197078527,0.0,13.11129421986844,82.49505786198041
2023-07-10,29.295252007001874,32.377224603126706,26.829571437194424,87.89223335546569,2.660738214522847,3.9500260517897026,12.379296191223517,27.077699530495654,35.25635352930479,7.295252007001874,0.0,13.25635352930479,82.92797125848028
2023-07-11,28.87951409428382,32.05908613508783,26.58177099052333,87.9805058248325,3.3510164785416796,4.500536602885254,15.029271443230519,26.685754580958097,34.087773049554414,6.87951409428382,0.0,12.087773049554414,82.24276101655587
2023-07-12,28.279615500694156,31.200705619605245,25.802578016538906,88.14673386853384,3.109253334942959,4.891914136536489,13.772194724452225,26.127423048082,33.28227362660459,6.279615500694156,0.0,11.282273626604592,81.25812013792797
2023-07-13,28.511249471841616,31.125139132009412,26.442997525200703,89.94902637773887,2.8027977304279594,4.658023438160199,15.826549164000724,26.6989396348165,34.11183364200764,6.511249471841616,0.0,12.111833642007639,81.90193108712865
2023-07-14,28.59191464960464,31.318796402486868,26.400772620269215,89.50262932335364,2.485617794410575,4.451910532987264,18.597406893221468,26.693956648012932,34.41122166906727,6.5919146496046395,0.0,12.411221669067267,81.97566848240606
2023-07-15,28.781424518621357,32.089391561538,26.193148427597034,87.01314239150118,3.124697289792963,5.233952749441661,6.599611275427055,26.40162684266732,33.9562260645866,6.781424518621357,0.0,11.956226064586602,81.93886900921134
2023-07-16,28.47943139977063,31.65633186455001,25.67680690529366,88.77825375746967,3.6166535884589845,4.438112742198346,5.154327880726747,26.445123117157607,33.33872058349171,6.479431399770629,0.0,11.338720583491707,81.68301845551375
2023-07-17,28.342965533892677,30.96118971449267,26.233758073278207,89.1424307358001,2.705279773042796,5.05085496468884,5.383823866723004,26.380083239884627,33.796469997258896,6.342965533892677,0.0,11.796469997258896,81.5034708206809
2023-07-18,29.061978632220683,32.32880907828817,26.193583026498462,86.4531538600833,2.602729522544818,6.480984982193519,2.017409307659806,26.567624026567188,34.71415765480214,7.061978632220683,0.0,12.714157654802143,82.32532585162284
2023-07-19,29.37031629142271,32.80159775457234,26.51741051487898,86.6695394458864,2.6737381541618888,6.471794434719624,3.289480292147039,26.912877487705753,35.2085334126774,7.370316291422711,0.0,13.208533412677397,82.87095721650672
2023-07-20,29.291422104183013,32.49732118066035,26.637837266855797,87.3530886702481,2.5244818011710026,6.443218090179273,1.5466499668014728,26.969111200559666,35.272773323459674,7.291422104183013,0.0,13.272773323459674,82.84125483827432
2023-07-21,29.238024385827245,32.39135027464236,26.931161344842156,85.87445282791091,1.9404170942234564,5.606855453612605,4.148158990764773,26.626327026759295,35.3937422878346,7.238024385827245,0.0,13.393742287834598,82.53249176046293
2023-07-22,28.86522484457053,31.524886823202756,26.74903422466349,87.42179332407798,2.245186213557072,6.252735763867932,5.151565159654735,26.56349148735198,34.764682005861346,6.86522484457053,0.0,12.764682005861346,82.13793884314006
2023-07-23,29.383374177581942,32.59191464960463,26.638192792901556,85.18049435625039,1.8104189050522124,6.032752568358785,1.9328695599686125,26.631005856723945,35.63341826603389,7.383374177581942,0.0,13.633418266033893,82.66961153777662
2023-07-24,29.658420957324804,33.058510291543435,26.84498279712682,83.96123921047867,1.4792599746483976,6.156594241564557,1.0865280376652382,26.655359469988465,36.15709382042082,7.658420957324804,0.0,14.157093820420819,82.93789608558113
2023-07-25,29.404594676163462,32.45540894549406,26.827521579042678,84.25835516388001,1.8916351783666325,6.138777841492122,2.4000078469246096,26.46700633940351,35.4870804064191,7.4045946761634625,0.0,13.487080406419103,82.56630041407321
2023-07-26,29.071748656968673,32.263366330657334,26.397364640550492,86.93463149634817,2.5407032051668983,5.550131315265287,8.504481801171002,26.671549514891645,34.83777834009556,7.071748656968673,0.0,12.83777834009556,82.41222955458107
2023-07-27,29.32639765799481,32.77529124162491,26.559239451922494,86.61302408402247,2.8296082573791272,5.025583847407497,8.930374841552485,26.858648173000354,35.01820403940182,7.326397657994811,0.0,13.018204039401823,82.78932252479186
2023-07-28,29.307805275547775,32.73197319973441,26.75981589907648,86.50315989617917,2.867099655942537,5.2207969336633075,10.740424941148067,26.81879934082256,34.94603868339172,7.307805275547775,0.0,12.94603868339172,82.74196685495635
2023-07-29,29.488246514154646,32.88309168829601,26.593060300597575,86.27447938673265,2.4254264501720293,5.018139675258044,8.820289732600953,26.950878511323264,35.5265778942753,7.488246514154646,0.0,13.526577894275299,83.00790333999748
2023-07-30,30.31323896903483,33.437367658598426,26.89270598177099,81.60915856823809,1.3710877044727472,6.016837339288949,3.8129697591597758,26.81166286405743,36.9948823430252,8.313238969034831,0.0,14.994882343025203,83.63725159881017
2023-07-31,31.176589605842942,34.650711052091516,27.669977666445348,77.8003905354017,1.0237182350455725,6.023327747932637,7.367860204020041,26.837447068501465,38.11998406951952,9.176589605842942,0.0,16.119984069519518,84.39352391654177
2023-08-01,30.4591489104847,34.1591078650329,27.638909881088914,83.851464356854,3.0768769240055533,5.2404384559666815,27.92836602885254,27.41617381750064,36.36712627632767,8.4591489104847,0.0,14.367126276327667,84.23315065307695
2023-08-02,28.973824470332595,32.08474859660772,26.721862135570714,88.21729401822903,4.657606687994205,3.5778177159413302,14.049110883080827,26.824262354096533,33.36208215056476,6.973824470332595,0.0,11.36208215056476,82.43569315895999
2023-08-03,28.921353292690288,32.0575656425424,26.397481740810044,88.1156582362528,3.4314510774431106,3.1778971690710454,14.957562020884893,26.753016379078353,34.1191646926835,6.921353292690288,0.0,12.119164692683498,82.33266867281804
2023-08-04,28.75203416430253,31.521650872215854,26.64318464417215,88.43092714432305,3.242888271865758,2.843120673628298,34.014859057161836,26.647045297664054,34.00955343964074,6.752034164302529,0.0,12.00955343964074,82.09326420700475
2023-08-05,28.565321422104184,31.483960886098874,26.091815657632647,87.8625617190801,3.131372608197019,3.1323483310194966,13.162497736464056,26.353864933359723,33.70325993537887,6.565321422104184,0.0,11.703259935378867,81.69827141488571
2023-08-06,28.301451077443115,30.43562564133519,26.65754029093982,89.83979960161768,3.5814088247721374,1.4680834067724995,38.50524778173478,26.471313865735635,33.202822350199,6.301451077443115,0.0,11.202822350199,81.5301966516463
2023-08-07,28.441770990523338,30.784588640067607,26.97470634393674,91.60786503289674,3.477665238123982,1.2282902396330053,79.3438528399831,26.941149329896344,33.73569051382799,6.441770990523338,0.0,11.73569051382799,82.01678340964574
2023-08-08,28.103200941630952,30.210081487294023,26.61569686726626,91.24483430916884,2.881194543369349,1.824697796825014,44.476101285688415,26.538889172783104,33.54002899601429,6.103200941630952,0.0,11.540028996014293,81.38602374754839
2023-08-09,28.313703748415527,31.04171425122231,26.147997223395908,90.0125248988954,2.4319472445222434,4.125673169553933,16.127338685338323,26.515996531879804,34.0497910935885,6.313703748415527,0.0,12.049791093588503,81.57503904963349
2023-08-10,28.415481378644298,31.118264622442208,26.30493390475041,87.7592020281282,2.2354240357336876,3.4520238003259496,7.082666747147947,26.186523861402172,34.069062726462754,6.415481378644298,0.0,12.069062726462754,81.43225972121456
2023-08-11,28.251571195750593,30.953428502444627,26.02862014848796,88.68277117160622,2.277798032232752,3.1107977787167265,17.44320033802137,26.202439984898366,33.8858702983531,6.251571195750593,0.0,11.885870298353097,81.28521414380009
2023-08-12,27.804580793142996,30.184875354620637,26.21866723003561,91.24889116919178,2.8403609585320218,2.8734581396752583,26.204668920142456,26.244454921647588,33.07251055382923,5.804580793142996,0.0,11.072510553829233,80.87519597413583
2023-08-13,27.901741413653657,30.56746665057042,25.915333494295894,88.31673749019137,2.074962878010503,2.018150208245307,31.12221947244522,25.78803501018117,33.4057775521053,5.901741413653657,0.0,11.405777552105299,80.64569065182388
2023-08-14,28.372469366813547,31.812252067362834,25.16528701635782,83.34398442687272,1.1699263596305913,4.084821373815417,12.44437013339772,25.273363242866218,34.18085826544158,6.372469366813547,0.0,12.180858265441579,80.74318818657748
2023-08-15,28.79295949779683,32.02291181263959,25.879772439186336,86.52105028067847,1.5695309953522063,3.8545080642240603,13.884257862014849,26.31681400670105,34.99968606472704,6.792959497796829,0.0,12.999686064727037,81.88730732220395
2023-08-16,29.106914347799844,32.116182169372856,26.67228466228044,87.83594676163457,1.5064024868714918,4.206122176616165,13.395259250316894,26.881512343756942,35.74042085573531,7.106914347799844,0.0,13.740420855735309,82.60348893505254
2023-08-17,29.013083237761816,31.631585682380642,26.681719080098997,87.46890143055472,1.5145657029033626,5.645646894428684,12.850266795436713,26.71801361587016,35.52895302682397,7.0130832377618155,0.0,13.52895302682397,82.39236996341225
2023-08-18,28.808832619061995,32.075503108589366,26.359412084263898,87.84999698195209,2.670336210539024,5.6460482585863465,5.558352145832076,26.59099766976039,34.42922232844997,6.808832619061995,0.0,12.429222328449967,82.10522511623009
2023-08-19,28.5043133940967,31.676852779622145,25.96687632039597,89.18182471177641,2.5551542222490498,5.182083352447637,4.024408160801594,26.546605584399646,34.17500460696015,6.504313394096702,0.0,12.175004606960151,81.78193476320028
2023-08-20,28.81828454155852,31.982635359449514,26.204965896058432,87.34948813907167,1.9040387517353774,5.510030868594193,1.8325671515663666,26.50329987495917,34.915889507794944,6.818284541558519,0.0,12.915889507794944,82.04892537873309
2023-08-21,28.18539445886401,30.785964266312554,26.156522605178974,88.32894126878736,1.8895056437496232,4.910037109917306,8.516138709482707,26.069615855375755,34.003648531123154,6.18539445886401,0.0,12.003648531123154,81.12480854233186
2023-08-22,28.04585380575844,30.24851451681053,26.304176374720836,91.2506585380576,2.589434417818555,3.054769324560875,9.560694151023121,26.48328459739956,33.64938767722338,6.045853805758441,0.0,11.64938767722338,81.28861450550193
2023-08-23,28.00671576024628,30.31378825375747,26.278009295587616,90.98124947184162,2.532749441661134,3.4119692521277236,22.995702299752526,26.394450265659053,33.59025533755106,6.00671576024628,0.0,11.590255337551064,81.18493261895108
2023-08-24,28.127564435323237,30.431644232510415,26.40278505462667,92.02144443773769,2.4503875173537755,3.2691453129715704,25.447623589062598,26.706940212439584,33.97986752769528,6.127564435323237,0.0,11.979867527695284,81.5343546277642
2023-08-25,28.072843001146865,30.59719080098992,26.154504134725663,90.90913382024506,2.500165389026378,2.741588833222672,23.325716182772986,26.44634162321571,33.71406164369949,6.072843001146865,0.0,11.714061643699488,81.28813754186211
2023-08-26,28.13500814872941,30.91288947908493,26.04632281040623,90.5036023420052,2.9046393432727715,2.4261060964568117,32.326547353171975,26.431911081893446,33.48347376834049,6.135008148729408,0.0,11.483473768340488,81.33868367555161
2023-08-27,28.526118186756808,31.358369046900467,26.354129896782766,89.95352206193034,2.7404985815174743,3.2721511740206433,31.705492847226424,26.71446008390846,34.18089137183066,6.526118186756808,0.0,12.180891371830661,81.9278353890241
2023-08-28,29.10162974588036,32.255401702179036,26.499950504014006,86.6366747147945,1.8610303615621417,4.4578137441902586,7.692275608136658,26.642569938369906,35.32378743244117,7.101629745880359,0.0,13.323787432441172,82.41830693741613
2023-08-29,29.63742741594737,33.017967042916645,26.30178547715338,80.25894911571197,0.9399106657813727,5.3082675439125975,5.4886400676042735,25.870940973395207,35.99170337385891,7.637427415947371,0.0,13.991703373858911,82.33934104906665
2023-08-30,29.658643689261794,33.21780527554778,25.97373694694272,80.24653467737069,1.0948210297579528,5.377560517897025,1.9382235769904028,25.88896208827396,35.91625876807379,7.658643689261794,0.0,13.916258768073789,82.37144775080932
2023-08-31,29.513525079978272,32.63198768636446,26.49532262932335,82.18125792237582,1.1004853021065977,4.848152858091387,7.617231242832137,26.150459263273913,35.93883073088515,7.5135250799782725,0.0,13.938830730885151,82.43130509112251
2023-09-01,29.361195146978933,32.29411178849521,26.94525623226897,84.97430313273377,1.2503464719019737,4.235483919840647,7.186733868533834,26.568117871250013,35.960694937808675,7.3611951469789325,0.0,13.960694937808675,82.60212743405688
2023-09-02,29.909441057523996,33.048086557614546,26.85955272529728,82.73999517112333,0.868267640490131,4.313981052695118,10.172176616164666,26.651726046030635,36.83361074516703,7.9094410575239955,0.0,14.833610745167029,83.16006362808277
2023-09-03,29.122850244461887,31.369901008028005,27.022022092110824,86.7847087583751,1.4853546206313757,5.190937297036276,19.783014426269098,26.69241823113907,35.641865284690944,7.122850244461887,0.0,13.641865284690944,82.47546290115747
2023-09-04,28.465576748958778,31.037273495503108,26.239170036820187,86.74689744673145,1.512331140218507,4.899994446791816,18.307513128508482,26.039443803948195,34.52828638914013,6.465576748958778,0.0,12.528286389140128,81.3739128368776
2023-09-05,29.687033258888153,33.42636325224846,25.973374177581942,83.06982555682985,1.3590360354922437,5.368210647673085,10.061197561417277,26.502089225623834,36.16624693498216,7.687033258888153,0.0,14.166246934982162,82.84853846808348
2023-09-06,29.230948874268126,32.11598358181928,26.899492364338748,86.70353956660831,1.667155188024386,5.167998913502748,4.729658356974709,26.782681552268095,35.6843568077921,7.230948874268126,0.0,13.6843568077921,82.64371672471901
2023-09-07,28.176960825737915,30.588887547534252,26.146962636566673,90.0458435443955,2.5970930162370984,4.531167151566367,19.721017082151267,26.387333383833607,33.71087400379173,6.176960825737915,0.0,11.71087400379173,81.34714925090695
2023-09-08,27.743511800567397,29.529482102975795,26.45255025049798,92.88927627210722,2.8553087463028914,2.4461202028128213,24.277730427959206,26.48607503931282,33.1624902118171,5.743511800567397,0.0,11.1624902118171,80.9895009812842
2023-09-09,28.55865757228225,31.5051602583449,25.86570109253335,86.87413895092655,1.5137321180660348,5.2660976942113855,3.9162594313997716,26.155676319893747,34.69714842563358,6.55865757228225,0.0,12.697148425633578,81.54713791075616
2023-09-10,29.15387638075693,32.33340013279411,26.289207460614477,84.87202933542584,1.2759455544154041,4.959132969155551,4.399911873000542,26.34461105596212,35.58504947996672,7.15387638075693,0.0,13.58504947996672,82.24501539459402
2023-09-11,28.843682018470457,31.735034707551158,26.375896662038993,86.04891410635601,1.477556588398624,4.441930053721253,10.18603911390113,26.273884452971245,35.0862366967143,6.8436820184704565,0.0,13.086236696714302,81.9035771486452
2023-09-12,29.01224482404781,31.92420353715217,26.282620872819464,85.56302106597455,1.2953039174262089,4.517141824108167,15.635287619967409,26.343258059355932,35.428814204824164,7.012244824047809,0.0,13.428814204824164,82.11247397625004
2023-09-13,28.378018349731395,30.92935293052454,26.279502022092114,88.39190197380336,2.2162956479748903,4.985123450232391,5.9394446791815065,26.27131676518161,34.10125873159513,6.378018349731395,0.0,12.10125873159513,81.45785095735994
2023-09-14,28.085036518379916,30.85799843061508,26.243572765135514,90.07883925876745,3.1633524476368686,4.307905118609284,10.425411963541983,26.302825567886604,33.1660163458768,6.0850365183799155,0.0,11.166016345876798,81.19535126259899
2023-09-15,28.000653105571317,30.752964326673514,25.952582241806002,89.90734955031087,2.3141178245910545,5.0353106899257565,6.134966499668016,26.187280974658073,33.59921784419075,6.000653105571317,0.0,11.599217844190747,81.02850921320827
2023-09-16,28.896045753606572,32.341862135570715,25.678603851029152,84.82596366270297,1.343027102070381,5.684171962334762,2.8881861531961137,26.082886016075253,35.10631411875511,6.896045753606572,0.0,13.106314118755108,81.81324710636837
2023-09-17,29.879352326914958,33.45965533892679,26.38447455785598,81.34201726323414,0.9520571014667715,5.640618742077624,6.788967223999519,26.333225929627122,36.53040559631849,7.879352326914958,0.0,14.530405596318488,82.89469930352797
2023-09-18,28.352153679000427,30.76611396148971,26.53575783183437,89.01595883382628,1.4379664393070566,3.8801638981107023,25.664107563228104,26.365067693931056,34.68274168264815,6.352153679000427,0.0,12.68274168264815,81.50136631853154
2023-09-19,27.74962032957084,30.15927989376471,25.97781131164363,90.35977726806303,2.530061568177703,3.9618573127301264,17.950536005311765,26.02444718675429,33.089321043431454,5.749620329570838,0.0,11.089321043431454,80.66238345958894
2023-09-20,27.49777811311644,29.61732963119455,25.954819822538784,92.34107321784269,3.2957668859781495,2.892866704895274,20.694776966258225,26.142398287688373,32.37895960470959,5.497778113116439,0.0,10.378959604709593,80.49285136783658
2023-09-21,27.535815778354564,29.553402547232455,26.113573368745097,92.90826100078472,2.910636808112513,3.2465477093016233,25.368037665238127,26.283764532848267,32.780420704144404,5.535815778354564,0.0,10.780420704144404,80.63291063061956
2023-09-22,27.568432425906924,29.908034043580614,25.848779501418488,91.57539687330234,2.325497676103097,3.1045713647612727,20.362511015874933,26.071424069134693,33.08204380724562,5.5684324259069236,0.0,11.082043807245618,80.51379019674243
2023-09-23,27.817711112452468,30.596290215488626,25.724004345989016,90.28792780829362,2.0610345868292392,3.598916400072434,19.679696384378587,26.07821590032366,33.521179214545,5.817711112452468,0.0,11.521179214545,80.76874221269844
2023-09-24,27.74727651355104,30.40785839319129,25.72856884167321,89.87158628599023,1.9754970724935115,3.681549314903121,23.34524476368685,25.93055760180823,33.41362928541312,5.747276513551039,0.0,11.413629285413123,80.59323033954655
2023-09-25,28.08826824409972,31.104126275125246,25.65552966741112,88.6780925937104,1.494284420836603,4.518749809862981,9.899112090299994,26.040700952556485,34.16404722456108,6.088268244099719,0.0,12.164047224561081,81.00910978325798
2023-09-26,28.74068087161225,31.84363735136114,26.03983943985031,84.12503229311284,0.8380213677793205,5.238984100923523,9.99773767127422,25.79057696953439,35.11308067941953,6.740680871612248,0.0,13.113080679419532,81.45664711158585
2023-09-27,28.61607110520915,31.459144685217602,25.954958652743414,84.59493994084627,0.927505885193457,4.434258024989437,11.326464055049197,25.762633911289253,34.90757739416175,6.616071105209151,0.0,12.907577394161748,81.318933697567
2023-09-28,29.100271624313393,32.53309168829601,25.588763807569265,85.08716122412024,1.232306995835094,5.325081233777993,4.6058411299571445,26.335007624483374,35.55552098119594,7.100271624313393,0.0,13.55552098119594,82.18826111681385
2023-09-29,28.515951590511264,30.95693185247782,26.60171847648941,90.16996559425365,1.4085229673447217,4.021778571859721,6.02571014667713,26.745279964818064,35.12409859429335,6.515951590511264,0.0,13.12409859429335,81.94110996487453
2023-09-30,28.001741413653658,30.210038027403876,26.343973561900167,90.51713345807933,2.3249592563529906,3.9198796523208794,7.976889599806845,26.30284536309949,33.66952219156462,6.001741413653658,0.0,11.669522191564617,81.11329955894266
2023-10-01,27.956924609162797,30.656444135932876,25.9965956419388,89.62431520492547,1.9882869559968612,4.943173501539205,9.35900585501298,26.09078071068535,33.71974189418873,5.956924609162797,0.0,11.71974189418873,80.91584053114042
2023-10-02,27.735720408040088,30.580652501961733,25.567173899921535,90.79185911752278,2.213733928894791,4.198128007484758,12.442054083418846,26.091407254194166,33.3409084439866,5.735720408040088,0.0,11.3409084439866,80.69632481160656
2023-10-03,27.596451379247902,30.57582302166959,25.502888875475346,90.59312669765197,2.756083177400858,2.927999686123016,19.4345355224241,25.916793581946134,32.707242365396034,5.5964513792479025,0.0,10.707242365396034,80.43223902099442
2023-10-04,26.976873905957632,29.238670248083544,25.2311474618217,92.23066457415345,3.1457517957385166,1.9683808233234747,35.5637502263536,25.606524409996467,31.613164650376916,4.976873905957632,0.0,9.613164650376916,79.58123351088412
2023-10-05,26.868859781493335,28.737642904569324,25.314921228949114,93.61740568600229,3.4348862195931678,1.7133776121204805,67.7289430796161,25.75121500686606,31.396023131559055,4.8688597814933345,0.0,9.396023131559055,79.56811087125406
2023-10-06,27.304081608015938,29.430636204502935,25.793256473712805,92.51784571739002,3.1941649061387096,2.129789521337599,67.01731152290698,25.982963273486472,32.15122282340924,5.304081608015938,0.0,10.151222823409242,80.18184359976303
2023-10-07,27.734603126697657,30.94860807629626,25.49530753908372,90.55595340134,2.274144383412809,3.11226631858514,14.9205673930102,26.046294431844082,33.26779318972656,5.734603126697657,0.0,11.26779318972656,80.66295949502408
2023-10-08,28.008531417878924,31.21475040743647,25.216455604515005,87.5738365425243,1.629055350998974,4.198306869077081,7.46634997283757,25.750535405213352,33.80049515686274,6.008531417878924,0.0,11.800495156862738,80.72433819403449
2023-10-09,28.089465805516998,31.011176435081786,25.64509144685218,88.00799541256715,1.458955151807811,4.078439427778114,6.107760608438462,25.913658928205724,34.10670450007669,6.089465805516998,0.0,12.106704500076688,80.91939708253796
2023-10-10,28.69425846562444,31.788840465986603,25.79916701877226,80.3053002957687,0.7701587493209393,4.149780424941148,3.47756866059033,24.963282547275842,34.58840324547777,6.69425846562444,0.0,12.588403245477771,80.83445395837259
2023-10-11,28.27001750467798,31.601206615561058,25.074105148789762,80.57103156878132,0.9456600470815478,4.254844479990343,2.1702396330053717,24.605863625387432,33.820697261226236,6.2700175046779805,0.0,11.820697261226236,80.19123018603199
2023-10-12,27.96909398201244,31.048760185911757,24.951450473833525,79.59102553268548,1.0068817528822358,4.195562026920988,2.9384324259069237,24.10884401852559,33.17719530029468,5.9690939820124385,0.0,11.177195300294677,79.57505624138756
2023-10-13,27.77672662521881,30.972688477093016,24.335031085893647,73.35742862316654,0.8672783243797914,4.796327941087704,3.179476066879942,22.571104784977635,32.204054996099444,5.77672662521881,0.0,10.204054996099444,78.43420398638605
2023-10-14,27.235901490915683,30.71376169493572,23.532820667592205,71.49168527796222,1.0085652200156938,5.058721554898292,0.3988833222671576,21.628640623585387,31.059961583409233,5.235901490915683,0.0,9.059961583409233,77.36532348920724
2023-10-15,27.05007907285568,31.100187118971448,23.108247721373818,73.68030361562143,0.8528194603730308,4.825734001327942,0.018321361743224483,21.944089886957272,31.14885931563422,5.050079072855681,0.0,9.148859315634219,77.36067992678079
2023-10-16,26.61522786261846,30.809162189895577,22.43771956298666,75.63705679966199,1.0748813907164847,5.222936596849159,0.0026691615862859904,21.954734116150867,30.563857654849315,4.615227862618461,0.0,8.563857654849315,76.93142112675163
2023-10-17,26.64568600229372,30.988413714009784,22.417546930645262,74.88781493330116,0.9882513430313274,5.258215754210176,0.04407557192008209,21.820923907037827,30.58425208866887,4.6456860022937185,0.0,8.584252088668869,76.88707547254586
2023-10-18,26.21859841854289,30.104872940182293,22.362650449689145,77.51542765739121,1.0733729703627695,4.995383249834008,0.5823136355405323,21.97349350320773,30.17791871551197,4.218598418542889,0.0,8.177918715511971,76.5361158420775
2023-10-19,25.478466228043708,29.430231182471182,21.706031266976524,82.0531212651657,1.2446815959437438,5.117670205830869,0.10167803464719019,22.18797425699689,29.431802166568993,3.4784662280437075,0.0,7.431802166568993,75.87300031085209
2023-10-20,25.0378825375747,29.666236494235527,20.921326130258954,83.05763022876805,1.3712615440333198,5.387788947908493,0.0,21.95754786755251,28.779260391524808,3.037882537574699,0.0,6.779260391524808,75.26587917228925
2023-10-21,25.159194784813184,30.049147099655944,20.367881933965112,79.60035612965535,1.396755598478904,5.417566910122533,0.0,21.379911134033232,28.58108796031869,3.1591947848131845,0.0,6.5810879603186905,75.09171319324514
2023-10-22,25.560009054143784,29.918212712017873,21.128331019496596,77.60506126637293,1.1419792358302652,4.601782863523874,1.4513249230397778,21.354344959420427,29.147418679436285,3.5600090541437837,0.0,7.147418679436285,75.50873910711607
2023-10-23,25.559246695237523,29.442763324681597,22.64706102492908,82.61650811854892,1.1483956057222189,2.9129520673628297,3.933434538540472,22.37933618233106,29.683348424375907,3.5592466952375226,0.0,7.683348424375907,76.06677730812983
2023-10-24,24.968132431943022,28.02754511981651,22.947409911269393,89.01386611939398,1.7730325345566489,2.4208968672662525,14.697067061024931,23.029711917477023,29.01351801996511,2.9681324319430225,0.0,7.013518019965112,75.78160919984444
2023-10-25,25.76179573851633,29.6655634695479,22.299128991368384,84.71313575179576,1.555992032353474,4.507290927747933,4.394050220317499,22.990758596148257,29.937941237315123,3.76179573851633,0.0,7.937941237315123,76.63437003862416
2023-10-26,26.057622381843423,29.61885314178789,22.93955272529728,80.167212530935,0.927688778897809,4.812423275185609,4.612347437677311,22.369869677712238,30.33149822237103,4.057622381843423,0.0,8.331498222371032,76.59168881638101
2023-10-27,25.099215307539087,29.080162974588045,21.453126094042375,80.18620691736585,1.102073398925575,4.931994054445585,0.613771956298666,21.44136849525293,28.758999956834025,3.0992153075390867,0.0,6.758999956834025,75.05866717106903
2023-10-28,24.10415464477576,28.93201786684373,20.036556407315743,78.52717027826402,1.526280557735257,4.912974588036459,0.0012373996499064404,20.13454798147508,26.815102543671305,2.104154644775761,0.0,4.815102543671305,73.30372175778973
2023-10-29,23.79636566668679,28.732844811975614,19.178584535522425,77.15522363735136,1.3876404901309833,4.8521956902275605,0.0,19.551640648146634,26.32823949493072,1.796365666686789,0.0,4.32823949493072,72.68687947726492
2023-10-30,24.7850866179755,29.20588157179936,20.383382628116138,77.39561719080099,1.201137804068329,5.011897024204745,0.0,20.55958899209124,27.930896652682183,2.7850866179755016,0.0,5.930896652682183,74.26567117816182
2023-10-31,25.198428200639828,29.50561356914348,20.522103579404842,78.78433270960345,1.2202263535944953,4.998887861411241,0.0,21.249819500429417,28.67724641880031,3.198428200639828,0.0,6.6772464188003084,75.06621216151159
2023-11-01,25.1794984004346,30.175557433452045,20.626879338443892,79.17616949357156,1.246567272288284,5.192672227922979,0.033647612724090066,21.312400276191642,28.671879739431773,3.1794984004346,0.0,6.671879739431773,75.07839264443261
2023-11-02,25.128175891833166,29.726307720166595,21.04298183135148,81.19956660831775,1.2442777811311645,5.052253002957688,0.002197138890565582,21.67493951407835,28.809725201654295,3.128175891833166,0.0,6.809725201654295,75.2137730426131
2023-11-03,25.067198044304945,28.835590631979233,21.188841673205772,80.1454361079254,1.272357699040261,4.413431146254603,0.006077744914589244,21.40191099740744,28.587419335316888,3.067198044304945,0.0,6.587419335316888,75.00303082854825
2023-11-04,25.27881511438402,29.36702480835396,21.13710689925756,76.63694633910787,1.0692503168950322,3.7985808535039536,0.04556890203416431,20.87748632165906,28.675102087903554,3.2788151143840203,0.0,6.675102087903554,74.96024379304845
2023-11-05,24.443569747087583,28.701886279954127,20.867112935353415,79.62064042977003,1.3933331321301385,3.80684516810527,0.2715874932093922,20.688419511133038,27.518202746198018,2.443569747087583,0.0,5.518202746198018,73.95161035231183
2023-11-06,23.16466590209453,28.24272288283938,19.117706283575785,80.33890143055471,1.584082815235106,4.54709100621718,0.003797911510834792,19.589685914837943,25.576328703195504,1.16466590209453,0.0,3.5763287031955038,71.97316902147679
2023-11-07,22.69828333433935,27.586634272952253,18.542336572704777,79.08174081004407,1.4240212470574036,4.239883937948935,0.0,18.88274945799339,24.897967487709188,0.6982833343393509,0.0,2.897967487709188,71.1210535856168
2023-11-08,22.394994869318527,27.06515844751615,17.89455423432124,79.06250075451199,1.2967030844449814,4.176065914166717,0.0055634695478964215,18.584210124900167,24.55062093026158,0.394994869318527,0.0,2.55062093026158,70.63703877433298
2023-11-09,22.487638679302226,27.46615681777027,18.038295406531056,79.42753365123438,1.3954131707611517,4.340799070441239,0.000688114927265045,18.747931755933692,24.646885573176196,0.4876386793022256,0.0,2.6468855731761955,70.8139228770348
2023-11-10,22.607676706706105,27.95245186213558,17.819972837568663,80.20283817227019,1.4454415404116618,4.599992889479085,0.0,19.02034295994242,24.854330863759756,0.6076767067061049,0.0,2.854330863759756,71.0689310321475
2023-11-11,22.77601195146979,28.12951349067424,17.88349852115652,79.635970906018,1.3835166294440757,4.625541938793989,0.0,19.070288005219115,25.088758199772748,0.7760119514697905,0.0,3.088758199772748,71.2911280019329
2023-11-12,22.79735136113962,28.224643568539868,18.299602824892858,79.18754511981652,1.3707937466046962,4.611349254542162,0.0,19.00043590210574,25.087384590870716,0.7973513611396186,0.0,3.087384590870716,71.28753748688365
2023-11-13,22.890673628297222,28.11623226896843,17.71673447214342,78.69866904086437,1.331402185066699,4.793196716363856,0.002746423613206978,18.99175507262414,25.20442125925245,0.8906736282972219,0.0,3.204421259252449,71.39458604071136
2023-11-14,23.253994688235647,28.33775336512344,17.996461037001268,76.43021186696446,1.1311909217118368,4.7338402909398205,0.0005492847226413955,18.87499645409915,25.655552039701934,1.2539946882356467,0.0,3.6555520397019343,71.7703226494968
2023-11-15,23.62485664272349,28.68617794410575,18.390628961187907,72.40905474738938,1.0513979597996017,4.251010068207883,0.00985694452827911,18.368227157008608,25.85814130196511,1.6248566427234898,0.0,3.8581413019651087,71.97951681097663
2023-11-16,23.276776724814393,27.233573368745095,19.896044546387397,83.27102613629505,1.4236029456147765,1.745305106537092,15.993374781191527,20.278090351557537,26.128286020435276,1.2767767248143933,0.0,4.128286020435276,72.41320444643226
2023-11-17,23.228381722701755,26.197814933301142,21.030956721192737,91.6977431037605,3.2768425182591905,1.3793662944407559,52.739437435866485,21.80073635212806,25.551562025639935,1.228381722701755,0.0,3.551562025639935,73.0781321704638
2023-11-18,23.279168829601016,26.908790366391017,20.020315687813124,85.44552242409611,1.8900048288766826,3.6549327096034285,5.380426751976821,20.69859645264596,26.01030088910009,1.2791688296010157,0.0,4.01030088910009,72.6101872570509
2023-11-19,23.63291905595461,28.02543248626788,19.610315687813124,83.44725780165389,1.144893462908191,4.4181169855737314,2.995131888694393,20.660589473567097,26.867072843894718,1.6329190559546092,0.0,4.867072843894718,73.01095301200417
2023-11-20,23.70303615621416,27.969881692521284,19.44950926540714,82.27260940423733,1.0405589424760067,4.200689231604999,0.004394277781131164,20.498967855003404,26.930666903234833,1.7030361562141607,0.0,4.930666903234833,73.01627952450838
2023-11-21,23.456758616526827,27.41938552544214,20.09817770266192,81.99427898835035,1.2371473410997766,3.04513851632764,0.04142331140218507,20.203703177097637,26.40294428805842,1.4567586165268267,0.0,4.402944288058421,72.59143082055793
2023-11-22,21.637585561658717,26.607983943985037,17.82487837266856,81.85975674533711,1.3746260638618943,3.9016683104967718,0.00910605420414076,18.402292276546355,23.658202795976177,0.0,0.3624144383412826,1.6582027959761767,69.63473838433643
2023-11-23,21.059158568238065,26.367679121144448,16.12266372910002,79.0828743888453,1.3309995774732903,3.9095704955634702,0.0016478541679241867,17.290428656609066,22.638284370778024,0.0,0.9408414317619354,0.6382843707780239,68.51358086046419
2023-11-24,21.80575903905354,26.703956660831775,16.952279833403754,76.40755296674112,1.0610297579525565,4.0713616225025655,0.0,17.46915973753739,23.6481983615665,0.0,0.19424096094645904,1.6481983615665001,69.50316649159689
2023-11-25,21.76556890203417,27.01636445946762,16.98502504979779,76.70003380213679,1.3588000241443834,4.342502909398202,0.0,17.490834875312174,23.40855383625798,0.0,0.23443109796583173,1.4085538362579797,69.46184895920722
2023-11-26,21.874115410152715,27.367114142572582,16.4954276573912,75.81943985030483,1.2730953099535223,4.667927711716062,0.0,17.41280540544102,23.544776916969244,0.0,0.1258845898472849,1.5447769169692442,69.56612476586528
2023-11-27,22.34829178487355,27.73340013279411,17.329558761393134,77.86346894428685,1.1616351783666325,4.357440441842217,0.0,18.2948246878005,24.471599203781054,0.34829178487354895,0.0,2.4715992037810537,70.46744913341516
2023-11-28,23.16446429649303,28.370313273374784,18.364609766403092,74.62211685881572,0.9987438884529487,4.22115871914046,0.0,18.405576547506794,25.450631201594174,1.1644642964930298,0.0,3.450631201594174,71.47180022657264
2023-11-29,22.426534073761097,27.38053178004467,17.8090420715881,77.64090722520675,1.0800331985271925,2.9717541075632283,0.0,18.325013174983653,24.62015092736963,0.426534073761097,0.0,2.620150927369629,70.57310113261734
2023-11-30,22.313718235045574,27.77707370073037,17.432239995171127,78.21391259733205,1.338729401822901,4.306529703627694,0.0,18.33293797207523,24.32962683724337,0.31371823504557383,0.0,2.329626837243371,70.44060325159413
2023-12-01,22.057834248807872,27.67034043580612,17.39207038087765,78.24079676465261,1.3954167924186638,4.4573492062533955,0.0,18.090141681115604,23.928809467252492,0.0578342488078718,0.0,1.928809467252492,70.03781793023003
2023-12-02,22.531413653648826,27.584323051850067,18.264656847950747,77.02574877769058,1.1747322991489106,3.874442820063983,0.0,18.29971244517324,24.64779725320888,0.5314136536488263,0.0,2.6477972532088785,70.68841317585344
2023-12-03,22.72326733868534,28.084425061869986,18.10227259008873,79.81006156817772,1.1963584233717635,3.758998575481379,0.0,19.054036934847545,25.159618211389105,0.7232673386853392,0.0,3.1596182113891054,71.22141865843707
2023-12-04,22.46163276392829,27.669966801472807,17.764192672179632,81.60867507696024,1.2819647492002175,3.0753020945252607,0.005492847226413956,19.15695391439668,24.88466668066871,0.46163276392828934,0.0,2.8846666806687082,70.94829789935464
2023-12-05,22.605211565159653,26.47010864972536,19.454237339288948,80.16262087281946,1.0958616526830447,1.8642150962757291,1.9714752218265228,19.009898448291906,25.091845346647897,0.605211565159653,0.0,3.0918453466478972,71.06168189091939
2023-12-06,22.315256835878557,25.85412687873484,19.00322327518561,83.24897326009538,1.3922436168286354,2.0947975614172756,2.1190469004647796,19.333797998479568,24.742003071260832,0.31525683587855724,0.0,2.7420030712608323,70.84157551547125
2023-12-07,21.282016659624556,23.38701152894308,19.778852538178306,91.05742258707069,1.6555326854590449,1.3636597392406593,15.462512223094105,19.762010744698852,23.723146703175075,0.0,0.7179833403754436,1.7231467031750753,69.69220031996659
2023-12-08,21.33969457354983,25.048950322931127,18.730596969879883,90.4578909881089,1.7779084927868658,2.1643567332649245,23.57714492666144,19.71245662590057,23.671888558335212,0.0,0.6603054264501687,1.6718885583352119,69.74925701108927
2023-12-09,20.101872396933665,24.691737188386554,16.775666686786987,87.45039777871673,1.8945693245608748,3.39457396028249,4.202442204382206,17.950690113681425,21.56247658868703,0.0,1.8981276030663352,0.0,67.46780800950027
2023-12-10,18.69190438824169,23.857035673326493,14.498220558942476,81.11921289310075,1.5168992575602103,3.073690933784029,0.001098569445282791,15.385929885162653,19.39649694197184,0.0,3.3080956117583113,0.0,64.83508256845946
2023-12-11,18.134540351300778,23.690601195146986,13.489294984004347,80.28741051487899,1.5289937828212712,3.1854005070320515,0.000688114927265045,14.682527353022008,18.57546293102039,0.0,3.865459648699222,0.0,63.90599802373328
2023-12-12,18.64060602402366,24.368952737369472,13.52908673869741,79.28567634454036,1.191329148306875,3.1249042071588105,0.026604696082573796,14.97990347561197,19.42468897380769,0.0,3.3593939759763387,0.0,64.67467798647341
2023-12-13,17.953159292569566,23.762546025230886,13.480346471901973,77.81655157843907,1.474099716303495,3.689091724512586,0.002125912959497797,14.02250545902288,18.20230419289103,0.0,4.046840707430434,0.0,63.527473467622144
2023-12-14,16.928251946640916,22.33559787529426,12.310659745276757,72.57437254783608,1.2976302287680332,3.7085076658417337,0.0,11.964405793485941,16.63629288153487,0.0,5.071748053359084,0.0,61.77746454401583
2023-12-15,16.720418301442628,22.84243918633428,11.649298605661858,76.10538299028191,1.431735377557796,3.6983228707671882,0.0,12.486944901657111,16.495730571292537,0.0,5.279581698557372,0.0,61.542297876443605
2023-12-16,17.02068992575602,22.973677793203358,11.724708154765498,77.62637713526894,1.3857536065672724,3.870951113659685,0.0,13.080356164248485,17.017428039758872,0.0,4.97931007424398,0.0,62.05089858591818
2023-12-17,17.53085169312489,23.694199915494654,12.183397718355769,74.27667048952739,1.1404146797851153,4.091491640007244,0.0,12.89845477523015,17.64090577126662,0.0,4.469148306875109,0.0,62.75017375011808
2023-12-18,17.35756684976158,23.272402366149578,12.003450232389692,77.34480835395667,1.2226450172028733,4.015185839319129,0.0,13.351288996828234,17.557148637218376,0.0,4.642433150238421,0.0,62.57357789169751
2023-12-19,17.52258888151144,23.598052755477756,12.372221283273978,79.76009355948572,1.4509265407134664,3.9649660409247303,0.0,13.984899027221438,17.774890267964064,0.0,4.477411118488561,0.0,62.908650918580776
2023-12-20,17.98443954850003,24.11033681414861,12.390686304098509,78.64592804973742,1.3484511378040687,4.038361966560029,0.0,14.216636453951072,18.388341594966754,0.0,4.015560451499969,0.0,63.60656738709969
2023-12-21,19.012825496468885,24.51190921711837,14.188765014788435,77.37846683165328,1.1517335667290398,3.854925043761695,0.0,14.96262963563975,19.818583120276802,0.0,2.987174503531115,0.0,65.17959404396233
2023-12-22,19.54285024446188,24.593386249773648,15.130378463209995,79.33899197199251,1.0724741956902275,3.6974506126637294,0.0,15.867571366267674,20.739488208850176,0.0,2.4571497555381185,0.0,66.11456573815471
2023-12-23,19.943808172873787,24.444752821874815,15.942811613448422,81.70062956479748,1.112991489104847,2.949222876803284,0.0,16.71885701851746,21.44349936154552,0.0,2.056191827126213,0.0,66.8843727174016
2023-12-24,20.20344781795135,24.99014546991007,16.0080799179091,79.7282694513189,0.9481843423673569,3.6366436168286356,0.10932576809319733,16.586829783056753,21.766251660077828,0.0,1.79655218204865,0.0,67.18974676812402
2023-12-25,20.388137260819704,24.934297096637895,16.02237339288948,76.99752580430976,0.8318458381119094,3.5367290698376292,0.03042131949055351,16.218154271157783,21.888176654948175,0.0,1.611862739180296,0.0,67.3212273412529
2023-12-26,20.12052272590089,24.936158628599024,15.82379368624374,77.71292629926965,0.969743465926239,3.3973651656908315,0.0,16.103930231278884,21.47977318896297,0.0,1.8794772740991093,0.0,66.94200379063304
2023-12-27,20.020411058127607,25.33068871853685,15.326945735498283,78.79179211685883,0.9766173718838657,3.5293879640248695,0.0,16.223140261317873,21.420833181354705,0.0,1.979588941872393,0.0,66.84475144353493
2023-12-28,19.956265467495623,25.01479145288828,15.185265286412747,78.76637532444018,1.0381119092171185,3.6715347437677313,0.0,16.155769321720236,21.28754813118324,0.0,2.043734532504377,0.0,66.74148128614635
2023-12-29,19.785437315144566,25.220883684432916,14.870648880304222,77.81501358121568,1.2062829721735984,4.11385068509688,0.5051294742560514,15.799529042016765,20.862747922343353,0.0,2.2145626848554336,0.0,66.41902863030325
2023-12-30,19.720167199855137,25.39132371582061,15.085296674111186,76.30283032534557,1.2760421319490554,4.10202535763868,0.34157662823685647,15.429623362727018,20.61008679137694,0.0,2.279832800144863,0.0,66.23557191141427
2023-12-31,18.590826341522305,24.58636264863886,14.088621959316718,79.62231786080764,1.5824246997042315,3.3527415223033743,1.1094120842638981,14.997385659409689,19.107435169464427,0.0,3.4091736584776946,0.0,64.6094941438592
2024-01-01,17.803853443592686,24.035412567151567,12.740634997283756,81.07483310194966,1.5390963964507756,3.2454807991790915,0.408987746725418,14.511648183821627,18.177128857218914,0.0,4.196146556407314,0.0,63.402751253301886
2024-01-02,16.99507877105089,23.208656365063078,11.985869499607654,81.08679905836904,1.5611160741232573,3.34721064163699,0.25216212953461703,13.725396035806346,17.08205367242197,0.0,5.004921228949112,0.0,62.100329325329135
2024-01-03,17.137150962757286,23.801408221162557,11.322839379489347,78.2334291060542,1.3866765256232272,3.2000788133035556,0.0,13.31283552897075,17.209160438660778,0.0,4.8628490372427144,0.0,62.25108782818023
2024-01-04,17.176849157964632,23.42688175288224,11.467756383171366,78.49160861954489,1.494252429528581,3.5646145107744314,0.0,13.401975547269597,17.20293215639391,0.0,4.823150842035368,0.0,62.321072899396434
2024-01-05,17.339101828937046,23.51700730367598,12.082335365485605,78.2804979779079,1.50949055350999,3.6807972354680993,0.0,13.518139898681037,17.393079697533725,0.0,4.660898171062954,0.0,62.572025010919354
2024-01-06,17.85915253214221,24.352925695660048,12.382960101406411,78.40176616164665,1.5651053298726385,3.5672469185730673,0.0,14.046925074046225,18.05290761109031,0.0,4.140847467857789,0.0,63.39935870513858
2024-01-07,18.16738455966681,24.354641757711114,13.356790004225267,79.48815174744975,1.6601436590813063,3.6153077443109796,0.0,14.559340371360571,18.472912797115203,0.0,3.832615440333189,0.0,63.92853200343139
2024-01-08,17.86687632039597,24.46839198406471,12.85410454518018,80.65959799601619,1.8370567996619789,3.4992885917788383,0.0,14.49351722707183,18.02523663648456,0.0,4.133123679604029,0.0,63.48986955936724
2024-01-09,16.85137924790246,23.67050703205167,11.661791513249232,79.67126878734835,1.7724156455604516,3.212747896420596,0.0,13.314657594796632,16.653835163920238,0.0,5.148620752097539,0.0,61.834148347915615
2024-01-10,16.810070018711897,23.386430252912415,10.960172028731817,75.29102553268547,1.42832196535281,3.2271430977243916,0.0,12.40961380804978,16.56364194409734,0.0,5.189929981288103,0.0,61.66262244811349
2024-01-11,16.6162377014547,23.000809440453914,11.989358363010808,79.82667954367116,1.7972143417637476,2.9315210418301447,0.0,13.115732282062332,16.336243719674147,0.0,5.3837622985452995,0.0,61.46213912903003
2024-01-12,15.19526407919358,22.090716484577776,9.407080944045392,78.68156455604516,1.7649791754693067,2.1877229975252006,0.0,11.513816202064183,14.440267059521158,0.0,6.80473592080642,0.0,59.1819374832166
2024-01-13,15.337254783605966,21.91029154342971,9.758725176555803,79.24511015874934,1.609888935836301,2.4441944950805827,0.0,11.759972135574023,14.76427248459818,0.0,6.662745216394034,0.0,59.41253241262147
2024-01-14,15.837781734773948,22.17221343634937,9.875583992273796,77.29534315204927,1.2206271503591477,2.0441559063197925,0.0,11.868051868358522,15.570054814122216,0.0,6.162218265226052,0.0,60.18156371349016
2024-01-15,16.26715096275729,22.2917764230096,11.160446671093135,78.0228085954005,1.1910997766644535,2.5974780708637657,0.0,12.42707090807702,16.191983601766474,0.0,5.732849037242708,0.0,60.870524392065136
2024-01-16,15.91603911390113,21.256214764290455,11.074444377376713,76.70001388302046,0.9931321301382269,2.5258378946097664,0.0,11.826558979392932,15.795068293260595,0.0,6.08396088609887,0.0,60.29563350195509
2024-01-17,15.79419870827549,21.133472565944345,10.756386189412689,75.05837689382508,1.006575119212893,2.4967179513490674,0.0012283455061266376,11.380980866695086,15.531163175177856,0.0,6.2058012917245104,0.0,60.08182188772665
2024-01-18,16.309942657089397,21.73479205649786,10.488091990100804,76.31550491941813,1.1652212229130199,2.0387196897446738,1.253743586648156,12.13165274415644,16.161477073445177,0.0,5.6900573429106025,0.0,60.90553650810064
2024-01-19,17.238874871732964,23.199979477274105,12.758609283515423,78.42063499728376,1.5042029335425848,3.5951871914046003,1.7279133216635483,13.448313213296661,17.27334251069839,0.0,4.761125128267036,0.0,62.41736359857769
2024-01-20,15.824291060542041,22.481155308746306,10.61969940242651,77.26370676646347,1.7860191947848136,3.6796098267640485,10.276373513611395,11.848758928211353,15.15495694790528,0.0,6.175708939457959,0.0,60.15989291695179
2024-01-21,14.907460010864972,21.265411359932397,9.672127723788256,74.86500754511982,1.6130011468582122,2.7677091507213136,9.256510532987267,10.485428460804394,13.963270873095816,0.0,7.0925399891350285,0.0,58.7058779841145
2024-01-22,14.498698617734052,21.339514697893403,8.610959739240661,71.59077322387881,1.6296553389267823,2.7582837689382513,0.0,9.422977951422126,13.255632398627199,0.0,7.5013013822659484,0.0,58.06961799778433
2024-01-23,15.120775638317138,21.620387517353777,8.733328906863042,71.29382869559969,1.3171630349489953,3.5857870827548735,0.0,9.958595067570274,14.23915684813348,0.0,6.879224361682862,0.0,59.010489059515145
2024-01-24,15.897917546930646,22.095164483612006,10.477088187360417,72.24490251705198,1.3108710086316169,2.912902354077383,1.972361320697773,10.904396833299947,15.283847013006334,0.0,6.102082453069354,0.0,60.20050310911038
2024-01-25,16.279869016719985,22.774647793806967,11.263767127421985,72.47749139856342,1.2588422768153558,2.9271650389328183,1.480107442506187,11.320320309234331,15.82265956636979,0.0,5.720130983280015,0.0,60.78637711827347
2024-01-26,15.45238365425243,22.10199915494658,9.915862859902218,70.9009669825557,1.7427192611818678,3.6109316472505584,0.7287704472747029,10.194271497929318,14.337134912685897,0.0,6.547616345747571,0.0,59.508057110633274
2024-01-27,15.000705015995656,21.68969698798817,9.218181927929017,70.4848270658538,1.576564857849943,3.754082857487777,0.006561236192430736,9.67291521822825,13.860907374809273,0.0,6.999294984004344,0.0,58.82396990449697
2024-01-28,15.388834429890746,22.685564676767065,9.419677068871852,67.93274883805155,1.5289147099655944,4.298845349188146,0.0,9.494599280117617,14.235402676438028,0.0,6.611165570109254,0.0,59.38280995359446
2024-01-29,16.529645077563835,23.47083117039899,10.753191887487173,64.60605360053118,1.2913949417516752,4.177232697531236,0.0,9.831677425973927,15.632422444280028,0.0,5.470354922436165,0.0,60.99959570236303
2024-01-30,17.654604333916822,23.763988652139798,11.877321784269936,61.81219351723306,1.0686322206796646,3.89461244642965,0.14865334701515065,10.23507814119718,17.023259486313933,0.0,4.345395666083178,0.0,62.53542579623438
2024-01-31,19.005595460855922,24.90520130379671,13.225885797066459,68.0398804853021,1.199200217299451,2.2835567453371164,1.5453250437616954,12.971330652223855,19.098606508790922,0.0,2.994404539144078,0.0,64.73811801588761
2024-02-01,19.699322146435684,24.753951228345507,14.795340737610914,73.34709663789462,1.1330089937828214,2.28984358061206,1.1114172753063318,14.794510804031063,20.458151600682072,0.0,2.3006778535643164,0.0,66.04635665304808
2024-02-02,19.463869137441904,24.816202692098752,15.207041105812761,78.60834731695539,1.6671503591477035,2.28581160137623,1.9291579646284787,15.646088281963047,20.160584929705035,0.0,2.536130862558096,0.0,65.95171914918997
2024-02-03,18.774199311885077,25.416291422707797,13.192159715096277,69.86200398382326,1.8867193819037849,4.253771352689081,0.5441335184402729,13.155002235315703,18.44532789241061,0.0,3.225800688114923,0.0,64.47526274703759
2024-02-04,18.526223214824654,24.65530633186455,12.29755839922738,60.9238697410515,1.320361562141607,4.711918929196596,0.03944890444860264,10.839597596306328,17.888084787198984,0.0,3.473776785175346,0.0,63.73483342848452
2024-02-05,19.47994808957566,25.50363252248446,13.472496529244887,63.865337115953416,1.3390191344238547,4.163362117462426,0.020873423069958354,12.454960132630047,19.31138204250285,0.0,2.520051910424339,0.0,65.22828444438346
2024-02-06,19.914246997042312,25.05825436107926,15.49239029395787,74.93717812518862,1.271764350817891,2.6761032051668985,0.003502142814027887,15.33549135842816,20.772472534538093,0.0,2.085753002957688,0.0,66.46361869207031
2024-02-07,19.440960342850246,25.34145650992938,15.055145771714857,73.25043882416854,1.6871732963119457,3.5371015633488256,0.0,14.525261859056954,19.716207824337015,0.0,2.5590396571497536,0.0,65.64529384637031
2024-02-08,17.385548379308265,23.84737791996137,11.777373694694273,59.99626727832438,1.6999987927808293,4.880073809380093,0.0,9.535984292900736,16.123985933312742,0.0,4.614451620691735,0.0,62.09965628882008
2024-02-09,16.48547413532927,23.727785960041047,10.089982495322028,61.08811070199795,1.735562865938311,5.113098647914529,0.0,8.956480654515307,15.04852162380373,0.0,5.5145258646707305,0.0,60.862356056714894
2024-02-10,17.602006398261604,25.519939035431882,10.91000060360959,63.87397476911934,1.6575759039053546,5.0952248264622435,0.0,10.677843796213796,16.681620482599026,0.0,4.397993601738396,0.0,62.52685387754049
2024-02-11,18.775495261664755,26.450571618277305,11.838075089032415,62.107845113780414,1.457460010864973,4.94658506669886,0.0,11.365082305731198,18.193409188042473,0.0,3.224504738335245,0.0,64.13792202940735
2024-02-12,20.02372487475101,26.841943622864736,13.874274159473652,57.08990040441843,1.3100265588217541,4.40920229975252,0.0,11.264494164475398,19.51591397304242,0.0,1.9762751252489892,0.0,65.62955882981467
2024-02-13,21.04250135812157,27.97692641999155,14.690075451198165,55.225770507635666,1.3611547051367179,4.198854029093982,0.0,11.712202650222142,20.631729946520963,0.0,0.9574986418784306,0.0,66.90237364250005
2024-02-14,21.47605601496952,27.476709120540836,16.47212108408282,64.02366572101165,1.249134423854651,3.5686013219049926,0.08252369167622384,14.38363428828293,22.009290409353095,0.0,0.5239439850304812,0.009290409353095441,68.11119526123123
2024-02-15,21.896342125912962,27.82570592141003,16.892478420957325,71.50915555019014,1.4310472626305308,3.9979323957264445,0.42888513309591364,16.51001892353164,23.09181099967767,0.0,0.10365787408703753,1.0918109996776693,69.2776446521239
2024-02-16,21.428209693969944,28.110383895696266,16.13408100440635,71.9707527011529,1.724016418180721,4.482297778716727,0.034970121325526654,16.16164331954835,22.282460591458264,0.0,0.5717903060300564,0.2824605914582641,68.60082317334152
2024-02-17,20.71250196173116,27.57882115047987,14.512903965714976,61.72641214462487,1.6568038872457294,4.908160596366271,0.16282851451681055,13.099198667079918,20.52733229917026,0.0,1.28749803826884,0.0,66.86648254692064
2024-02-18,20.91367417154585,27.23177883744794,15.322888875475343,52.20473833524477,1.2017432244824047,4.7427430554717205,0.0,10.743141966909251,20.332137047348017,0.0,1.0863258284541502,0.0,66.53138589450262
2024-02-19,21.049437435866484,27.718247721373817,14.748038268847708,52.01807146737492,1.3170115289430797,4.645505541135993,0.0,10.814713258117349,20.407574172138833,0.0,0.9505625641335165,0.0,66.6984590662606
2024-02-20,22.062405384197504,29.20515542946822,15.281682863523875,65.78248868232029,1.8982567755175956,3.310961900162975,0.016463451439608864,15.360930127861504,22.492626309841512,0.06240538419750408,0.0,0.492626309841512,69.09044526201123
2024-02-21,23.61892074606145,30.70211444437738,17.924730488320158,73.15562383050643,2.11563529908855,3.7110571014667717,2.073856461640611,18.52634729170316,25.176575620863012,1.6189207460614483,0.0,3.1765756208630123,72.03929557907038
2024-02-22,23.742367356793626,30.143759884106963,19.204608559183924,77.19162069173659,2.245170519707853,2.9968929981288106,11.755574334520432,19.506939393568313,25.653133639558547,1.7423673567936255,0.0,3.653133639558547,72.60541865911965
2024-02-23,22.699305848976888,27.936383774974352,18.403940966982557,71.47147341099777,1.690153920444257,3.392769167622382,7.195825436107925,17.272284035405466,24.020560781315847,0.6993058489768877,0.0,2.0205607813158473,70.49108085233041
2024-02-24,22.096901068388966,28.636152592503173,16.2174835516388,62.766351180056745,1.4075070924126276,4.51791885072735,2.610118307478723,14.663566341554574,22.618170959113687,0.0969010683889664,0.0,0.6181709591136872,68.90858480927773
2024-02-25,21.20387215548983,27.51841673205771,16.468603851029155,61.46008329812279,1.9029069837629025,3.3757605963662707,2.078687752761514,13.49610716989369,20.976983254981246,0.0,0.7961278445101705,0.0,67.5447632186537
2024-02-26,20.918301442626912,28.30383956057222,14.69289732600954,61.979911873000546,1.8135830264984607,5.23493732118066,1.1244558459588336,13.356206145482266,20.707529105760567,0.0,1.0816985573730875,0.0,67.17467864385821
2024-02-27,21.684008571256115,28.79235950986902,16.39828454155852,56.07736886581758,1.7315899076477337,4.810678433029517,0.0,12.542422029369531,21.269053421086802,0.0,0.3159914287438852,0.0,67.83188721172596
2024-02-28,22.2987541498159,28.539645077563833,16.41869620329571,55.69734713587251,1.6421198768636447,4.948156292629927,0.0,13.01123278097018,22.0961135986864,0.298754149815899,0.0,0.09611359868640079,68.63839983808481
2024-02-29,22.606949357155795,29.15100983883624,16.79691857306694,57.64780950081488,1.4710961550069417,5.451626281161345,0.0,13.827613316729295,22.794154707400292,0.6069493571557949,0.0,0.7941547074002919,69.21668601696615
2024-03-01,22.268605058248326,29.373008993782822,16.079183316231067,54.658268244099716,1.4951976821391926,5.834778602040202,0.0,12.695144000718239,22.067616258371817,0.26860505824832615,0.0,0.0676162583718174,68.51572730640483
2024-03-02,22.605501297760608,29.65797670067001,15.886253998913501,51.86785477153378,1.4491591718476493,5.7686284179392775,0.0,12.208192757823692,22.28457910604149,0.6055012977606076,0.0,0.28457910604149106,68.74041853460727
2024-03-03,23.583968129413897,30.336343936741724,17.419375264079196,53.126324621234986,1.5126329450111666,4.787469034828274,0.02264743164121447,13.479407490176643,23.62586095823729,1.583968129413897,0.0,1.6258609582372898,70.14627922507431
2024-03-04,23.52253938552544,29.48515060059154,18.237304279591964,61.25135510351905,1.8475191646043343,3.6330284903724275,1.3592310013883022,15.627781772848849,24.088353556729587,1.522539385525441,0.0,2.0883535567295866,70.80571050190693
2024-03-05,23.707140097784755,30.880989316110345,17.911570592141004,62.75691917667652,2.1629763988652146,5.724828357578318,0.3870936198466831,16.18219104369283,24.263350623670664,1.7071400977847553,0.0,2.2633506236706644,71.20658646705463
2024-03-06,22.63180539626969,30.30735800084506,15.632909398201244,48.51463330717692,1.9309790547473897,6.381405921410033,0.011125731876622202,11.219214367178198,21.67719983798602,0.6318053962696908,0.0,0.0,68.4990745195764
2024-03-07,22.69490010261363,30.42954850003018,14.976780346471902,44.75755236313153,1.6436874509567212,5.613807846924609,0.0,10.06504954585462,21.6164538350843,0.6949001026136301,0.0,0.0,68.26851433898764
2024-03-08,23.01255025049798,30.789211082271986,15.920562564133519,45.41193879398805,1.8319224965292447,6.139225248988953,0.0,10.571097797952644,21.942244874258485,1.0125502504979806,0.0,0.0,68.72116624875599
2024-03-09,22.613136959014913,30.356044546387395,16.0100452707189,43.70930645258647,1.7488911691917668,6.5571096758616525,0.0,9.636938185252133,21.34597592928124,0.6131369590149127,0.0,0.0,68.0804147699984
2024-03-10,22.2683183436953,30.083106778535647,15.27502263535945,43.48492424699705,1.4986642119876863,6.477409205046176,0.0,9.248410505313672,21.07427901962899,0.2683183436952987,0.0,0.0,67.63618694622471
2024-03-11,23.061165570109257,30.873958471660533,15.047347135872519,45.57141123921048,1.60132854469729,6.2932022937164245,0.0,10.66796976394068,22.179531067288455,1.0611655701092566,0.0,0.1795310672884547,68.7959478361508
2024-03-12,24.983775577956184,32.70508722158508,17.853381420896966,47.53959377074908,1.78881209633609,5.522746665057042,0.0005492847226413955,13.061275104811372,24.69588170243585,2.983775577956184,0.0,2.6958817024358517,71.41850437773307
2024-03-13,25.363162310617493,33.04572523691676,18.047228224784213,61.499016719985526,1.8479453129715702,5.476768026800265,0.0247298847105692,17.424598611724296,26.63845190483297,3.3631623106174935,0.0,4.638451904832969,73.4327668709398
2024-03-14,26.27612241202391,33.06962153679001,20.215507937466047,66.01475583992274,1.7841166173718839,4.050500223335547,2.240540834188447,19.419459610209103,28.47082752181536,4.276122412023909,0.0,6.470827521815359,75.26089114316706
2024-03-15,26.928519345687214,33.574191464960464,20.709454336934872,61.974045391440825,1.3702348041286898,5.167704853021068,4.1225436107925395,19.021873928111663,29.231435351046933,4.928519345687214,0.0,7.231435351046933,75.70724574272141
2024-03-16,27.02122653467737,33.72502686062655,20.627510714070144,56.72187964024869,1.275917184764894,5.319194181203598,4.746638498219352,17.695378870759203,28.811059042826244,5.021226534677371,0.0,6.811059042826244,75.17597815186473
2024-03-17,27.14098207279532,34.019420534798094,20.773662702963726,55.05139313092293,1.5299227379730793,5.3264950322931135,1.641713647612724,17.33277726637497,28.60200310953141,5.140982072795321,0.0,6.60200310953141,75.12687378787122
2024-03-18,27.782934146194247,33.98402305788616,21.78147823987445,52.63397356190016,1.1550890324138348,4.3188088851330955,0.6450431580853505,17.216520606951125,29.458925739030207,5.782934146194247,0.0,7.458925739030207,75.67031733726978
2024-03-19,27.039843061507824,33.31211263354862,22.632769360777452,56.62229069837629,1.4911058127603067,3.2085514154644783,0.822327518560995,17.684826463693025,28.674615388235217,5.039843061507824,0.0,6.6746153882352175,75.18884313131176
2024-03-20,24.13993662099354,28.329596185187416,20.559583509386133,69.64405203114626,1.6875958230216699,3.3496038329208675,18.430976036699466,18.2408626643604,25.872798752677976,2.1399366209935415,0.0,3.8727987526779764,72.49523582492024
2024-03-21,23.578745699281704,29.04723667531841,19.09180177461218,69.44993963904146,1.7033705559244283,3.3118327035673327,3.8544600712259314,17.65983014282124,25.052276143180674,1.5787456992817042,0.0,3.0522761431806735,71.63762990719762
2024-03-22,23.66932818253154,28.804937526407926,18.952706585380582,67.29454880183498,1.3713623468340679,5.195391464960464,2.982719261181868,17.24656373808806,25.203763157447906,1.6693281825315403,0.0,3.2037631574479057,71.57321512342116
2024-03-23,24.65992092714432,30.591542222490496,18.89835456027042,67.39645862256293,1.8507364036940912,5.649367833645199,5.493805758435444,18.21407372306511,26.26731229580421,2.65992092714432,0.0,4.26731229580421,73.04276010408596
2024-03-24,25.751258525985396,32.28894609766403,20.2284909760367,73.32120601195147,2.0129498400434604,4.971896613750228,9.499727772077023,20.614432821800936,28.35654925683292,3.7512585259853957,0.0,6.3565492568329205,75.32388646957527
2024-03-25,26.22687632039597,32.42149212289492,20.957732842397537,71.0656872095129,1.521204201122714,4.955514293474981,6.4959461580249895,20.563921696890823,29.151845393410014,4.22687632039597,0.0,7.151845393410014,75.78635198882532
2024-03-26,26.694440755719203,32.89746725418,21.297393010201002,68.73401460735197,1.3895189231604999,5.48903126697652,8.680262570169615,20.46982162290929,29.66573106865478,4.694440755719203,0.0,7.665731068654779,76.20601530950364
2024-03-27,26.859992153075396,33.04610732178428,21.002403573368746,65.22942838172271,1.3331260940423737,5.32007883744794,0.15643568539868413,19.780722430586668,29.53958543333669,4.859992153075396,0.0,7.53958543333669,76.0155753803189
2024-03-28,26.867119575058855,33.08187662220077,21.502241202390298,66.47029878674475,1.5522472384861472,4.691135232691496,1.2125375746966862,20.0918961177687,29.541402574058814,4.8671195750588545,0.0,7.541402574058814,76.18062729168945
2024-03-29,27.190851089515302,33.21850666988592,21.763492485060663,67.59252248445705,1.5196293837146135,4.121851795738516,4.031880847467859,20.67125455062246,30.17063353490782,5.190851089515302,0.0,8.170633534907822,76.79833977024629
2024-03-30,27.765106537091814,33.208197018168654,22.862346834067726,74.37978390776847,2.1657614534918816,3.9851456449568423,7.4590010261362965,22.788178002465823,31.403184522676163,5.765106537091814,0.0,9.403184522676163,78.55302259100537
2024-03-31,28.479682501358127,35.30741715458442,23.57174382809199,72.07033560692945,3.01839681294139,4.955810557131646,11.973915011770387,22.954409306674965,31.614129463778845,6.479682501358127,0.0,9.614129463778845,79.33102043220542
2024-04-01,28.14141425725841,35.15034043580612,23.140800386310136,68.54092774793264,3.2604780587915743,6.122242651053299,17.450175046779748,21.804532732041817,30.48199212364669,6.141414257258411,0.0,8.481992123646691,78.33162422341833
2024-04-02,28.45022816442325,35.43970543852237,22.774840345264685,64.80617794410574,2.549364399106658,6.062823963300539,0.5357222188688355,21.182224388107386,30.96670058968872,6.450228164423251,0.0,8.96670058968872,78.2655983973276
2024-04-03,28.781548258586348,35.94976338504256,23.01446429649303,62.7758308685942,2.2999299812881033,6.406798871250076,1.3582428924971328,20.976759104701465,31.36886173959379,6.781548258586348,0.0,9.36886173959379,78.4533750179645
2024-04-04,29.180013279410872,36.397077925997465,22.965633488259797,65.86758857970663,2.502244824047806,5.979350268606266,0.7284185428864611,22.13999236818661,32.23034939930014,7.180013279410872,0.0,10.230349399300138,79.47924896243705
2024-04-05,29.49230518500634,36.13389992153076,23.853893281825314,67.92704231303193,2.277112331743828,4.452685863463513,1.7395255628659385,22.944137902094862,33.1407749142201,7.492305185006341,0.0,11.140774914220103,80.24560067703624
2024-04-06,30.165144564495687,37.261636989195395,24.180430373634334,61.63158688959981,2.2685404720226963,6.081833065733084,0.2002909398201244,21.979738817613963,33.294361918918035,8.165144564495687,0.0,11.294361918918035,80.24842442213472
2024-04-07,29.76459890143056,36.55231967163639,24.237263234140155,63.34469427174504,1.948478300235408,3.0797956298666027,4.797092412627513,22.052080785736592,33.15604790813065,7.76459890143056,0.0,11.156047908130653,79.94433732133552
2024-04-08,29.11928834429891,35.83868714915194,23.45428381722702,53.57359751312851,2.1236874509567216,3.96025800688115,0.11542765739119937,18.733340673385392,30.766646532885886,7.1192883442989086,0.0,8.766646532885886,77.58108296981067
2024-04-09,29.100383292086686,36.09175227862618,22.597700851089517,49.04781734773949,1.3648777690589726,5.76631439608861,0.0,17.310895966359197,30.669103868907115,7.100383292086686,0.0,8.669103868907115,76.89052378018964
2024-04-10,29.266709120540835,36.514839741655095,22.39196535280981,47.671598961791524,1.3851753485845357,4.491626293233537,0.0,17.01277554236728,30.699486802388137,7.266709120540835,0.0,8.699486802388137,76.90056524719297
2024-04-11,29.03994084626064,36.36764290456934,22.65582603971751,47.668238667230035,1.4071479447093622,4.028716563047022,0.0,16.80483220414334,30.373410424176406,7.039940846260642,0.0,8.373410424176406,76.61055462034534
2024-04-12,29.853461700971813,36.658652743405575,23.109414498702243,46.499242469970426,1.3695684191464963,5.6695812337779925,0.011556709120540836,17.153516690413106,31.35478263653671,7.853461700971813,0.0,9.354782636536711,77.46851198711636
2024-04-13,30.031806603488864,37.06541920685701,23.09269209875053,48.30604937526409,1.286910122532746,6.085959552121688,0.0,17.920631624729495,31.911231630858317,8.031806603488864,0.0,9.911231630858317,77.97655349891821
2024-04-14,30.736420595159053,37.474113599323964,23.941004406349972,47.0799263596306,1.2547757590390536,5.737396619786323,0.0058972656485785,18.15372831185389,32.73878674642369,8.736420595159053,0.0,10.738786746423692,78.68031126212765
2024-04-15,31.539887728617135,38.32014848795799,24.640214885012377,47.72354680992334,1.375688416732058,5.607167531840405,0.2033596909518923,19.102729068212792,33.87879720058704,9.539887728617135,0.0,11.878797200587037,79.81167252622862
2024-04-16,31.890522122291305,38.82620812458502,26.051937586768883,52.18966258224181,1.9461121506609529,5.5306593408583336,0.7648741474014606,20.869701381158503,34.67411246589436,9.890522122291305,0.0,12.67411246589436,81.04066217732924
2024-04-17,31.00632945011167,37.798696806905305,25.074709361984667,61.81972535763868,2.68414679785115,5.670125291241625,3.51257318766222,22.821527711787887,34.30281097331096,9.006329450111672,0.0,12.302810973310962,81.47105081813305
2024-04-18,30.74905233295105,37.1105673930102,25.575468099233422,63.56046779742863,2.3321898955755422,6.1842569747087595,7.393788857367056,23.0378011394134,34.41256736700512,8.749052332951049,0.0,12.412567367005117,81.39077600963094
2024-04-19,31.006699462787473,38.46595943743587,24.992217661616465,62.168436651174034,3.1449797790788923,6.639115343755659,3.727447335063681,22.914775908617106,34.03254914491159,9.006699462787473,0.0,12.032549144911592,81.52948500560387
2024-04-20,31.69656847950746,39.51130440031388,25.404965292448846,57.634553630711665,3.5729238848312916,6.7155196354198115,3.7515633488259796,22.31315510077811,34.09272845904525,9.696568479507459,0.0,12.092728459045247,81.72605482020046
2024-04-21,31.853674775155433,39.817952556286606,25.366751373211805,56.430864972535765,3.454688235649182,6.24522352266554,0.4756419387939881,22.112655511084302,34.224841614255574,9.853674775155433,0.0,12.224841614255574,81.73219946523784
2024-04-22,31.753551638800026,39.07504255447577,26.287411118488563,56.81202933542585,2.719539445886401,5.667477195629866,2.0718301442626905,22.130018120629693,34.64853819324294,9.753551638800026,0.0,12.648538193242942,81.66174615881337
2024-04-23,31.530628961187908,38.735043158085354,25.381365968491586,52.570549284722645,2.5418494597694212,5.978777382748839,0.6989992153075392,20.656111859957722,33.79060135088758,9.530628961187908,0.0,11.790601350887577,80.6301689097746
2024-04-24,32.14580249894369,39.75634755839923,25.579932395726445,49.44518379911874,2.6416563047021193,6.402375656425424,0.11819400012072191,20.227458984696106,34.12662809047154,10.145802498943688,0.0,12.126628090471542,80.89108666138625
2024-04-25,32.613756866059035,40.30054928472264,25.696966258224183,49.371012856884164,2.409073459286534,6.551228236856403,0.3209869016719986,20.63135622790321,34.95523264972573,10.613756866059035,0.0,12.95523264972573,81.48332173691085
2024-04-26,32.51880123136356,40.0611716062051,25.624810768395,51.12174201726323,2.673015029878675,6.558733868533833,0.41413532926902874,21.111191164688336,34.91574763093993,10.518801231363561,0.0,12.915747630939933,81.67768780720924
2024-04-27,32.32498158990765,40.11132673386854,25.679287740689325,55.06767429226777,2.396808112512827,6.179554222249051,2.271446248566427,22.148841251368825,35.45643507476563,10.324981589907651,0.0,13.45643507476563,82.13085575080542
2024-04-28,32.92958833826282,40.69415162672784,26.47661857910304,56.25076416973502,2.8076477334460077,6.325980201605602,1.72215911148669,23.0606697554179,36.275026356632715,10.929588338262818,0.0,14.275026356632715,83.1667057083892
2024-04-29,33.10366511740207,40.83241202390294,26.854864489648097,52.87160318705862,2.924704533107986,6.615123842578621,1.183596305909338,22.20052378753392,35.89398238219266,11.103665117402073,0.0,13.893982382192661,82.77185969623079
2024-04-30,33.47581215669705,42.01534496287802,26.465860445463875,52.83159654735317,3.4818506669885916,6.421469578076902,0.22910484698497016,22.531382775613714,36.05595019179833,11.475812156697053,0.0,14.055950191798331,83.25870584211478
2024-05-01,32.902517655580375,40.77303857065252,26.681043037363438,52.46993843182231,3.108512705981771,6.329286521397961,1.9935166294440756,21.889853963792653,35.3983072538183,10.902517655580375,0.0,13.398307253818302,82.43027374668438
2024-05-02,32.10606084384621,38.64788314118428,27.222451258525986,56.146188809078296,2.989507454578379,5.585928755960645,7.731574213798515,22.264294122073075,34.88455100706253,10.106060843846208,0.0,12.884551007062527,82.02612702711315
2024-05-03,31.579010080280078,38.44459165811553,25.510896360234202,51.833863101346054,2.0310019919116318,6.812116122412025,3.883293293897508,20.471642711420458,34.10575941560643,9.579010080280078,0.0,12.105759415606428,80.56775263140287
2024-05-04,31.137829419931194,37.146464658658786,25.687144323051854,57.38212651656909,2.1409736222611215,5.834693505160863,3.9855658839862382,21.719994637251094,34.22005484074419,9.137829419931194,0.0,12.22005484074419,80.9147859898174
2024-05-05,30.44218989557554,36.14704653829903,26.266821995533295,69.52692702360113,3.390880666384982,5.749270260155733,19.50548862195932,24.23675019948421,34.060101987941636,8.442189895575542,0.0,12.060101987941636,81.90739357814476
2024-05-06,29.36952918452345,34.22409066215972,25.94166716967466,77.42020100199193,3.4803253455664875,3.879431429951108,30.65742862316654,25.0046883896936,33.39299074961484,7.369529184523451,0.0,11.392990749614839,81.48506293132866
2024-05-07,27.764618820546872,31.798902034164307,24.94721434176375,75.68358664815598,2.007467857789582,5.582867954367115,17.206458018953345,23.074840366353268,31.673699047085307,5.764618820546872,0.0,9.673699047085307,78.72651792168185
2024-05-08,27.1198641878433,30.551480050703205,23.68717329631195,72.78147522182653,1.4088972052876203,3.8362149695177163,26.766945131888694,21.810003714982308,30.758608910093237,5.1198641878433016,0.0,8.758608910093237,77.3535961523998
2024-05-09,27.824577171485487,31.752135570712866,23.29392648035251,69.86667411118488,1.0661368986539506,5.516817709905234,3.8941401581457114,21.81585144010271,31.706898518752887,5.824577171485487,0.0,9.706898518752887,78.03896732039468
2024-05-10,28.03900706223215,31.64594555441541,24.564227077926002,72.29318826582967,1.1551506005915375,5.792985483189472,7.445224844570533,22.58233841009781,32.27120593219369,6.039007062232152,0.0,10.271205932193688,78.69127870287502
2024-05-11,27.91891833162311,31.631888090782887,24.72489346290819,77.95539204442568,1.7152846019194787,4.395958912295527,19.173055471720893,23.714511855155465,32.39901610130378,5.918918331623111,0.0,10.39901610130378,79.27386045088102
2024-05-12,28.61028852538179,33.03201545240539,24.482031146254606,73.89150419508663,1.4094108770447276,5.34394736524416,4.716864248204262,23.49320713339193,33.17696315021116,6.61028852538179,0.0,11.176963150211158,79.78842676217184
2024-05-13,29.403188869439255,33.9895394458864,24.879992756684977,70.69029818313517,1.2304146797851152,6.2918638981107025,2.037024204744372,23.519391422256685,34.110950999038316,7.403188869439255,0.0,12.110950999038316,80.52835004433696
2024-05-14,30.161130560753314,34.66639765799481,25.993754451620696,69.76209995774732,1.2774262087281945,6.570810780467196,1.1535401702179031,24.02453489021814,35.13183561752962,8.161130560753314,0.0,13.131835617529617,81.52420010486645
2024-05-15,30.38864610370013,34.54482525502505,26.555762660711054,70.78694452827912,1.428107683950021,6.542771962334763,0.774680388724573,24.4855200238977,35.5303857700496,8.388646103700129,0.0,13.530385770049598,82.02879093120917
2024-05-16,30.614957445524237,34.93443532323293,26.206229854530097,70.06266976519588,1.4844359268425182,6.333111661737188,1.2872457294621837,24.530068765135997,35.744537626461884,8.614957445524237,0.0,13.744537626461884,82.25259804404408
2024-05-17,30.901011649664998,36.01247962817649,26.28334882597936,68.09583147220377,1.8504364097301864,5.79918305667894,0.9669463391078651,24.327249034070878,35.65198098307908,8.901011649664998,0.0,13.651980983079078,82.35731040389658
2024-05-18,30.3222943200338,34.777335063680816,27.066245548379314,74.59863886038511,1.8541003199130803,4.007188700428563,12.019927566849763,25.301243325533157,35.67132170707651,8.322294320033802,0.0,13.671321707076508,82.53565029411666
2024-05-19,30.173289068630414,35.01743345204322,26.574004345989014,76.09310798575481,1.8227035673326495,4.286591422707793,10.250349489949901,25.491333804604857,35.66507240148642,8.173289068630414,0.0,13.66507240148642,82.54101713880253
2024-05-20,29.77555622623288,33.759348705257445,26.240695358242288,75.39556950564375,1.375944950805819,4.6510397657994815,13.480326552785659,24.952523640557974,35.24000893630395,7.7755562262328795,0.0,13.240008936303951,81.81293316241505
2024-05-21,30.311663548017147,34.25787106899258,26.07774853624676,72.42280195569505,1.0839307056196055,5.769744117824591,8.381487897627816,24.794090625663998,35.882964998924166,8.311663548017147,0.0,13.882964998924166,82.1730034176507
2024-05-22,30.777924186636085,34.580467797428625,27.06661435383594,71.71700549284725,1.2557548137864432,5.342785012373997,8.511405203114627,25.077166245527025,36.405216399271886,8.777924186636085,0.0,14.405216399271886,82.76809613785304
2024-05-23,31.433301744431702,35.70826703688056,27.108243496106724,68.71284300114687,1.2142071588096819,6.804751518078109,1.6871419086135089,24.98555246545594,37.03312565122494,9.433301744431702,0.0,15.033125651224942,83.25070728110833
2024-05-24,32.21390957928412,37.29432003380214,27.481624313394104,68.0514685821211,1.532902758495805,7.158951638800024,2.47873604152834,25.56678290647802,37.95892808058668,10.21390957928412,0.0,15.95892808058668,84.2937547440213
2024-05-25,32.129031206615565,37.274885012374,27.600348282730735,70.35220619303435,2.0927102070380883,6.98407819762178,2.9314903120661557,26.04713061594398,37.7943135801026,10.129031206615565,0.0,15.794313580102603,84.57598955579803
2024-05-26,30.37386310134605,34.106183980201614,27.637469065008755,81.22960403211202,4.302101768576086,3.9760127240900593,46.80433029516509,26.79144086221422,34.99002882087337,8.37386310134605,0.0,12.99002882087337,83.6745962269319
2024-05-27,28.556643930705626,30.388471056920388,27.045335305124652,87.82773404961671,8.900179875656425,1.140189557554174,63.97673386853385,26.33860804170932,29.646214933957864,6.556643930705626,0.0,7.6462149339578644,81.67877472637585
2024-05-28,28.954499305848984,32.672330536608925,26.013776181565767,86.23738274883806,5.426735075753004,3.5144748898412512,87.81196897446732,26.419717304217336,32.53018419944266,6.954499305848984,0.0,10.530184199442658,82.11501871824115
2024-05-29,30.19680026558822,33.691886279954126,27.914076779139254,87.68406832860506,4.024617009718115,4.141378964205952,13.930237218567033,27.923934335442286,35.804210075853476,8.19680026558822,0.0,13.804210075853476,84.40871735108222
2024-05-30,30.07106476730851,33.3285199492968,27.880671213858875,86.82401943622867,3.7276670489527377,4.311736119997586,13.467353171968373,27.631498573027557,35.675902092378706,8.07106476730851,0.0,13.675902092378706,84.06310013327874
2024-05-31,29.800323534737736,32.91172934146195,27.498056980744856,85.84396631858515,2.6023915011770393,3.9947258646707318,12.62409005855013,27.17182718010465,35.86828576738429,7.8003235347377355,0.0,13.868285767384293,83.46050737590359
2024-06-01,29.961560330778056,33.611416068087166,27.044323655459646,82.78234683406774,2.342091507213135,5.875759902215248,10.759122955272531,26.7113062463933,35.89461389456489,7.961560330778056,0.0,13.894613894564891,83.25147311043983
2024-06-02,29.754435323232936,33.17116496649967,26.927412929317324,84.30143236554596,2.9648318947304886,5.734632166354802,15.085389026377738,26.818034744658956,35.32421562714061,7.754435323232936,0.0,13.32421562714061,83.14755716771306
2024-06-03,28.939861169795375,31.717969457354986,26.93940423733929,86.69734532504377,2.696218989557554,4.927894458864007,36.43872155489829,26.49558861539414,34.47787608047235,6.939861169795375,0.0,12.477876080472349,82.15756258399574
2024-06-04,29.10888211504799,32.5142433753848,26.519264803525083,86.49387577714735,2.556781553691073,4.501647377316352,20.27497917546931,26.621670075928307,34.82985042721987,7.10888211504799,0.0,12.829850427219867,82.40938791683504
2024-06-05,29.55523570954307,33.077326613146624,26.56977243918634,84.62416007726202,1.8173145409549105,5.905889509265407,14.494275970302407,26.688013431887335,35.839347175082345,7.555235709543069,0.0,13.839347175082345,82.86917949456455
2024-06-06,29.55220740025352,32.42683467133459,26.928778897808897,85.95933663306575,1.5552332951047265,5.130125224844571,22.99414559063198,26.951330906083307,36.200055519359964,7.552207400253518,0.0,14.200055519359964,83.06650288672704
2024-06-07,30.103405565280383,33.63843966922195,27.32049435625038,83.41469246091629,1.9837520371823505,4.822946719381904,10.551710025955211,26.979325701098652,36.47120273882324,8.103405565280383,0.0,14.471202738823237,83.58167191039334
2024-06-08,29.958187360415288,33.57636325224845,27.174784813182836,85.39654252429528,2.8365268304460676,4.722702179030604,15.730990523329512,27.237469740958424,35.90826981419792,7.9581873604152875,0.0,13.908269814197922,83.65270397357881
2024-06-09,29.593238365425247,32.48511559123559,27.508958169855745,88.81415887004286,2.7390269813484642,3.9310883624071957,30.190557131647253,27.54918896019018,35.83095889062014,7.593238365425247,0.0,13.830958890620138,83.56833755171328
2024-06-10,29.365486811130566,31.75657029033621,27.594609766403096,90.46926661435384,2.5306850968793384,4.128402975795256,13.447447335063682,27.640458248145663,35.813807571870804,7.365486811130566,0.0,13.813807571870804,83.43155561220212
2024-06-11,29.493633126094046,32.34068207883142,27.28489648095612,87.53476187601858,2.478088368443291,5.49541074425062,5.442188688356373,27.203323974501163,35.67024427581942,7.493633126094046,0.0,13.670244275819421,83.20708231624153
2024-06-12,29.35978330415888,32.68263837749744,26.479331200579466,85.61421560934387,2.618329208667834,3.9403843846200286,11.690203416430252,26.694173299300303,35.087164303535964,7.359783304158881,0.0,13.087164303535964,82.69552777604031
2024-06-13,29.240565582181446,32.2366819581095,27.19779923945193,88.12178668437257,2.941358725176556,3.5325380032594924,22.561186092835154,27.06834256114914,34.99868272910419,7.240565582181446,0.0,12.998682729104189,82.8702240108295
2024-06-14,29.359033017444318,32.059237641093745,27.25936138105874,89.7246351180057,3.319796583569748,3.5371871068992577,20.510117703869142,27.492724644200884,35.149878245764356,7.359033017444318,0.0,13.149878245764356,83.30916420603936
2024-06-15,29.4717311522907,32.23789702420475,27.53721675620209,89.63833765920204,3.615912959497797,3.1478579525562873,19.397328423975374,27.587421445136933,35.12269362196542,7.471731152290701,0.0,13.122693621965418,83.48743418321004
2024-06-16,29.929168225991432,33.24888875475343,27.5356992817046,87.23687330234804,3.4711003802740397,3.927480479266011,12.030989316110341,27.573243581245627,35.671923822431516,7.9291682259914325,0.0,13.671923822431516,83.89049539100978
2024-06-17,29.59289249713286,32.4664725055834,27.68027947123801,88.8164435323233,3.5274612180841434,3.5729861169795383,17.713811190921714,27.54928818851293,35.27877919112852,7.592892497132858,0.0,13.278779191128521,83.56810078334888
2024-06-18,29.444018832619065,32.19055652803767,27.730920504617618,89.06389992153076,3.95920806422406,2.221139596788797,26.91526770085109,27.450176630718826,34.75725173372461,7.444018832619065,0.0,12.757251733724608,83.35400494335533
2024-06-19,28.919861773404964,31.603883624071955,26.977571678638256,91.15292267761212,3.839301623709785,1.694080268002656,49.11985815174745,27.328933896896835,34.23097538766698,6.919861773404964,0.0,12.23097538766698,82.77116779393197
2024-06-20,28.455296070501607,31.38044667109314,26.48186394639947,89.45790547473895,2.659777268063017,2.876163976579948,13.201275427053783,26.55075425208884,34.05549975364358,6.455296070501607,0.0,12.05549975364358,81.73781032934531
2024-06-21,29.177867447335064,32.485643749622746,26.352422888875473,84.07529124162492,1.3427295225448184,4.921614359872035,8.742699342065553,26.208303798698825,35.47157056452015,7.177867447335064,0.0,13.47157056452015,82.1668290535163
2024-06-22,29.161646646948753,32.02873604152834,26.60070561960524,85.23716182772982,1.6873477394821035,4.532588959980686,8.0405468702843,26.42501186287328,35.358673006542205,7.161646646948753,0.0,13.358673006542205,82.31172595845636
2024-06-23,29.503956660831776,32.646121808414314,26.70557252369168,84.88336270899983,1.7369143477998432,5.606743719442265,5.821962334761877,26.689769029100738,35.845487161144355,7.503956660831776,0.0,13.845487161144355,82.82391164448939
2024-06-24,29.287666445343156,32.042178426993424,27.028829601014063,86.55343755658842,2.287512524898896,5.395622653467738,4.196841914649604,26.80890945398133,35.32482008537547,7.287666445343156,0.0,13.324820085375471,82.71592023667779
2024-06-25,29.495185006337906,32.43203657874087,27.028731816261242,85.73560753304764,1.9479845475946158,5.3235393553449635,4.27085652200157,26.851042996624187,35.799094617244144,7.4951850063379055,0.0,13.799094617244144,82.93809657849164
2024-06-26,30.06380696565462,33.274147401460745,27.198527796221406,83.24297941691314,1.333978994386431,4.404698991971992,6.734294078589968,26.905548376493467,36.83556808592351,8.06380696565462,0.0,14.835568085923512,83.49006518084857
2024-06-27,28.80459950504014,31.453580008450537,26.931099776664453,88.23304943562503,2.674947184161284,5.023111547051367,12.214137140097785,26.660733874666473,34.469025622688235,6.804599505040141,0.0,12.469025622688235,82.15329700631798
2024-06-28,29.145232087885557,32.38442506186999,26.621250679060793,87.97799480895758,3.6347588579706653,3.9038959678879706,15.994755236313154,26.94671566188508,34.33378795969831,7.145232087885557,0.0,12.333787959698313,82.68874519115715
2024-06-29,28.9421422104183,31.525981770990526,26.981403995895455,89.64535039536429,3.696037303072374,2.7679570531780047,25.91831653286654,27.06645496369587,34.17034796862116,6.9421422104183,0.0,12.170347968621158,82.5900681078563
2024-06-30,28.730861350878257,30.51347799843062,27.371489708456572,92.26550854107565,3.7175028671455306,2.2987613388060604,90.43423552846019,27.34915205674617,34.14123837347077,6.730861350878257,0.0,12.14123837347077,82.6071311844069
2024-07-01,28.291786080762968,29.917482344419632,26.930684493269755,92.7043834128086,3.5314728073881816,1.87421694332106,69.06512524898896,26.995325359975062,33.58524841780332,6.291786080762968,0.0,11.58524841780332,81.91172349580805
2024-07-02,28.46569264199916,31.118783123076,26.500313273374783,90.80595098690169,2.857355586406712,1.9824579525562869,37.48028852538179,26.81517138054718,34.10735252892574,6.4656926419991585,0.0,12.107352528925738,81.94504008006132
2024-07-03,28.48701333977184,31.283506971690716,26.53121265165691,90.26361139614897,3.3650027162431346,3.3772501659926357,29.649329993360297,26.734362053668452,33.718149675365844,6.487013339771838,0.0,11.718149675365844,81.9050576501528
2024-07-04,28.3140912657693,30.937852960705023,26.235209150721317,90.37730005432488,3.647949538238668,3.185492666143539,23.926022816442327,26.585035922030706,33.2455904353847,6.314091265769299,0.0,11.245590435384699,81.62645302571238
2024-07-05,28.347157602462733,30.70758556165872,26.53177159413292,90.99368141486087,3.376553992877407,2.8457376169493576,28.55594253636748,26.73317537484549,33.56924863105445,6.347157602462733,0.0,11.56924863105445,81.76875823718368
2024-07-06,28.59175348584536,31.596845536307118,26.38831170398986,88.90796704291665,2.7419170640429775,4.862699492967949,15.422383050642845,26.5805574937096,34.15474300141175,6.591753485845359,0.0,12.154743001411752,81.89100230068365
2024-07-07,28.901568177702668,31.99715639524356,26.365717993601745,87.89874328484335,2.1513068147522185,5.527127518560995,10.754134725659444,26.691653139749366,34.953658714003765,6.901568177702668,0.0,12.953658714003765,82.26795072695754
2024-07-08,28.80336029456148,31.75338202450655,26.44657391199372,87.30956781553692,2.3454210176857617,4.696076972294321,5.649122351662944,26.480872214814188,34.57688425910422,6.803360294561479,0.0,12.576884259104219,82.01819985974547
2024-07-09,28.908864006760428,32.06011046055412,26.514005553208186,88.69469246091629,2.6140858332830326,4.6429148065431285,6.519823142391503,26.8521189550683,34.74660518847054,6.908864006760428,0.0,12.74660518847054,82.39568351577708
2024-07-10,28.961481861531965,31.564419629383718,26.92155791633971,89.45935353413414,2.97543791875415,4.51095819400012,19.164475161465564,27.05013452192972,34.68281744304029,6.961481861531965,0.0,12.682817443040292,82.59579302754227
2024-07-11,28.830604213194906,31.570150298786743,26.793415826643333,90.17871008631619,3.326033077805276,3.948376471298364,38.14878855556226,27.057493877985543,34.311478863446716,6.830604213194906,0.0,12.311478863446716,82.47781610767669
2024-07-12,28.613191887487176,31.49364700911451,26.593442989074667,89.72715820607232,2.800133397718356,3.154592871370797,49.49057403271564,26.757529909859656,34.25567326102053,6.613191887487176,0.0,12.255673261020533,82.043646681008
2024-07-13,29.014277177521578,32.35710267399046,26.202241202390294,87.44672179634212,2.2248892376410945,5.1046819822538785,10.936439910665783,26.71487695597777,35.03078571459943,7.014277177521578,0.0,13.030785714599432,82.39112804799088
2024-07-14,29.4621669584113,32.548876078952134,26.67071225931068,86.52411661737189,2.0238757771473415,5.74689678276091,4.175813967525805,26.974477631431736,35.79783161795381,7.462166958411299,0.0,13.797831617953811,83.00214047092808
2024-07-15,29.470686907708096,32.63535280980262,26.839802016056012,87.39132854469729,2.382560511860928,5.660458187964026,3.338319550914468,27.15279450181161,35.67890512558286,7.470686907708096,0.0,13.678905125582858,83.14702303562433
2024-07-16,29.11914166716968,31.97724391863343,26.94991126939096,88.71029818313515,2.496028852538178,5.0809447576507525,5.86901973803344,27.0622256975569,35.18461554518986,7.1191416671696786,0.0,13.184615545189857,82.75270779668006
2024-07-17,29.416765859841853,32.285829661375026,26.846526226836488,86.5428460191948,1.852852055290638,5.905014184825256,1.722360113478602,26.933586121502017,35.843907479657766,7.416765859841853,0.0,13.843907479657766,82.92934924301943
2024-07-18,30.20821754089455,33.50644594676164,27.030234804128693,83.2738691374419,1.4746091627935054,5.938077654373152,0.942829118126396,27.052960034210322,36.983457459374904,8.208217540894552,0.0,14.983457459374904,83.7306884206823
2024-07-19,29.78072916037907,33.11392527313334,27.313514215005736,86.58938673266134,2.999486328242893,5.654088652139796,3.8691187300054333,27.30012033469357,35.6604379378021,7.780729160379071,0.0,13.6604379378021,83.54266238328711
2024-07-20,29.213023480412875,32.56796825013581,26.861285688416736,87.71011589304038,3.500650691132975,5.636057330838414,7.522593710388121,26.961479981762885,34.50570712477312,7.213023480412875,0.0,12.505707124773117,82.76293884626372
2024-07-21,28.844630289128993,31.933245608740272,26.75620993541377,88.80474316412145,3.7412838775879766,5.248681843423674,8.087882537574698,26.809942322974027,33.86437176691252,6.844630289128993,0.0,11.86437176691252,82.30322106057109
2024-07-22,28.676463451439613,31.38064888030422,26.820504014003745,89.99620631375628,3.9773724874751015,3.9898252550250497,11.566150781674414,26.87087857235309,33.57252249733711,6.676463451439613,0.0,11.572522497337111,82.18944626321729
2024-07-23,28.827627210720106,32.095958230216695,26.575696867266256,88.32735196474921,3.7042095732480234,4.530321313454458,5.975926842518259,26.701553275170504,33.79934140324116,6.827627210720106,0.0,11.799341403241158,82.20564283515077
2024-07-24,29.197615742137987,32.69961127542706,26.30598901430555,88.51516206917366,3.2691205408341886,4.822011378040684,5.227304883201546,27.101976308434168,34.749595183907694,7.197615742137987,0.0,12.749595183907694,82.85622615023738
2024-07-25,29.707930826341524,32.84569143477999,27.241050280678458,87.3537834248808,2.47508842880425,5.513014842759703,7.272634152230338,27.37867922012827,36.00987638756844,7.707930826341524,0.0,14.00987638756844,83.53840140194616
2024-07-26,30.09303977787167,33.57708034043581,27.47792539385525,86.57351723305368,3.466249773646405,5.603847896420596,6.690077865636507,27.6036399438963,35.86102392084388,8.09303977787167,0.0,13.861023920843877,84.06044831878305
2024-07-27,29.597394217420174,33.01175107140702,27.118580310255332,87.30317679724754,3.589470030784089,5.785777690589727,3.624061085290035,27.26013171277846,35.03587772231886,7.597394217420174,0.0,13.035877722318858,83.34572331614515
2024-07-28,29.64744552423493,33.22961731152291,26.84507937466047,86.41042252670974,2.811824108166838,5.386864592261726,4.99181988289974,27.133968437701466,35.542268745576855,7.647445524234929,0.0,13.542268745576855,83.29333852140924
2024-07-29,29.24516750165993,32.519886521397964,26.945314178789157,87.65460614474559,3.192293716424217,4.9479249290758744,12.769205046176134,26.98231253517437,34.76811073259521,7.245167501659932,0.0,12.768110732595211,82.80860710643572
2024-07-30,28.86847709301624,31.468910484698497,26.947738274883804,89.98651113659686,3.049839439850305,3.845061199975856,13.459885314178791,27.05851281552143,34.54343500710426,6.868477093016239,0.0,12.543435007104257,82.51445942501601
2024-07-31,28.96282006398262,31.604871129353537,27.03816080159353,90.12894368322569,2.3545083599927574,4.556402583449025,22.11945071527736,27.17857567870967,35.20808104316052,6.962820063982619,0.0,13.208081043160519,82.69557194534248
2024-08-01,28.161215669704838,30.529847286774917,26.56050341039416,91.18151385283997,4.839842457898231,2.2834660831774007,70.78628659383112,26.58444814018605,32.25782902990037,6.161215669704838,0.0,10.257829029900371,81.47665730795498
2024-08-02,27.402619665600294,28.872579827367662,26.321955091446856,93.24834852417457,4.33629444075572,1.4198660590330174,76.48709543067545,26.213655846200535,31.60252419871732,5.4026196656002945,0.0,9.602524198717319,80.44682383553206
2024-08-03,27.930859540049497,30.08032534556649,26.296733868533835,91.50156878131224,3.629595581577836,2.329867356793626,35.86087764833705,26.416172114013012,32.76108273219654,5.930859540049497,0.0,10.761082732196542,81.12563638078073
2024-08-04,28.450616285386616,31.43257318766222,26.053012011830752,88.29503350033201,2.539352930524537,4.448938214522847,27.728755357035077,26.324207844751374,33.98304113472271,6.450616285386616,0.0,11.983041134722711,81.5664893844945
2024-08-05,28.224406953582427,30.810447274702724,26.174645379368627,89.38435504315808,2.6503066336693433,3.6386006156817774,19.4321506609525,26.30915189378776,33.66888299527286,6.224406953582427,0.0,11.66888299527286,81.3363825568671
2024-08-06,28.082704774551825,30.619911873000547,26.239068026800265,90.67043520251102,2.5211547051367176,4.649695738516328,13.12781493330114,26.411491350372557,33.685859080468155,6.082704774551825,0.0,11.685859080468155,81.27233178620236
2024-08-07,28.06095732480232,30.68373332528521,26.081573610188933,90.0506422405988,3.0653944588640067,4.719795798877286,8.520515482585864,26.273757768127744,33.19112081520136,6.06095732480232,0.0,11.191120815201359,81.15054566704046
2024-08-08,27.731289310074246,30.2869614293475,25.898739059576265,91.3325363674775,2.9662660711052093,3.725670048892377,15.563861290517297,26.1875167108726,32.87322546700809,5.731289310074246,0.0,10.87322546700809,80.7608361054366
2024-08-09,28.11044244582604,30.855340737610916,25.82534798092594,89.98361682863526,3.0668044908553154,3.8279679483310196,17.742239995171126,26.309974450123313,33.263798763399734,6.110442445826038,0.0,11.263798763399734,81.22550595262351
2024-08-10,28.60375867688779,31.668559787529432,26.067160620510656,89.05605058248328,2.977137683346412,3.61663823866723,25.32307418361804,26.62064907840719,34.0292456336137,6.603758676887789,0.0,12.029245633613698,81.93231345341329
2024-08-11,28.51581457113539,30.954170338624976,26.616028248928593,90.0205070320517,2.3865014788434844,2.712505390233597,21.75347679121145,26.716945272772463,34.420066913225696,6.51581457113539,0.0,12.420066913225696,81.91977950554863
2024-08-12,28.352676404901313,30.660231182471183,26.564337538480114,90.7303500935595,1.9585960041045452,3.1355667230035618,21.003212410213077,26.68936956615568,34.53752202868716,6.352676404901313,0.0,12.537522028687157,81.74145327350948
2024-08-13,28.811948451741415,31.527393010201003,26.599468219955334,89.31085893643993,1.677417758194,4.598102450654916,12.243462304581398,26.8744209394196,35.320554597738756,6.811948451741415,0.0,13.320554597738756,82.32099371312034
2024-08-14,28.823339168225992,31.335485000301805,26.770453310798576,89.07170640429771,1.651789098810889,5.369487879519527,9.10155188024386,26.840025366146246,35.326304730227356,6.823339168225992,0.0,13.326304730227356,82.30578565219912
2024-08-15,28.564374358664818,31.106062051065372,26.5249465805517,89.5455845958834,1.9905692038389569,5.251202728315326,5.015167501659927,26.674952497582627,34.717265817568105,6.564374358664818,0.0,12.717265817568105,81.93507131074767
2024-08-16,28.155629866602283,30.603823866723005,26.285038329208675,90.31893825073944,1.7573924065914168,3.536317027826401,30.146895032293116,26.41763064932083,34.297610907092896,6.155629866602283,0.0,12.297610907092896,81.34844273849862
2024-08-17,27.97417939276876,30.570391742620874,25.987740085712563,89.23776241926723,2.5220685700488925,3.893583605963663,29.833005975734903,26.03468205549292,33.32643397752673,5.974179392768761,0.0,11.326433977526733,80.89263747109914
2024-08-18,27.625335908734233,29.730353111607414,25.902815235105937,91.5554113599324,3.339246695237521,3.123469427174504,30.841466771292332,26.124006185146072,32.464061765949964,5.6253359087342325,0.0,10.464061765949964,80.60877942196187
2024-08-19,27.44974588036458,29.310238425786203,26.09498581517475,92.71191163155672,3.5233246815959447,2.197725719804431,45.485774129293176,26.162672539150204,32.18499623321561,5.449745880364581,0.0,10.184996233215607,80.45846557303798
2024-08-20,28.05008510895153,30.50224965292449,26.13573066940304,91.99656908311704,3.493643991066578,2.64849072855677,57.27859600410455,26.62567793817093,33.116833257587885,6.0500851089515315,0.0,11.116833257587885,81.3976780643221
2024-08-21,27.855309953522063,29.61834248807871,26.574285024446187,92.93880726745941,3.0690281885676343,1.7247973139373454,54.64576024627271,26.605890534534606,33.20567650391694,5.855309953522063,0.0,11.20567650391694,81.1894525477608
2024-08-22,27.47306211142633,29.309109675861656,26.017131043640976,93.4542276815356,2.9778547715337718,1.787783068751132,52.111745638920745,26.320851166388675,32.69526799409624,5.47306211142633,0.0,10.695267994096241,80.59577891970198
2024-08-23,27.39580853503953,29.271784269934212,25.921715458441486,92.82303857065251,2.7110394157059217,3.855714613388061,23.299134423854657,26.129518028614463,32.67768150710442,5.3958085350395315,0.0,10.677681507104417,80.37975119707951
2024-08-24,27.458497012132558,29.676103096517174,25.766487595823026,91.84386491217481,2.246174926057826,4.961890487112937,9.03961067181747,26.012189345383558,32.98856625962942,5.458497012132558,0.0,10.988566259629422,80.36022596508946
2024-08-25,26.928845294863283,28.938907466650566,25.457885555622624,92.15383533530513,2.3612579223758074,2.992947335063681,34.16231786080763,25.544939182903043,32.074701351220554,4.928845294863283,0.0,10.074701351220554,79.48888769833405
2024-08-26,26.840596969879886,28.879797187179335,25.181608619544882,91.92153799722342,3.3153419448300845,3.3294257801653897,21.577909700006035,25.415099327821842,31.235574128143845,4.840596969879886,0.0,9.235574128143845,79.30806564665347
2024-08-27,27.670268606265466,30.807657391199374,25.153342186273917,89.41390897567454,2.263049435625038,4.406247757590391,4.51800084505342,25.768380152051737,33.029657691581875,5.670268606265466,0.0,11.029657691581875,80.4016807774461
2024-08-28,27.98928894790849,30.872094525261062,25.642078227802262,87.2337592804974,1.355014184825255,4.327275807327822,4.8269378885736725,25.66597634027924,33.91840317284113,5.989288947908491,0.0,11.918403172841131,80.64587876707652
2024-08-29,28.671571195750595,31.80560210056136,25.730929558761392,84.66968551940604,1.038821754089455,5.943538178306271,3.338824772137382,25.83188682837709,34.93018749264252,6.6715711957505945,0.0,12.930187492642517,81.42095140672063
2024-08-30,28.595773525683587,31.750408643689262,26.125730065793448,87.47499909458563,1.566849761574214,5.845211619484518,5.028181324319432,26.308889071358735,34.798884166821125,6.595773525683587,0.0,12.798884166821125,81.69437158360802
2024-08-31,28.18831592925696,30.59649604635722,26.090465382990285,90.22451922496532,2.0768672662521883,5.242578940061569,7.561469789340255,26.43215749747051,34.11644376742598,6.188315929256959,0.0,12.116443767425977,81.39109449979696
2024-09-01,28.192139192370377,30.656434478179513,26.162154282610008,89.09579465201907,1.798427597030241,4.396800591537395,8.13416732057705,26.222567241695806,34.17528985895391,6.192139192370377,0.0,12.17528985895391,81.24192736685126
2024-09-02,28.721773404961677,31.52462546025231,26.248393794893467,85.47774974346594,1.0690631979235832,5.076565123438161,6.7820293354258485,26.041589437637036,35.09644648461262,6.721773404961677,0.0,13.09644648461262,81.61934835388874
2024-09-03,28.23957083358484,30.53922255085411,26.39396450775639,88.5581861531961,1.1181378644292872,3.9685539808052157,22.641834973139375,26.166820338086705,34.66202001584722,6.239570833584839,0.0,12.662020015847219,81.24772956847737
2024-09-04,28.40244461882055,31.159750709241262,26.06348946701274,87.77751976821393,1.4336687390595764,5.281032166354802,4.242591899559365,26.17723342522214,34.611086558608434,6.4024446188205495,0.0,12.611086558608434,81.41295428837486
2024-09-05,28.33018229009477,30.865352809802623,26.250301804792663,88.26994024265107,1.1843254662884046,4.261649761574214,8.848090782881634,26.2008391958524,34.728932713184676,6.330182290094768,0.0,12.728932713184676,81.36030941523484
2024-09-06,29.442250256534074,32.426755598478906,26.134420836602885,82.68310376048773,1.0248294802921472,5.188389394579586,11.584511981650271,26.183962711575568,35.94262084828373,7.442250256534074,0.0,13.942620848283731,82.39119959274956
2024-09-07,29.17747087583751,32.16629806241323,26.454979779078894,85.18194724452225,1.3770984487233662,5.677858302649847,11.447907285567696,26.42952867701323,35.594719000908746,7.1774708758375105,0.0,13.594719000908746,82.32971414620056
2024-09-08,29.425160258344903,32.40322568962396,26.891940604816806,86.44861531961128,1.5268413110400192,5.616520275245971,4.3719110279471245,26.923281497653033,36.07342398176025,7.425160258344903,0.0,14.07342398176025,82.92917119956762
2024-09-09,28.923121265165694,31.70665600289733,26.754242168165632,88.58548801834975,2.3339373453250443,5.479877280135209,4.09025291241625,26.84519942415521,34.95223756203086,6.923121265165694,0.0,12.95223756203086,82.4038748603763
2024-09-10,28.769241262751258,31.291227138286956,26.835308746302893,90.63190438824171,2.3673066940303014,4.977099173054868,4.100565582181446,27.08233781241624,34.938385237898224,6.769241262751258,0.0,12.938385237898224,82.4385100127735
2024-09-11,28.949783304158874,31.177907889177284,26.803591477032654,89.09577231846443,1.6357958592382449,5.02993165932275,12.322263535944952,26.96923174426042,35.552925031454485,6.949783304158874,0.0,13.552925031454485,82.52306844883044
2024-09-12,29.835119212893105,33.03262992696324,26.961576628236863,85.12345143960886,1.6594199311885076,4.834177099052333,9.458921349671034,27.062248077402618,36.487020196498136,7.835119212893105,0.0,14.487020196498136,83.40700157814729
2024-09-13,29.113098328001456,32.042296734472146,27.068402245427656,88.79663004768517,2.5406446550371222,3.5933027584958053,42.966660228164436,27.072849355674066,35.154700893690965,7.113098328001456,0.0,13.154700893690965,82.75521415326878
2024-09-14,27.343337961006824,29.210188929800207,25.650195569505648,92.74985513369954,4.9237622985453005,1.9333457475704714,37.280678457173906,26.064195446704375,31.033170757539715,5.343337961006824,0.0,9.033170757539715,80.27959757710443
2024-09-15,26.485038932818256,28.571500573429113,24.5943997102674,91.95880847467859,5.157225206736284,1.6313071889901614,48.85538238667231,25.0700901449441,29.37268661490782,4.485038932818256,0.0,7.3726866149078205,78.70128895257528
2024-09-16,27.536987988169255,30.64631435987204,24.914080400796767,89.06943502142815,3.358111305607533,3.6100212289491154,18.615178970242052,25.571895271196414,32.00294645396348,5.536987988169255,0.0,10.002946453963482,80.13063137043065
2024-09-17,28.64462002776604,31.92916279350517,25.538789762781438,85.8868920142452,1.3846508118548924,5.367240025351603,3.4491018289370436,26.046686171787634,34.80165453473255,6.644620027766042,0.0,12.801654534732549,81.5499574432998
2024-09-18,29.486031870586107,32.98936439910666,26.04728858574275,83.34813001750469,0.9141292931731758,5.3000516750166,2.3051789702420478,26.36244031120728,36.182743091058256,7.486031870586107,0.0,14.182743091058256,82.56275095444718
2024-09-19,29.613135148186156,33.03998249532203,26.395701696142936,86.55913261302591,1.4303941570592142,5.58249684312187,5.991256111547052,27.129600229022415,36.471882524006276,7.613135148186156,0.0,14.471882524006276,83.25886594606624
2024-09-20,30.44290396571498,34.528264622442215,26.98904146797851,84.22760608438462,1.2029866602281645,5.9040365545964875,6.138550129776061,27.476771151738408,37.70543266036104,8.44290396571498,0.0,15.70543266036104,84.2668771293105
2024-09-21,29.619919719925154,32.84160016901069,27.060962153679004,87.33406410333795,1.420803404358061,3.487150576447154,17.05752701152894,27.28831053006711,36.5962428218512,7.619919719925154,0.0,14.596242821851199,83.38811022061614
2024-09-22,30.045900283696504,33.82874509567212,26.459910665781376,83.17739844268728,1.2019273254059275,5.7422536608921355,5.500627150359148,26.874640919022323,36.88883948834181,8.045900283696504,0.0,14.888839488341809,83.45057304587297
2024-09-23,29.731285084807148,32.67578378704654,27.25926359630591,85.7570809440454,1.4074751011046058,4.0923672541799965,3.128685338323173,27.086851588999114,36.57650062861771,7.731285084807148,0.0,14.576500628617708,83.33269062778615
2024-09-24,28.185693245608743,30.06587674292268,26.796462847830025,90.9817890988109,2.047285567694815,4.527088169252128,15.19294863282429,26.57140549687661,34.22830429331898,6.185693245608743,0.0,12.228304293318978,81.49102495101576
2024-09-25,26.832613025894855,28.611732963119458,25.534719623347623,93.77194060481682,2.977339288947909,1.7511908432425909,65.65246876320396,25.743097029084332,31.67476488657725,4.8326130258948545,0.0,9.67476488657725,79.52439292298473
2024-09-26,26.71479748898413,28.951075028671465,25.08952616647553,92.7868956359027,2.2934870525743953,1.9362016418180723,39.51640429770025,25.44830215355542,31.846101489406877,4.714797488984129,0.0,9.846101489406877,79.19835628506377
2024-09-27,27.25234502323897,30.06212349852116,24.847439488139074,87.86327760004829,1.7819327578921955,4.139097664030905,15.45465262268365,25.06226217942122,32.498553563121405,5.25234502323897,0.0,10.498553563121405,79.49436760447563
2024-09-28,27.99375988410696,31.08582302166959,25.351780648276698,88.01142934749805,1.7092883442989075,4.699436264863886,6.794548198225388,25.820140989324496,33.77471847790443,5.993759884106961,0.0,11.774718477904429,80.7590702833549
2024-09-29,28.380073036759832,31.328927989376478,25.994088247721372,89.63237097845115,1.8677183557674897,3.8131094464900115,10.93886762841794,26.509643987715005,34.50691044559916,6.380073036759832,0.0,12.50691044559916,81.63472935677486
2024-09-30,28.561758918331623,31.346305305728258,26.232705981770998,89.8715754210177,1.7855254421440214,3.600940749683105,5.577918150540231,26.734132844526894,34.8984536077406,6.561758918331623,0.0,12.8984536077406,81.97680298189641
2024-10-01,28.87307901249472,31.583575179573856,26.46504979779079,88.80653165932276,1.2284945976942114,3.6645927929015514,10.744018229009479,26.838309562340488,35.671228768262495,6.8730790124947205,0.0,13.671228768262495,82.3515027053057
2024-10-02,28.499766403090483,30.79497615742138,26.41225025653408,88.44698738455968,1.2538872457294625,3.2840796825013583,13.32798152954669,26.401746420556687,34.98391771221353,6.499766403090483,0.0,12.983917712213533,81.67063173426621
2024-10-03,27.314198104665902,29.53635781976218,25.747165449387342,91.46569143477998,2.1617854771533773,2.000569252127724,42.21388000241444,25.799754989609184,32.764468640537594,5.314198104665902,0.0,10.764468640537594,80.06341907342264
2024-10-04,27.394944166113362,29.673417637472088,25.580103820848674,90.85259250316895,2.807645922617252,2.63741711836784,35.0949302830929,25.766039118583166,32.371317656480834,5.394944166113362,0.0,10.371317656480834,80.12219900214399
2024-10-05,27.117616949357156,29.297610913261305,25.63780829359571,92.51792720468401,2.3908148729401826,2.245814112392105,31.57906500875234,25.79833030447468,32.40644119507259,5.117616949357156,0.0,10.406441195072588,79.86016915086253
2024-10-06,27.227604273555865,29.656309530995355,25.40131888694393,89.22824108166837,1.4962189895575542,3.8601544516206916,13.738677491398567,25.29694210947402,32.82136595523783,5.227604273555865,0.0,10.82136595523783,79.62792908505551
2024-10-07,27.676636687390598,30.82204985815175,25.025628659383116,85.61213134544579,0.9009223154463694,4.301991326130259,7.061851874207763,25.043288890643346,33.52811355991752,5.676636687390598,0.0,11.528113559917522,79.90772098897895
2024-10-08,27.576361441419696,30.538781312247238,24.89029456147764,86.35685519406049,1.0262521880847468,4.168305148789764,6.410357940484096,25.090321367984874,33.369413422418546,5.576361441419696,0.0,11.369413422418546,79.83978052294859
2024-10-09,27.30448964809561,30.110501599565403,25.058430011468587,87.67745638920748,1.193324681595944,4.096914130500393,6.193206977726806,25.078011282703173,32.97262224177799,5.304489648095611,0.0,10.97262224177799,79.55792000193532
2024-10-10,27.108966620389936,29.68245367296433,25.030121325526654,88.93265226051793,1.288844691253697,3.884790444860265,5.414356250377256,25.12424436366439,32.738998608017134,5.1089666203899355,0.0,10.738998608017134,79.38959438672862
2024-10-11,27.53673567936259,30.566170700790735,25.289439850304827,88.42439669221947,1.7078426993420655,4.2641380877648345,7.398466831653286,25.44920812513898,33.079389706981246,5.5367356793625895,0.0,11.079389706981246,80.04546781301798
2024-10-12,27.787449145892438,30.793409186937897,25.23394700307841,84.58439789943866,1.1585024446188206,4.111061067181747,12.733578197621782,24.949206301744866,33.40012406830903,5.787449145892438,0.0,11.400124068309033,79.95365257086061
2024-10-13,27.47566427234865,30.99661375022636,24.59663608378101,83.1996136898654,0.9805637713526894,4.05137056799662,1.6745095672119272,24.367921661025395,32.856838514214886,5.475664272348649,0.0,10.856838514214886,79.25943357985675
2024-10-14,26.82986539506247,30.3945850184101,23.470472022695724,82.21254602523089,1.169383714613388,4.357313291483069,0.4903875173537756,23.538600050051535,31.58913807126003,4.82986539506247,0.0,9.589138071260031,78.08280112483996
2024-10-15,26.81985513369953,30.18815717993602,23.743532926902883,80.9352550250498,0.9407889177280137,4.087994990040442,1.421799963783425,23.26918904897236,31.584782707365484,4.81985513369953,0.0,9.584782707365484,77.90792553316108
2024-10-16,27.300477455181987,30.94915253214221,23.66149212289491,79.44045089636025,0.727881330355526,4.155355145771715,0.7146308927385766,23.4277006154508,32.30541526970907,5.300477455181987,0.0,10.305415269709073,78.48857942232547
2024-10-17,27.100140641033384,30.70640550491942,24.014402124705743,83.25680690529366,1.0871606205106539,2.8039968491579645,7.04753908372065,24.012415035657774,32.19405358801214,5.100140641033384,0.0,10.194053588012139,78.6538440830326
2024-10-18,27.073233536548564,30.367118971449266,24.21342729522545,84.21342246634876,0.9990263777388786,3.182840695358242,5.310988712500755,24.176527270594022,32.326323637494994,5.073233536548564,0.0,10.326323637494994,78.73115052751947
2024-10-19,27.321694332105995,30.425845958833825,24.438576688597813,81.6244123860687,0.7976773103156879,3.2331093136959015,12.454954427476311,23.898948987972073,32.551520845621255,5.321694332105995,0.0,10.551520845621255,78.80461253459026
2024-10-20,26.082571980443053,29.66714854831895,23.155919599203237,83.92770749079496,1.3007122593106781,4.405648964809561,3.2458833826281164,23.15069503285357,30.527715305319745,4.082571980443053,0.0,8.527715305319745,77.07097242350225
2024-10-21,26.079210478662407,30.082814027886766,22.26813786442929,83.36923100138833,1.2890945856220197,4.718398098629806,0.04443834128085955,23.036953294065274,30.468381974558746,4.079210478662407,0.0,8.468381974558746,77.00023634602434
2024-10-22,27.058151747449752,31.054288042494115,22.78311160741233,83.39418361803587,1.2465835697470875,5.0441720528762,4.727075511559123,23.998838442420794,32.032401132564694,5.058151747449752,0.0,10.032401132564694,78.60268370887766
2024-10-23,26.398412506790613,29.094949598599626,24.167910907225206,89.68603066336692,1.8547467857789581,2.7417515060059157,57.721882054687036,24.565105961540734,31.286107498556703,4.3984125067906135,0.0,9.286107498556703,78.27962992538997
2024-10-24,25.52926782157301,27.991029154342975,23.711446852176017,91.73295768696808,3.0155870103217244,2.0406609404237344,17.177359208064225,24.083316572659992,29.313858197943702,3.5292678215730113,0.0,7.313858197943702,77.03262079889133
2024-10-25,26.20338081728738,29.423691676223818,23.508443894489048,89.47840888513309,2.9720643447817956,3.261482960101407,6.892255085410758,24.334010907115807,30.16889314443646,4.203380817287378,0.0,8.16889314443646,77.92418200379166
2024-10-26,26.82288465020825,30.244444980986298,24.188778294199313,87.55624977364641,1.8175849580491341,3.7538548620752104,11.285067302468764,24.58115243555612,31.74677144310091,4.822884650208248,0.0,9.746771443100911,78.73531963359491
2024-10-27,27.10414679785115,30.88437556588399,23.552022695720414,81.32437979115109,0.877598237460011,4.447155278565824,0.6043834128085955,23.625690203845814,32.11828250246556,5.1041467978511506,0.0,10.118282502465561,78.41488602939074
2024-10-28,26.69210357940484,30.45509627572886,23.149538842276815,83.99007605480776,1.0848373272167562,4.945575777147341,0.003248626788193397,23.759357883313346,31.638557681229734,4.69210357940484,0.0,9.638557681229734,78.07783000860175
2024-10-29,27.026631858513912,30.957798635842337,23.29945916581156,82.58203838956962,0.9187861411239212,4.5895275849580495,0.15834067724995474,23.805159217559776,32.116393792979,5.0266318585139125,0.0,10.116393792978997,78.44863545551871
2024-10-30,27.10643025291242,30.55896662038993,23.521247057403272,83.05127301261544,1.030577050763566,4.351721959316714,1.0442608800627753,23.977391814588703,32.21925683920869,5.106430252912421,0.0,10.21925683920869,78.6379962818338
2024-10-31,27.393920444256654,30.70943139977063,24.456089213496714,83.96740810044064,0.992876199674051,4.159695992032353,2.4756467676706704,24.441470357197467,32.81081665131957,5.393920444256654,0.0,10.81081665131957,79.2257945630809
2024-11-01,26.67903301744432,30.12490674231907,23.534626667471482,84.07635902698135,0.9724391863342791,3.8534323957264442,3.7094476972294324,23.763641098935516,31.706654631325407,4.679033017444318,0.0,9.706654631325407,78.06699029874352
2024-11-02,25.41936077744915,29.582993903543194,21.69165871914046,82.27804128689564,1.2634013400132793,4.175560421319491,0.7813846803887246,22.17527528305342,29.352726549579977,3.4193607774491497,0.0,7.352726549579977,75.80200283198091
2024-11-03,25.50687752761514,29.84583026498461,21.252464537936863,79.47098629806243,1.1683943985030483,4.342043960886098,0.32319068026800274,21.69123162128551,29.250363981921844,3.5068775276151385,0.0,7.2503639819218435,75.63224714020572
2024-11-04,25.573399529184524,29.456340918693797,21.470953703144804,78.9330301201183,1.0032027524597091,4.337104370133398,3.7976211746242536,21.64468126141681,29.40825780400789,3.573399529184524,0.0,7.408257804007889,75.67822243916
2024-11-05,25.67435262871975,29.304915796462847,21.890578861592328,80.91923160499789,1.1665896058429408,3.8309270477455186,2.3224705740327156,22.1503084262751,29.66230518826093,3.674352628719749,0.0,7.66230518826093,76.0626016185737
2024-11-06,24.998238667230037,28.49190921711837,22.306967465443353,83.97684432908795,1.156552182048651,3.871837061628538,3.0229244884408772,22.09941588070903,28.965423511312643,2.998238667230037,0.0,6.965423511312643,75.29865732098901
2024-11-07,24.704818011710028,28.3999426570894,21.498792780829362,81.47787227621174,1.1372203778596006,4.745959703024084,1.9506790607834854,21.318244389754373,28.276367305317315,2.704818011710028,0.0,6.276367305317315,74.56000086724518
2024-11-08,24.391376833464115,28.616340918693787,20.339358363010806,79.64351964749201,1.2673839560572222,5.0445566185791035,0.008999818917124406,20.642347189296544,27.531334735095406,2.391376833464115,0.0,5.531334735095406,73.87058563818624
2024-11-09,24.421415464477576,28.772105993843187,20.285430071829545,79.9764230095974,1.3464888030421924,5.0391417094223465,0.0,20.739324546013044,27.554080916230056,2.421415464477576,0.0,5.554080916230056,73.95190199500186
2024-11-10,24.31317800446671,28.786145349188146,19.778173477394827,79.26488320154525,1.1463125490432788,4.888984897688176,0.016581155308746306,20.488998151451803,27.462345671872743,2.3131780044667103,0.0,5.462345671872743,73.70821137037518
2024-11-11,24.323381420896965,28.7688772861713,19.930823927083964,80.3778088972053,1.1125641335184402,4.468306573308385,0.014577171485483193,20.725299886510843,27.612754709491185,2.3233814208969648,0.0,5.612754709491185,73.83490169134691
2024-11-12,24.188408281523515,28.651214462485665,20.325229673447215,80.75688839258768,1.3229130198587558,4.487635920806422,0.06832860505824834,20.670340927204204,27.303190474738418,2.1884082815235146,0.0,5.303190474738418,73.65554057653956
2024-11-13,23.24892980020523,27.88854650811855,19.076345143960886,80.16439367417156,1.4394597694211384,4.578950854107563,0.0,19.636651153752645,25.78383903760761,1.2489298002052287,0.0,3.78383903760761,72.09283476115178
2024-11-14,22.725957626607112,27.65426148367236,18.47965232087886,82.68396390414681,1.570295165087222,4.455961030965173,0.0,19.625522960157983,25.16370792851603,0.7259576266071122,0.0,3.163707928516029,71.46499789994408
2024-11-15,22.226945131888698,27.31947003078409,17.77151083479206,82.34061507816746,1.3940604816804492,4.3577618518742085,0.0,19.071277316638902,24.532386367345584,0.22694513188869792,0.0,2.532386367345584,70.62631086893879
2024-11-16,21.868382929920926,27.200644051427535,17.1422985453009,80.02980443049435,1.3712313635540534,4.253433204563289,0.0,18.26639703420266,23.832311695547666,0.0,0.13161707007907353,1.8323116955476664,69.87163859687288
2024-11-17,21.441241624917005,26.51790426751977,16.3459582302167,75.76455242349249,1.1450359147703268,4.274516587191406,0.0,16.98293518174514,23.025375275773378,0.0,0.558758375082995,1.0253752757733778,68.88775850210862
2024-11-18,21.631603187058612,26.474888030421926,16.191568781312252,74.16048409488744,1.0562304581396753,4.470813659684916,0.0,16.828938661593522,23.216012898018835,0.0,0.3683968129413877,1.2160128980188354,69.06827448099087
2024-11-19,21.851938793988054,26.978543490070624,16.445238727590997,75.67124947184162,1.1175505523027707,4.669273229914891,0.0,17.36037791759642,23.60978831926902,0.0,0.1480612060119455,1.6097883192690183,69.52052623047808
2024-11-20,21.58477153377196,26.386679543671157,16.822802559304645,74.9929238848313,1.159159171847649,4.520663849821936,0.0,16.95992607601946,23.149806934080424,0.0,0.4152284662280401,1.1498069340804236,69.0558874746382
2024-11-21,21.845199492967954,26.48197742500151,17.13400374237943,73.32789279893765,1.0743586648155972,4.390502233355467,0.000688114927265045,16.85659516553059,23.42814161371077,0.0,0.1548005070320464,1.4281416137107712,69.33556749724495
2024-11-22,21.612310617492607,25.84817649544275,17.400345264682805,72.48692762721073,1.0936735679362586,4.19621679845476,0.0,16.450837837443927,23.0205083223565,0.0,0.3876893825073928,1.0205083223564984,68.91783087154559
2024-11-23,21.89977062835758,26.471023721856707,17.54877708698014,72.68299873241989,0.9738093800929559,3.959318886943925,0.0,16.769776218124733,23.518354197696212,0.0,0.10022937164242052,1.5183541976962118,69.3708746934296
2024-11-24,20.648973863704953,24.889288344298908,16.39194784813183,77.92933542584657,1.2046278746906502,3.627613219049919,0.0,16.660163862963316,22.06158799540562,0.0,1.3510261362950473,0.06158799540562043,67.78896289388408
2024-11-25,20.286799661978634,25.373780406832864,15.847948934629084,78.97014969517717,1.3455695056437498,3.523856853986841,0.0,16.517469172700167,21.54410563251586,0.0,1.713200338021366,0.0,67.27825423490262
2024-11-26,20.135947968853742,25.282323896903485,15.125828454155855,79.14676284179394,1.2304985815174747,3.834092201364158,0.0,16.406022483077777,21.429950115074917,0.0,1.864052031146258,0.0,67.04857551072035
2024-11-27,20.330065189835214,25.469865395062477,15.33959135631074,79.63535462063139,1.3103639765799484,4.129675427053781,0.0,16.691616334119825,21.680978053721468,0.0,1.6699348101647864,0.0,67.38648059502806
2024-11-28,20.734768515724035,25.777318162612428,15.85308927385767,81.70901792720468,1.4676441117884955,3.9069453310798576,0.0,17.492142468513187,22.301471540155397,0.0,1.265231484275965,0.3014715401553971,68.1638919547391
2024-11-29,21.524005553208184,26.844927868654555,16.848418542886463,81.8631297156999,1.4523438160197986,3.8242427355586406,0.0,18.29212787401214,23.44211062970071,0.0,0.475994446791816,1.4421106297007107,69.45113834954302
2024-11-30,21.570950685096886,27.253677189593773,17.09194000120722,79.93348946701273,1.3621403995895454,3.5440184040562572,0.058969034828273086,17.957829058863144,23.408232786355626,0.0,0.42904931490311427,1.4082327863556259,69.3887516586341
2024-12-01,20.67673326492425,25.223290275849585,17.04981831351482,79.70700368201848,1.3634478179513492,4.024175221826523,0.8648343091688295,17.04297745374504,22.1318386399416,0.0,1.3232667350757517,0.1318386399415985,67.94438262652304
2024-12-02,20.109716303494896,25.126334882597934,16.2273066940303,81.76691857306696,1.4639059576266076,3.3193326371702785,0.06967767248143902,16.893520261836393,21.43378729573445,0.0,1.8902836965051044,0.0,67.15643212342772
2024-12-03,20.2518627391803,25.786113961489715,15.830880062775396,80.6186231665359,1.4981897748536248,4.079117993601739,0.0047552363131526535,16.808959525840095,21.518081940585887,0.0,1.7481372608197,0.0,67.31918136126693
2024-12-04,19.360663366934265,24.689083720649485,14.483648819943264,80.30949538238669,1.5327192611818676,3.986522267157602,0.0,15.880695152172708,20.240015124971702,0.0,2.639336633065735,0.0,65.87241441115123
2024-12-05,19.225619605239334,24.907901249471845,14.60426570893946,77.8918669644474,1.321333977183558,3.672933645198286,0.0,15.27192467049729,20.02538645979363,0.0,2.774380394760666,0.0,65.53926088731478
2024-12-06,18.239076477334464,24.093548620752102,13.496981348463816,76.75893342186274,1.5212905172934146,3.8130813786442928,0.0,14.088366053729048,18.477905086549214,0.0,3.7609235226655358,0.0,63.93809533911913
2024-12-07,17.84037785960041,24.110193155067307,12.59352145832076,73.76971388905656,1.4108197018168651,3.906648415524839,0.0,13.092078588512575,17.823751740120755,0.0,4.159622140399591,0.0,63.210259191409996
2024-12-08,17.84135087825195,23.50606205106537,12.395270718899019,73.69908432425909,1.2230204623649423,3.8516081970181686,0.0,13.078338505216323,17.951729300368783,0.0,4.158649121748049,0.0,63.209324788258094
2024-12-09,17.758588157179936,22.54158145711354,12.552438582724694,78.46994869318524,1.1083461097362228,2.839024077986359,0.01580310255326855,13.962687467082548,18.243233975509973,0.0,4.241411842820064,0.0,63.24235292949844
2024-12-10,18.625863463511806,23.66569626365667,15.043754451620693,81.39209150721312,1.447294621838595,3.000231007424398,0.007240296975915979,15.37391845140721,19.374705152567586,0.0,3.3741365364881943,0.0,64.74020942800087
2024-12-11,16.80014305547172,22.641069596185186,12.214589847286776,82.08667350757531,1.8855912355888214,3.308846984970122,0.020037423794289855,13.723920928834069,16.659394804422384,0.0,5.199856944528278,0.0,61.81031203803719
2024-12-12,16.115061266372912,22.475042554475767,10.781451681052694,83.89372246031269,1.6495611758314723,2.9037372246031268,0.0,13.388958851682931,16.027628645355893,0.0,5.884938733627088,0.0,60.73087775193354
2024-12-13,16.510533590873425,22.916388000241447,11.03417275306332,82.88000181082876,1.4796951771594133,3.29482476006519,0.0,13.588997598736357,16.608571207255075,0.0,5.489466409126575,0.0,61.35763715103278
2024-12-14,16.36358423371763,23.345438522363736,10.792253274582002,80.5219406048168,1.7088078710689927,3.8076096094645986,0.0,13.002566831223039,16.108721901642728,0.0,5.636415766282369,0.0,61.071983517373766
2024-12-15,16.38542524295286,23.23639765799481,10.710791332166355,78.85930584897689,1.6719569022756084,4.292435262871974,0.0,12.704688093177818,16.061067973982002,0.0,5.614574757047141,0.0,61.07403275910527
2024-12-16,17.56802800748476,23.916884770930167,11.00992032353474,74.9426691615863,1.2241365364881995,4.406442294923644,0.0,13.071015658132746,17.675125238078042,0.0,4.4319719925152405,0.0,62.8286271545835
2024-12-17,18.65190137019376,24.789266010744257,12.951436590813065,76.78114202933543,1.165916581155309,3.59625896662039,0.0,14.49265424831027,19.280156139821198,0.0,3.348098629806241,0.0,64.58617952615074
2024-12-18,18.627610309651722,24.507639282911818,13.92401158930404,77.1821754089455,1.3030778052755476,3.6775982314239153,0.006168286352387277,14.549844774139801,19.179971090289214,0.0,3.372389690348278,0.0,64.56504985252343
2024-12-19,18.642255689020345,24.625271322508606,13.27209090360355,78.85985030482286,1.3304545180177463,3.797086104907346,0.0,14.897789109498499,19.299354958145045,0.0,3.3577443109796548,0.0,64.65924103712555
2024-12-20,18.287815536910724,24.15681897748536,12.770135812156697,78.0324470332589,1.265903905354017,3.4944370012675807,0.0,14.390034723111402,18.809936159620655,0.0,3.712184463089276,0.0,64.06401002911925
2024-12-21,17.871624917003686,23.680711655701096,13.957712923281225,80.9903820848675,1.4382948029214706,1.8483008269451322,0.49746182169372855,14.561564813743871,18.333080863202856,0.0,4.128375082996314,0.0,63.508982218437694
2024-12-22,17.76449930584898,24.187556588398625,12.830280678457177,80.44350516086196,1.6433264924247,3.7596625037725606,0.22606869077080946,14.352247824125984,18.00897242104986,0.0,4.235500694151021,0.0,63.318120617416966
2024-12-23,17.66540472022696,24.329674050823925,12.247062835757832,75.8584547594616,1.475944950805819,4.033128472264139,0.07782217661616468,13.351424377356173,17.687866643133784,0.0,4.3345952797730405,0.0,63.009409338588256
2024-12-24,18.060456932456088,24.37552604575361,12.167656183980203,74.02713587251766,1.324459467616346,3.8164165147582545,0.0,13.357698570913676,18.191211648132427,0.0,3.9395430675439123,0.0,63.55809697290913
2024-12-25,18.116525019617313,23.346706706102495,13.460368201847048,73.1673567936259,1.3068630409850908,3.014910321723909,0.0,13.232423434496704,18.218508421228453,0.0,3.8834749803826867,0.0,63.61250313712162
2024-12-26,18.51799299812881,25.157063439367423,13.293594495080583,78.39196716363857,1.6980575843544399,3.7517814208969646,0.0,14.68469535195267,18.84153868758131,0.0,3.482007001871189,0.0,64.44257011739712
2024-12-27,18.452099354137744,24.828171666566064,13.013674171545846,77.26048168044909,1.6772463330717695,4.053594151023118,0.0,14.395454876366856,18.688257344112124,0.0,3.5479006458622564,0.0,64.29235096248738
2024-12-28,18.99963904146798,25.226993420655525,13.044361079253939,73.07280799179091,1.2813677793203357,4.266710665781373,0.0,14.062803952187593,19.398017657596395,0.0,3.0003609585320206,0.0,64.96079663826173
2024-12-29,19.18583931912839,25.123549224361685,14.162777811311644,75.64658236252792,1.2961278445101707,3.8669772258103463,0.0,14.778397212507292,19.824460853084013,0.0,2.814160680871609,0.0,65.36899533758542
2024-12-30,19.310053721253094,25.130450896360234,14.371927929015513,78.65791815054023,1.473168346713346,3.7833261000784697,0.0,15.506554725497967,20.090334687537215,0.0,2.6899462787469055,0.0,65.71018901421328
2024-12-31,17.524204744371342,23.243802136777937,12.920154524053842,79.97316532866543,1.7760004828876683,3.4521508601436595,0.0,14.0276459609047,17.56356623449097,0.0,4.4757952556286575,0.0,62.91788922091918
2025-01-01,16.5636759823746,23.037227621174626,11.358408885133096,82.52411058127603,1.738921349671033,2.5685399167018774,0.0,13.57474100633351,16.475524961377978,0.0,5.436324017625399,0.0,61.43649514621501
2025-01-02,16.65270236011348,23.143827488380516,11.301067785356432,81.94843061507818,1.6831924910967586,2.4221059938431826,0.0,13.554023704079933,16.596700049550304,0.0,5.34729763988652,0.0,61.568216118632606
2025-01-03,16.961727530633187,23.16659503832921,11.39736765859842,81.74481318283334,1.443436349369228,2.390120631375626,0.0,13.817371334953899,17.16207937117809,0.0,5.038272469366813,0.0,62.063461408675856
2025-01-04,17.983937948934635,23.996688597814938,12.539098207279533,80.87653528098026,1.241410031991308,3.2513268606265466,0.0,14.649225943238797,18.614273488355614,0.0,4.016062051065365,0.0,63.68571519886627
2025-01-05,19.263523269149516,25.061138407677916,14.415190438824169,80.25897446731456,1.1852821874811375,3.7460976761030964,0.0,15.776266769244105,20.346449454075,0.0,2.736476730850484,0.0,65.71423251411822
2025-01-06,20.509163397114747,26.01097543308988,15.333485845355225,74.45646948753547,0.9251608619544879,4.000300416490614,0.0,15.809094107816302,21.787280545343798,0.0,1.4908366028852527,0.0,67.35599809840822
2025-01-07,19.7948149936621,24.65723063922255,15.832442807991793,79.9468757167864,1.3018730005432484,3.3865326371702786,0.0078052755477756985,16.23232315714476,20.970989111549166,0.0,2.2051850063378993,0.0,66.54883803306328
2025-01-08,17.585393251644838,22.98289913683829,12.697332045632887,78.00030663366935,1.7723679604032117,1.9968506428442085,0.00693969940242651,13.702032927535694,17.516924360967558,0.0,4.414606748355162,0.0,62.95293110508705
2025-01-09,15.932756684976159,22.493592684251826,10.382110219110281,75.53069656546147,1.5785748777690591,3.6661963783424887,0.0,11.609837231798757,15.337057268894824,0.0,6.067243315023841,0.0,60.303907148797094
2025-01-10,15.96435323232933,22.62751192128931,10.132306392225509,75.15594736524417,1.4407056196052395,4.064575010563169,0.0,11.565051456923664,15.451860284637792,0.0,6.03564676767067,0.0,60.347187077759386
2025-01-11,17.74812760306634,24.821774008571257,11.08856823806362,70.84028128206677,1.2977871672602164,4.2956377014547,0.0,12.384148350531353,17.585554534136964,0.0,4.25187239693366,0.0,62.97032509414778
2025-01-12,19.442670368805455,25.6582730729764,13.161757711112454,63.56948994990041,1.056942113840768,4.2018010261362955,0.0,12.34889139276969,19.438470403470223,0.0,2.557329631194545,0.0,65.15973612834875
2025-01-13,19.158327397839084,24.935929256956605,14.241281463149637,67.21093619846684,1.0580889720528763,3.908252942596729,0.0,12.929368251039874,19.33668336517251,0.0,2.8416726021609158,0.0,64.92477830974707
2025-01-14,18.311405203114628,24.77003380213678,13.271660529969216,72.37745035311161,1.6872028731816264,3.757913605360053,0.0,13.253428467559564,18.15411550945104,0.0,3.688594796885372,0.0,63.880099521485015
2025-01-15,17.57691132975192,24.305745759642665,11.741991911631557,75.46976036699463,1.6738950926540712,3.9841348222369772,0.0,13.187030232300415,17.406894666750894,0.0,4.423088670248081,0.0,62.85913643143721
2025-01-16,18.99858936439911,25.492804370133403,13.15143598720348,70.77095732480231,1.15924548801835,4.2401510714070145,0.0005492847226413955,13.568536420698228,19.315310217015057,0.0,3.001410635600891,0.0,64.85333720814108
2025-01-17,19.13574153437557,25.751697350153922,13.719453129715701,72.0531496348162,1.385745156033078,4.1520385827246935,0.0,13.976816552567612,19.431705385208097,0.0,2.864258465624431,0.0,65.12084416158223
2025-01-18,18.645923824470334,25.258952133759884,13.148326794229494,72.98527796221406,1.631994326069898,4.183127289189352,0.0,13.703822586495907,18.676830611929834,0.0,3.3540761755296664,0.0,64.4156383649298
2025-01-19,17.723085652200158,24.520420112271385,11.909404237339288,71.17882356491822,1.7979706645741536,4.446213665721013,0.0,12.432787720441562,17.225541592314688,0.0,4.276914347799842,0.0,62.94380179505079
2025-01-20,17.416945735498285,24.109291362346838,11.41298183135148,69.98223395907527,1.4028949115711962,4.174629679483311,0.0,11.881320014189534,17.026320446966796,0.0,4.583054264501715,0.0,62.444882611433385
2025-01-21,17.70771835576749,24.1210774431098,11.776049978873667,71.19422949236434,1.269104243375385,3.716387837266856,0.0,12.421336413608412,17.576798937591175,0.0,4.29228164423251,0.0,62.92107928178016
2025-01-22,18.088592382447032,24.252278626184584,12.95170157542102,73.04575360656727,1.2080249894368325,3.1129325405927446,0.0,13.180015901591675,18.242636676943622,0.0,3.9114076175529675,0.0,63.56523400919049
2025-01-23,18.03973924065914,24.892498943683226,12.791439608860989,72.91677974286232,1.3431327337478123,2.7506418784330298,0.0,13.105894738457692,18.075070330622324,0.0,3.9602607593408585,0.0,63.485772037853266
2025-01-24,18.296272710810648,24.753285446972903,12.632092110822722,68.33849037242713,1.3241123921047868,2.9783862558097423,0.0010629564797488985,12.360954000461966,18.10829648403942,0.0,3.7037272891893522,0.0,63.69967212000935
2025-01-25,18.182307599444677,24.357203476791213,13.295047986962036,69.44112935353415,1.4890420715880972,3.136019315506731,0.0,12.496010132280778,17.92099903997555,0.0,3.817692400555323,0.0,63.57232319223467
2025-01-26,17.308145107744316,24.038825375746967,11.854557252369169,68.47208184945977,1.6519882899740448,4.101271533771957,0.0,11.44664617862593,16.61327832206786,0.0,4.691854892255684,0.0,62.2377835846712
2025-01-27,17.911713647612725,24.506873905957626,12.105823625279168,70.27106356008933,1.2972409005855015,3.9251347437677313,0.0,12.418035322266558,17.76015915368305,0.0,4.088286352387275,0.0,63.19708944745245
2025-01-28,18.440487112935354,24.58607170881874,12.685025049797792,66.77976761030966,1.0965775336512347,3.4281326673507575,0.0,12.147241054304619,18.34578855201096,0.0,3.5595128870646455,0.0,63.85061759469102
2025-01-29,18.801200579465206,24.941914649604637,13.354244582603974,60.603739361381066,1.151901973803344,3.3830736162250257,0.0,11.019190161156098,18.3324918515858,0.0,3.198799420534794,0.0,64.10825259152284
2025-01-30,19.489789340254724,25.55798273676586,13.699983098931613,70.37564435323235,1.5836506307720168,2.5839926842518257,1.8020643447817952,13.953133552933538,19.639316241879396,0.0,2.510210659745276,0.0,65.57380351663016
2025-01-31,20.814190861350877,27.157526407919363,15.800406229250923,77.86381722701758,1.7501997947727412,2.39509334822237,0.10666626426027646,16.807154106765747,21.90361195740267,0.0,1.1858091386491232,0.0,68.04568653795502
2025-02-01,20.8089267821573,26.907181143236556,15.73009838836241,71.41506307720167,1.2413176797247543,2.830821500573429,0.09976640309048108,15.445718865892681,21.72971013479338,0.0,1.1910732178426997,0.0,67.62408052977514
2025-02-02,20.238594796885373,26.811267580129172,14.628023178608078,70.19356250377257,1.3943224482404781,2.4960306995835095,0.0,14.630470877247081,20.756403313711324,0.0,1.7614052031146272,0.0,66.68919352560204
2025-02-03,20.17367356793626,27.112351059334827,14.483117643508178,66.43513369952315,1.4440997163034952,3.7116261725116195,0.0,13.71806456406541,20.341633101968164,0.0,1.8263264320637411,0.0,66.37468660858148
2025-02-04,19.856253998913502,26.677767851753483,14.009211685881573,61.559065612361934,1.4496094645982982,4.218750443653045,0.0,12.250243709827606,19.546792816580872,0.0,2.143746001086498,0.0,65.64382217829909
2025-02-05,20.746628236856402,27.355264682803163,14.666380756926422,61.36236192430737,1.2889135027464236,3.974545059455545,0.0,13.040742364470047,20.800054020946874,0.0,1.2533717631435977,0.0,66.89174357817524
2025-02-06,21.34758857970665,28.5107689986117,15.558435443954851,67.82420353715217,1.6070712862920264,4.087297199251524,0.11150479869620329,15.15682853645063,21.90632826848045,0.0,0.6524114202933511,0.0,68.1902174829895
2025-02-07,19.745921410031993,27.5805347980926,12.944367718959377,54.45275004527072,1.5376181565763267,5.361750015090239,0.0,10.293890678212621,18.803280396266196,0.0,2.2540785899680067,0.0,65.10773835104692
2025-02-08,18.353243797911514,26.267368865817595,11.439613086255811,49.36890686304098,1.5669016719985511,5.326116816563047,0.0,7.553317132278394,16.692141089323954,0.0,3.6467562020884863,0.0,63.03426828698909
2025-02-09,18.64482525502505,26.16408522967345,11.967904871129356,50.58317377919962,1.3282314239150117,4.8760633790064585,0.0,8.178989267890694,17.30022569225543,0.0,3.355174744974949,0.0,63.46302753939271
2025-02-10,19.799013701937593,26.869911873000547,13.525811553087465,51.64742017263235,1.29052755477757,4.652569475463272,0.6258827790185308,9.552471835766822,18.829317184879212,0.0,2.200986298062407,0.0,65.02766225336777
2025-02-11,20.395415585199498,28.195448783726686,13.21843544395485,65.81114927265045,1.6580714673749022,4.0808586104907345,0.0,13.783588656534903,20.435780348947652,0.0,1.6045844148005024,0.0,66.66198436845099
2025-02-12,21.886299269632403,29.30694996076538,15.810738214522846,69.10426148367236,1.6919967405082394,3.9881279471238003,0.020424337538480112,15.963233293116073,22.687015005544552,0.0,0.1137007303675972,0.6870150055445521,69.08239123844295
2025-02-13,22.25198647914529,29.528405263475584,16.502917245125854,69.6656950564375,1.8537115953401342,3.8681814510774433,0.12321301382265952,16.439941029039296,23.124250131176083,0.25198647914529104,0.0,1.1242501311760833,69.6717301397503
2025-02-14,20.915632884650215,27.98255025049798,14.237446127844512,51.13636325224845,1.5834122049858155,5.144169258163821,0.03323051850063379,10.434251303708773,19.98025563082242,0.0,1.0843671153497851,0.0,66.46436400779785
2025-02-15,20.12758012917245,27.653239572644413,12.893173779199614,48.34273133337357,1.4393082634152234,5.2719641999154945,0.0,8.871899877885905,18.877797048906928,0.0,1.8724198708275495,0.0,65.2709327770875
2025-02-16,21.153302951650872,28.565213979598003,14.266426027645318,48.69214402124705,1.4030711655701094,5.113924114202934,0.0,9.91922635797973,20.203195203924622,0.0,0.8466970483491281,0.0,66.61097036072967
2025-02-17,22.398001448663006,29.9219901008028,15.643386249773647,56.903998913502754,1.3459159775457237,4.569015923220861,0.0,13.43254716832735,22.5405033891835,0.39800144866300613,0.0,0.5405033891834989,68.86958381637953
2025-02-18,23.582865334701516,30.681745638920745,17.69736162250257,60.38222309410274,1.3658797609706044,4.499170139433814,0.0023359690951892317,15.461327309120762,24.4237491694247,1.5828653347015162,0.0,2.423749169424699,70.81111050059171
2025-02-19,23.436313756262457,29.97859841854289,17.420089334218627,59.59669342669162,1.2026287197440697,3.875762980624133,0.02080038631013461,15.119550983576215,24.265677168763666,1.4363137562624573,0.0,2.2656771687636663,70.53439521140366
2025-02-20,23.63000543248627,30.60647129836422,17.8168666626426,60.057983943985036,1.3429721735981166,3.961751705197079,0.8932112029939037,15.421597113867618,24.472210930175827,1.6300054324862714,0.0,2.4722109301758266,70.84735952666057
2025-02-21,23.59543912597332,30.28704231303193,17.670562564133522,60.20261483672361,1.334248204261484,4.709321911027947,0.1998732419870828,15.42665334980611,24.445606685027943,1.5954391259733214,0.0,2.4456066850279434,70.81224610033377
2025-02-22,24.565967887970068,31.391012253274578,18.208441480050706,58.69566185791031,1.3325568902034164,4.394324983400737,0.07296855194060482,15.940782039770104,25.61121593795786,2.565967887970068,0.0,3.6112159379578586,72.01975644648272
2025-02-23,23.392424699704236,28.300054928472267,19.219640852296738,64.90872819460374,1.2577147341099773,3.2653989497193217,4.5763324681595945,16.413991830872668,24.67236913417663,1.392424699704236,0.0,2.6723691341766305,70.95080826619882
2025-02-24,23.27029093982013,30.383568539868413,17.17026136295045,60.859467616345746,1.6459624554837935,4.9744215790426765,0.0035196474920021737,15.290150676652676,23.851681280251725,1.2702909398201285,0.0,1.851681280251725,70.41464459385159
2025-02-25,23.049054143779806,30.56399951711233,16.83653829902819,51.70508178909881,1.5976881752882235,5.235460101406409,0.0005492847226413955,12.56970864046692,22.737028211137314,1.0490541437798058,0.0,0.7370282111373143,69.31124383404864
2025-02-26,22.480653105571317,30.166613146616772,15.896074726866665,52.091032172390904,1.7364984607955574,5.482198092593711,0.0,12.15822080976959,21.943149439730515,0.48065310557131724,0.0,0.0,68.59381809341951
2025-02-27,23.160680268002658,30.400020522725903,17.218280919901012,52.672451258525996,1.53608800627754,5.200282833343393,0.0,12.956154704338838,23.01489539558562,1.1606802680026576,0.0,1.0148953955856186,69.54300925848113
2025-02-28,24.116802076416974,30.814478179513497,17.830976036699465,52.55809017927205,1.1852803766523814,4.34437049556347,0.0,13.80677945195947,24.497764441520722,2.116802076416974,0.0,2.4977644415207223,70.80040725899819
2025-03-01,24.84442747630833,32.055217601255514,18.014164302529124,56.228159594374375,1.6971678638256777,4.699015470513673,0.9932329329389753,15.52911601700944,25.479319124206114,2.8444274763083293,0.0,3.479319124206114,72.148251331144
2025-03-02,25.8573519647492,33.799642059515904,19.45598780708638,62.636901671998565,2.327280738818133,4.9525881209633615,0.1385163276392829,18.18185827698005,27.117994824006846,3.857351964749199,0.0,5.117994824006846,74.26241185617411
2025-03-03,25.942050461761333,33.342888875475346,20.1362334761876,56.016107321784276,1.7431085893643992,4.843399981891713,0.0,16.492145009931853,26.914376786345102,3.9420504617613332,0.0,4.914376786345102,73.6190477432038
2025-03-04,25.166193034345387,32.20805275547776,18.89792720468401,45.14493209392167,1.5152182048650933,5.902030898774673,0.0,12.437409267616747,24.871330426684686,3.166193034345387,0.0,2.871330426684686,71.39334496193206
2025-03-05,24.40776241926722,32.4104973742983,17.774207762419266,46.166047564435324,1.974416007726203,5.988194633910787,0.0,12.088760763676914,23.683236844168146,2.4077624192672182,0.0,1.683236844168146,70.54639829402836
2025-03-06,23.8764682803163,31.458353956660833,17.364488440876443,40.246377135268915,1.2437327216756204,6.112914915192855,0.0,9.54355121002373,22.93867129432238,1.876468280316299,0.0,0.9386712943223792,69.31510978745327
2025-03-07,22.72469427174504,30.60425303313817,15.79210901189111,41.392747027222796,1.7175070924126277,6.177377062835758,0.0,8.927699676400321,21.2952558309508,0.7246942717450402,0.0,0.0,68.02557505808916
2025-03-08,23.69015392044426,31.502923281221708,16.72179392768757,45.62562926299271,1.6958459588338264,5.752986491217481,0.0034158266433270963,11.257647733155096,22.91178056603781,1.69015392044426,0.0,0.9117805660378089,69.59081432205869
2025-03-09,24.441239210478667,31.823809983702546,17.86688114927265,53.12106295647975,1.2490124947184162,5.6085675439125975,0.1067718959377075,14.27132217162181,24.936932964903093,2.441239210478667,0.0,2.936932964903093,71.28700437099204
2025-03-10,25.365958230216695,33.08691555501902,18.32620933180419,48.6984209573248,1.507864429287137,5.611586515361864,0.2004418422164544,13.78071055793955,25.512909087066426,3.3659582302166946,0.0,3.5129090870664257,72.03301508512868
2025-03-11,26.48474256051186,33.8827633246816,19.79,49.43173779199615,1.539696384378584,4.964050829963179,0.0,15.037157509778371,27.049815712730712,4.484742560511862,0.0,5.049815712730712,73.56149230375948
2025-03-12,26.75347256594435,33.83662521880848,20.257795617794415,52.348403452646835,1.956227440091749,5.260623848614717,0.040147884348403454,16.180240979216144,27.455376506772808,4.7534725659443495,0.0,5.455376506772808,74.26962371198806
2025-03-13,27.06574153437557,34.98203054264502,20.159508661797553,61.53411661737189,2.42420353715217,5.4808640973018665,0.39041407617552965,19.036835023638968,28.637747981260986,5.065741534375569,0.0,6.637747981260986,75.84634539371802
2025-03-14,27.889380696565464,35.77096336089817,21.36559425363675,61.44082996317982,2.2222249049314904,5.126058550129776,1.3732244824047808,19.78769796972788,29.950626115684095,5.889380696565464,0.0,7.950626115684095,76.99949201411516
2025-03-15,28.31943562503773,35.657753968733026,21.910281885676348,62.10437616949358,1.9155332890686307,5.28122011830748,0.7242820063982616,20.36637869559635,30.873185751607352,6.31943562503773,0.0,8.873185751607352,77.70012716127411
2025-03-16,28.766135087825198,37.35377859600411,22.014642964930285,60.87031930947064,2.2949182109011894,5.513884680388724,1.4184813182833345,20.46135083602685,31.10102793479404,6.766135087825198,0.0,9.10102793479404,78.15762037064925
2025-03-17,28.91174805335909,36.75693849218326,22.50426208728195,58.09129836421803,2.691717269270236,4.026619412084265,0.3089690348282731,19.841717430460548,30.67061272561613,6.911748053359091,0.0,8.670612725616131,77.95946130222771
2025-03-18,28.321186696444745,35.55656727228829,22.70931188507274,55.27527192611819,2.36923643387457,5.346508468642482,0.3519218929196596,18.493525591294556,29.689954758313128,6.3211866964447445,0.0,7.689954758313128,76.75192315895822
2025-03-19,28.16044304943563,35.70168346713346,21.577169674654435,52.16120601195148,1.6734176374720828,6.018319725961248,0.13825013581215673,17.422079592892388,29.5585681675283,6.1604430494356315,0.0,7.5585681675283,76.10596748672188
2025-03-20,28.21390414679786,35.4933554656848,21.76336029456148,54.9947739482103,1.7035667290396574,3.624403386249774,0.3479881692521278,18.3126740786537,29.969420840790455,6.213904146797859,0.0,7.969420840790455,76.56804867639222
2025-03-21,25.718187360415286,30.706074726866664,21.885145771714853,60.81866119393976,2.1249055350998978,3.1273457053178,0.8455218204865094,17.58230666158994,26.865484803364343,3.7181873604152855,0.0,4.8654848033643425,73.85811991235852
2025-03-22,25.196886581758918,30.959045693245614,20.656869680690534,60.64446671093137,1.7162552061326737,3.091954155851995,0.3116593227500453,17.0467233958627,26.409251421360032,3.1968865817589176,0.0,4.4092514213600325,73.10522355429893
2025-03-23,25.765947968853744,32.38667833645198,19.755962455483797,55.29003078408885,1.61917969457355,5.054096927627213,0.7971407013943382,16.123343832407333,26.681255621030264,3.7659479688537445,0.0,4.681255621030264,73.29699450596576
2025-03-24,25.93471600169011,33.36355948572464,19.26681414860868,51.57848252550251,1.8173254059274464,6.15929337840285,5.0688658175891845,15.193293455336791,26.362039276618123,3.9347160016901093,0.0,4.362039276618123,73.09720427865017
2025-03-25,26.79840103820849,34.40295708335849,19.38369409066216,44.70224603126698,1.4984565702903363,6.304539427778115,0.0,13.766092007837981,26.94769649698874,4.798401038208489,0.0,4.9476964969887405,73.38108456660991
2025-03-26,27.918662401158933,35.38709060179876,20.664854228285147,44.63079676465262,1.4128840465986598,5.9894861290517305,0.008758375082996319,14.755749495289223,28.47198276235399,5.918662401158933,0.0,6.4719827623539885,74.7684166624879
2025-03-27,28.622651656908314,35.76521880847468,21.6025248988954,51.39446731454096,1.5656183980201608,5.438519381903785,0.01322146435685399,17.61317438019235,30.176166095979852,6.622651656908314,0.0,8.176166095979852,76.60777738259742
2025-03-28,29.34104907345929,37.950063379006465,21.85615621416068,53.22658719140461,2.1652598539264805,6.131250956721194,0.0,18.834361814460944,31.004604179149737,7.341049073459288,0.0,9.004604179149737,77.8254497711628
2025-03-29,29.529617311522912,38.12124766101285,22.404618820546872,52.999732600953706,2.4332576809319737,6.3477596668075105,0.0,18.94017137049872,31.05326002372751,7.529617311522912,0.0,9.05326002372751,78.04235056787307
2025-03-30,29.060512464537943,37.17910062171788,21.532876199674057,52.40517957385164,1.867786563650631,6.229454843966922,0.0,18.326632058919017,30.707703147748965,7.060512464537943,0.0,8.707703147748965,77.33127785511837
2025-03-31,29.023443592684256,36.3336518379912,22.07305366089214,52.68816683768938,1.9310653709180903,5.741035256835879,0.1150280678457174,18.37836830080955,30.64889635086579,7.023443592684256,0.0,8.64889635086579,77.32357923167629
2025-04-01,28.810089937828216,35.606534677370675,22.96676163457476,59.46111909217119,2.329469427174504,5.2730392587674295,1.6481777026619182,20.12320934964805,30.956761634671373,6.8100899378282165,0.0,8.956761634671373,78.01647268948358
2025-04-02,29.09013883020463,36.49226534677371,22.785483793082633,56.27776604092474,1.5576368684734714,5.330748970845658,1.9320812458501841,19.496788017819874,31.481186353412618,7.09013883020463,0.0,9.481186353412618,77.93939302611331
2025-04-03,29.241326733868537,36.45856220196777,23.01921711836784,53.9038860385103,1.7483286050582485,5.5921880002414435,6.737316351783669,18.944742856369498,31.246287328666718,7.2413267338685365,0.0,9.246287328666718,77.79311323632228
2025-04-04,30.102651053298725,37.56576447153981,23.605495261664753,46.98970362769361,1.800368805456631,4.366490529365607,0.0,17.546369024971412,31.464810207008036,8.102651053298725,0.0,9.464810207008036,77.86075003427496
2025-04-05,29.98568902034165,37.53007726202692,23.19512524898895,49.47574757047141,1.87580551699161,5.659401026136295,0.04588458984728678,18.259534193097334,31.598670814439245,7.985689020341649,0.0,9.598670814439245,78.09968737309623
2025-04-06,30.145104726263057,37.728248324983404,23.461749864187844,54.71208607472688,2.2470598177099057,5.67064729281101,0.6919074062896119,20.02170933837318,32.30175674022988,8.145104726263057,0.0,10.301756740229877,79.13055903139937
2025-04-07,29.42658538057585,35.54470453310799,24.212676404901313,57.66487233657272,1.8285283998309894,5.861763590269812,2.6527898835033503,20.203454448816803,31.963027181926726,7.426585380575851,0.0,9.963027181926726,78.60632958071585
2025-04-08,28.560254119635427,33.2515422224905,24.100966378946097,63.900127965232095,1.4860041045451802,5.309856467676707,3.847656183980202,21.056861089761266,31.757561951328775,6.560254119635427,0.0,9.757561951328775,78.29662379835743
2025-04-09,29.77511559123559,35.93013279410877,24.089502625701694,55.94762117462426,1.3273483430916884,6.104334991247661,2.08619122351663,20.039127798704975,32.5836332716231,7.77511559123559,0.0,10.5836332716231,78.82210389913355
2025-04-10,29.76369590149092,35.72677853564315,24.00363131526529,51.63412386068691,1.421699764592262,5.625062950443653,1.3567682742801956,18.737901924273647,31.904905673075113,7.7636959014909195,0.0,9.904905673075113,78.14386649254783
2025-04-11,28.268034647190202,32.576686183376594,24.65998853141788,63.91560391139012,1.617213738154162,5.675694205347982,14.01775577956178,20.784488801216632,31.23656111872645,6.268034647190202,0.0,9.23656111872645,77.8782658131446
2025-04-12,28.714684010382086,33.70940423733929,24.318154161888092,64.80635057644716,1.27535280980262,5.789846894428683,4.916467676706706,21.432751439811284,32.25156347315088,6.714684010382086,0.0,10.251563473150881,78.64857151198451
2025-04-13,27.933537755779565,31.655086617975492,24.68877406893222,66.32447516146556,1.3946852176012556,5.981773103156877,5.8331266976519585,21.06957442981601,31.200718972548508,5.9335377557795645,0.0,9.200718972548508,77.72287809192323
2025-04-14,28.144870525743954,32.08929981288103,24.550679664393073,64.87062111426329,1.1472620269209877,5.545248566427237,2.501196354198105,20.909157010214503,31.504595110883287,6.144870525743954,0.0,9.504595110883287,77.83227930199658
2025-04-15,28.70474980382689,33.516735075753004,23.874977968250136,62.731675016599276,1.2535015392044426,5.457631774008573,6.319585320214887,20.892856084746786,31.982358053853076,6.704749803826889,0.0,9.982358053853076,78.33740900193581
2025-04-16,28.285414377980324,33.18655701092534,23.96417516750166,66.93523208788557,1.4568304460674835,4.736543785839319,10.795279169433211,21.553658075815946,31.7575055517162,6.285414377980324,0.0,9.7575055517162,78.32256584265002
2025-04-17,27.378489165207945,31.962455483793082,23.602494114806543,73.25866541920685,1.6954004949598604,3.974872614233115,15.172327518560996,22.1658796162567,31.006021881171833,5.378489165207945,0.0,9.006021881171833,77.81065928617406
2025-04-18,27.31036276936078,31.839058369046906,23.296616768274284,74.99969879881694,1.5203482827307297,4.082791851270598,9.347272891893525,22.4865929935273,31.233923211591552,5.310362769360779,0.0,9.233923211591552,77.93102340634381
2025-04-19,28.048899619725965,32.7137665238124,24.193267338685338,72.76883141184283,1.6177968250135812,4.720489340254724,12.066576930041649,22.6999630304872,32.02198352383606,6.048899619725965,0.0,10.021983523836063,78.77126444963082
2025-04-20,28.953756866059038,34.03763264320637,24.1213611396149,73.85309168829602,1.9861694935715581,4.955151493933724,13.204017625399892,23.815203892078586,33.303975204998046,6.953756866059038,0.0,11.303975204998046,80.31140489522949
2025-04-21,29.67972415041951,34.450951892316056,25.798201243435745,78.10676585984186,2.3536482163336756,3.254076223818435,18.530583690469005,25.45360258672664,34.775256407095185,7.67972415041951,0.0,12.775256407095185,82.07827768653348
2025-04-22,29.984527675499486,35.447332649242476,26.031908613508783,77.21558218144506,2.97477756986781,4.5975201665962455,12.218631013460493,25.555517242812513,34.7107703327479,7.984527675499486,0.0,12.710770332747899,82.42130591526495
2025-04-23,30.529787529425967,37.39864127482345,25.86068630409851,71.1438202450655,3.78611516870888,5.12512030542645,5.8932649242469966,24.70481337668564,34.15485583792435,8.529787529425967,0.0,12.154855837924352,82.29917706938657
2025-04-24,30.41992937767852,37.29937043520251,25.487437073700733,70.24508782519466,3.626726021609224,5.658947836059637,4.637214341763747,24.38704197030922,33.963077947097595,8.419929377678521,0.0,11.963077947097595,81.98915696302726
2025-04-25,30.05465805516992,36.61996197259613,25.336745337115953,71.43747691193337,3.3434278988350346,5.69750432184463,8.569691555501901,24.318436295711713,33.7544439907836,8.05465805516992,0.0,11.7544439907836,81.62701917794007
2025-04-26,30.1710979658357,36.72049495985997,25.187802861109436,71.4005547172089,3.2003657874087046,6.154517021790306,1.2598201243435745,24.42139785935692,34.033218848870106,8.171097965835699,0.0,12.033218848870106,81.7975298052697
2025-04-27,29.62618216937285,34.918484939940846,25.35977545723426,71.04251343031328,2.0171708818736045,4.8806421560934385,5.870373030723728,23.81550170490231,33.955482247372494,7.62618216937285,0.0,11.955482247372494,80.91800824809894
2025-04-28,28.251457717148554,32.48585863463512,24.841590511257323,74.12175288223578,1.4329148306875115,4.098640387517355,10.928774068932213,23.199256795498272,32.63343870466444,6.251457717148554,0.0,10.633438704664442,79.26810943341107
2025-04-29,26.9369409066216,31.152020281282066,23.416468280316295,75.69810285507334,1.5652556286593833,5.356680310255327,12.824982193517233,22.278684350047754,30.71591487002714,4.936940906621601,0.0,8.715914870027142,77.43977914767146
2025-04-30,27.43443834128086,31.33714432305185,23.473127301261545,72.46511800567394,1.2439463994688236,4.606810756322812,9.213814208969639,22.040813064166706,31.311156966503326,5.43443834128086,0.0,9.311156966503326,77.79297179841068
2025-05-01,27.99714070139434,32.3151355103519,23.991978028611097,69.30479567815539,1.1239964990644051,6.110628442083661,3.379221343634937,21.848439012638686,31.856274859486795,5.99714070139434,0.0,9.856274859486795,78.22118314228813
2025-05-02,27.712397537272892,31.945638920746063,23.517187782941996,70.13017323595099,1.2045264682803163,6.378518699824954,7.7152767549948695,21.770235942613372,31.473764272004644,5.712397537272892,0.0,9.473764272004644,77.90592548456627
2025-05-03,28.127840284903726,33.016768274280196,23.206485181384686,68.16201847045332,1.4047691193336151,6.321689328182532,5.466063258284542,21.700800361084113,31.7129601057285,6.127840284903726,0.0,9.712960105728499,78.2594452585134
2025-05-04,28.330286110943447,32.77865817589184,24.277162431339413,72.77514215005735,1.6841890505221224,5.034241347256595,6.485883986237702,22.971785848527343,32.40827743061722,6.330286110943447,0.0,10.408277430617218,79.20201440790355
2025-05-05,28.759668618337663,32.96358845898473,24.647239693366327,71.75018530814269,1.198978088972053,6.159477455181989,3.4595829057765437,23.149408393701062,33.277628681970334,6.759668618337663,0.0,11.277628681970334,79.71082373796261
2025-05-06,28.986491217480534,33.225753002957696,24.997796825013584,70.87821754089455,1.1215645560451502,5.131715542946822,6.495086014365908,23.164416228143306,33.56732646061622,6.986491217480534,0.0,11.567326460616222,79.92783795069376
2025-05-07,29.295748777690594,33.78668799420535,25.17366994627875,68.22650751493934,1.266847950745458,6.439943284843363,1.070627753968733,22.82951826206069,33.58732422347083,7.295748777690594,0.0,11.58732422347083,79.99944818137004
2025-05-08,30.688473471358726,36.03305486811131,25.286487595823026,66.49112995714373,1.7408830808233235,6.194584734713587,4.787307901249473,23.727784551153135,35.16087783183124,8.688473471358726,0.0,13.160877831831243,81.78116884096299
2025-05-09,31.341445644956842,36.6910201001992,26.250693547413533,63.31609766403091,1.4448439669221949,6.3175955936500285,0.4386044546387397,23.53331617743683,35.90886092903778,9.341445644956842,0.0,13.908860929037779,82.19981878622505
2025-05-10,32.060309651717276,38.01488742681234,26.430732178426997,62.01115047986962,1.7513382024506552,6.2117562865938325,0.3260421319490554,23.86483018545189,36.60682429798247,10.060309651717276,0.0,14.60682429798247,82.99960891471116
2025-05-11,32.182160922315454,38.148104665902096,26.559142270779265,62.41077684553632,1.599371642421682,5.981106144745579,3.4125550793746604,24.086554306950152,36.96614349385392,10.182160922315454,0.0,14.96614349385392,83.24371350939282
2025-05-12,30.44688718536851,35.02520492545422,26.896328846502087,71.29687390595764,2.005456630651295,4.183439566608318,14.244285628055772,24.661372173663437,35.291710153757954,8.44688718536851,0.0,13.291710153757954,82.19843867067827
2025-05-13,30.20036035492244,34.94866119393976,26.07541981046659,74.14367417154585,2.2284698497012134,5.039762135570713,12.199051729341463,25.080982695629913,35.14857727195638,8.200360354922442,0.0,13.148577271956377,82.27525598342174
2025-05-14,30.911105209150723,36.45842578620148,26.542273797307903,72.31688658175892,2.481451681052696,5.247685585803103,8.204002535160258,25.34493290027146,35.84925731060175,8.911105209150723,0.0,13.84925731060175,83.06920139481699
2025-05-15,30.26392406591417,34.982256292629934,26.597499849097606,76.56058670851694,2.1837954970724938,4.312490794953824,11.52556105510956,25.68215558928836,35.625631717101534,8.263924065914171,0.0,13.625631717101534,82.75665259258884
2025-05-16,30.082375203718236,34.7361187903664,26.307294621838597,77.98352326914952,2.1941636989195388,4.939934973139373,11.625631073821452,25.81720139198619,35.524139639707016,8.082375203718236,0.0,13.524139639707016,82.69556887912154
2025-05-17,29.523852839983107,33.519259974648406,26.403013219049924,80.62744371340617,2.048620752097543,4.697604472747027,20.641020703808778,25.83781282118282,35.080335880300105,7.523852839983107,0.0,13.080335880300105,82.21305820784224
2025-05-18,28.79054204140762,32.65413170761152,25.72630651294743,81.3223154463693,2.1090722520673633,4.553065105329873,24.11955091446852,25.26838984393513,33.938798891458596,6.790542041407619,0.0,11.938798891458596,81.135155626482
2025-05-19,28.981072614233113,32.84362588277902,25.568816925212776,80.75865274340558,1.787003682018471,4.92769342065552,28.1717516750166,25.33694860377921,34.398362284329885,6.981072614233113,0.0,12.398362284329885,81.36033589017882
2025-05-20,29.062022092110823,33.03971569988532,26.012742801955696,84.53124403935534,2.5688163216031876,3.88438800627754,32.39808595400495,26.186507716985755,34.482892120276816,7.062022092110823,0.0,12.482892120276816,82.04360734947505
2025-05-21,28.58356431460132,31.71840284903725,26.315987203476794,86.81819641455908,2.4943610792539386,4.480853914408162,31.947356190016297,26.169239523361025,34.04461700909908,6.583564314601318,0.0,12.044617009099078,81.58076617691694
2025-05-22,28.361033379610074,31.344233114021854,25.817052574394882,83.98184161284482,1.7469451318886946,4.057232033560694,25.07826522605179,25.390443779065404,33.839716731380996,6.361033379610074,0.0,11.839716731380996,80.81355964406859
2025-05-23,28.03511378040683,30.88407858996801,25.630405022031756,84.61739180298186,1.3635443954850004,3.69464796281765,9.000809440453917,25.19826056800353,33.66026700818367,6.0351137804068316,0.0,11.660267008183673,80.36576867467468
2025-05-24,28.533292690287922,31.732568962395124,25.95509627572886,84.16521639403634,1.9020721917064045,4.452238697410515,13.033586648155971,25.59571319908608,34.03477815622671,6.533292690287922,0.0,12.034778156226707,81.1219505286137
2025-05-25,28.399918512705984,31.319203235347384,25.909097000060363,85.89412929317317,1.6343351240417698,4.579239814088249,16.961899559365005,25.808061246367203,34.22590731551124,6.399918512705984,0.0,12.225907315511243,81.14504291840734
2025-05-26,28.2428333433935,31.005997464839748,26.076578137260825,86.14477877708698,1.6687438884529486,4.666206899257562,18.00378221766162,25.7031069695452,33.97656540534918,6.2428333433934995,0.0,11.976565405349177,80.91914483486197
2025-05-27,29.05792901551277,32.617382748838054,25.551929739844272,82.70453733325287,1.9077237882537577,6.655648964809562,8.763400132794109,25.813144790213176,34.69652029800314,7.057929015512769,0.0,12.696520298003144,81.76911558732667
2025-05-28,28.439622140399592,31.048656968672667,26.370525743948818,88.23038148125794,3.0908034043580614,5.032908601436592,25.605570712862924,26.300972639403614,33.57052350756933,6.439622140399592,0.0,11.570523507569327,81.53890988532137
2025-05-29,27.991156515965475,29.90150057342911,26.23643025291242,91.0737297036277,5.180790124947185,1.785397501056317,72.7134906742319,26.396301817291803,31.72229129891457,5.991156515965475,0.0,9.72229129891457,81.17089836171976
2025-05-30,28.030980261966565,30.173354862075215,26.44109555139736,89.33750588519345,5.580379066819582,2.0006756986780956,63.45376109132613,26.109573866571267,31.291806691494173,6.030980261966565,0.0,9.291806691494173,81.00236200331719
2025-05-31,28.663808172873786,30.94248264622442,26.55230095973924,91.69293414619426,3.4857771473411003,3.602981789098811,47.03832075813364,27.17656787074229,34.11545056355887,6.663808172873786,0.0,12.115450563558873,82.40995077299166
2025-06-01,29.163556467676713,32.00345385404721,26.99297398442688,88.80062352870165,2.7943948813907165,2.5116971026739905,39.0128780105028,27.123320647663743,35.06264079002436,7.163556467676713,0.0,13.06264079002436,82.84097537245026
2025-06-02,29.39295889418724,33.24218204865094,26.633056678940065,86.2559624554838,2.5640472022695726,3.509069686726625,31.622037785960043,26.853703949743448,35.26733876865508,7.392958894187242,0.0,13.26733876865508,82.84668811008606
2025-06-03,28.594245789823145,32.08997887366451,25.68200217299451,87.05566185791031,2.7111190921711836,4.552062636566669,24.47596728436048,26.225982487719982,33.941200050828265,6.594245789823145,0.0,11.941200050828265,81.63229124992762
2025-06-04,27.970908432425905,30.589150721313455,26.090218506669885,88.72412084263898,2.2485549586527434,3.28470636204503,30.873973561900165,25.933874818223124,33.448519722008086,5.9709084324259045,0.0,11.448519722008086,80.81739594297017
2025-06-05,28.420117100259557,31.33580249894369,25.511712440393556,83.54041649061386,1.4558532021488502,4.720266415162673,13.347291000181086,25.359535064572487,34.082986116403816,6.4201171002595565,0.0,12.082986116403816,80.84855789823625
2025-06-06,28.9615464477576,32.18698497012133,25.716571497555385,81.7887384559667,1.1605945554415404,5.348781064767309,11.60083177400857,25.531312952890357,34.941176801157525,6.961546447757598,0.0,12.941176801157525,81.47894229750665
2025-06-07,29.272582845415588,32.60598539264804,26.021000181082883,79.68948693185247,1.0937834248807872,5.939398732419871,8.485674533711595,25.39619489782958,35.21304346368182,7.272582845415588,0.0,13.21304346368182,81.66995123935885
2025-06-08,29.595988410695966,33.272606386189416,25.97628357578319,78.63233777992394,1.063164725055834,6.530311299571438,0.9290698376290217,25.48534405189329,35.61504358262568,7.595988410695966,0.0,13.615043582625681,82.02575166465331
2025-06-09,29.818959377074915,33.164141365364884,26.329563590269817,79.55993299933606,1.271018289370435,6.194774129293174,3.738069656546146,25.89962520674298,35.960360966774985,7.818959377074915,0.0,13.960360966774985,82.52248125125558
2025-06-10,29.888309893161104,33.1937254783606,26.702304581396756,81.93627814329693,1.6034097905474742,6.020878300235408,7.4420166596245565,26.46538999181083,36.17197891400055,7.888309893161104,0.0,14.171978914000547,83.00119258828514
2025-06-11,29.29245005130682,32.302688477093014,26.652737973079017,84.29214341763749,1.6548717329631197,6.49275382990282,8.889168829601015,26.364062490146868,35.47152259534125,7.292450051306819,0.0,13.471522595341249,82.38712539669302
2025-06-12,29.25678577895817,31.95169312488683,26.792389690348287,85.44813001750468,1.693226896843122,6.281089792961913,7.972021488501238,26.560209732342116,35.540814487646344,7.256785778958172,0.0,13.540814487646344,82.50027425199286
2025-06-13,29.89455906319793,33.01921289310074,26.98943019255146,83.24236977123196,1.6197802861109436,6.453210720106235,2.9764664694875362,26.74006549106388,36.35275444018805,7.894559063197931,0.0,14.35275444018805,83.2136854003675
2025-06-14,28.922024506549164,31.51443471962335,26.926783968129417,86.6717643508179,2.246781553691073,5.127860004828877,3.5449423552846016,26.473064040992817,34.75946977765377,6.922024506549164,0.0,12.75946977765377,82.12411446452364
2025-06-15,28.67541799963784,31.371761332769967,26.75745337115954,87.85226051789704,1.9536838292992094,3.8463715820607236,11.37615500694151,26.46018700141003,34.709113300940565,6.67541799963784,0.0,12.709113300940565,81.88161181077086
2025-06-16,28.32508903241384,30.68078891772802,26.227720770205835,89.82888513309591,2.891897144926662,5.2449042313031935,13.392709603428505,26.492572449508174,33.72344601880708,6.325089032413839,0.0,11.723446018807081,81.56882345753944
2025-06-17,28.25300054324863,30.31686002293717,26.673206374117225,90.62718838655158,3.991659926359631,2.970301883261907,40.32429045693246,26.57159360396936,32.934748485599755,6.253000543248628,0.0,10.934748485599755,81.55698533411885
2025-06-18,28.058038268847717,30.02921651475825,26.625166898050345,91.77686907708095,4.421052695116799,2.259789678276091,29.0856334882598,26.59293898851748,32.453438162778475,6.058038268847717,0.0,10.453438162778475,81.38135051557614
2025-06-19,28.09290517293415,30.26906802680027,26.546220196776726,89.56133337357397,4.776258827790186,3.101249827971268,26.951643628900833,26.212990452797868,31.98511445434565,6.092905172934149,0.0,9.985114454345648,81.13787258880623
2025-06-20,28.59014124464297,31.47475463270357,26.427510714070145,89.52725961248265,3.5370181686485185,3.3538717208909286,25.547630832377617,26.696883970227677,33.67545736723297,6.590141244642972,0.0,11.675457367232973,81.97615758718388
2025-06-21,28.753477998430622,31.51496891410636,26.64032293112815,88.42931731755901,2.604670127361623,3.882724923039778,16.142479628176496,26.648157592869705,34.45850629735066,6.753477998430622,0.0,12.45850629735066,82.09546500408274
2025-06-22,28.512915434297103,31.110341039415705,26.508373272167564,88.66730609042074,2.3545439729582904,4.993499879278083,11.510922919055957,26.456891768589735,34.26362210515684,6.512915434297103,0.0,12.263622105156841,81.72387427384812
2025-06-23,28.30436107925394,30.84890505221223,26.416523812398143,89.70700851089515,2.435584595883383,4.793340472022695,13.524859660771416,26.449090441531585,33.992877564561304,6.30436107925394,0.0,11.992877564561304,81.51667524015508
2025-06-24,28.66765558037062,31.5169409066216,26.16884348403453,88.49976761030966,2.435870103217239,4.94802733747812,11.197425605118614,26.57718028381039,34.44267537901118,6.667655580370621,0.0,12.442675379011177,81.96096649636388
2025-06-25,28.293761091326132,30.837077925997466,26.489008873060907,90.25904991851272,2.911701575421018,4.899057916339711,13.13535824228889,26.542737086898217,33.71203380922518,6.293761091326132,0.0,11.712033809225183,81.57538563203985
2025-06-26,28.40097603669947,31.361291120903008,26.093565521820484,89.47587493209394,3.592856884167321,5.333589943864309,8.269430192551459,26.50060172776137,33.314147877714596,6.400976036699468,0.0,11.314147877714596,81.64827663722923
2025-06-27,28.635928049737434,31.929182109011894,26.20759944467919,88.09437858393193,3.13914106356009,4.625269656546146,15.126934266916159,26.468022936852524,33.84502866213633,6.6359280497374336,0.0,11.845028662136329,81.84979479086181
2025-06-28,28.13748415524839,31.001339409669825,25.77952677008511,88.9715874932094,3.232335365485604,4.609958218144505,9.071128146314965,26.145089081553444,33.06551231750247,6.137484155248391,0.0,11.065512317502467,81.1324450587513
2025-06-29,28.29153860083298,31.381593529305253,25.86167139494175,89.08383111003803,3.2952013037967043,5.041286068690772,5.324539747691194,26.318252696980636,33.29072888623469,6.291538600832979,0.0,11.290728886234689,81.40834566641817
2025-06-30,28.432926299269635,31.242629323353658,26.06254240357337,89.78398261604394,3.5528478300235413,5.01554566306513,8.909081909820728,26.59046758677097,33.43479787638781,6.432926299269635,0.0,11.434797876387812,81.74566114847423
2025-07-01,28.691299571437195,31.85777449145893,26.114620631375626,87.88085893643992,2.9756377135268908,5.271873223878795,7.28882115047987,26.48133312848229,34.02386308003887,6.691299571437195,0.0,12.023863080038872,81.91235647370851
2025-07-02,28.61985453008994,31.701026136295045,26.253563710991735,89.03139977062837,3.081004406349973,4.683904677974287,10.903621657511923,26.63180824333194,33.980215912132195,6.619854530089938,0.0,11.980215912132195,81.95601915755813
2025-07-03,28.81350395364279,31.96121084082816,26.317813726081972,88.51681535582786,3.5815561055109555,4.7960086497253585,8.260631375626247,26.724067071690165,33.88638911541042,6.81350395364279,0.0,11.886389115410417,82.20917784386518
2025-07-04,28.356343936741716,30.834091265769306,26.660031991308024,90.66356190016297,3.18907647733446,4.094767435262872,22.494172149453735,26.680478586457152,33.673812599127444,6.356343936741716,0.0,11.673812599127444,81.73839367348083
2025-07-05,28.235702903362114,30.782486267881936,26.313600531176437,89.5268207883141,2.826397054385224,4.268564374962275,16.936967465443352,26.347281561605108,33.5823779170974,6.235702903362114,0.0,11.582377917097403,81.37522726578626
2025-07-06,27.807380334399713,30.201442023299332,25.966296855194063,89.89305788615926,3.292257499849098,3.4899944045391442,19.787718355767492,25.993896385510244,32.59354589483276,5.8073803343997135,0.0,10.593545894832758,80.69820843253925
2025-07-07,27.661472807388183,30.57736524416008,25.676616164664704,89.87161465564074,3.7340966982555686,2.9970159715096276,37.785260457536076,25.84590616540848,32.04148836910064,5.661472807388183,0.0,10.041488369100641,80.44747798502904
2025-07-08,27.41533409790548,29.586101889298003,25.648190982072798,91.02078529607051,4.024104545180178,2.00241768576085,59.941324319430194,25.81740860182928,31.573554550179665,5.415334097905479,0.0,9.573554550179665,80.17892658314518
2025-07-09,27.37517715941329,29.752087281946036,25.796240115893042,91.70076356612543,4.119097603669947,1.5151883322267161,52.78082634152231,25.90341088555429,31.522889853185156,5.37517715941329,0.0,9.522889853185156,80.19847825677013
2025-07-10,27.497353171968374,30.13267640490131,25.53513913200942,90.34036759823748,3.6370127361622506,2.262222249049315,27.438038872457295,25.77175573892419,31.896980802232434,5.497353171968374,0.0,9.896980802232434,80.23007953877035
2025-07-11,28.298088368443292,31.673229311281467,25.301558519949303,88.62249290758739,2.4576344540351305,5.419577932033562,13.922258103458685,26.236740845337817,33.8293174740114,6.298088368443292,0.0,11.829317474011397,81.35530307336852
2025-07-12,29.039908251343036,31.600779863584233,26.302035371521704,86.17189835214585,1.2784517414136538,6.099926945131889,6.254135932878615,26.49065132357654,35.56714255214969,7.039908251343036,0.0,13.56714255214969,82.24741345826916
2025-07-13,29.015424639343276,31.498279109072254,27.02472022695721,86.98384921832559,1.3332093921651476,4.543782386672301,10.269063197923584,26.62582766740548,35.59561138273981,7.015424639343276,0.0,13.595611382739811,82.32539864237899
2025-07-14,27.695650992937768,29.61943985030483,26.2210979658357,91.61036095853203,3.758207279531599,2.7406916641516275,39.12593046417577,26.203702639745394,32.29392051520106,5.695650992937768,0.0,10.293920515201059,80.73671466076715
2025-07-15,27.95785416792419,30.246679543671156,26.11576266071106,91.08847166052998,3.266619182712622,3.461775324440152,14.83805215186817,26.366134008459905,33.00868274981721,5.957854167924189,0.0,11.008682749817211,81.11592548586495
2025-07-16,28.149664393070566,30.741169191766765,26.17895816985574,90.13334097905476,2.2618090179272046,3.967290650087524,25.517188990161166,26.376861374808065,33.91123842078212,6.149664393070566,0.0,11.91123842078212,81.31276340533842
2025-07-17,28.133638558580312,30.725345566487604,26.07674835516388,88.83842759703026,1.6752520070018713,3.2668430192551465,17.538439669221948,26.115952702484268,34.13237106233031,6.133638558580312,0.0,12.132371062330307,81.10765939416646
2025-07-18,28.673160499788736,31.889680690529364,25.655198285748785,87.48404116617372,1.9179513490674232,4.933888742681234,8.748385947968854,26.386731250281308,34.68259326411825,6.673160499788736,0.0,12.682593264118253,81.8252660071802
2025-07-19,28.5424053841975,31.436911329751915,26.46660529969216,88.72612361924307,2.3096607714130504,5.056608293595703,6.835921410031992,26.497189475267614,34.351666960078624,6.542405384197501,0.0,12.351666960078624,81.78193239127557
2025-07-20,28.837220377859605,31.2945518198829,26.567105692038393,86.50210237218567,1.238673266131466,3.3779920504617613,20.253893281825317,26.35655952023675,35.30213585298895,6.837220377859605,0.0,13.302135852988947,81.95827545324185
2025-07-21,29.299651113659692,32.527869861773404,26.356561236192434,84.43360234200522,1.2256962636566668,5.055281149272651,8.502278626184584,26.39954023922422,35.80290226784571,7.299651113659692,0.0,13.80290226784571,82.42003306258133
2025-07-22,29.13992273797308,31.873633729703627,27.006968672662527,86.88981046659023,1.3759835818192796,4.6243174443170165,7.239395786805095,26.7297597967378,35.76093869272142,7.13992273797308,0.0,13.760938692721417,82.51942912032511
2025-07-23,30.24557554173961,33.67711836783969,26.53991126939096,82.74171787287983,1.081315868895998,5.838908957566247,10.031206615561057,26.98023680752869,37.24586210596338,8.245575541739608,0.0,15.245862105963383,83.70736184347192
2025-07-24,29.573083841371403,32.14395364278385,27.5852302770568,88.41889961972596,1.7366016780346474,4.259512464537937,28.01156817770266,27.453086621630284,36.444343965595,7.573083841371403,0.0,14.444343965595003,83.47434084401615
2025-07-25,28.83883322267158,32.035489829178495,26.852789279893766,89.97806120601194,4.056351783666326,4.549180799179091,17.439538842276818,27.02766231265957,33.78783576536273,6.838833222671578,0.0,11.787835765362729,82.46284877266669
2025-07-26,28.786912536971094,31.429104243375388,26.58067061024929,89.99836663246214,3.7479374660469618,4.361142379428986,22.060741836180362,26.980273578403235,33.91899712211813,6.786912536971094,0.0,11.918997122118128,82.37751632169179
2025-07-27,28.77616888996198,31.288816925212775,26.84820969396994,89.83224965292449,2.7882700549284727,3.513917245125853,31.467324802317865,26.938215078844067,34.55100828796591,6.77616888996198,0.0,12.551008287965907,82.33537103972628
2025-07-28,28.42462847830024,30.973379610068214,26.575340737610915,90.8224180599988,2.484866904086437,2.551430941027344,32.720711655701095,26.777688182888248,34.301356228666755,6.424628478300239,0.0,12.301356228666755,81.87720949056367
2025-07-29,28.183182229733806,30.972414438341282,26.166563650630778,89.96985694452827,3.19503168950323,3.5051307901249475,21.97853021065975,26.379158749160222,33.29307310210631,6.183182229733806,0.0,11.293073102106312,81.34725511828219
2025-07-30,28.045765678758983,30.941285688416738,25.82295406531056,90.260781674413,3.0867682742801956,4.653292255689021,22.552380636204507,26.298254891882515,33.177266803847836,6.045765678758983,0.0,11.177266803847836,81.1533873101138
2025-07-31,27.845933482223703,30.626009537031443,25.501170398985938,90.75791271805397,3.1684469125369716,2.926355350998974,28.69960403211203,26.19395412499095,32.85072890502313,5.845933482223703,0.0,10.850728905023132,80.87999535970314
2025-08-01,28.70840707430434,31.822616647552366,26.237903663910185,89.55236977123197,2.8715132492303983,3.290626975312368,20.075164483612,26.81827715725881,34.34254509426724,6.70840707430434,0.0,12.342545094267237,82.18024327099761
2025-08-02,28.238529607050165,30.183740568600232,26.759689141063564,92.34282428924973,2.9163584233717637,3.4864420655520014,18.71351059334822,26.876060947996752,33.88038061266687,6.238529607050165,0.0,11.880380612666869,81.76971276489427
2025-08-03,28.161128146314965,30.234335727651363,26.465408945494058,91.70110400193157,2.978419146496047,3.0726275306331865,34.13168346713346,26.680883203805134,33.626122358140854,6.161128146314965,0.0,11.626122358140854,81.54800895034333
2025-08-04,28.099560572221886,30.06890927747933,26.522470574032717,92.3210695961852,2.591166777328424,2.8055166354801715,37.04633910786504,26.734478213630204,33.872043929681546,6.099560572221886,0.0,11.872043929681546,81.52722930803003
2025-08-05,27.992753063318645,30.286289611879038,26.072727108106477,90.11606627633248,2.057005492847227,3.6123776966258228,23.87443109796584,26.21874769455497,33.792155536930466,5.992753063318645,0.0,11.792155536930466,81.04345680997335
2025-08-06,27.909343272771174,30.599029395786808,25.720082090903603,88.23812579223758,2.0345041347256596,3.2709972354680996,22.604223456268485,25.78048670001596,33.436809852250754,5.909343272771174,0.0,11.436809852250754,80.64786592894995
2025-08-07,27.937317559002842,30.544936922798335,25.907441902577418,90.03804913382025,2.384513792479025,2.925389998189172,23.72535280980262,26.149374784523886,33.46144644929231,5.937317559002842,0.0,11.46144644929231,80.93859068237853
2025-08-08,26.923925876742924,28.702772378825383,25.456747751554293,92.26375867688779,2.9666378946097667,2.427089279893765,27.69628900826945,25.56015773403516,31.655768140557115,4.923925876742924,0.0,9.655768140557115,79.49418544918473
2025-08-09,27.64552966741112,30.846052996921596,24.805556226232873,89.00145168105271,2.8561942415645563,4.464816852779623,14.296317377919962,25.665988277124075,32.52347781182403,5.645529667411122,0.0,10.52347781182403,80.30513742076931
2025-08-10,28.22747872276212,31.216995231484283,25.639803223275187,89.33176133276996,2.7247769662582244,5.2557522725900885,12.052227922979418,26.302206750815202,33.615198475878536,6.227478722762118,0.0,11.615198475878536,81.3343132691671
2025-08-11,28.622319671636383,31.705356431460135,26.097930826341525,88.76963662702966,2.0945518198829,5.296404605541137,5.9089454940544455,26.58423008288907,34.640981222806786,6.622319671636383,0.0,12.640981222806786,81.92295722975527
2025-08-12,28.88716605299692,31.913729100018113,26.57373573972355,87.9470067000664,1.9129733808172877,3.999418452345023,6.003097120782278,26.686811890497054,35.10278229263636,6.887166052996921,0.0,13.102782292636363,82.25076174167648
2025-08-13,27.59949477877709,29.34466650570412,25.953707973682622,90.71238365425242,1.8579253938552545,2.462188235649182,32.99213557071287,25.942029623017795,33.35549915805706,5.599494778777089,0.0,11.355499158057057,80.45317216716896
2025-08-14,27.67481318283335,30.37482465141547,25.32435987203477,89.4429643266735,2.0186485181384684,4.50240724935112,11.917139494175167,25.778345037253132,33.21175038944276,5.674813182833351,0.0,11.211750389442763,80.41323696582086
2025-08-15,28.021414860867992,31.148103458682932,25.37469366813545,88.03997827005493,1.6209301623709784,5.691567356793627,6.583286050582482,25.852831519197903,33.88552439134825,6.021414860867992,0.0,11.885524391348248,80.80942257227662
2025-08-16,28.72742379428986,31.78467555984789,25.897614534918816,85.29565763264321,1.1033053660892138,5.724579097000062,10.645817589183316,26.0110660847972,35.05807403093101,6.727423794289859,0.0,13.05807403093101,81.60260938258722
2025-08-17,28.45345506126638,30.72107019979478,26.488207279531604,87.98040562564135,1.5143683225689626,4.491875004527072,9.07570592141003,26.266515837385658,34.66492887583336,6.453455061266379,0.0,12.664928875833361,81.52705081633249
2025-08-18,28.290577050763567,31.257288585742742,25.976878131224723,89.14648095611759,2.4978807267459415,5.919798937647132,10.367866240115895,26.329219597018156,33.85520914861983,6.2905770507635665,0.0,11.855209148619828,81.41542226586463
2025-08-19,28.00670006639706,30.782534556648763,25.838153558278506,89.98098509084326,3.1072910001810836,5.083495835093862,11.383312609404237,26.207109309300474,33.06319523452656,6.006700066397059,0.0,11.06319523452656,81.04880281121814
2025-08-20,27.907898835033503,30.52024808353957,25.911825918995596,90.88716846743526,2.9577648337055598,3.844105782579828,15.90225991428744,26.279275384949663,33.11691550503909,5.907898835033503,0.0,11.116915505039088,81.00326583863443
2025-08-21,27.799422949236437,30.323345204321846,26.011116074123258,91.65160077262028,2.9653914408160804,3.267209368020764,25.18449206253396,26.31396091171031,33.02610010542982,5.799422949236437,0.0,11.026100105429819,80.92032398665819
2025-08-22,27.576095249592562,30.016369891953882,25.689535220619305,91.63720106235289,3.406536488199433,3.7659374901913445,30.83353171968371,26.090416196965528,32.345502475694595,5.576095249592562,0.0,10.345502475694595,80.53508109571031
2025-08-23,27.683089877467253,30.5676441117885,25.755433693487053,90.7780678457174,4.234895273736947,3.219949894368323,21.68931792116859,26.03684465535839,31.8374865734472,5.683089877467253,0.0,9.837486573447201,80.60460424294865
2025-08-24,27.745185609947487,30.67998249532203,25.714728073881815,89.59012494718418,2.9704865093257684,4.172505885193457,15.121789098810892,25.875500702110042,32.679094962983854,5.745185609947487,0.0,10.679094962983854,80.55211695034359
2025-08-25,27.94993963904147,30.876838896601683,25.609592563529915,88.59907225206736,1.7767737067664635,5.4603746483974165,7.331484275970302,25.889391819730907,33.728718192323456,5.949939639041471,0.0,11.728718192323456,80.76507252213904
2025-08-26,28.272422285265893,31.318675076960226,25.931993118850734,86.44799360173842,1.352876803283636,5.736022206796644,4.216957807689986,25.791444587945787,34.28450961500343,6.272422285265893,0.0,12.28450961500343,81.01036855778551
2025-08-27,28.040378463209997,31.38803525079979,25.44564193879399,88.27234079797188,2.5373749019134424,5.36186289611879,7.353794893462908,25.91602127833443,33.30421640286461,6.040378463209997,0.0,11.304216402864611,80.87298413374589
2025-08-28,28.019759763385046,30.91905957626608,25.82763445403513,88.85962515844753,2.660807629625159,4.456089581698557,11.002518259189957,26.00779522881244,33.25728060315856,6.019759763385046,0.0,11.257280603158563,80.91827528393304
2025-08-29,27.70362045029275,30.26608136657211,25.894122049858158,90.24034586829241,1.9948294802921474,4.487474473350637,13.50127180539627,25.956675441560833,33.37348475209424,5.70362045029275,0.0,11.373484752094242,80.56812946758325
2025-08-30,28.048308082332355,30.80596366270297,25.70510955513974,88.21071708818737,1.4238715518802438,4.41319206857005,6.342099354137744,25.912027319390912,34.08899714757577,6.048308082332355,0.0,12.088997147575768,80.87791689569629
2025-08-31,28.670206434478178,31.586699462787475,25.88104122653468,84.8930796161043,0.8882803162914229,5.253152948632825,7.762669765195872,25.875050597425393,35.0623137508349,6.670206434478178,0.0,13.062313750834903,81.45058285738654
2025-09-01,29.065396269692766,31.990313876984374,25.994517414136546,86.43938673266132,1.517236071708819,6.015200953703145,5.874286231665359,26.568275358301808,35.477864532689935,7.065396269692766,0.0,13.477864532689935,82.32899561319124
2025-09-02,28.752735558640673,31.58764290456933,26.409076477334466,87.5022080038631,2.595763867930223,5.421898466831654,14.294327880726746,26.468495617024715,34.34264181763172,6.752735558640673,0.0,12.342641817631723,81.96114896967873
2025-09-03,28.510255930464183,31.645130077865645,26.096152592503174,87.0421102191103,2.4746031266976525,5.288795207339893,5.990446671093138,26.14081530798562,33.96625889947316,6.510255930464183,0.0,11.96625889947316,81.49006926356452
2025-09-04,27.853315627452165,30.694236735679365,25.63554837930827,89.38192310013885,2.192284058670852,5.357600150902398,4.715565883986239,25.94281735252139,33.376045344884425,5.853315627452165,0.0,11.376045344884425,80.70748473050999
2025-09-05,28.043071769179697,31.209849097603676,25.51987082754874,87.42023661495747,1.6457668859781494,5.562063409186938,3.661454095491037,25.75487363278531,33.82618324276293,6.043071769179697,0.0,11.82618324276293,80.76126303750911
2025-09-06,28.446485181384684,31.43921772197743,25.66500090541438,86.04649001026138,1.2339663185851393,5.277829317317559,6.868486147160017,25.883677152984532,34.60200936549094,6.446485181384684,0.0,12.602009365490943,81.24369561350076
2025-09-07,28.333348222369775,30.762785658236254,26.072626908915318,87.47139192370376,1.268757771473411,4.4463733928894795,9.636578137260821,26.050163003185556,34.57347339091227,6.333348222369775,0.0,12.57347339091227,81.25437220957929
2025-09-08,28.438899619725962,31.505137924790247,25.84852719261182,85.34089032413834,1.1465358845898477,5.189187517353775,5.970257137683346,25.737221761919926,34.56044221693628,6.438899619725962,0.0,12.56044221693628,81.13204162296698
2025-09-09,28.404304943562504,31.176197863222068,25.99754994869319,87.5067477515543,1.2990118911088309,4.335906875113178,11.151652079435022,26.12676961493802,34.67383000240981,6.404304943562504,0.0,12.673830002409808,81.3781557561717
2025-09-10,28.222520070018714,30.662033560692944,26.291181263958475,89.79462063137565,1.660416490613871,4.247781523510595,7.766822599142877,26.384914562907028,34.41053558047848,6.222520070018714,0.0,12.41053558047848,81.38989551458403
2025-09-11,28.378681113056075,31.122801955695053,26.13703265527857,88.65369771231968,1.5441582664332711,3.8776300537212536,8.7971588096819,26.322080070006102,34.606246734246064,6.378681113056075,0.0,12.606246734246064,81.49556258858271
2025-09-12,27.873359087342312,30.47785899680087,26.03448300839018,89.688050944649,1.5847087583750832,3.4241003923462308,17.98443592684252,26.020381893646892,33.87226377195036,5.873359087342312,0.0,11.872263771950358,80.78268043208492
2025-09-13,27.671743828091994,30.302964930283096,25.66747389388544,90.2592436771896,1.734717208909278,3.544890915675741,18.45872879821332,25.928747010600638,33.50538106090808,5.671743828091994,0.0,11.505381060908078,80.51637066448353
2025-09-14,27.080415283394707,28.64660167803465,25.669289551518084,92.54468642482044,1.8447226413955455,1.8306798998008091,32.67793505160862,25.766371725143006,32.730730488135336,5.080415283394707,0.0,10.730730488135336,79.7993827880984
2025-09-15,27.01070441238607,29.472678215730067,25.236147763626484,90.35037846321,2.028150540230579,3.151614045995051,31.186678336451983,25.293151496742983,32.22950122334892,5.010704412386069,0.0,10.229501223348919,79.40238269337638
2025-09-16,27.068696806905297,29.77428924971329,25.049855133699523,89.90572161525927,2.357787770869802,2.608812380032595,29.86172330536609,25.26742402693935,32.04054168115704,5.068696806905297,0.0,10.040541681157038,79.44484072902176
2025-09-17,27.548538057584352,30.844204140761757,24.895375746966863,87.5924796281765,1.7843194301925518,4.074041401581458,5.469395786805095,25.3017456676334,32.94398680435182,5.548538057584352,0.0,10.943986804351823,79.95596096556008
2025-09-18,28.086532866541926,31.25417577111125,25.447957385163278,86.99613206977729,1.3737635057644715,4.00811917064043,11.2456455604515,25.7155321204535,34.03462487867882,6.086532866541926,0.0,12.03462487867882,80.77598050158383
2025-09-19,28.91323353654856,32.148432425906925,26.051193939759766,85.64468280316294,0.9502076416973502,4.4902774974346595,7.319378885736706,26.262337912083098,35.5173217596525,6.91323353654856,0.0,13.517321759652503,81.96039965609813
2025-09-20,28.4415337719563,30.741795134906745,26.500793746604703,88.00505462666747,0.9584613991670189,4.112734496287802,7.716183376592021,26.259530894489554,35.037483272789075,6.441533771956301,0.0,13.037483272789075,81.51048648399714
2025-09-21,28.294663487656187,30.411697953763504,26.360182290094766,88.33389690348284,1.0408903241383474,4.017852188084746,14.354953823866722,26.178136699038365,34.77873623283,6.294663487656187,0.0,12.77873623283,81.30942851039704
2025-09-22,27.81003742379429,30.438711293535345,25.96321482465142,89.66417516750165,1.6887040502203177,3.0877263113418247,29.35161405203115,25.953423219911272,33.692169820213465,5.8100374237942916,0.0,11.692169820213465,80.67202938473386
2025-09-23,27.787684553630715,30.82898895394459,25.42258465624434,89.14013822659504,1.7878843484034528,5.161321965352809,5.675611154705137,25.832361067340138,33.521362894804554,5.787684553630715,0.0,11.521362894804554,80.5639481593515
2025-09-24,28.026261242228532,30.47123860686908,25.814798696203297,87.61162129534618,1.2591187300054327,5.341868702843001,4.184391863342791,25.77525189248463,34.093220663047276,6.026261242228532,0.0,12.093220663047276,80.75919739003862
2025-09-25,28.345695056437496,31.082339590752703,26.056841311040024,86.48336150178066,1.2749622744009177,5.21124927265045,6.30865213979598,25.870292409418177,34.463690738740695,6.345695056437496,0.0,12.463690738740695,81.13726191474478
2025-09-26,28.565320214885013,31.620301804792664,26.096884770930163,87.91037544516205,2.159126576930042,5.242576815355828,3.3078010502806787,26.36308631988189,34.38999574650467,6.565320214885013,0.0,12.389995746504667,81.70504235582285
2025-09-27,28.10047141908614,30.78481801171003,26.109946882356496,88.54847528218748,1.7783883624071952,4.938842397537273,3.320976036699463,26.027982826496824,33.96902925648744,6.100471419086141,0.0,11.969029256487438,81.01193568334156
2025-09-28,28.135345566487597,30.896070501599567,25.439396390414682,84.63202148850124,0.9246562443411602,4.643973187662221,5.831624313394097,25.299313270425397,34.13160005347831,6.135345566487597,0.0,12.131600053478309,80.53277706453977
2025-09-29,28.53519828574878,31.42305185006338,25.630071225931072,84.2490511257319,1.070682078831412,5.26915652200157,4.383124283213618,25.61436073532261,34.630648724086186,6.5351982857487805,0.0,12.630648724086186,81.13692905908309
2025-09-30,28.982654071346655,32.2158634635118,25.96014848795799,85.0588410695962,1.1805704110581279,5.4397648035250805,10.610036216575121,26.2141297166962,35.393530350463294,6.982654071346655,0.0,13.393530350463294,81.98995980735307
2025-10-01,27.751711233174387,29.431579042675203,26.32541860324742,91.60302166958414,1.8617619363795501,2.866987764833706,34.291595340133995,26.25778969205906,33.71346978550947,5.751711233174387,0.0,11.713469785509467,80.83193992072455
2025-10-02,27.11700549284723,28.80069113297519,25.923787650147887,93.57974889841252,2.5810128568841675,1.7688783907768457,23.65684312186878,25.990507853001006,32.398107445874714,5.11700549284723,0.0,10.398107445874714,79.99414620188155
2025-10-03,27.205038932818255,29.49382748838052,25.41272469366814,92.04924488440878,2.3081263958471663,3.8875533168346714,14.738819339651116,25.7991356042897,32.55235723968559,5.205038932818255,0.0,10.552357239685591,79.95097279106837
2025-10-04,27.55188990161164,30.07184885615984,25.50111547051367,91.20352085471117,2.235840526347559,3.9128332468159597,15.230660348886342,25.986256677755776,33.072273128932885,5.551889901611641,0.0,11.072273128932885,80.43649857049434
2025-10-05,27.243025291241633,29.426231665358852,25.37112150660953,91.60200579465203,2.406995835093862,3.3795705015995656,16.652910605420416,25.754506955877194,32.49222523078888,5.243025291241633,0.0,10.492225230788883,79.95888900448509
2025-10-06,26.851935775940124,28.944157059214106,25.016500271624313,87.78684191464961,1.1452658900223336,3.443271823504558,17.833997706283576,24.653740398911506,32.29079908686736,4.851935775940124,0.0,10.29079908686736,78.81270979569035
2025-10-07,27.231020703808774,30.355954608559184,24.48073580008451,83.70192068570049,0.9375414981589909,3.8554078831411855,5.321078046719383,24.229256878702977,32.55880500814595,5.231020703808774,0.0,10.558805008145953,78.92462733571485
2025-10-08,27.281805396269696,30.32039174262087,24.55228586949961,85.353363916219,1.0624542765739122,4.2049430856522,19.601944830083905,24.605433673792298,32.74952824854348,5.2818053962696965,0.0,10.749528248543477,79.22049855587298
2025-10-09,27.196768877889784,29.667490191344243,24.94603609585321,84.43412023902941,0.9029504436530452,4.057606132673388,12.35726444135933,24.3411264521757,32.61587195442535,5.1967688778897845,0.0,10.615871954425351,78.96225432337998
2025-10-10,27.071238003259495,30.088783726685584,24.63455061266373,84.50998672058914,1.0608384137140099,4.411857451560331,10.992186877527615,24.233218199231338,32.31493660483193,5.071238003259495,0.0,10.314936604831928,78.76545195649643
2025-10-11,26.77867024808354,29.919646888392588,24.28007665841734,84.81052332951047,1.0361115470513673,3.2452330174443174,13.263252248445706,24.005880075942798,31.90415741592117,4.7786702480835395,0.0,9.90415741592117,78.3213512171009
2025-10-12,26.384358061206015,29.924295889418726,23.375871310436413,84.87258163819644,1.23055592442808,5.064290601798757,4.952616647552364,23.631771900078554,31.154304069200393,4.384358061206015,0.0,9.154304069200393,77.67892052827565
2025-10-13,25.946014365908137,29.86704472747028,22.580279471238004,84.89534858453555,1.436480352507998,5.33878336451983,0.10603851029154343,23.20677034273637,30.32774520159716,3.9460143659081375,0.0,8.32774520159716,76.95884063628478
2025-10-14,25.883209995774735,30.630052514033924,21.79894549405445,84.94865817589185,1.6332275004527073,5.527089261785477,0.006870284300114687,23.155627819157917,30.098207587133636,3.8832099957747346,0.0,8.098207587133636,76.86140080355031
2025-10-15,25.790532383654256,30.381287499245495,21.627038087764838,82.89012977606085,1.3626136295044367,5.3786387638075706,0.19296191223516634,22.659689431887983,29.918127378963504,3.7905323836542557,0.0,7.918127378963504,76.47405298191865
2025-10-16,26.29530512464538,30.905870103217243,21.95165932275005,83.31635661254302,1.1976380756926424,5.019234858453553,1.0811239210478663,23.237681918229484,30.862070788518793,4.295305124645381,0.0,8.862070788518793,77.34697893751596
2025-10-17,26.628640067604277,30.764742560511863,22.65428924971329,83.47085712561116,1.2257487776905895,5.042051868171667,1.8339415705921414,23.594251005072525,31.380435499651178,4.628640067604277,0.0,9.380435499651178,77.91026273331863
2025-10-18,27.209286533470156,31.50190921711837,23.259849097603674,81.8154355043158,1.0611794531297158,5.063104901309833,0.7313925273133339,23.828247564580636,32.21305788716066,5.209286533470156,0.0,10.213057887160659,78.64740278913041
2025-10-19,26.942798937647137,31.114823444196293,23.084703929498406,81.91610128568843,1.3181028550733385,5.175660777449147,0.6428297217359812,23.58879817715908,31.627072367092694,4.942798937647137,0.0,9.627072367092694,78.22881103194099
2025-10-20,26.74287861411239,31.130720709844873,22.62814208969639,82.0479978270055,1.3918174684613993,5.402329534617011,0.3674847588579708,23.420490073105142,31.278431975869182,4.742878614112389,0.0,9.278431975869182,77.92138766838677
2025-10-21,26.808155369107265,31.513786442928716,22.486116375928056,79.7934218627392,1.2731846441721497,5.456236542524296,0.21261181867568058,23.022651803275522,31.201061316243894,4.808155369107265,0.0,9.201061316243894,77.7474160543417
2025-10-22,27.0521216876924,31.742523088066644,22.57408462606386,78.68068509687934,1.1811293535341343,5.329367187782942,0.021786684372547837,23.027403097786078,31.51234532477646,5.052121687692399,0.0,9.512345324776462,77.99647337332115
2025-10-23,26.967825798273676,31.513631315265293,22.680441842216453,79.7926401883262,1.0202873181626124,5.136991398563409,0.07743707370073039,23.177711705461306,31.62532147559098,4.967825798273676,0.0,9.62532147559098,78.00246065733108
2025-10-24,26.728319550914474,30.505973320456334,23.419340254723245,79.06010019919118,0.9922484457053179,5.078086467073097,0.4549803826884772,22.79255292135524,31.1893999961192,4.728319550914474,0.0,9.1893999961192,77.52943743056105
2025-10-25,26.798894187239696,30.609936620993544,23.094947787770874,77.70345687209515,0.9127578921953282,4.9962919357759406,0.33595943743586654,22.575541736222096,31.19599755831753,4.798894187239696,0.0,9.19599755831753,77.47348474719027
2025-10-26,26.714907949538237,30.590743647009116,23.06878070863765,77.87016780346474,0.9769312488682319,4.777883249834009,0.023339168225991427,22.529464157077182,31.04178508325346,4.714907949538237,0.0,9.041785083253458,77.36156584477823
2025-10-27,26.88271624313394,31.102210418301443,22.94570109253335,78.43888271865758,1.1319267217963422,4.670732015452406,0.585998068449327,22.812182917010016,31.25704756069053,4.882716243133942,0.0,9.25704756069053,77.6974761485618
2025-10-28,27.502392104786626,31.622390897567456,23.75505824832499,74.94373573972355,0.9271563952435566,4.735671316472507,0.21018289370435203,22.659520975615614,31.936161669770392,5.502392104786626,0.0,9.936161669770392,78.22133579842298
2025-10-29,27.363231122110225,31.149042675197688,23.92592865334702,77.8983473169554,0.8825158447516147,3.8941056256413358,3.5185060662763323,23.163796208792636,32.109636387179634,5.363231122110225,0.0,10.109636387179634,78.38872770068926
2025-10-30,27.140854711172814,30.726340918693793,24.027846320999583,82.6432613025895,1.380303012011831,3.600058127603067,16.404634514396093,23.92901036409259,31.98037107546584,5.140854711172814,0.0,9.98037107546584,78.64214162007607
2025-10-31,27.665832075813366,30.9068871853685,24.84047021186697,82.82495382386672,1.1353564314601317,4.049894458864007,7.18754813786443,24.478277794922388,33.00554136327097,5.665832075813366,0.0,11.005541363270972,79.52008495179481
2025-11-01,27.1093052453673,30.090563167743102,25.087434055652807,88.16754934508361,1.6325146375324444,2.8334845657029044,19.649890746665058,24.979522632838393,32.40836549109839,5.109305245367299,0.0,10.408365491098387,79.29292716992035
2025-11-02,26.035168708879098,29.055216394036343,23.696733264924244,89.0053250437617,1.771728134242772,2.94785804913382,19.106738697410517,24.07974395219935,30.688805613393235,4.035168708879098,0.0,8.688805613393235,77.58405469583117
2025-11-03,25.05181082875596,28.718004466710934,22.063551035190443,85.43622744009177,1.7848669040864371,4.073355139735619,1.6729534617009718,22.435159167323977,28.760291776773954,3.0518108287559613,0.0,6.760291776773954,75.54195398914904
2025-11-04,25.04022997525201,29.901232570773224,20.6905921410032,83.75844329087947,1.8086732661314664,4.0302650872215855,0.45015995654011,22.09773700251283,28.55006708090712,3.0402299752520108,0.0,6.5500670809071195,75.34427497004222
2025-11-05,24.871724512585264,28.62938371461339,21.725373332528527,86.07855012977606,1.6473543791875418,3.1646529607050162,7.834097301865154,22.381763128850444,28.64729987246703,2.8717245125852635,0.0,6.6472998724670305,75.31128824408597
2025-11-06,25.47462123498521,29.27589847286775,21.756390414679785,82.14097120782279,1.1023208788555563,3.774010677853564,5.180103820848674,22.201806360093084,29.535037900971517,3.474621234985211,0.0,7.535037900971517,75.8764984279928
2025-11-07,24.76639765799481,29.13522665539929,21.237108710086318,84.25959195992033,1.7937616949357158,4.474526733868534,1.6042228526589004,21.927670123306257,28.195968938704524,2.7663976579948084,0.0,6.1959689387045245,74.94780249396501
2025-11-08,23.37687269873846,28.94612543007183,19.47248204261484,84.56173175590028,2.250823927083962,4.903090855314783,0.0,20.625474349076246,25.819327980636004,1.3768726987384596,0.0,3.819327980636004,72.69249717056664
2025-11-09,22.32052514033923,27.68204321844631,17.884173356672903,84.27685157240299,1.8556159835818196,4.802650341039416,0.0,19.536426382887846,24.516699129189075,0.32052514033923174,0.0,2.5166991291890746,70.93158932854995
2025-11-10,22.066764049013102,27.619245488018354,17.78758676887789,84.14723848614717,1.6546387396631863,4.628213587251766,0.0,19.263220272748477,24.27723913596873,0.06676404901310207,0.0,2.277239135968731,70.50478146770374
2025-11-11,20.780963360898173,26.07526830446068,16.589141667169677,82.61540351300778,1.767664030904811,4.566951862135571,0.0,17.712294118487453,22.22980282705552,0.0,1.2190366391018266,0.22980282705551858,68.29642931734175
2025-11-12,20.44946821995534,26.194365304521032,15.432795919599206,78.9125858634635,1.5262576205710148,4.558392352266554,0.0,16.664025616015834,21.638358565550625,0.0,1.5505317800446612,0.0,67.53336637931946
2025-11-13,20.658580310255324,26.45704653829903,15.009050522122294,78.47721554898294,1.306065672722883,4.669034043580612,0.0,16.779905956303523,22.047902462788663,0.0,1.3414196897446757,0.04790246278866306,67.83842380858954
2025-11-14,21.053504557252367,26.24876803283636,15.51580430977244,77.09127180539627,1.2157753365123443,4.725672614233114,0.0,16.88180393707053,22.547114725558735,0.0,0.9464954427476329,0.5471147255587354,68.37207492861774
2025-11-15,20.80655882175409,26.64047805879158,15.273101346049376,78.939695780769,1.4462986660228165,4.793937478119153,0.0,17.01635182345803,22.19295327951622,0.0,1.1934411782459087,0.192953279516221,68.10256510131197
2025-11-16,21.13272167562021,26.77607895213376,15.972788676284184,77.91966197863222,1.3721343634936924,4.787392666143539,0.0,17.127415755546416,22.616354631907832,0.0,0.8672783243797895,0.6163546319078321,68.55229131210154
2025-11-17,21.555983581819284,27.188558580310257,16.006949357155793,79.66046115772319,1.3698448723365733,4.886507587372488,0.0,17.88884306383688,23.3584770908257,0.0,0.44401641818071624,1.3584770908257013,69.34527638710362
2025-11-18,21.99672964326674,27.673316834671333,16.58728315325647,79.90820305426452,1.399366209935414,4.911455308746304,0.0,18.367003995283554,23.984843616325396,0.0,0.003270356733260371,1.9848436163253957,70.06779386343848
2025-11-19,21.828064827669465,27.235177159413293,16.986281161344845,76.49193758676888,1.4468056980744857,4.803769964387034,0.0,17.50824269005137,23.416727904845125,0.0,0.17193517233053512,1.416727904845125,69.54432257402124
2025-11-20,21.364176374720834,26.68101346049376,16.53494899499004,76.37645681173419,1.3634556648759584,4.617806669885918,0.0,17.03547227695051,22.816643762104444,0.0,0.6358236252791656,0.8166437621044444,68.81033226090832
2025-11-21,20.94784028490373,25.837829419931193,16.711577231846444,74.41453491881452,1.231656304702119,4.355658121566971,0.0,16.2234104475403,22.170367079787273,0.0,1.0521597150962698,0.1703670797872725,68.03081712316087
2025-11-22,20.317284964085232,25.47398563409187,15.244511378040684,77.7114516810527,1.2576670489527373,3.994697464839742,0.001098569445282791,16.294433509888044,21.548823083969793,0.0,1.682715035914768,0.0,67.25223601696348
2025-11-23,20.03568962395123,25.24355465684795,15.529926963240177,79.16289249713287,1.4275970302408405,3.9785374781191534,0.0,16.311786057667543,21.1548701924973,0.0,1.9643103760487683,0.0,66.88992661764158
2025-11-24,19.183226293233542,24.994565702903365,14.451628538661195,83.26439065612362,1.8219164604333917,4.291143103760488,0.0,16.27423505004868,20.01128898232838,0.0,2.816773706766458,0.0,65.72930526135123
2025-11-25,19.432999939639043,25.547921168588157,14.119583509386128,82.37315084203539,1.5434061688899623,4.428970054928473,0.0005492847226413955,16.349258565928697,20.48537674917203,0.0,2.5670000603609573,0.0,66.09224058386965
2025-11-26,19.94284662280437,25.757756986780954,14.564823444196294,78.82613388060604,1.367786563650631,4.381347600651899,0.0,16.154635952795317,21.042911923580622,0.0,2.057153377195629,0.0,66.72348899793192
2025-11-27,20.575224844570535,26.325765678758977,14.730814872940183,78.48292448844089,1.3826975312367962,4.686465437315145,0.0,16.700129795387276,21.879035223351416,0.0,1.4247751554294652,0.0,67.70667692741216
2025-11-28,20.574701515060063,26.1927138286956,15.642557493813005,78.08757047141908,1.158037061628539,4.614706283575783,0.0,16.620062343717485,22.003979353203054,0.0,1.4252984849399368,0.003979353203053648,67.68143560902035
2025-11-29,20.150117703869135,25.880348886340318,15.059301623709784,75.1121917064043,1.130426148367236,4.456616544938734,0.0,15.599663245356778,21.205522559265223,0.0,1.8498822961308647,0.0,66.83913359616939
2025-11-30,19.885565280376653,25.56341039415706,15.047886762841795,77.97583811190924,1.254216212953462,4.164143296915555,0.0,15.928982149434198,20.97854122026073,0.0,2.114434719623347,0.0,66.58586772685092
2025-12-01,19.20751433572765,23.807059817709906,15.025181384680389,83.72289491157119,1.1775076960222128,3.699773410997767,0.0,16.384286997470376,20.529572767388597,0.0,2.7924856642723483,0.0,65.7910016437421
2025-12-02,19.151730548681115,23.912419267217963,14.746943924669525,80.40216756202089,1.3869439246695239,3.099575143357277,0.0,15.69529598713408,20.06290422950687,0.0,2.8482694513188846,0.0,65.54187879679122
2025-12-03,18.371602583449025,24.007560813665727,13.821968974467316,81.1522750045271,1.5884004345989013,3.535489642059516,0.0,15.080002794816739,18.913858998770767,0.0,3.6283974165509747,0.0,64.32032791736668
2025-12-04,18.413610188929802,24.956420595159052,12.844235528460194,82.72151204201123,1.52098026196656,4.033776453190077,0.0,15.419461725117833,19.1276024982583,0.0,3.586389811070198,0.0,64.45100718689879
2025-12-05,18.323943985030482,25.17489889539446,13.28429166415163,82.12011468582122,1.596538902637774,4.37310091748657,0.0,15.218108328788544,18.91084976003634,0.0,3.676056014969518,0.0,64.2815024887388
2025-12-06,17.647708698014128,24.74607412325708,12.066212349852119,78.55174262087282,1.6187541498158993,4.271431683467133,0.0,13.871071603466229,17.743858569077187,0.0,4.352291301985872,0.0,63.06929873595106
2025-12-07,17.370435806120604,23.53123075994447,12.187895816985574,79.48769481499366,1.493647009114505,4.1355055713164734,0.0,13.784128126155554,17.52460931421872,0.0,4.629564193879396,0.0,62.65747959314093
2025-12-08,17.957177521579045,23.749529788133035,13.182614233114023,78.16268545904511,1.2937858393191286,3.77845125248989,0.0,14.094930026438279,18.35737424893224,0.0,4.042822478420955,0.0,63.54612749467492
2025-12-09,18.867126214764294,24.56829057765438,14.006608317740087,75.89022876803284,1.2724361682863525,3.8976325647371284,0.0,14.520116575675612,19.430585690827396,0.0,3.132873785235706,0.0,64.88381327555282
2025-12-10,18.838490372427117,25.442673386853386,13.653612603368142,76.76185489225571,1.3856878131224724,4.226252085471118,0.0,14.66946152289259,19.375449979216942,0.0,3.161509627572883,0.0,64.87785983703094
2025-12-11,18.248057584354438,24.577983943985032,12.331976821391926,76.54873724874751,1.3390233596909518,4.35294110581276,0.0,14.054720083743778,18.60293368838393,0.0,3.751942415645562,0.0,63.94408555691153
2025-12-12,18.772420474437133,24.990473229914894,13.06669161586286,72.85796100682079,1.171852477817348,4.296322671576025,0.0,13.798681286879942,19.15744604016,0.0,3.2275795255628665,0.0,64.60359278386936
2025-12-13,19.11714613388061,26.054236735679368,12.90667894006157,74.41756021005615,1.3030180479266011,4.435209609464599,0.0,14.458046701790874,19.637515859058823,0.0,2.8828538661193903,0.0,65.20410197148144
2025-12-14,19.30542162129535,25.810271020703812,13.607393613810588,76.08369288344299,1.3112923281221707,4.441705317800447,0.0,14.98356343458978,20.007201942654774,0.0,2.6945783787046516,0.0,65.57656321802064
2025-12-15,19.044926057825805,25.289680086919784,13.935024446188207,76.70267459407258,1.2395104726263055,4.306452640791937,0.002003983823263114,14.857393466310784,19.751386411880773,0.0,2.955073942174195,0.0,65.19872336553006
2025-12-16,18.907476308323776,24.853901732359514,13.691400374237944,75.8217389992153,1.224818011710026,3.9575552121687694,5.261525925031691,14.545144588091345,19.513104921328583,0.0,3.0925236916762238,0.0,64.94362796860774
2025-12-17,18.4378783123076,24.685503108589366,13.069913080219715,78.11922436168287,1.4398497012132554,3.9437895998068453,0.001098569445282791,14.552880010792483,18.895472061590006,0.0,3.5621216876924002,0.0,64.30466186808938
2025-12-18,19.260839017323594,25.761539808052152,13.630682078831413,77.62159292569567,1.231207822780226,4.368198303857064,0.0,15.25191260009418,20.116366706478516,0.0,2.739160982676406,0.0,65.58173188865918
2025-12-19,18.90848493994085,24.43745457837871,14.149290758737251,78.99285929860565,1.0680925937103882,4.080285917788375,0.0,15.182697321652949,19.852661160021178,0.0,3.0915150600591517,0.0,65.08816911705898
2025-12-20,18.2831538600833,23.964543972958293,13.765067302468765,80.45649785718598,1.2844486026438102,3.3330655399287745,0.00137622985453009,14.859919514732228,18.958666907739783,0.0,3.7168461399167008,0.0,64.1507726902958
2025-12-21,18.11520190740629,24.084868714915192,13.032213436349371,80.49384801110644,1.2424240960946462,3.113265775336513,0.004875354620631375,14.70353798095325,18.76418117411808,0.0,3.8847980925937087,0.0,63.88267050257838
2025-12-22,18.026080159352933,24.136048771654497,13.132713225086015,80.84631254904329,1.2984933904750406,3.723168075089033,0.0,14.684499451708772,18.628997692935734,0.0,3.973919840647067,0.0,63.75241622639166
2025-12-23,17.596870284300117,23.34881451077443,13.210630772016662,81.46452465745156,1.5060680871612244,3.6714768032836362,0.0,14.384054255825792,17.94843766104259,0.0,4.403129715699883,0.0,63.0818114084605
2025-12-24,16.876713949417518,23.110490734592865,12.105384197501056,82.44464356853987,1.478205468702843,3.1851919116315566,0.0,13.865756520437087,17.069068548398086,0.0,5.123286050582482,0.0,61.94328914734359
2025-12-25,16.091685277962213,22.266061447455787,10.781857306694032,79.7909380092956,1.3313146616768277,2.588602197138891,0.0,12.598373175316235,15.972025981362691,0.0,5.908314722037787,0.0,60.62315977382098
2025-12-26,16.180541437798034,22.75975252007002,10.35484094887427,78.95139132009416,1.277890384499306,2.846319049918513,0.0,12.523376000647852,16.074727320842673,0.0,5.819458562201966,0.0,60.75019538841079
2025-12-27,16.2041117884952,22.36026075934086,10.881641214462485,80.79813544999094,1.1897434659262391,2.9846261544033323,0.0,12.899580368654703,16.27938786737043,0.0,5.795888211504799,0.0,60.820978117333766
2025-12-28,15.929503229311283,22.16793746604696,11.01064224059878,82.03898050341039,1.410987505281584,2.0742090782881637,0.0,12.864843459529155,15.838651315829697,0.0,6.070496770688717,0.0,60.39839143954274
2025-12-29,15.02717812518863,21.212417456389208,10.015705317800448,83.81094585622019,1.5382404780587917,1.2003893704352024,0.0,12.30875269029531,14.671657688394632,0.0,6.97282187481137,0.0,58.9473864190748
2025-12-30,14.082457898231427,19.987493813001755,9.734797488984125,84.64300718295408,1.5644425665479569,2.1536253153860083,0.07836904690046478,11.533248705507349,13.473125383676944,0.0,7.917542101768573,0.0,57.397189134576266
2025-12-31,14.413161707007909,20.89202812820668,9.079942053479808,82.00047805879159,1.5092726504496896,3.071550389328183,0.1083008390173236,11.376967279208865,13.796485654681213,0.0,7.586838292992091,0.0,57.941322028273504
2026-01-01,15.777727409911273,22.494967706887188,9.77103458682924,79.84824228888755,1.316137502263536,3.3835978813303558,0.0,12.303748908577903,15.576459427187583,0.0,6.222272590088727,0.0,60.12227304827539
2026-01-02,15.953872155489833,22.18141667169675,10.706374720830567,80.86725176555804,1.3901563348825983,2.898373018651537,0.0,12.668733571333304,15.81518740515509,0.0,6.046127844510167,0.0,60.41967143248673
2026-01-03,15.778973863704955,21.724529486328244,10.86122834550613,79.71399830989317,1.308229613086256,2.870287221585079,0.0,12.279337877834083,15.57568184070794,0.0,6.221026136295045,0.0,60.1224142933716
2026-01-04,15.31897326009537,21.70320033802137,10.165232691495142,79.72618760185914,1.6671901973803345,2.5119286352387276,0.0,11.833998562628823,14.728149590296724,0.0,6.681026739904629,0.0,59.38784095343085
2026-01-05,14.281002595521219,21.264715398080522,8.767672481439007,80.84133880606024,1.751228949115712,1.4890127482344422,0.0,11.033053868444695,13.394920540428505,0.0,7.718997404478781,0.0,57.72860298149186
2026-01-06,13.96561356914348,21.125094464900105,8.42417516750166,81.17263958471662,1.9076084988229614,2.8671614414196904,0.0,10.787103646872911,12.899660114283087,0.0,8.03438643085652,0.0,57.21988792339071
2026-01-07,14.753103156878131,22.37830808233235,8.635381783062716,77.09238787951953,1.8510701997947727,3.852590963964508,0.0,10.77673568270224,13.724100283374305,0.0,7.246896843121869,0.0,58.474698180817825
2026-01-08,15.165950383292087,22.67455121627332,8.939451318886945,73.17063016840707,1.7548850123739967,4.162774769119334,0.0,10.391216928076291,14.096355270371344,0.0,6.834049616707913,0.0,59.09321102886582
2026-01-09,15.757778113116437,23.261568177702664,9.551559727168467,73.61450232389691,1.4038534435926844,4.195485700488923,0.0,11.052517724773729,15.121064043693025,0.0,6.242221886883563,0.0,60.005744091126616
2026-01-10,15.944402728315328,22.54848614716002,10.196917969457354,76.31565220015695,1.424406953582423,3.854718651536187,0.0,11.777813759970195,15.506877135078565,0.0,6.055597271684672,0.0,60.33414319736312
2026-01-11,16.598932214643572,23.512641395545366,11.082732540592747,76.82113840767792,1.5729818313514818,3.5704193879398813,0.0,12.512101629904368,16.28320355484646,0.0,5.401067785356428,0.0,61.36839053181721
2026-01-12,16.866692219472448,24.128869439246696,10.71062956479749,76.94664332709606,1.7181336391621902,4.069931351481862,0.029703627693607782,12.79645173809468,16.539414689573043,0.0,5.133307780527552,0.0,61.79139063967265
2026-01-13,17.057199251524114,24.30662340797972,10.984211987686365,76.0935323232933,1.6893299933602943,4.212150226353594,0.0,12.810453172770284,16.75463793201466,0.0,4.942800748475886,0.0,62.067716172572105
2026-01-14,17.28283937948935,24.407283153256472,11.530469004647795,74.21140882477214,1.4551572402969761,4.049015506730247,6.5662250256534085,12.645751772648572,17.09198440043696,0.0,4.717160620510651,0.0,62.365667221265845
2026-01-15,17.058954548198226,24.23653769541861,11.320185308142694,74.33663004768516,1.642259914287439,3.830070483491278,0.0,12.455470738006484,16.677200392872287,0.0,4.941045451801774,0.0,62.023740844188794
2026-01-16,17.01071225931068,24.323391682259917,10.871063560089334,74.52453672964327,1.65621053902336,3.8892893040381487,0.0,12.447406983563516,16.616650332222356,0.0,4.989287740689321,0.0,61.95419102404383
2026-01-17,17.587627210720104,24.73423733928895,11.447789581698556,73.55649966801474,1.5168895998068448,4.177863336753789,0.0,12.804175137979813,17.40401281126833,0.0,4.412372789279896,0.0,62.81480876724696
2026-01-18,18.412815235105935,25.457629625158454,12.47462666747148,70.30849218325588,1.1885078771050883,4.217838305064285,0.0,12.906394884402259,18.492156722363447,0.0,3.587184764894065,0.0,63.9516020739877
2026-01-19,18.550727953159896,25.40435926842519,12.798344298907466,70.07481861531961,1.2398249532202572,4.1794062896118795,0.0,12.98757647778919,18.620328271635334,0.0,3.449272046840104,0.0,64.14919744692008
2026-01-20,19.12618518742078,26.07946942717451,13.580249894368325,66.93705438522363,1.3462944407557194,3.965557065250197,0.0,12.836271868831954,19.072940656880366,0.0,2.8738148125792193,0.0,64.86451729918686
2026-01-21,18.84423069958351,25.80224965292449,12.63004406349973,65.03279350516087,1.523130319309471,3.793891700368203,0.0,12.127972562908353,18.445205330608445,0.0,3.155769300416491,0.0,64.36559193341992
2026-01-22,17.940088126999456,24.881939397597638,12.098766222007605,65.1552839983099,1.452750045270719,4.050668177702662,0.0,11.297950987555827,17.34128514060663,0.0,4.059911873000544,0.0,63.05862497453651
2026-01-23,18.352342005191044,25.342352870163584,12.365838715518803,62.856327639282924,1.188685941932758,4.424443272771172,0.0,11.146183178883206,17.894372338745818,0.0,3.647657994808956,0.0,63.566170644360724
2026-01-24,18.502664332709607,25.560328967224002,12.383553449628783,65.46725599082514,1.2606114565099293,4.4148122774189655,0.0,11.904735696832056,18.21919171131246,0.0,3.4973356672903932,0.0,63.88803322730696
2026-01-25,18.741037001267582,25.031448059395185,13.507525804309774,66.25118126395847,1.2743115832679424,4.167239626969276,0.0,12.312399175748514,18.573037446833652,0.0,3.258962998732418,0.0,64.26881789345936
2026-01-26,18.730950685096882,25.869977062835762,12.970260155731275,67.1261966560029,1.6791996136898655,4.033074425061871,0.0,12.502789291815308,18.33890254327016,0.0,3.2690493149031177,0.0,64.29196302203015
2026-01-27,18.623888452948634,25.66056678940062,12.351306211142633,66.66514516810527,1.5026812337779922,4.473847534254844,0.0,12.295755791722373,18.290818831637353,0.0,3.376111547051366,0.0,64.11497213125595
2026-01-28,19.284955634695482,26.52321663548017,13.267902456691015,64.07301080461158,1.289160982676405,4.672837622985454,0.0,12.319697071739464,19.109065800681506,0.0,2.715044365304518,0.0,64.9579026593753
2026-01-29,19.991578439065613,26.546379549707247,14.047344721434177,65.43649846079556,1.4240019315506731,4.259871431158327,0.0,13.312081409088655,20.038558106170488,0.0,2.008421560934387,0.0,66.05219589046584
2026-01-30,19.317795617794413,26.06702963723064,13.59132130138227,68.01920383895697,1.715890022333555,4.230768877889782,0.0,13.264650188321077,19.1445733370766,0.0,2.6822043822055868,0.0,65.1992819198864
2026-01-31,18.888317740085718,26.28964809561176,12.443006579344482,64.88681535582786,1.5875137321180666,4.409034743767731,0.0,12.135643574073809,18.446597756705206,0.0,3.111682259914282,0.0,64.42298063666087
2026-02-01,18.746964447395424,25.786206313756264,12.657854167924189,67.48386672300357,1.5397603669946278,4.2176971087100865,0.0,12.599146088693361,18.48283177677696,0.0,3.253035552604576,0.0,64.33107125209301
2026-02-02,19.4244449809863,26.697315748174088,13.407029033621056,66.11546870284302,1.4609247298847108,4.113973942174202,0.0,12.931235154000655,19.321538359269297,0.0,2.5755550190136987,0.0,65.2614913336846
2026-02-03,20.320833584837327,27.905921410031993,13.953132130138226,62.61861592322087,1.3673893885434905,4.650042928713708,0.0,12.94926974503928,20.289614578495254,0.0,1.6791664151626726,0.0,66.36421090981221
2026-02-04,20.363518440272834,27.076827428019556,15.042013037967045,62.05876863644595,1.5012820667592202,3.8936651113659693,0.0,12.852161041631009,20.207430492623786,0.0,1.6364815597271658,0.0,66.39170086365897
2026-02-05,19.603528701635785,27.12361199975856,12.837809500814872,57.633555864067134,1.880524536729643,4.930402197138891,0.0,11.014596560067952,18.623788002257296,0.0,2.396471298364215,0.0,65.08180158246866
2026-02-06,18.004634514396088,25.488576688597817,11.61622623287258,54.29009174865698,1.813992273797308,5.112173483430917,0.0,8.630923058690948,16.4311875745361,0.0,3.9953654856039122,0.0,62.76066699658627
2026-02-07,17.669589545481983,25.108009295587618,10.731411842820064,58.2061308625581,1.7752393312005799,4.91926879338444,0.0,9.351615662811982,16.307121911014324,0.0,4.330410454518017,0.0,62.43877320589735
2026-02-08,18.586485784994267,26.406631254904333,11.721228949115714,58.27220317498642,1.6644160077262027,4.853078384740751,0.0,10.227856299697383,17.5364671132735,0.0,3.4135142150057334,0.0,63.708746130519195
2026-02-09,19.039055954608564,26.343199734411787,12.846554596486994,54.15184523450233,1.501183678396813,4.9748912235166305,0.0,9.554268938954234,17.922095076954307,0.0,2.960944045391436,0.0,64.14337916456844
2026-02-10,19.419024566910124,27.031647250558343,12.586488199432607,55.44874026679544,1.4306362045029277,4.834141787891592,0.0,10.261429669670417,18.54220255929612,0.0,2.5809754330898755,0.0,64.71820554956075
2026-02-11,19.99643628900827,27.880901792720472,13.413587251765561,55.751745638920745,1.5706132673386854,4.959422466348767,0.0,10.881271578695669,19.1955906797964,0.0,2.003563710991731,0.0,65.51725995589877
2026-02-12,20.0600084505342,27.937812518862803,13.936634272952253,54.330382688477094,1.6765020824530694,5.072624077986359,0.0,10.551984121061395,19.091981969417795,0.0,1.9399915494658018,0.0,65.52311101180273
2026-02-13,20.221020703808776,28.321461942415652,13.369735015392045,52.82696444739543,1.689742862316654,5.003783750829963,0.0,10.280236459169693,19.16831222058067,0.0,1.778979296191224,0.0,65.6518851007236
2026-02-14,20.42185308142694,28.3906253395304,13.66327518560995,53.75859540049496,1.5955888211504803,5.222486515361863,0.0,10.728887813483485,19.560394234288164,0.0,1.5781469185730614,0.0,65.9747460987981
2026-02-15,20.71940906621597,28.231802981831354,14.19963723063922,50.61538480111064,1.4753057282549649,5.251073984426873,0.0,10.0999206738718,19.767576251015363,0.0,1.2805909337840298,0.0,66.17412046899426
2026-02-16,20.645457234260885,28.707663427295227,14.178363614414199,51.24495020220921,1.5206319792358305,5.184120969396995,0.0,10.216866283356383,19.693861372813426,0.0,1.3545427657391151,0.0,66.11684723700597
2026-02-17,21.654559063197922,30.0405553208185,14.19543127904871,54.721497555381184,1.421656304702119,5.462831943019256,0.0,12.14213715583145,21.33214084741182,0.0,0.34544093680207766,0.0,67.69345061097988
2026-02-18,22.93859057161828,31.25042433753848,15.882522484457057,48.57063318645499,1.1923884831291123,5.674103356069295,0.5755900283696507,11.517662235763021,22.58878998731107,0.9385905716182812,0.0,0.5887899873110705,68.89811996312856
2026-02-19,23.37046598659987,31.17060421319491,16.269586527434054,45.12221826522606,1.1658465624434118,5.280310007846925,0.0,10.799943446400922,22.83114708349592,1.3704659865998714,0.0,0.8311470834959209,69.14404603116135
2026-02-20,23.89275668497616,31.62883684432909,17.6676561839802,46.39007364036942,1.3149978873664514,5.03578930403815,0.0012283455061266376,11.693403874292905,23.509872800366264,1.8927566849761597,0.0,1.5098728003662636,69.91790216464246
2026-02-21,23.573182833343395,31.367895816985573,16.706003500935598,49.10613206977728,1.478499426570894,4.7788509144685225,0.002456691012253275,12.265716817781152,23.24991833021355,1.5731828333433953,0.0,1.24991833021355,69.76314154381846
2026-02-22,23.88177400857126,30.959899800808838,17.046764049013102,50.0316617371884,1.5275402909398204,4.567140061568178,0.0,12.833918446720771,23.703076542901503,1.8817740085712593,0.0,1.7030765429015027,70.24930830551003
2026-02-23,24.27244944769723,31.43338142089697,18.262013037967044,51.57086678336453,1.2886400676042737,4.463396360234201,0.012617854771533774,13.658451404985081,24.531190764970443,2.2724494476972303,0.0,2.531190764970443,70.90926731108473
2026-02-24,23.811503591477035,30.938747510110463,17.84237641093741,53.916668075089035,1.4747860204020045,3.7158451198165037,0.460278867628418,13.917571910545085,24.02724500087903,1.8115035914770345,0.0,2.027245000879031,70.52357202547338
2026-02-25,23.500042252670973,30.255601496951773,18.02640671213859,53.71012011830748,1.3575408945494059,4.691977195629868,0.0961085290034406,13.569708893329656,23.680503896669414,1.5000422526709727,0.0,1.6805038966694141,70.08767742686308
2026-02-26,23.40346411541016,30.197373694694274,17.76362346834068,48.278390776845534,1.479244280799179,4.928379573851633,0.14678276091024325,11.851829187932227,22.953045352481496,1.4034641154101593,0.0,0.9530453524814959,69.4694988814189
2026-02-27,23.382104183014423,30.46548017142512,16.886484577775096,42.406631254904326,1.3221458320758135,5.047239705438523,0.0,9.879637287760202,22.47881396724539,1.3821041830144232,0.0,0.47881396724539016,68.91469114623379
2026-02-28,23.688533832317262,30.50483611999759,17.26530150298787,45.08017383956058,1.5902975795255632,5.419543725478361,0.0,11.074633725021405,22.93091270262725,1.6885338323172618,0.0,0.9309127026272499,69.53811426460882
2026-03-01,24.130838413714013,31.709943864308567,16.819943864308566,57.909318524778186,1.7764785416792421,6.1312030663366945,0.000688114927265045,15.322751709112955,24.633330998993127,2.130838413714013,0.0,2.6333309989931273,71.33973294310033
2026-03-02,25.348973863704956,32.06145469910063,20.20783364519829,60.4711516870888,1.5201032172390903,4.948705263475585,0.04686243737550553,17.14444602336534,26.73851153319267,3.3489738637049555,0.0,4.738511533192671,73.3001496842647
2026-03-03,24.76689744673146,31.85663366934267,19.201749864187846,54.0895557433452,1.1799438643085656,5.319666282368565,0.2234188446912537,14.85306270338846,25.51647867946439,2.766897446731459,0.0,3.5164786794643916,71.82092673069042
2026-03-04,24.60250497977908,31.98780165389027,18.064174563892077,46.91022756081367,1.2277086980141245,5.20993681414861,0.270309048107684,12.50967796490986,24.531285610006133,2.6025049797790807,0.0,2.531285610006133,70.86802228674098
2026-03-05,25.497596426631254,32.54816683768939,18.374647190197383,48.0968793384439,1.1277002474799303,5.089994784813183,0.0,13.7097018062094,25.886796120190215,3.4975964266312545,0.0,3.8867961201902155,72.1356747040893
2026-03-06,26.25250920504618,33.7868425182592,19.611104605541136,50.95389569626366,1.476955393251645,4.9632212349852125,0.0,15.296141269413186,26.956003063359134,4.252509205046181,0.0,4.956003063359134,73.44132254176623
2026-03-07,25.5800452707189,32.34338262811614,19.434499305848977,61.08113961489708,1.8278046719381902,4.869286014365908,0.0005492847226413955,17.520672814631354,26.909498329276854,3.5800452707189017,0.0,4.909498329276854,73.69293527739163
2026-03-08,25.756266071105205,32.36951167984548,20.228752338987142,64.94492303977788,1.759756141727531,4.526733083841372,0.047562020884891656,18.664060487817018,27.625334943885218,3.7562660711052054,0.0,5.625334943885218,74.38033111695584
