date,gen_mwh,latent_mwh,suppression_pct,censored
2016-04-23,174308.5,186328.61,6.895882515769447,0
2016-04-24,174433.0,201253.45,15.375790776401255,0
2016-04-25,171503.0,197154.3,14.956762782575229,0
2016-04-26,165215.0,193502.56,17.12166722149926,0
2016-04-27,167194.5,193265.4,15.593160211609835,0
2016-04-28,174157.5,194936.55,11.931181186569617,0
2016-04-29,173296.5,187705.52,8.314660495162919,0
2016-04-30,173050.0,193456.25,11.792112106327647,0
2016-05-01,144385.5,178833.7,23.858492109664752,0
2016-05-02,128195.5,159909.4,24.738704751726857,0
2016-05-03,147540.0,170886.48,15.823833790836384,0
2016-05-04,153737.5,162305.44,5.573095373607617,0
2016-05-05,162372.5,177742.45,9.46585975149732,0
2016-05-06,147667.5,164879.31,11.655789188548592,0
2016-05-07,140707.5,159677.94,13.482179343673927,0
2016-05-08,149116.0,172187.17,15.471962683414265,0
2016-05-09,171430.5,175932.9,2.6263740991247175,0
2016-05-10,172189.0,178764.47,3.8187507622438055,0
2016-05-11,166827.0,187139.27,12.175646403160156,0
2016-05-12,167417.5,189352.42,13.101928935147168,0
2016-05-13,122710.0,144328.53,17.617579048162323,0
2016-05-14,139317.0,172952.61,24.143219689628694,0
2016-05-15,160721.0,180072.06,12.040158100061603,0
2016-05-16,165015.0,190215.58,15.271689316122771,0
2016-05-17,168071.0,189703.27,12.870909094965821,0
2016-05-18,155661.0,183965.47,18.18340416032276,0
2016-05-19,156457.0,149027.66,-4.748489201505846,0
2016-05-20,142807.0,142619.19,-0.13151491173402086,0
2016-05-21,112827.5,118772.49,5.2690985686113745,0
2016-05-22,141611.5,159033.55,12.302706259731732,0
2016-05-23,149410.0,175140.25,17.221236865002343,0
2016-05-24,161179.0,182228.58,13.05975227852263,0
2016-05-25,146924.0,192510.1,31.026989293784535,0
2016-05-26,151739.0,174880.2,15.250662733377718,0
2016-05-27,147748.5,168770.95,14.228539122224593,0
2016-05-28,153064.5,170105.52,11.133225290645443,0
2016-05-29,163748.5,183038.47,11.780241498395405,0
2016-05-30,167954.5,190098.61,13.18458831111997,0
2016-05-31,167599.0,186716.4,11.406635033621914,0
2016-06-01,164145.0,183625.94,11.86812726552744,0
2016-06-02,177497.5,188410.33,6.148158776884172,0
2016-06-03,173167.5,177391.75,2.4394011578385166,0
2016-06-04,176585.5,183841.45,4.109031106744321,0
2016-06-05,179943.5,195657.34,8.732654277592689,0
2016-06-06,182518.0,190326.27,4.278079764735532,0
2016-06-07,176236.0,178590.83,1.33617883122632,0
2016-06-08,177051.0,179023.28,1.113962219925324,0
2016-06-09,179535.5,177192.4,-1.3050865984721716,0
2016-06-10,170517.5,170032.53,-0.2844099579222048,0
2016-06-11,163874.0,165594.1,1.0496440863102086,0
2016-06-12,150786.0,175250.86,16.224887837730286,0
2016-06-13,155964.0,165388.14,6.0425102106896444,0
2016-06-14,169000.0,170933.25,1.1439349112426056,0
2016-06-15,175178.5,178858.77,2.1008660452053185,0
2016-06-16,177561.5,179580.03,1.1368068246776497,0
2016-06-17,171188.5,175437.97,2.4823330714387914,0
2016-06-18,176957.5,176644.56,-0.17684330983428476,0
2016-06-19,183770.5,180692.05,-1.6751617506618355,0
2016-06-20,183283.5,184044.06,0.4149650677775174,0
2016-06-21,186189.0,185081.84,-0.5946410636503807,0
2016-06-22,184632.0,182409.58,-1.2037035156419296,0
2016-06-23,183701.5,176872.47,-3.7174607991769304,0
2016-06-24,176845.0,176581.58,-0.14895636008934732,0
2016-06-25,184663.0,184187.34,-0.2575807010608555,0
2016-06-26,190096.0,190319.92,0.11779410140140278,0
2016-06-27,190055.0,191121.66,0.5612355633895394,0
2016-06-28,190176.5,189844.05,-0.17481293692964694,0
2016-06-29,193117.5,191852.86,-0.6548555283700352,0
2016-06-30,193015.5,190419.4,-1.3450182757343332,0
2016-07-01,184676.5,180979.52,-2.00187050057804,0
2016-07-02,176970.0,175100.33,-1.0564908600327771,1
2016-07-03,164530.0,165096.92,0.34457051905427694,1
2016-07-04,147965.5,146088.48,-1.2685495098519572,0
2016-07-05,134542.5,136510.75,1.4629206384599636,0
2016-07-06,131925.5,132306.22,0.28858617174087886,0
2016-07-07,139270.5,139213.4,-0.04099486251575302,0
2016-07-08,140273.5,141004.94,0.52143669331699,0
2016-07-09,143503.5,144317.39,0.5671573341416769,0
2016-07-10,150677.5,152582.84,1.2645177614441394,0
2016-07-11,159023.0,166867.23,4.932767194053689,0
2016-07-12,164644.5,191673.81,16.416772197067008,0
2016-07-13,172629.0,195328.1,13.149061716165878,0
2016-07-14,178398.0,196549.78,10.174879342817755,0
2016-07-15,166954.0,174102.58,4.281765111947,0
2016-07-16,162150.0,162722.2,0.35288506012951526,0
2016-07-17,162136.5,164515.06,1.467012363039788,0
2016-07-18,160613.5,168563.45,4.949741537915564,0
2016-07-19,168399.0,172629.14,2.5119749078082343,0
2016-07-20,174699.0,179124.38,2.5331427197637035,0
2016-07-21,175082.0,181253.81,3.5250982396819674,0
2016-07-22,160029.0,167643.73,4.758346534065705,0
2016-07-23,164019.5,170667.42,4.053128972469744,0
2016-07-24,171464.0,175242.5,2.203669574954503,0
2016-07-25,168776.5,169459.95,0.40494566779143426,0
2016-07-26,163736.5,177661.95,8.504794670094928,0
2016-07-27,171542.0,187417.34,9.25449379743737,0
2016-07-28,179163.0,190238.44,6.181766045444648,0
2016-07-29,166612.0,176166.95,5.734852906753418,0
2016-07-30,174040.0,185397.0,6.525511376695015,0
2016-07-31,173205.5,185524.16,7.112162286994361,0
2016-08-01,176942.5,190683.08,7.765561199259641,0
2016-08-02,172892.0,189952.38,9.867648589871125,0
2016-08-03,180210.5,194373.72,7.85926388861915,0
2016-08-04,182051.0,196258.34,7.804045981620544,0
2016-08-05,168986.0,174412.52,3.2112220095155797,0
2016-08-06,172968.0,177848.25,2.821475648674898,0
2016-08-07,177636.5,181452.72,2.1483302981087693,0
2016-08-08,180459.5,189147.4,4.814324682269433,0
2016-08-09,177036.0,183614.55,3.7159373658465,0
2016-08-10,150408.0,160612.31,6.784421373863103,0
2016-08-11,161955.5,169614.03,4.7287873829539695,0
2016-08-12,163360.0,173305.94,6.088355472575913,0
2016-08-13,179264.5,185198.38,3.310122751576583,0
2016-08-14,182209.0,188746.47,3.5878956308414978,0
2016-08-15,178205.0,184486.03,3.524609999719419,0
2016-08-16,175159.0,196925.8,12.42687893570984,0
2016-08-17,169759.5,179301.11,5.620662982042246,0
2016-08-18,177047.5,188107.81,6.247087645970706,0
2016-08-19,174814.5,185124.75,5.897823121079782,0
2016-08-20,184322.0,197770.66,7.296283813109672,0
2016-08-21,159405.0,176950.25,11.006712461967938,0
2016-08-22,157431.5,184474.6,17.177689185455257,0
2016-08-23,180458.0,191790.48,6.279845933679851,0
2016-08-24,186713.5,196340.7,5.156136607690387,0
2016-08-25,178891.0,205885.4,15.089862681744748,0
2016-08-26,164379.0,179639.98,9.284023126433416,0
2016-08-27,181476.0,187247.81,3.1804825431462014,0
2016-08-28,185130.66666666663,200794.1,8.460741467287992,0
2016-08-29,187227.3333333333,202106.45,7.947087386635143,0
2016-08-30,188363.0,199273.31,5.792173887653096,0
2016-08-31,187206.0,194487.0,3.889298419922449,0
2016-09-01,182489.5,187181.58,2.5711496414862145,0
2016-09-02,172978.0,169034.0,-2.280058735792989,0
2016-09-03,176842.5,183326.55,3.666565941445077,0
2016-09-04,180421.0,190863.19,5.787678540746355,0
2016-09-05,179884.5,191218.66,6.300796483298998,0
2016-09-06,179915.0,186724.6,3.784894950393247,0
2016-09-07,181663.0,188798.48,3.927868842306914,0
2016-09-08,186451.0,193211.6,3.6259359027304816,0
2016-09-09,178518.5,184548.48,3.377792427675552,0
2016-09-10,176646.5,172394.53,-2.4070495311257267,0
2016-09-11,166481.0,163153.25,-1.998876748698053,0
2016-09-12,149295.5,148364.42,-0.6236478159087233,0
2016-09-13,135864.5,136316.53,0.3327074033319999,0
2016-09-14,143629.0,143491.08,-0.09602648142088555,0
2016-09-15,153285.0,155195.98,1.2466871350751862,0
2016-09-16,147768.6,157828.17,6.807651879357324,0
2016-09-17,161973.5,173277.19,6.978726458340412,0
2016-09-18,167873.5,192351.16,14.58101263749192,0
2016-09-19,170707.5,191087.2,11.938375950090062,0
2016-09-20,168035.5,184845.83,10.004033745845376,0
2016-09-21,173106.5,191351.44,10.539718323690916,0
2016-09-22,174201.5,189539.95,8.80500634322896,0
2016-09-23,165622.0,177909.33,7.418898530992268,0
2016-09-24,174361.5,183318.52,5.13703749107457,0
2016-09-25,176752.5,189029.83,6.9460562792605485,0
2016-09-26,174367.0,188985.83,8.383941987302634,0
2016-09-27,181020.0,193477.48,6.881827629543702,0
2016-09-28,182530.5,190797.67,4.5292002569433665,0
2016-09-29,182487.5,195897.44,7.348414274950343,0
2016-09-30,177693.5,183155.45,3.073805808878771,0
2016-10-01,182261.0,191406.2,5.017641253477145,0
2016-10-02,189686.0,194126.2,2.3408175221155014,0
2016-10-03,188500.5,200508.8,6.370432372858437,0
2016-10-04,186640.5,199379.95,6.825663843056562,0
2016-10-05,185016.5,195083.11,5.440925201265823,0
2016-10-06,185988.0,192932.44,3.7338094393186694,0
2016-10-07,173408.0,176405.69,1.7286904295072958,0
2016-10-08,181108.0,182916.5,0.9985754356516496,0
2016-10-09,184332.0,186958.36,1.4247983936592767,1
2016-10-10,178511.5,175580.58,-1.641867260652674,0
2016-10-11,158599.5,162598.72,2.5215834539200843,0
2016-10-12,153615.5,159151.75,3.6039657456441665,0
2016-10-13,166269.5,172244.33,3.593460090395406,0
2016-10-14,157214.0,161024.1,2.4235079255028102,0
2016-10-15,165100.5,167694.9,1.5714102925187934,0
2016-10-16,176166.5,176002.05,-0.09335096343515703,0
2016-10-17,178158.5,182102.11,2.213539839524925,0
2016-10-18,183581.5,187851.47,2.3259254064271095,0
2016-10-19,184953.0,187899.66,1.5931919190280697,0
2016-10-20,181838.0,182602.6,0.4204807301004143,0
2016-10-21,165082.0,166655.89,0.9533992955016224,0
2016-10-22,168384.5,170476.11,1.2421626545198627,0
2016-10-23,169746.0,171624.84,1.10685597893323,0
2016-10-24,169321.0,170389.0,0.6307546022052746,0
2016-10-25,171830.0,171552.84,-0.16129677588313518,0
2016-10-26,176248.0,176408.38,0.090993940356765,0
2016-10-27,164748.5,166131.75,0.839613107251358,0
2016-10-28,147337.5,153713.73,4.32763850004243,0
2016-10-29,156766.0,164538.9,4.958285757115699,0
2016-10-30,162910.0,169817.31,4.239956110735998,1
2016-10-31,170049.5,173008.2,1.7399069829667324,0
2016-11-01,173303.5,176044.86,1.5818257421229331,0
2016-11-02,174320.0,177284.19,1.7004288090867403,0
2016-11-03,175481.0,174969.28,-0.29160920555502123,0
2016-11-04,146899.0,149239.28,1.5931226557022171,0
2016-11-05,134540.5,137104.4,1.9056761718590387,0
2016-11-07,133716.0,137333.78,2.7055709488767343,0
2016-11-08,137510.5,143830.05,4.595683147832341,0
2016-11-09,138888.5,142048.66,2.2753188708928285,0
2016-11-10,139759.5,141088.88,0.9511875757998611,0
2016-11-11,124017.5,126788.98,2.234746356361006,0
2016-11-12,133039.0,134573.0,1.1530453476048308,0
2016-11-13,137792.5,143048.55,3.8144651377977734,0
2016-11-15,136630.5,140225.95,2.6315157486798357,0
2016-11-16,136700.5,137801.62,0.8055018086985832,0
2016-11-17,136949.5,136441.52,-0.370928243622648,0
2016-11-18,120519.5,122048.7,1.2688429050900396,0
2016-11-19,130288.5,127427.81,-2.195656178404082,0
2016-11-20,134441.5,135402.7,0.7149601313582554,0
2016-11-21,133993.0,134531.05,0.40154849507063606,0
2016-11-22,133797.0,134012.31,0.16092475915006066,0
2016-11-23,133635.5,133929.64,0.22010665204978963,0
2016-11-24,134742.5,134263.3,-0.35564363508172603,0
2016-11-25,119567.0,120533.414,0.8082615291008288,0
2016-11-26,127268.5,128432.26,0.9144115099180006,0
2016-11-27,132208.5,135547.78,2.5257689558538132,0
2016-11-28,132965.5,135556.19,1.94839074797597,0
2016-11-29,134548.5,135699.38,0.8553607063623847,0
2016-11-30,135870.5,136475.61,0.44535743594082966,0
2016-12-01,134672.0,137139.3,1.832078587234176,0
2016-12-02,121869.0,123387.06,1.2456510679500044,0
2016-12-03,130867.0,132050.2,0.9041264222454881,0
2016-12-04,135596.0,136666.94,0.7898002153455819,0
2016-12-05,135314.0,134998.22,-0.23336923747727667,0
2016-12-06,133467.5,133336.27,-0.09832683986737978,0
2016-12-07,134546.5,133930.66,-0.4577181494873517,0
2016-12-08,134675.5,135005.44,0.24498702436597242,0
2016-12-09,119908.0,121292.62,1.1547329515128268,0
2016-12-10,125556.0,125126.26,-0.34227132713690045,0
2016-12-11,131044.0,129957.45,-0.8291466034309081,0
2016-12-12,131175.0,129310.39,-1.4214670287783449,0
2016-12-13,124322.5,128149.89,3.0785985038910946,0
2016-12-14,128286.0,126908.62,-1.073681315576136,0
2016-12-15,130538.5,126275.88,-3.2654099652592916,0
2016-12-16,111052.5,111451.04,0.3588744625289797,0
2016-12-17,121650.5,123209.98,1.2819318971150961,0
2016-12-18,130467.0,129696.336,-0.5906965458698399,0
2016-12-19,129414.5,129566.28,0.11728303242681815,0
2016-12-20,129744.0,128751.86,-0.7646909490997666,0
2016-12-21,130652.5,128894.85,-1.3452849639310371,0
2016-12-22,131195.5,128166.266,-2.3089468579333916,0
2016-12-23,118683.0,119036.36,0.29773377400301726,0
2016-12-24,127726.0,126152.76,-1.2317321355871158,0
2016-12-25,131485.0,130655.734,-0.6306921892231032,0
2016-12-26,133021.0,132073.5,-0.7122935476353343,0
2016-12-27,131427.5,132562.6,0.8636653287934504,0
2016-12-28,131946.0,130864.234,-0.8198548080275314,0
2016-12-29,131430.5,129733.94,-1.2908438300090141,0
2016-12-30,117510.5,118957.05,1.2309937197101606,0
2016-12-31,125735.0,125999.82,0.21061781723465955,0
2017-01-01,129735.5,130532.805,0.6145616947558663,0
2017-01-02,129854.5,131052.06,0.9222341158758418,0
2017-01-03,131648.5,131532.38,-0.08820837305399953,0
2017-01-04,130615.5,131334.95,0.550817571421458,0
2017-01-05,133712.5,131206.64,-1.87406515845564,0
2017-01-06,119718.0,119422.734,-0.24663427805342586,0
2017-01-07,125537.0,124124.82,-1.1249111317778837,0
2017-01-08,132355.5,131230.16,-0.8502432841853924,0
2017-01-09,133117.5,132187.78,-0.6984196292748934,0
2017-01-10,132490.0,132961.56,0.3559230885349818,0
2017-01-11,134594.0,132722.75,-1.3902922864317824,1
2017-01-12,133799.0,134067.28,0.20051065404076418,0
2017-01-13,120223.5,121385.766,0.9667541079738884,0
2017-01-14,127288.0,127102.42,-0.145793888661927,0
2017-01-15,131371.0,132888.92,1.1554466929535545,0
2017-01-16,132981.5,133841.92,0.6470237401443146,0
2017-01-17,138636.0,136512.7,-1.5315624188522503,0
2017-02-09,141776.0,141992.06,0.15239709118610723,0
2017-02-10,131811.5,132278.33,0.35416342655989475,0
2017-02-11,140635.0,140841.53,0.14685622355743444,0
2017-02-12,148049.0,147615.3,-0.2929456632601357,0
2017-02-13,148982.5,147691.61,-0.8664713137448987,0
2017-02-14,148759.0,149002.36,0.16359304310999967,0
2017-02-15,149100.5,149556.73,0.30599117709195767,0
2017-02-16,151230.5,149826.67,-0.9282705042964245,0
2017-02-17,137169.0,137285.08,0.08462416799714934,0
2017-02-18,145365.5,145423.2,0.039695199342348886,0
2017-02-19,154870.5,150722.95,-2.6780741813321463,0
2017-02-20,155101.5,151384.31,-2.3966160868850395,0
2017-02-21,140817.5,140597.42,-0.1562860617465911,0
2017-02-22,156710.0,156663.42,-0.029722496968920264,0
2017-02-23,153357.5,153383.95,0.017249319400747254,0
2017-02-24,139615.0,139860.94,0.176154066540124,0
2017-02-25,143916.5,142639.45,-0.8873526489318495,0
2017-02-26,150632.0,151242.03,0.4049811792978808,0
2017-02-27,153158.0,151455.5,-1.1115971741600172,0
2017-02-28,154840.5,153946.7,-0.5772371407997245,0
2017-03-01,154906.5,156367.44,0.9431092304067246,0
2017-03-02,157041.5,159078.45,1.2970795140138103,0
2017-03-03,146612.0,148664.83,1.400177424085336,0
2017-03-04,152962.5,154055.22,0.7143703522105138,0
2017-03-05,153527.5,161745.16,5.352563058735416,0
2017-03-06,141433.5,155271.2,9.783893578961145,0
2017-03-07,159872.75,160495.77,0.3896946946868596,0
2017-03-08,154807.75,153808.61,-0.6454073681711692,0
2017-03-09,151325.0,145878.81,-3.5990004956220067,0
2017-03-10,134102.5,136674.5,1.9179359072351465,0
2017-03-11,124542.0,128211.484,2.9463830474859787,0
2017-03-12,146142.0,137111.06,-6.179563369873142,0
2017-03-13,146909.5,146810.69,-0.06726079661287798,0
2017-03-14,148356.5,150803.19,1.6491946763370624,0
2017-03-15,149763.5,149239.84,-0.3496554567701704,0
2017-03-16,153379.0,152607.14,-0.5032366719042392,0
2017-03-17,143129.5,142012.36,-0.7805103944330094,0
2017-03-18,138455.0,139632.25,0.8502762630457461,0
2017-03-19,152111.0,157878.14,3.7914027420764995,0
2017-03-20,142300.5,139881.36,-1.7000225754652987,0
2017-03-21,137802.0,145550.58,5.622979437889142,0
2017-03-22,153236.0,152344.69,-0.5816599885144491,0
2017-03-23,162254.0,159655.23,-1.601665059104862,0
2017-03-24,154508.5,154112.4,-0.25635725542607624,0
2017-03-25,139220.5,149407.89,7.317450106126611,0
2017-03-26,142519.5,143404.08,0.620671644932802,0
2017-03-27,163696.0,170478.72,4.143484721679203,0
2017-03-28,169029.5,167224.73,-1.0677222762890515,0
2017-03-29,163329.5,158136.42,-3.179510207892633,0
2017-03-30,160791.0,169522.5,5.430341250443127,0
2017-03-31,162491.0,162848.25,0.2198583306152413,0
2017-04-02,179674.0,170856.33,-4.907594796687331,0
2017-04-03,165276.5,163845.86,-0.8656043811431147,0
2017-04-04,149685.0,154318.73,3.0956571299729507,0
2017-04-05,150995.0,149261.34,-1.148154740223184,0
2017-04-06,158688.0,159758.2,0.6744070912734434,0
2017-04-07,163624.5,161359.53,-1.38424792741918,0
2017-04-08,181288.0,179056.25,-1.2310522483562014,0
2017-04-09,181028.5,187588.11,3.6235230226179915,0
2017-04-10,191794.0,175271.75,-8.614581269487054,0
2017-04-11,190948.5,180646.2,-5.395327470495969,0
2017-04-12,190912.5,179518.2,-5.968334642833762,0
2017-04-13,193770.0,186070.61,-3.973468867729779,0
2017-04-14,178634.5,170720.17,-4.430458911912316,0
2017-04-15,174497.0,170556.28,-2.25833037244193,0
2017-04-16,158551.5,154652.89,-2.458891511590866,0
2017-04-17,178513.5,177062.67,-0.8127273987681649,0
2017-04-18,191977.5,179577.12,-6.459285593363806,0
2017-04-19,163154.0,157239.1,-3.625351661620313,0
2017-04-20,136151.5,146487.9,7.591841624954565,0
2017-04-21,133144.0,126689.76,-4.847565183185121,0
2017-04-22,117135.5,116735.33,-0.3416315933256753,0
2017-04-23,130194.0,129757.695,-0.335118889887398,0
2017-04-24,116588.5,124491.86,6.778849865123915,0
2017-04-25,144208.5,141742.84,-1.7097856575721937,0
2017-04-26,161487.5,155295.05,-3.8346330985370436,0
2017-04-27,181786.5,156559.17,-13.877448614171017,0
2017-04-28,169740.5,152291.78,-10.27964377976971,0
2017-04-29,164512.5,167450.08,1.7856260922422207,0
2017-04-30,164710.5,167616.23,1.7641464114309668,0
2017-05-01,124250.0,132505.73,6.644454225352114,0
2017-05-02,130567.5,168772.4,29.26065540812224,0
2017-05-03,179375.0,175063.6,-2.403571428571427,0
2017-05-05,160419.0,161466.97,0.653269718674232,0
2017-05-06,176800.5,164493.89,-6.960732223607968,0
2017-05-07,178054.0,169999.62,-4.523557460096372,0
2017-05-08,188704.0,178418.22,-5.450748924241145,0
2017-05-09,170435.0,165784.67,-2.728505368615597,0
2017-05-10,170081.0,173470.14,1.9926626871902275,0
2017-05-11,182285.5,180508.44,-0.9748786930392161,0
2017-05-12,161331.5,165516.73,2.594183017575613,0
2017-05-13,183669.0,175402.0,-4.501031747328077,0
2017-05-14,185686.0,181037.19,-2.503588046487082,0
2017-05-15,162674.0,181378.66,11.498245724577982,0
2017-05-16,138589.5,173076.36,24.884179086438717,0
2017-05-17,167538.0,182579.78,8.978131080710039,0
2017-05-18,157219.0,185746.33,18.14496220240556,0
2017-05-19,171564.5,171291.11,-0.15935151211351473,0
2017-05-20,179651.0,180398.48,0.41607582201046434,0
2017-05-21,180645.0,187019.17,3.528562581305872,0
2017-05-22,189161.0,189064.61,-0.05095692293866083,0
2017-05-24,186193.0,192211.8,3.2325580848904023,0
2017-05-25,198446.0,194817.61,-1.8284019960089881,0
2017-05-26,178614.5,179685.9,0.5998428179123216,0
2017-05-27,190688.0,183297.52,-3.8756945245636887,0
2017-05-28,205682.5,205961.6,0.13569153914407828,0
2017-05-29,206402.0,200093.11,-3.056603436497707,0
2017-05-30,175414.0,168108.02,-4.164995026052654,0
2017-05-31,181675.5,184117.28,1.3440344185099207,0
2017-06-01,170800.0,176591.52,3.3908171106557417,0
2017-06-02,156702.5,171852.17,9.667792074153247,0
2017-06-03,177977.5,186868.19,4.995399699400216,0
2017-06-04,184954.7272727273,191553.75,3.567912442455201,0
2017-06-06,190663.0,196039.86,2.820085373145287,0
2017-06-07,209022.5,209753.2,0.3495810857682802,0
2017-06-08,208190.5,208562.97,0.17890765909107653,0
2017-06-09,193703.0,193896.95,0.10012912809818086,0
2017-06-10,202334.0,203789.7,0.7194555166210259,0
2017-06-11,197201.0,194729.2,-1.253440334988154,0
2017-06-12,153638.0,155449.89,1.179324532342263,0
2017-06-13,176469.5,175144.42,-0.7508822346071087,0
2017-06-14,193751.5,199578.19,3.0072992983280145,0
2017-06-15,195387.0,195491.89,0.05368352295700429,0
2017-06-16,172194.0,164884.19,-4.245102907186082,0
2017-06-17,183208.0,182473.42,-0.4009530833806396,0
2017-06-18,194586.0,192109.72,-1.272589626180709,0
2017-06-19,173900.5,173259.19,-0.3687812858502393,0
2017-06-20,176348.5,181661.17,3.01259827840894,0
2017-06-21,186903.5,186440.44,-0.24775485745317516,0
2017-06-22,190206.5,189363.98,-0.4429478619290106,0
2017-06-23,179463.5,178206.84,-0.7002294338403048,0
2017-06-24,176518.5,176164.6,-0.20049244130219135,0
2017-06-25,161577.0,162509.44,0.577085538164468,0
2017-06-26,156339.0,155513.64,-0.5279292914755707,0
2017-06-27,152627.5,155854.84,2.114523103634669,0
2017-06-28,152024.0,168214.5,10.649963163710986,0
2017-06-29,156507.0,179863.36,14.923523788073378,0
2017-06-30,152266.0,181886.38,19.453045985315164,0
2017-07-01,167569.5,187522.84,11.907503304598976,0
2017-07-02,174200.5,195764.11,12.378615087212719,0
2017-07-03,173190.5,186394.38,7.623902581261666,0
2017-07-04,176675.5,185737.47,5.12915981559412,0
2017-07-05,178058.5,184347.61,3.5320467009437806,0
2017-07-06,184659.0,195931.08,6.104266851331364,0
2017-07-07,176900.0,183781.16,3.8898565573770583,0
2017-07-08,186833.0,188054.73,0.6539178705046833,0
2017-07-09,189664.0,189226.97,-0.23042393390416693,0
2017-07-10,187711.5,187839.81,0.06835622750871462,0
2017-07-11,184598.0,188403.52,2.061515089545929,0
2017-07-12,182313.0,186219.55,2.142769234777564,0
2017-07-13,187173.0,189400.83,1.1902507973906573,0
2017-07-14,177974.0,180173.58,1.2358985722633609,0
2017-07-15,188734.5,194736.25,3.179996238101679,0
2017-07-16,200153.0,198806.36,-0.6728056162036089,0
2017-07-17,202417.0,204530.38,1.0440699150763066,0
2017-07-18,204425.5,214418.97,4.88856270377227,0
2017-07-19,190315.0,194667.55,2.2870225021674573,0
2017-07-20,179382.0,179210.33,-0.09570184020692984,0
2017-07-21,165566.5,166772.6,0.7284648464514154,0
2017-07-22,178772.5,187995.19,5.158896083010522,0
2017-07-23,183169.0,184135.2,0.5274927116488026,0
2017-07-24,161533.5,159997.73,-0.9507412549099703,0
2017-07-25,158330.5,160424.47,1.322530245278064,0
2017-07-26,169994.5,170488.47,0.2905792540346841,0
2017-07-27,181669.5,184539.7,1.579903684988393,0
2017-07-28,174924.5,176059.8,0.6490210776649352,0
2017-07-29,183592.0,184151.0,0.3044794980173515,0
2017-07-30,189670.0,197305.14,4.0254867005852235,0
2017-07-31,194326.5,207323.94,6.688453453337551,0
2017-08-01,197851.5,206449.48,4.345675607715882,0
2017-08-02,197509.5,211793.42,7.232017637126309,0
2017-08-03,194984.5,208398.75,6.879649408029875,0
2017-08-04,187242.0,194287.9,3.762994547163556,0
2017-08-05,195154.0,204146.06,4.60767522059502,0
2017-08-06,197942.0,205188.36,3.6608498322741045,0
2017-08-07,194264.5,201813.31,3.885842498243375,0
2017-08-08,197004.0,202163.72,2.6190933940427596,0
2017-08-09,196367.0,196659.67,0.14904330921183817,0
2017-08-10,191534.0,187258.88,-2.2320449632963313,0
2017-08-11,166308.5,168409.38,1.263239702119856,0
2017-08-12,168063.0,169096.39,0.6148828861795907,0
2017-08-13,179562.5,180927.25,0.760041768186559,0
2017-08-14,183972.5,182059.22,-1.0399821984263924,0
2017-08-15,179590.0,178698.52,-0.49639978562280307,0
2017-08-16,187298.0,187321.92,0.012772093134993945,1
2017-08-17,194400.0,194583.47,0.09437692901235195,0
2017-08-18,183607.0,182644.06,-0.5244557669369931,0
2017-08-19,189496.0,195160.52,2.98925340112719,0
2017-08-20,200612.0,201977.53,0.6806827358283751,0
2017-08-21,202132.5,209445.77,3.61805529788628,0
2017-08-22,196993.5,211082.03,7.151774677844691,0
2017-08-23,193691.5,209791.62,8.312251699222738,0
2017-08-24,199021.0,204558.28,2.782259786655672,0
2017-08-25,189745.5,191534.22,0.9426936343681414,0
2017-08-26,195129.5,192852.98,-1.166669122300834,0
2017-08-27,195010.5,199832.06,2.4724630212219267,0
2017-08-28,197052.5,198517.81,0.7436152801918228,0
2017-08-29,198711.0,199602.73,0.4487594421043628,0
2017-08-30,193589.0,179846.2,-7.098955454597111,0
2017-08-31,179442.0,171589.33,-4.376161587030902,0
2017-09-01,159994.5,157583.16,-1.5071416517442815,0
2017-09-02,150933.0,150860.14,-0.04827266071700809,0
2017-09-03,153122.5,154941.05,1.187641839050424,0
2017-09-04,159973.0,164751.52,2.9870763347565,0
2017-09-05,168745.0,174155.39,3.206252407478738,0
2017-09-06,174003.5,185801.78,6.7804850189794985,0
2017-09-07,178214.0,200355.67,12.424204537802863,0
2017-09-08,174799.5,187025.06,6.994048896020866,0
2017-09-09,180237.0,190236.8,5.548137660413799,0
2017-09-10,178225.0,187231.03,5.053180670500779,0
2017-09-11,171511.5,183748.73,7.134935193849978,0
2017-09-12,181440.0,190670.0,5.087081128747806,0
2017-09-13,191849.5,195207.61,1.7503873478950993,0
2017-09-14,193184.0,197303.64,2.1324957682830936,0
2017-09-15,186462.5,188046.48,0.8494921901186503,0
2017-09-16,195816.5,205895.23,5.147030191531354,0
2017-09-17,190507.0,201109.73,5.565535321536741,0
2017-09-18,192772.5,201303.36,4.425350802111305,0
2017-09-19,190290.5,193287.88,1.575157456625531,0
2017-09-20,188977.5,190921.44,1.0286608194097102,0
2017-09-21,194205.5,199597.22,2.7762955992492566,0
2017-09-22,186804.0,189331.47,1.3530056904563104,0
2017-09-23,196555.0,200938.16,2.2299896975401357,0
2017-09-24,208226.0,214651.61,3.085882346584956,0
2017-09-25,207985.0,211349.92,1.6178675745847082,0
2017-09-26,210383.0,212938.33,1.2146077035692038,0
2017-09-27,207514.5,209330.14,0.8749463892884668,0
2017-09-28,200882.0,207559.14,3.3239118611921414,0
2017-09-29,156373.5,170587.5,9.089775441491055,0
2017-09-30,176379.0,178991.34,1.4810968142465963,0
2017-10-01,178939.5,188443.22,5.3111351881501845,0
2017-10-02,189588.0,194267.14,2.4680573796864724,0
2017-10-03,197701.5,196976.5,-0.36671446600050617,0
2017-10-04,200584.5,203174.36,1.2911562832621737,0
2017-10-05,203131.0,210423.19,3.589893960055335,0
2017-10-06,194199.5,194727.36,0.2718129423608273,0
2017-10-07,192606.5,190644.34,-1.0187383343760459,0
2017-10-08,194347.0,195737.6,0.7155210782775034,0
2017-10-09,185543.0,184772.33,-0.4153602534183398,0
2017-10-10,191144.0,200601.94,4.94806925668605,0
2017-10-11,194479.0,207735.6,6.816465402434191,0
2017-10-12,201661.5,207901.88,3.0944801065151184,0
2017-10-13,188766.5,191713.84,1.5613701318825113,0
2017-10-14,192191.5,196135.8,2.052274359167816,1
2017-10-15,197139.5,209381.66,6.209895150388434,0
2017-10-16,199962.5,210424.98,5.232223229355504,0
2017-10-17,200075.5,208739.47,4.330349668000322,1
2017-10-18,201181.5,205174.08,1.984565243325065,0
2017-10-19,188617.0,194430.62,3.082238080342714,0
2017-10-20,145185.5,148058.55,1.9788800362295023,0
2017-10-21,100350.5,103488.266,3.1268061693763283,0
2017-10-22,139452.0,147213.9,5.566005686544484,0
2017-10-23,162688.5,164802.27,1.2992716909922875,0
2017-10-24,170302.0,165702.94,-2.700533464081456,0
2017-10-25,171358.0,171135.67,-0.1297448178666838,0
2017-10-26,171455.5,171224.97,-0.13445544179101487,0
2017-10-27,149508.5,150305.39,0.5330069026175721,0
2017-10-28,153983.0,159544.44,3.6117217485047037,0
2017-10-29,158223.0,163833.67,3.5460532760723806,0
2017-10-30,147909.5,154952.27,4.761537037850849,0
2017-10-31,143145.0,153770.77,7.4230784344545775,0
2017-11-01,149964.0,155417.28,3.6363935677895975,0
2017-11-02,152550.5,158339.1,3.794542626867825,0
2017-11-03,138658.0,144896.61,4.499278350329594,0
2017-11-04,152862.5,157603.73,3.1016334123804112,0
2017-11-07,163878.0,165538.52,1.0132632964766408,0
2017-11-08,164003.0,164696.7,0.4229819728907458,0
2017-11-09,162879.0,164074.33,0.7338749163489533,0
2017-11-10,141600.2,143902.33,1.6257944021265347,0
2017-11-11,146361.0,151844.98,3.7468891132200532,0
2017-11-12,157449.0,159899.66,1.5564762240471541,0
2017-11-13,159135.5,157257.98,-1.179821991321861,0
2017-11-14,158865.5,156385.33,-1.5611771435585453,0
2017-11-15,155214.0,150772.7,-2.861402241421518,1
2017-11-16,148928.0,148517.88,-0.27538474967769844,0
2017-11-17,136033.5,137038.64,0.7388919824895979,0
2017-11-18,152043.5,151151.62,-0.5865919950540421,0
2017-11-19,161859.5,162450.84,0.3653438630417227,0
2017-11-20,160156.0,159364.69,-0.49408857613826296,0
2017-11-21,153444.5,151905.97,-1.0026630149663207,0
2017-11-22,146561.5,144851.7,-1.1666071069141637,0
2017-11-23,145698.5,141964.84,-2.562590726740499,0
2017-11-24,127816.5,126455.82,-1.0645571483337446,0
2017-11-25,139016.5,131923.31,-5.102406908532442,0
2017-11-26,141288.0,138606.67,-1.8977748464130029,0
2017-11-27,142318.0,138752.17,-2.5055355787742983,0
2017-11-28,141736.5,139123.16,-1.8438043482095323,0
2017-11-29,141347.0,137869.19,-2.4604784678839975,0
2017-11-30,140357.5,138150.33,-1.572535756906468,0
2017-12-01,127558.5,125609.18,-1.5281775126706587,0
2017-12-02,130613.0,132540.11,1.475434585378177,0
2017-12-03,137870.0,139025.14,0.8378477007325635,0
2017-12-04,140256.5,138655.08,-1.1417808622060321,0
2017-12-05,141047.0,138810.4,-1.5857081327500744,0
2017-12-06,142018.5,138790.53,-2.272921309547704,0
2017-12-07,122959.0,139078.19,13.10940028790084,0
2017-12-08,127111.0,125661.17,-1.1406000464161292,0
2017-12-09,131113.0,131549.94,0.3332526141572645,0
2017-12-10,139872.0,139742.81,-0.09236123026766796,0
2017-12-11,145671.0,138459.77,-4.950356882976026,0
2017-12-12,144692.5,146243.06,1.071626034521489,0
2017-12-13,145452.5,144702.05,-0.5159437788968879,0
2017-12-14,145390.5,143363.89,-1.3939077002967815,0
2017-12-15,130219.61111111112,128065.57,-1.6541600610165963,0
2017-12-17,128560.96153846152,137016.94,6.577405660589042,0
2017-12-19,139244.0,136498.78,-1.971516726034872,0
2017-12-20,139628.0,138958.88,-0.47921978399747545,0
2017-12-21,138533.0,139561.42,0.7423659886092171,0
2017-12-22,125940.5,126805.91,0.6871548469316924,0
2017-12-23,134625.5,133496.72,-0.838460209989933,0
2017-12-24,141339.0,139024.34,-1.6376628177643848,0
2017-12-25,137642.5,131148.22,-4.718223840746861,0
2017-12-26,140528.5,137911.55,-1.8622223427987916,0
2017-12-27,141467.5,137670.81,-2.6837877957834877,0
2017-12-28,142430.5,138130.84,-3.018774946377356,0
2017-12-29,127735.0,126271.195,-1.1459699279758873,0
2017-12-30,136727.0,133233.83,-2.554851547243775,0
2018-01-01,139647.5,139326.58,-0.22980853577758698,0
2018-01-02,139276.5,137944.42,-0.9564270533794272,1
2018-01-03,138927.5,138988.69,0.04404275611380459,0
2018-01-04,137320.5,138163.77,0.6140857519452592,0
2018-01-05,125043.5,125043.836,0.00026865650752938564,0
2018-01-06,129736.5,129998.984,0.2023211470943087,0
2018-01-07,136222.5,139005.0,2.042614105599294,0
2018-01-08,138274.5,139734.95,1.0561984494610321,0
2018-01-09,140018.0,139539.45,-0.3417752538959262,0
2018-01-10,139846.5,140091.75,0.1753708530424447,0
2018-01-12,129752.5,130743.23,0.7635510394790046,0
2018-01-13,141483.44444444444,138373.97,-2.197766464234918,0
2018-01-15,143597.0,143026.7,-0.39715096763860425,0
2018-01-16,143298.0,143593.08,0.20591922078465608,0
2018-01-17,146255.0,143970.58,-1.5619444634371482,0
2018-01-18,147061.5,144574.31,-1.6912567191277095,0
2018-01-19,132369.0,131566.62,-0.6061653408275358,0
2018-01-20,137734.0,138567.56,0.6051973368957464,0
2018-01-21,143938.5,146131.27,1.5234045269333807,0
2018-01-22,146645.5,146421.28,-0.15289848648611937,0
2018-01-23,147296.0,146908.03,-0.26339394824027584,0
2018-01-24,149886.5,147802.78,-1.3901977496305506,0
2018-01-25,152214.5,148347.02,-2.5408120612688045,0
2018-01-26,136563.0,134736.1,-1.3377754223325544,1
2018-01-27,143826.0,141670.8,-1.4984794995341555,0
2018-01-28,150879.0,148477.53,-1.5916520854459493,0
2018-01-29,151011.5,148794.03,-1.4684105184042284,0
2018-01-30,152270.0,149348.2,-1.918826344650948,0
2018-01-31,153425.0,149185.92,-2.7629643962848283,0
2018-02-01,154440.0,151474.86,-1.9199304746179702,0
2018-02-02,135470.5,136623.4,0.8510386025001759,0
2018-02-03,148389.5,145754.78,-1.7755425754517717,0
2018-02-04,149392.5,152555.78,2.1174297571832534,0
2018-02-05,153479.0,153704.34,0.14682383257644815,0
2018-02-06,150385.0,151760.58,0.9147043421883883,0
2018-02-07,155751.0,152026.98,-2.391005916494915,0
2018-02-08,157947.5,152253.31,-3.605114041057944,0
2018-02-09,140759.0,138905.2,-1.3170006003168533,0
2018-02-10,151807.0,147349.3,-2.9364279150500328,0
2018-02-11,154155.0,151814.44,-1.518317602413155,0
2018-02-12,154773.0,151028.58,-2.419299151014709,0
2018-02-13,158518.5,152331.31,-3.903132757375327,0
2018-02-14,156974.5,153043.95,-2.503939732249505,0
2018-02-15,159440.5,152016.83,-4.656076639875062,0
2018-02-16,140043.0,137300.92,-1.958025838492461,0
2018-02-18,158567.5,155872.53,-1.6995719488545835,0
2018-02-19,161250.5,158018.08,-2.0045964973751995,0
2018-02-20,163701.0,159111.83,-2.803386585909673,0
2018-02-21,146370.0,146745.6,0.25660569105692144,0
2018-02-22,157928.5,161302.44,2.136370256160225,0
2018-02-23,150566.5,147431.69,-2.082011934925765,0
2018-02-24,165375.5,162613.3,-1.6702613899882368,0
2018-02-25,172885.5,173120.27,0.13579254766882265,0
2018-02-26,137835.0,159277.62,15.556734501396608,0
2018-02-27,161586.0,165704.84,2.549010279355879,0
2018-02-28,170145.0,167092.27,-1.7941957594992508,0
2018-03-01,171549.0,168908.31,-1.539319669598771,0
2018-03-02,157546.0,155013.3,-1.607595956101715,0
2018-03-03,171451.5,169517.83,-1.1278244139013127,0
2018-03-04,184599.5,180322.8,-2.3167468628029875,0
2018-03-05,190287.0,183755.73,-3.4323236085491926,0
2018-03-06,187632.0,183147.1,-2.390267251854694,0
2018-03-07,187692.5,181637.1,-3.226237729264625,0
2018-03-08,183680.5,179806.6,-2.109046006516746,0
2018-03-09,162102.5,163010.78,0.5603129192948808,0
2018-03-10,171619.0,170971.06,-0.37754415303666855,0
2018-03-11,182211.5,183172.94,0.5276491878942968,0
2018-03-12,185613.0,187529.08,1.0322973741063501,0
2018-03-13,189825.0,184616.1,-2.7440570262083464,0
2018-03-14,188723.5,187076.45,-0.872730144894518,0
2018-03-15,192699.5,191309.86,-0.7211438664864178,0
2018-03-16,176004.5,173100.12,-1.6501708763128176,0
2018-03-17,186191.0,184499.92,-0.9082491232121903,0
2018-03-18,194367.0,195764.28,0.7188881085780974,0
2018-03-19,198626.0,197039.08,-0.7989497220907582,0
2018-03-20,196666.5,194811.66,-0.9431416891031219,0
2018-03-21,196051.5,195523.05,-0.26954811618375984,0
2018-03-22,200670.5,199335.67,-0.6651840330292647,0
2018-03-23,186087.5,184881.78,-0.6479310808087613,1
2018-03-24,198359.0,193573.08,-2.412757613720573,0
2018-03-25,200363.5,204093.72,1.8617256885610445,0
2018-03-26,181853.5,186099.89,2.3350612581006125,0
2018-03-27,185015.0,187570.39,1.3811802421425323,0
2018-03-28,197984.5,199001.17,0.5135108430205371,0
2018-03-29,196839.5,198042.23,0.6110228765059844,0
2018-03-30,147450.5,182642.48,23.866982054994736,0
2018-03-31,128979.5,147024.08,13.990268317833454,0
2018-04-01,170684.0,179272.38,5.031739940474789,0
2018-04-02,176828.5,170072.25,-3.820792462753464,0
2018-04-03,189226.0,186310.16,-1.5409318751122947,0
2018-04-04,191526.0,194969.64,1.7980016420747091,0
2018-04-05,184645.5,176317.2,-4.510425044206334,0
2018-04-06,154548.5,153001.47,-1.0010004949902451,0
2018-04-07,174312.0,169630.84,-2.6855042968929266,0
2018-04-08,173054.5,160052.22,-7.513402569710703,0
2018-04-09,189675.0,174358.98,-8.074873138262816,0
2018-04-10,183378.0,177293.47,-3.31802683528013,0
2018-04-11,190105.0,176590.66,-7.1088839062623315,0
2018-04-12,168200.5,186816.52,11.067752845562296,0
2018-04-13,161471.0,171719.3,6.3468343386738235,0
2018-04-14,176710.5,175196.55,-0.8567420300434891,0
2018-04-15,184725.5,195015.95,5.570672768513285,0
2018-04-16,205733.5,202388.45,-1.6259125883728243,0
2018-04-17,175730.5,177367.22,0.9313800108689207,0
2018-04-18,164378.5,180878.4,10.037752047865144,0
2018-04-19,171776.0,177077.03,3.086013907647178,0
2018-04-20,162434.5,169128.48,4.12103609454888,0
2018-04-21,171390.0,173143.55,1.0231325485734244,0
2018-04-22,179705.0,178131.22,-0.8757581870287412,1
2018-04-23,194945.0,188574.64,-3.2677726410013097,0
2018-04-24,209075.5,194410.05,-7.014429297072111,0
2018-04-25,189222.0,181024.06,-4.33244416611176,0
2018-04-26,168043.0,169358.66,0.7829283278684596,0
2018-04-27,154919.5,151288.92,-2.3435255890962736,0
2018-04-28,185209.5,176870.45,-4.502494135020074,0
2018-04-29,150495.5,151075.97,0.3857050543039531,0
2018-04-30,138642.0,142143.66,2.525682152594455,1
2018-05-01,137931.0,139045.56,0.8080580145145122,0
2018-05-02,132032.5,161625.03,22.41306591180201,0
2018-05-03,163172.0,163041.58,-0.07992907790552728,0
2018-05-04,154281.5,155606.52,0.8588298823902996,0
2018-05-05,166669.0,163009.22,-2.195838008267881,0
2018-05-06,185798.5,177039.72,-4.714129150665913,0
2018-05-07,179966.0,175436.97,-2.516603830723585,0
2018-05-08,192593.5,188970.88,-1.8809695031244522,0
2018-05-09,191330.5,180824.78,-5.490875082644953,0
2018-05-10,169079.5,174911.4,3.4492095434396353,0
2018-05-11,143390.0,162913.19,13.615445637771106,0
2018-05-12,165090.0,176272.83,6.773776803561704,0
2018-05-13,180904.0,181096.4,0.10635820656259565,0
2018-05-14,184233.0,175883.92,-4.531803816362978,0
2018-05-15,191034.0,182422.98,-4.5075827470502645,0
2018-05-16,162399.0,166993.81,2.8293354638883272,0
2018-05-17,182693.0,185976.77,1.7974227939767884,0
2018-05-18,170359.5,170601.19,0.14186910621363236,0
2018-05-19,182721.0,184361.69,0.8979195056944667,0
2018-05-20,194600.16666666663,194375.92,-0.1152336071997051,0
2018-05-21,187866.3333333333,188404.94,0.28669541642196705,0
2018-05-22,200323.0,198919.78,-0.7004781028638773,0
2018-05-23,197216.0,189881.19,-3.71917719657634,0
2018-05-24,198451.5,193018.77,-2.7375627672252434,0
2018-05-25,186785.0,183081.6,-1.9827107369435493,0
2018-05-26,205157.5,199481.7,-2.7665558778012023,0
2018-05-27,222119.5,216964.48,-2.320829834841154,0
2018-05-28,218550.5,221473.61,1.3374983699419696,0
2018-05-29,202226.0,221608.81,9.584728224857342,0
2018-05-30,221035.0,223500.98,1.11565334675503,0
2018-05-31,195648.0,193065.53,-1.3199566312970257,0
2018-06-01,181521.0,187167.28,3.1105388632720166,0
2018-06-02,199425.5,203712.0,2.149424221075047,0
2018-06-03,217102.0,213832.08,-1.5061684715018786,0
2018-06-04,221826.5,218300.69,-1.5894460310197367,0
2018-06-05,222911.5,219493.52,-1.5333369408935815,0
2018-06-06,228838.0,223386.98,-2.382041280294356,0
2018-06-07,233624.5,224825.33,-3.766373764309827,0
2018-06-08,214039.5,206531.22,-3.5078951548662696,0
2018-06-09,223331.0,215381.0,-3.5597386838369993,0
2018-06-10,214546.5,208876.47,-2.6427982978049047,0
2018-06-11,211246.5,204681.2,-3.107884331811417,1
2018-06-12,207530.5,202837.12,-2.2615350514743615,0
2018-06-13,201193.0,189229.67,-5.946195009269706,0
2018-06-14,208950.0,184351.84,-11.772269083512798,0
2018-06-15,176169.5,175803.42,-0.20779881023673674,0
2018-06-16,146025.5,146630.19,0.41409719535285827,0
2018-06-17,155142.0,156497.95,0.8740077638550448,0
2018-06-18,168226.5,171948.72,2.212623308456152,0
2018-06-19,160673.5,173400.52,7.921042128913602,0
2018-06-20,177803.5,188463.53,5.995400118670324,0
2018-06-21,195972.0,212084.67,8.221925517420846,0
2018-06-22,193559.0,201414.55,4.058476678945433,0
2018-06-23,200151.5,196245.42,-1.9515607552279102,0
2018-06-24,203889.5,202936.0,-0.4676552740577655,0
2018-06-25,200474.0,197718.22,-1.3746327453934226,0
2018-06-26,200886.5,211169.61,5.118865316982468,0
2018-06-27,203852.5,207585.67,1.831310322414481,0
2018-06-28,205894.0,206026.02,0.0641182477391311,0
2018-06-29,190640.5,194794.58,2.179011345962678,0
2018-06-30,205029.0,203279.02,-0.8535301713416099,0
2018-07-02,210630.5,204510.88,-2.905384073056849,0
2018-07-03,197165.0,192223.73,-2.5061575964293814,0
2018-07-04,194624.0,189515.92,-2.6245879876068745,0
2018-07-05,206471.0,202892.25,-1.7332942640855165,0
2018-07-06,199765.5,200761.17,0.4984203353431971,0
2018-07-07,217156.5,216599.56,-0.2564682613691027,0
2018-07-08,224340.0,218473.34,-2.615073660515288,0
2018-07-09,221215.5,217469.11,-1.6935479769726758,0
2018-07-10,222421.0,220374.44,-0.9201300686535907,0
2018-07-11,227613.5,231101.12,1.5322575330549482,0
2018-07-12,231904.0,231258.77,-0.2782333961466765,0
2018-07-13,211212.5,217046.03,2.7619251938213907,0
2018-07-14,224593.0,227366.4,1.2348587222219765,0
2018-07-15,230132.5,238984.56,3.846506903631597,0
2018-07-16,224065.5,229859.05,2.5856487835030473,0
2018-07-17,225073.0,231418.73,2.8194116464435925,0
2018-07-18,231347.0,237896.06,2.830839604576685,0
2018-07-19,241424.0,247363.77,2.460304536831459,0
2018-07-20,223845.5,232077.11,3.6773620086175463,0
2018-07-21,209866.5,214010.0,1.9743503608246282,0
2018-07-22,210794.0,205242.38,-2.6336731595775986,0
2018-07-23,209429.5,208520.02,-0.43426755781779125,0
2018-07-24,201067.0,202338.84,0.632547235498615,0
2018-07-25,202591.5,203623.03,0.5091680796084797,0
2018-07-26,204251.0,205243.17,0.48576108562503606,0
2018-07-27,189618.66666666663,187233.34,-1.257957857524561,0
2018-07-28,198423.3333333333,196658.92,-0.889215713037772,0
2018-07-29,211741.0,205510.33,-2.9425911254787662,0
2018-07-30,214439.0,205414.11,-4.208605069506943,0
2018-07-31,218114.0,205027.97,-5.99962920766205,0
2018-08-01,210568.5,201866.42,-4.132659027822305,0
2018-08-02,203548.0,201148.48,-1.1788451004185796,0
2018-08-03,187782.5,188353.73,0.3042000053253169,0
2018-08-04,207390.0,202614.0,-2.3029075654563913,0
2018-08-05,222233.0,216998.0,-2.355635751666041,0
2018-08-06,223107.5,215423.9,-3.44389756059299,0
2018-08-07,218405.0,216410.67,-0.9131329983287917,0
2018-08-08,225282.5,219192.08,-2.703459822667098,0
2018-08-09,228703.0,225253.06,-1.508479337831159,0
2018-08-10,217862.5,220026.06,0.9930862355843617,0
2018-08-11,228282.5,231984.17,1.6215311620470185,0
2018-08-12,234391.5,236109.8,0.7330883905773078,0
2018-08-13,232767.5,239083.52,2.713443940842253,0
2018-08-14,235648.0,238670.95,1.2828257082597716,0
2018-08-15,224384.0,224492.83,0.04850084007772537,0
2018-08-16,232637.5,230961.0,-0.7206490785019559,0
2018-08-17,226195.0,216681.81,-4.205746148234935,0
2018-08-18,233799.5,224033.64,-4.177023207919605,1
2018-08-19,229029.5,215971.7,-5.701360250535414,0
2018-08-20,208414.0,203031.42,-2.5826375027589332,0
2018-08-21,182485.5,185636.02,1.7264471012765403,0
2018-08-22,173212.5,173245.47,0.01903370137836813,0
2018-08-23,183269.0,183815.0,0.2979227256109773,0
2018-08-24,178260.0,183962.48,3.19897025412319,0
2018-08-25,186884.5,195687.75,4.7105297657109135,0
2018-08-26,197381.5,209498.12,6.138683209925966,0
2018-08-27,203614.0,222309.9,9.182033774691334,0
2018-08-28,206077.5,220215.4,6.86048028047701,0
2018-08-29,210222.5,223583.06,6.355438880234043,0
2018-08-30,216084.0,225342.44,4.284647405638542,0
2018-08-31,206117.0,213807.22,3.7309968367480684,0
2018-09-01,216255.0,223501.19,3.3507606760537323,0
2018-09-02,211289.5,219892.66,4.071738657150492,0
2018-09-03,218931.5,219033.48,0.04658277817490841,0
2018-09-04,223370.5,225547.36,0.9745509702489885,0
2018-09-05,222963.5,226908.9,1.7695301024607257,0
2018-09-06,217207.0,219026.81,0.8378240572357143,0
2018-09-07,203539.5,199511.97,-1.9787467543154968,0
2018-09-08,220953.0,219315.03,-0.7413199866034836,0
2018-09-09,229636.0,224986.84,-2.0245763948161466,0
2018-09-10,226940.5,224658.38,-1.0056049933793165,0
2018-09-11,218854.75,222556.19,1.6912758347716883,0
2018-09-12,216974.25,214007.33,-1.3674073651596896,1
2018-09-13,210786.0,210268.33,-0.24559120387501743,0
2018-09-14,202334.5,195545.8,-3.355188129063502,0
2018-09-15,219836.0,208108.19,-5.334800715078513,0
2018-09-16,232986.0,223274.1,-4.168450572137383,0
2018-09-17,242017.5,230450.34,-4.779471009327841,0
2018-09-18,242856.5,231063.0,-4.856159913364477,0
2018-09-19,246523.0,228772.36,-7.200399404923674,0
2018-09-20,219598.0,230684.95,5.048749590160195,0
2018-09-21,196440.5,216513.89,10.218560136529886,0
2018-09-22,215917.0,224514.86,3.9820205796671893,0
2018-09-23,232197.5,234406.23,0.9512309025721644,0
2018-09-24,237609.0,236431.77,-0.4954502459923682,0
2018-09-25,233545.0,230114.12,-1.4690423687083842,0
2018-09-26,233696.0,226405.92,-3.1194706477646217,0
2018-09-27,230487.0,229356.94,-0.49029337880227564,0
2018-09-28,213945.0,213308.62,-0.2974479422281462,0
2018-09-29,231098.0,226588.88,-1.951174393547328,0
2018-09-30,242169.0,235156.31,-2.89578249073994,0
2018-10-01,238645.5,233461.66,-2.1721942169452224,0
2018-10-02,234682.5,233642.52,-0.4431452600854313,0
2018-10-03,237363.5,232990.78,-1.8422035190751695,0
2018-10-04,233774.0,236039.11,0.9689312648113235,0
2018-10-05,216273.5,217046.22,0.35728776294829956,0
2018-10-06,224889.5,222588.45,-1.0231899999777694,0
2018-10-07,228488.5,226193.12,-1.004591040686953,0
2018-10-08,224219.0,224139.2,-0.035588810493314416,0
2018-10-09,215062.0,216215.1,0.5361680585133533,0
2018-10-10,200057.0,200773.05,0.35792142989248266,0
2018-10-11,177142.0,177431.34,0.1633400040645272,0
2018-10-12,157964.5,156123.64,-1.1653627080768114,0
2018-10-13,164328.0,165358.64,0.6271850354169661,0
2018-10-14,173296.0,178866.78,3.214604635998519,0
2018-10-15,183057.0,190820.98,4.241293353982645,0
2018-10-16,185399.0,187520.86,1.1444826428405719,0
2018-10-17,184609.0,184056.88,-0.29907805144927524,0
2018-10-18,187314.0,189057.6,0.9308400600061884,0
2018-10-19,172622.5,175654.6,1.7564881460991444,0
2018-10-20,186079.5,189621.69,1.9035882512582036,0
2018-10-21,196655.0,199285.1,1.3374151432712145,0
2018-10-22,195379.5,196914.72,0.7857624520484441,0
2018-10-23,196725.5,195612.94,-0.5655405628655186,0
2018-10-24,193968.5,191838.4,-1.098164779332722,0
2018-10-25,187296.5,185482.23,-0.9686596519422386,0
2018-10-26,165052.0,165817.08,0.4635376275355707,0
2018-10-27,179176.5,173617.77,-3.1023791484932506,0
2018-10-28,173289.5,176896.77,2.0816411986877448,0
2018-10-29,165324.5,172256.16,4.192758030418964,0
2018-10-30,168978.5,168364.88,-0.36313791399497086,0
2018-10-31,177584.5,173115.81,-2.516372487463714,0
2018-11-01,183416.0,183840.23,0.23129627458891022,0
2018-11-02,166912.5,167549.11,0.3814030554931458,0
2018-11-03,180654.0,176690.73,-2.1938432722220402,0
2018-11-04,186679.0,185548.03,-0.605836087615641,0
2018-11-05,182904.5,184277.66,0.7507503915977987,0
2018-11-06,179301.5,182001.42,1.5057999375353903,0
2018-11-07,172469.0,176986.19,2.6191301045405346,0
2018-11-08,168739.0,169946.28,0.7154725641375093,0
2018-11-09,145411.5,147057.73,1.1321211699212297,0
2018-11-10,154528.0,154452.58,-0.048807902127767644,0
2018-11-11,159147.5,163334.45,2.630863271493422,0
2018-11-12,163367.0,162867.38,-0.30582981875164617,1
2018-11-13,162979.5,164211.12,0.7556932006786088,0
2018-11-14,164388.5,164964.25,0.35023739495159134,0
2018-11-15,166352.0,165579.89,-0.46414192495430884,0
2018-11-16,146037.5,148657.75,1.7942309338354834,0
2018-11-17,156491.0,155184.89,-0.834622677981478,0
2018-11-18,160405.0,160085.95,-0.1989008291512162,0
2018-11-19,158380.0,156756.53,-1.0250465652228868,0
2018-11-20,157185.0,155104.11,-1.323848093011415,0
2018-11-21,148665.5,154478.36,3.91002577935029,0
2018-11-22,155906.5,154759.25,-0.7358577095887608,0
2018-11-23,140381.5,138774.92,-1.14443721216827,0
2018-11-24,148779.0,146789.27,-1.3373758225287191,0
2018-11-25,155938.0,156010.1,0.04623231668996475,1
2018-11-26,156789.5,154991.88,-1.1465212912854517,0
2018-11-27,157654.5,155782.45,-1.1874363719399095,0
2018-11-28,159100.5,156413.97,-1.6885749887649681,0
2018-11-29,157058.0,155867.77,-0.7578311037960472,0
2018-11-30,139379.0,139408.97,0.0215016250654676,1
2018-12-01,144155.0,145565.86,0.9787099823107104,0
2018-12-02,151630.5,152908.86,0.8430753542328251,0
2018-12-03,151316.5,152945.61,1.0766237488971875,0
2018-12-04,151609.5,152646.58,0.684045607300332,0
2018-12-05,152049.5,150767.38,-0.8432286853952142,0
2018-12-06,152658.5,149865.27,-1.8297273817049153,0
2018-12-07,133676.0,136243.48,1.9206771409976398,0
2018-12-08,141730.0,141056.19,-0.47541981231919994,0
2018-12-09,149925.0,146796.14,-2.0869497248624302,0
2018-12-10,150070.5,147552.78,-1.677690652060193,0
2018-12-11,151744.0,150213.53,-1.0085860066954888,0
2018-12-12,151814.0,150940.73,-0.5752207470984261,0
2018-12-13,153738.5,150962.61,-1.805592369510567,0
2018-12-14,138667.5,137156.58,-1.0896005733138647,0
2018-12-15,144839.5,144768.44,-0.049062928275778184,0
2018-12-16,135966.0,137434.69,1.0801873262433315,0
2018-12-17,146028.5,146572.31,0.372401620231666,0
2018-12-18,139731.0,140428.7,0.49931878037086097,0
2018-12-19,149508.0,145407.27,-2.7428193641811816,0
2018-12-20,149377.5,146154.69,-2.157495272045651,0
2018-12-21,135756.0,132300.28,-2.545536661363035,0
2018-12-22,145250.0,136602.03,-5.953851118760756,0
2018-12-23,150205.0,144377.14,-3.87993700276289,0
2018-12-24,148630.5,145623.48,-2.0231484284853996,0
2018-12-25,149660.0,146530.23,-2.091250584658555,0
2018-12-26,151053.5,148079.6,-1.9687767910045118,0
2018-12-27,150023.0,147678.36,-1.5628541123694384,0
2018-12-28,137171.5,133867.58,-2.408606652985501,0
2018-12-29,130708.0,137719.0,5.363864491844406,0
2018-12-30,103396.5,138972.52,34.40736932584758,0
2018-12-31,125036.5,142079.16,13.630144997660686,0
2019-01-01,141620.5,145839.17,2.9788567862703452,0
2019-01-02,146470.0,147303.64,0.5691545196968573,0
2019-01-03,149442.5,149200.02,-0.1622593137828976,0
2019-01-04,132311.5,134696.9,1.8028714435253113,0
2019-01-05,142870.5,138820.72,-2.8345818415978052,0
2019-01-06,150871.0,148248.44,-1.7382813794566188,0
2019-01-07,151003.0,150683.0,-0.2119163195433149,0
2019-01-08,149821.0,151129.72,0.873521569072433,0
2019-01-09,152527.0,152904.03,0.2471898417985008,0
2019-01-10,152071.0,154200.45,1.400301914895019,1
2019-01-11,135940.0,139001.95,2.252429840370751,0
2019-01-12,143889.0,144390.1,0.3482502137063914,0
2019-01-13,155172.0,154648.3,-0.3374984694403671,1
2019-01-14,156574.0,155416.23,-0.7394367040504779,0
2019-01-15,156290.5,156842.81,0.3533884017262734,0
2019-01-16,156487.0,156611.44,0.07951938499684008,0
2019-01-17,158005.0,156711.67,-0.8185362013860331,0
2019-01-18,143214.5,142624.2,-0.41217675235398765,0
2019-01-19,149785.0,148939.98,-0.5641523683946992,0
2019-01-20,159498.0,157180.02,-1.453299963008936,0
2019-01-21,161902.0,160925.39,-0.6032101981445548,0
2019-01-22,162063.5,162612.36,0.33866933331687665,0
2019-01-23,162715.0,162250.5,-0.2854684571182764,0
2019-01-24,165609.0,165580.05,-0.017482820981951086,0
2019-01-25,147697.5,148514.34,0.553051845833541,0
2019-01-26,155623.5,158250.33,1.6879379560284846,0
2019-01-27,168359.5,167982.84,-0.22372141162215753,0
2019-01-28,168662.5,167581.7,-0.6408044912176725,0
2019-01-29,165768.5,165910.88,0.08588784962160201,0
2019-01-30,165535.0,165074.88,-0.2779623644546425,0
2019-01-31,165248.0,161459.58,-2.2925674592128242,0
2019-02-01,150260.0,148101.77,-1.436333272327961,0
2019-02-02,161707.0,156377.7,-3.2956500800831123,0
2019-02-03,166223.5,165327.58,-0.5389862895438968,0
2019-02-04,166224.0,165934.14,-0.1743787750264736,0
2019-02-05,166363.0,165291.8,-0.6438950517843489,0
2019-02-06,164482.0,165949.97,0.8924798762174557,0
2019-02-07,168122.5,165136.75,-1.775937188657084,0
2019-02-08,148471.5,150368.9,1.2779599114981721,1
2019-02-09,154363.0,158044.45,2.3849323510167553,0
2019-02-10,162527.0,164408.4,1.157596122490423,0
2019-02-11,165599.5,163981.88,-0.9768296401861165,0
2019-02-12,166917.5,161602.39,-3.1842732936929963,0
2019-02-13,170289.0,164834.66,-3.202992412898076,0
2019-02-14,172349.5,169085.6,-1.893771812508882,0
2019-02-15,154510.5,156336.25,1.1816349050711716,0
2019-02-16,162960.5,157324.72,-3.4583725810856003,0
2019-02-17,158269.0,158070.38,-0.12549836038643347,0
2019-02-18,165090.5,161678.06,-2.067010215609011,0
2019-02-19,168307.0,166203.7,-1.2496787863844006,0
2019-02-20,171521.5,168468.31,-1.780061100211927,0
2019-02-21,155709.0,155102.78,-0.3893280092993945,0
2019-02-22,150326.5,156760.86,4.280256225615586,0
2019-02-23,175321.5,170228.53,-2.9049310837518494,0
2019-02-24,177098.0,180750.3,2.0623027222215873,0
2019-02-25,160033.5,167263.02,4.5175014137665,0
2019-02-26,147606.5,156699.89,6.160562458292818,0
2019-02-27,142298.5,154925.83,8.873830802854554,0
2019-02-28,141005.5,143705.95,1.9151402782160876,0
2019-03-01,135887.0,137280.23,1.0252889349238625,0
2019-03-02,151070.0,149162.31,-1.2627838088303478,0
2019-03-03,157886.0,158599.64,0.4519974063564858,0
2019-03-04,162647.5,160051.9,-1.5958399299097703,0
2019-03-05,157286.0,153859.52,-2.178505636229544,0
2019-03-06,163810.0,167039.36,1.9714055155362953,0
2019-03-07,167717.5,175756.16,4.792974048623422,0
2019-03-08,151834.5,155666.03,2.52349186120413,0
2019-03-09,161332.0,164913.44,2.2199176232861495,0
2019-03-10,174439.0,175083.62,0.36954178824688544,0
2019-03-11,183379.5,182792.52,-0.32009269029525944,0
2019-03-12,194217.5,196823.47,1.3417785472472854,0
2019-03-14,197506.0,201712.3,2.1297058696950977,0
2019-03-15,186187.5,191490.39,2.8481453507888554,0
2019-03-16,199629.0,201053.55,0.7135971602322266,0
2019-03-17,207242.5,209734.6,1.2025012967899817,0
2019-03-18,187501.5,187359.62,-0.07566606133817544,0
2019-03-19,198800.5,197165.19,-0.8225897319171782,0
2019-03-20,203559.5,202117.25,-0.7085152007152651,0
2019-03-21,208088.5,207526.31,-0.27016750084699614,0
2019-03-22,192033.5,192841.95,0.4209958809270331,0
2019-03-23,196869.0,200943.72,2.069761491143862,0
2019-03-24,208888.0,208414.86,-0.22650445454023282,1
2019-03-25,209670.5,209487.52,-0.08727235114143195,0
2019-03-26,183245.5,187621.03,2.387797381108947,0
2019-03-27,192138.0,197225.38,2.647771393477605,0
2019-03-28,207668.5,207193.08,-0.22893307121686357,0
2019-03-29,197745.5,196389.03,-0.6859669373007193,0
2019-03-30,208021.5,205502.86,-1.2107597652165736,0
2019-03-31,184781.5,211738.1,14.588361794876658,0
2019-04-02,174320.0,189127.2,8.494265216268925,0
2019-04-03,174482.5,196436.98,12.582628272176288,0
2019-04-04,198850.0,202258.98,1.7143496982650275,0
2019-04-05,184901.5,187974.03,1.6617124523056859,0
2019-04-06,179402.0,184194.55,2.6714010295314505,0
2019-04-07,159978.5,187654.5,17.299824663939223,0
2019-04-08,182476.5,193332.69,5.949361972637579,0
2019-04-09,153208.5,185915.39,21.34796086705373,0
2019-04-10,163486.5,183108.84,12.002424512115685,0
2019-04-11,194440.0,202428.02,4.108216223513672,0
2019-04-12,190148.5,190078.86,-0.03662433571656187,0
2019-04-13,190609.5,211888.98,11.163915951198655,0
2019-04-14,181758.0,201559.8,10.894594391993738,0
2019-04-15,215228.5,217857.89,1.2216739999581838,0
2019-04-16,228666.0,216662.8,-5.249229498482499,0
2019-04-17,208873.0,225647.39,8.030904245642079,0
2019-04-18,225083.0,220062.78,-2.230385568879034,0
2019-04-19,210053.5,210964.92,0.43389987550790377,0
2019-04-20,224166.5,214733.1,-4.208214095326468,0
2019-04-21,221421.0,224082.78,1.2021358633553358,0
2019-04-22,189308.5,208722.14,10.25502849845623,0
2019-04-23,231159.5,220148.42,-4.763411464811096,0
2019-04-24,242016.5,232870.14,-3.7792296702910733,0
2019-04-25,248443.0,245360.38,-1.2407775626602446,0
2019-04-26,229055.5,236245.14,3.13882034048516,0
2019-04-27,241861.0,234100.17,-3.208796839920447,0
2019-04-28,244822.5,241020.48,-1.5529682218750285,0
2019-04-29,247437.5,237482.36,-4.023295023995955,0
2019-04-30,246544.5,231679.3,-6.029419891743681,0
2019-05-01,220819.0,210299.22,-4.763983737812416,0
2019-05-02,237906.5,223857.86,-5.905110043231265,0
2019-05-03,192282.5,174442.47,-9.278031672149057,0
2019-05-04,124809.5,129400.94,3.678756424791385,0
2019-05-05,196491.0,203448.33,3.5407871734583374,0
2019-05-06,232955.0,222905.6,-4.313883046081857,0
2019-05-07,247761.0,247513.62,-0.09984420469726363,0
2019-05-08,253370.0,252617.9,-0.29683614871531816,0
2019-05-09,253561.0,252141.56,-0.5598011918236612,0
2019-05-10,242357.5,237053.56,-2.188476733750766,0
2019-05-11,255616.5,234342.33,-8.322691170170938,0
2019-05-12,252061.0,238509.39,-5.376321356735081,0
2019-05-13,239591.5,241579.23,0.8296347637541501,0
2019-05-14,209212.0,221802.52,6.018065706078035,0
2019-05-15,229818.0,235689.33,2.554772961647922,0
2019-05-16,231249.5,238748.36,3.242757011366515,0
2019-05-17,211007.5,223230.02,5.792455540679842,0
2019-05-18,214561.0,228484.75,6.489413267089539,0
2019-05-19,230368.0,226480.0,-1.687734407556607,0
2019-05-20,240600.5,238581.52,-0.8391438816627517,0
2019-05-21,253282.5,238927.61,-5.667541431010825,0
2019-05-22,248931.5,241278.53,-3.074327174343139,0
2019-05-23,203160.5,217700.05,7.156680001772009,0
2019-05-24,214634.0,203354.64,-5.2551596555065805,0
2019-05-25,184488.5,185216.58,0.39464688855945784,0
2019-05-26,232293.0,230695.95,-0.687513990951083,0
2019-05-27,253480.5,239770.11,-5.408854182077127,0
2019-05-28,242127.5,239989.97,-0.8828122580045616,0
2019-05-29,259871.0,243567.78,-6.273581411546503,0
2019-05-30,255684.5,249946.19,-2.2442942376248887,0
2019-05-31,223466.5,219590.45,-1.734509143428653,0
2019-06-01,226940.0,221250.25,-2.507160482947035,0
2019-06-02,207274.0,206314.67,-0.46283090257340787,0
2019-06-03,193998.5,192313.38,-0.8686278502153422,0
2019-06-04,173103.5,175887.94,1.6085391109943004,0
2019-06-05,157445.5,157352.94,-0.05879018454004736,0
2019-06-06,161570.5,162256.86,0.42480488393612514,0
2019-06-07,170953.5,168958.73,-1.1668469057375286,0
2019-06-08,181404.0,179774.53,-0.8982540351921697,0
2019-06-09,197028.5,198243.31,0.6165668926069179,0
2019-06-10,215863.0,230941.39,6.985166807187881,0
2019-06-11,229069.0,235415.47,2.7705489394025395,0
2019-06-12,248035.5,245088.16,-1.1882749646723978,0
2019-06-13,249438.0,257806.31,3.354866740432483,0
2019-06-14,232935.5,232654.61,-0.12058729777126853,0
2019-06-15,217177.0,214891.88,-1.0521947535880871,1
2019-06-16,235063.0,241878.45,2.899415529028393,0
2019-06-17,248208.5,238200.27,-4.0321884121615525,0
2019-06-18,236423.0,242929.84,2.7522042060205587,0
2019-06-19,261068.5,246789.55,-5.469427803430904,0
2019-06-20,259595.0,239410.45,-7.775398938731481,0
2019-06-21,232653.0,227191.28,-2.347581484012673,0
2019-06-22,238431.5,236718.75,-0.7183404877291855,0
2019-06-23,258258.5,250577.69,-2.9740792655420845,0
2019-06-24,265931.5,257774.83,-3.067207861798993,0
2019-06-25,266663.5,260074.97,-2.470728558651636,0
2019-06-26,253058.5,250154.11,-1.1477151034247068,0
2019-06-27,239697.0,238867.45,-0.34608145909210686,0
2019-06-28,219734.5,215995.83,-1.7014496471878582,0
2019-06-29,236204.0,226922.78,-3.929323275643093,0
2019-06-30,254638.0,243204.77,-4.489995356152654,0
2019-07-01,248060.5,247956.14,-0.04207013006907179,0
2019-07-02,239639.0,239190.48,-0.1871630348148634,0
2019-07-03,243217.5,243629.11,0.16923509821455962,0
2019-07-04,253282.0,247337.38,-2.3470380840328153,0
2019-07-05,234777.5,225713.67,-3.8606033904441395,0
2019-07-06,230611.0,219089.48,-4.996082418011283,0
2019-07-07,229104.0,219171.8,-4.335237763199251,0
2019-07-08,228498.0,217817.83,-4.674076742466015,0
2019-07-09,228719.0,224614.03,-1.794765082918337,0
2019-07-10,229828.0,222800.61,-3.057673836521224,0
2019-07-11,218298.0,215405.83,-1.324873281019523,0
2019-07-12,193844.0,194408.92,0.2914311895132249,0
2019-07-13,205857.5,203386.66,-1.2002689967574698,0
2019-07-14,200037.0,201692.3,0.8274953508600857,0
2019-07-15,203640.5,203446.2,-0.09541170592294312,0
2019-07-16,225020.5,223075.95,-0.8641643205841265,0
2019-07-17,245555.5,235448.05,-4.116158312479257,0
2019-07-18,254661.0,237538.3,-6.723724137186293,1
2019-07-19,232788.0,218602.14,-6.093896324123238,0
2019-07-20,247338.5,231067.62,-6.578383470426152,0
2019-07-21,259409.5,242088.92,-6.676925141523348,0
2019-07-22,259527.5,240098.94,-7.486128637620293,0
2019-07-23,251174.0,228480.19,-9.03509618829974,0
2019-07-24,240358.0,223176.16,-7.148438475107966,0
2019-07-25,240768.5,231080.88,-4.023626429537086,0
2019-07-26,218366.0,206310.14,-5.520941618658581,0
2019-07-27,222164.0,211419.48,-4.836299141625111,0
2019-07-28,230326.5,223017.02,-3.1735316496364963,0
2019-07-29,238126.0,217834.02,-8.521532455506753,0
2019-07-30,237211.5,214966.27,-9.377806040179337,0
2019-07-31,239367.5,218418.55,-8.751795095407688,0
2019-08-01,243783.5,228119.88,-6.425219508293223,0
2019-08-02,225754.5,217626.38,-3.6004265695700366,0
2019-08-03,238368.0,228044.61,-4.330862626275334,0
2019-08-04,256473.0,244055.12,-4.841786464852049,0
2019-08-05,264185.0,257137.69,-2.6675672350814805,0
2019-08-06,259585.5,251339.48,-3.1766087185147063,0
2019-08-07,226533.0,227107.22,0.2534812808729914,0
2019-08-08,216673.5,216479.19,-0.08967986394274874,0
2019-08-09,217762.5,200921.3,-7.733748062682966,0
2019-08-10,222592.0,207946.52,-6.579519648055632,0
2019-08-11,216222.0,205827.1,-4.807515539584317,0
2019-08-12,196738.0,194194.53,-1.292820273663453,0
2019-08-13,186061.5,185641.31,-0.22583258761216252,0
2019-08-14,183276.5,182836.8,-0.2399124410385367,0
2019-08-15,183258.5,183228.84,-0.01618274186463431,0
2019-08-16,189872.0,195021.72,2.7122054594674205,0
2019-08-17,203821.0,217377.86,6.651355539910009,0
2019-08-18,221597.5,224127.23,1.1415897629711624,0
2019-08-19,235451.5,227991.75,-3.168274570346763,0
2019-08-20,247363.5,235800.16,-4.674636213507655,0
2019-08-21,257981.0,243016.97,-5.800439276535874,0
2019-08-22,258462.0,248723.23,-3.7679680668724957,0
2019-08-23,231553.0,231385.4,-0.07237813805046622,0
2019-08-24,235186.0,239094.23,1.6617631895605944,1
2019-08-25,245997.0,242707.06,-1.3373892771050055,0
2019-08-26,254650.5,243877.61,-4.230461210561143,0
2019-08-27,260703.5,248778.03,-4.5743416371471834,0
2019-08-28,262480.0,245375.61,-6.516454825129536,0
2019-08-29,261578.5,249828.2,-4.492072886341958,0
2019-08-30,249316.0,242848.06,-2.594272930738506,0
2019-08-31,256506.0,252770.45,-1.4563194915518496,0
2019-09-01,263774.5,261979.06,-0.6806713689154975,0
2019-09-02,254285.5,258141.64,1.516461074264952,0
2019-09-03,256849.0,247861.08,-3.499301875810301,0
2019-09-05,244926.0,245170.94,0.10000469529571898,0
2019-09-06,235729.5,227445.36,-3.5142570721950372,0
2019-09-07,242010.0,236311.62,-2.354603115573739,0
2019-09-08,247518.5,234571.94,-5.23054337352562,0
2019-09-09,243816.0,236708.61,-2.9150632546674493,0
2019-09-10,238725.5,233371.92,-2.2425665146789897,0
2019-09-11,250181.5,234349.47,-6.328218213576942,0
2019-09-12,236088.0,218478.16,-7.459016870827828,0
2019-09-13,208997.0,198716.88,-4.918790700344977,0
2019-09-14,229996.0,218354.2,-5.061738845458185,0
2019-09-15,250385.0,231515.62,-7.536144337719907,0
2019-09-16,249350.5,228897.64,-8.20245372477697,0
2019-09-17,251358.5,234934.84,-6.533956977782729,0
2019-09-18,255007.0,245939.27,-3.5558766524056207,0
2019-09-19,257074.5,252130.98,-1.9229894933180836,0
2019-09-20,239455.5,239226.05,-0.09582286687923602,0
2019-09-21,242214.5,243296.84,0.44685340885868285,0
2019-09-22,242346.0,250666.6,3.4333530365675546,0
2019-09-23,233102.5,232976.56,-0.0540266620907115,0
2019-09-24,220996.0,220749.47,-0.1115546208981133,0
2019-09-25,208937.5,206167.94,-1.3255459168411643,0
2019-09-26,213564.5,213511.75,-0.024699797953309233,0
2019-09-27,203078.0,198087.95,-2.4572070214400332,0
2019-09-28,207141.5,198251.81,-4.29160139325051,0
2019-09-29,204546.5,199581.81,-2.4271681500294573,0
2019-09-30,201706.0,195827.2,-2.9145374331948526,0
2019-10-01,199995.0,194721.78,-2.6366752918822955,0
2019-10-02,212113.0,212254.86,0.06687915167857827,0
2019-10-03,220958.5,222509.5,0.7019417673454598,0
2019-10-04,209668.5,205039.31,-2.2078602651328216,0
2019-10-05,226934.5,216180.88,-4.738647054546574,0
2019-10-06,229080.0,218571.08,-4.587446252400906,0
2019-10-07,225633.0,220557.17,-2.249594751211037,0
2019-10-08,208965.0,218271.75,4.453736271624442,0
2019-10-09,208815.5,208659.45,-0.0747295459388786,0
2019-10-10,200183.5,198685.81,-0.7481573156628785,0
2019-10-11,190417.0,189578.28,-0.44046421800574276,0
2019-10-12,210422.0,212831.31,1.1449907804317094,0
2019-10-13,218194.5,213564.92,-2.1217666462720164,0
2019-10-14,219189.5,211382.19,-3.5619007753564857,0
2019-10-15,225910.0,215055.88,-4.80462352264176,0
2019-10-16,225130.5,220917.33,-1.8714354008008693,1
2019-10-17,229330.0,229835.38,0.2203702088693138,0
2019-10-18,213691.5,217103.78,1.5968259149287567,0
2019-10-19,224552.0,221727.84,-1.2576847456268525,0
2019-10-20,234548.0,226571.81,-3.4006631904770046,0
2019-10-21,230933.5,223140.84,-3.374415686766974,0
2019-10-22,226727.5,218324.42,-3.7062456583343395,0
2019-10-23,221672.0,208392.58,-5.9905725012631255,0
2019-10-24,189502.5,184228.45,-2.783101476233818,0
2019-10-25,151850.0,152263.48,0.2722979091208444,0
2019-10-26,167721.5,168658.98,0.5589530113909058,0
2019-10-27,180907.0,188960.78,4.4518903359184625,0
2019-10-28,184563.5,183073.92,-0.8070816412779291,0
2019-10-29,189001.0,178276.2,-5.674465677430273,0
2019-10-30,192507.5,185959.73,-3.4013041699674007,0
2019-10-31,192889.0,188327.34,-2.3649125922162506,0
2019-11-01,173354.5,172973.89,-0.21955552062392636,0
2019-11-02,190305.5,187434.31,-1.5087254440885878,0
2019-11-03,194666.5,197574.78,1.4939813732717244,0
2019-11-04,196596.0,198294.34,0.8638750279761576,0
2019-11-06,184825.0,193741.14,4.82409880968484,1
2019-11-07,188267.5,192128.23,2.050664280876946,0
2019-11-09,163786.5,160454.61,-2.03428892185864,1
2019-11-10,138610.5,143551.58,3.564721377529123,0
2019-11-11,159547.0,160349.22,0.5028103004130369,0
2019-11-12,171153.5,174991.33,2.242331079995452,0
2019-11-13,175110.0,172753.3,-1.3458415424590253,0
2019-11-14,180880.0,176093.72,-2.6461086079168528,0
2019-11-15,161949.5,160044.12,-1.1765241633966195,0
2019-11-17,179485.5,172496.16,-3.8940993840728133,0
2019-11-19,172089.0,168628.25,-2.011023365816522,0
2019-11-20,167007.5,165443.03,-0.9367655644207606,0
2019-11-21,167694.0,164541.11,-1.8801451602323271,0
2019-11-22,147147.0,146996.89,-0.10201320788055801,0
2019-11-23,157950.5,155422.9,-1.6002442220822366,1
2019-11-24,164724.5,162901.69,-1.1065825059417445,0
2019-11-25,165984.0,162905.72,-1.8545650484384057,0
2019-11-26,167289.0,166219.55,-0.6392847856105277,0
2019-11-27,169847.5,167136.4,-1.5961929083442516,0
2019-11-28,171279.5,169387.25,-1.1047731923551907,0
2019-11-29,153426.5,151488.72,-1.2630029688482813,0
2019-11-30,162522.5,159383.23,-1.9315883185405114,0
2019-12-01,165084.5,163561.42,-0.9226051658393075,0
2019-12-02,159572.5,160115.72,0.34042128186246856,0
2019-12-03,158934.5,157164.28,-1.1138039569759894,0
2019-12-04,158339.0,156169.81,-1.3699641275996433,0
2019-12-05,159603.0,157023.16,-1.6164130686766587,0
2019-12-06,142890.5,144840.8,1.3648891108926087,0
2019-12-07,151526.0,152127.64,0.39705438340615906,0
2019-12-08,161234.0,159469.75,-1.0942171006115387,0
2019-12-09,161767.0,159932.9,-1.13378732992514,0
2019-12-10,158316.0,158273.27,-0.02699308661158195,0
2019-12-11,157482.5,157704.19,0.14076960932167815,0
2019-12-12,159651.0,156713.78,-1.8397747273740883,0
2019-12-13,140626.5,142883.14,1.6047051053677652,0
2019-12-14,153463.0,150847.05,-1.7046148745951784,0
2019-12-15,159718.5,157454.88,-1.4172591152559089,0
2019-12-16,140988.0,142799.1,1.28457297784208,0
2019-12-17,152703.5,155832.53,2.0490894118340375,0
2019-12-18,156923.0,153450.23,-2.2130380027147067,0
2019-12-19,156315.0,150977.73,-3.414429597287527,0
2019-12-20,141619.75,138877.66,-1.936236824312998,0
2019-12-21,148641.25,145362.2,-2.2060140606998346,0
2019-12-22,156578.83333333334,151794.17,-3.055752400547973,0
2019-12-23,155227.66666666666,150887.34,-2.7961013715338434,0
2019-12-24,155688.5,151254.88,-2.847753687651944,0
2019-12-25,152306.5,149079.27,-2.118907843723017,0
2019-12-26,154614.0,152683.86,-1.24836083731098,0
2019-12-27,135435.0,137559.52,1.5686607043969403,0
2019-12-28,146168.0,143652.94,-1.7206656039625678,1
2019-12-29,154649.0,150696.22,-2.555969485738674,0
2019-12-30,157124.0,152545.6,-2.9138809157098877,0
2019-12-31,157457.5,153801.86,-2.3216681485480173,0
2020-01-01,157827.0,156710.62,-0.7073409492672322,0
2020-01-02,158817.0,159345.53,0.3327926166594164,0
2020-01-03,136436.5,139160.17,1.9962926892730382,0
2020-01-04,146647.5,149522.92,1.9607711519118887,0
2020-01-05,155719.5,154599.78,-0.719061357119688,0
2020-01-06,156796.5,156298.1,-0.3178682240993935,0
2020-01-07,157560.5,156846.4,-0.4532187635860496,0
2020-01-08,156859.5,157857.22,0.6360588615927032,0
2020-01-09,157881.5,157946.06,0.040893011530807044,0
2020-01-10,142799.0,143767.9,0.6785105287852256,0
2020-01-11,154953.0,152750.56,-1.421358411905549,0
2020-01-12,156986.5,158580.11,1.015125106298953,0
2020-01-13,160017.5,161312.12,0.8090521349227497,0
2020-01-14,163044.5,163106.58,0.03807434473410698,0
2020-01-15,163838.0,163500.9,-0.20574820859630139,0
2020-01-16,162812.5,164347.9,0.9430518234164964,0
2020-01-17,150395.0,150267.98,-0.08445468599355133,0
2020-01-18,158127.5,159241.02,0.7041884713285151,0
2020-01-19,166376.5,166671.95,0.1775810435969083,0
2020-01-20,166482.5,165922.28,-0.33650308590993383,0
2020-01-21,165106.5,166586.77,0.896551998255668,0
2020-01-22,166198.0,166077.73,-0.07236285936051967,0
2020-01-23,168233.5,168441.17,0.12344264073445022,0
2020-01-24,151325.0,152649.08,0.8749896745415597,0
2020-01-25,159627.5,160355.8,0.45624774866486195,0
2020-01-26,169780.5,168748.27,-0.607981702845728,0
2020-01-27,168853.0,170063.67,0.7169975511243543,0
2020-01-28,169894.5,171132.58,0.7287334934326983,0
2020-01-29,174085.5,172438.92,-0.9458444988238557,0
2020-01-30,175493.5,173812.6,-0.9578168137281406,0
2020-01-31,157482.5,154780.06,-1.7160240026669604,0
2020-02-01,158469.5,161503.92,1.9148302196952738,0
2020-02-02,168238.0,169480.16,0.7383327488438951,0
2020-02-03,171696.0,168201.03,-2.035556303000652,0
2020-02-04,171193.5,168798.48,-1.3990108415331215,0
2020-02-05,171536.0,170428.33,-0.6457372650638948,0
2020-02-06,172945.0,170008.05,-1.6982006562780039,0
2020-02-07,155732.5,155506.98,-0.14480960942642174,0
2020-02-08,165545.5,166041.62,0.29969102150164684,0
2020-02-09,174057.0,170760.53,-1.893901853990354,0
2020-02-10,173974.0,170432.55,-2.0356220613425013,0
2020-02-11,176834.0,170983.78,-3.3083110431251894,0
2020-02-12,177365.0,171205.22,-3.472940687283288,0
2020-02-13,176973.5,170691.52,-3.549675163230648,0
2020-02-14,156651.5,155799.25,-0.5440420296007331,0
2020-02-15,173280.5,168374.84,-2.8310492236576,0
2020-02-16,175480.0,175425.77,-0.030906299863231457,0
2020-02-17,178388.5,173062.83,-2.9854345291316475,0
2020-02-18,179476.5,173206.47,-3.4935109889038363,0
2020-02-19,177238.0,177484.66,0.13916668547377942,0
2020-02-20,181394.0,177194.6,-2.315074506323256,0
2020-02-21,159264.0,158953.19,-0.19515552792847002,0
2020-02-22,172232.0,174290.62,1.1952627850805975,0
2020-02-23,185870.5,184454.38,-0.7618879811481682,0
2020-02-24,183751.5,179475.08,-2.3272854235203533,0
2020-02-25,179954.0,172100.83,-4.363988505395822,0
2020-02-26,171935.5,170176.6,-1.0230035391178616,0
2020-02-27,177129.5,174233.8,-1.6347943877219828,0
2020-02-28,159697.5,160329.64,0.395836268570271,0
2020-02-29,176560.5,175550.11,-0.5722631194406413,0
2020-03-01,185194.0,185826.42,0.34149155750187177,0
2020-03-02,187969.5,185811.7,-1.1479505318682026,0
2020-03-03,175238.0,183462.11,4.693108443944816,0
2020-03-04,182091.5,178650.44,-1.889743617906381,0
2020-03-05,181902.0,181952.64,0.027839509736016232,0
2020-03-06,164180.5,162941.0,-0.7549617646431805,0
2020-03-07,175919.0,167529.92,-4.76871635525441,0
2020-03-08,182733.0,177561.84,-2.8298973091888113,0
2020-03-09,183691.0,181123.19,-1.3978978284183818,0
2020-03-10,186362.5,185177.17,-0.6360336038634395,0
2020-03-11,190531.0,187973.86,-1.342112635214221,0
2020-03-12,201421.0,199062.86,-1.1707521186966607,0
2020-03-13,191583.0,192136.67,0.28899843670888714,0
2020-03-14,191636.5,186174.44,-2.8502203390272762,0
2020-03-15,200787.0,193612.03,-3.5734229556694364,0
2020-03-16,210368.0,201788.47,-4.078344258632494,0
2020-03-17,196906.5,202796.89,2.9914658099148506,0
2020-03-18,209017.0,205014.69,-1.9148263059942439,0
2020-03-19,210700.0,207870.16,-1.343067750355953,0
2020-03-20,191970.0,186867.11,-2.6581708730530784,0
2020-03-21,201321.5,198284.69,-1.5084392377366584,0
2020-03-22,187292.5,192147.28,2.5920852410000306,0
2020-03-23,199822.5,196069.58,-1.8781277759011172,1
2020-03-24,201549.0,199195.42,-1.1677448784166655,0
2020-03-25,197016.0,209579.03,6.376655322410363,0
2020-03-26,181188.0,180189.05,-0.5513351463673044,0
2020-03-27,182172.3333333333,180626.06,-0.8487956458810841,0
2020-03-28,191389.16666666663,191048.03,-0.1782417587202101,0
2020-03-29,192600.5,197101.84,2.33714022030056,0
2020-03-30,187096.0,189888.42,1.4925075228759521,0
2020-03-31,186708.0,183849.17,-1.5311760208453817,0
2020-04-01,189687.5,193131.45,1.8155930807248755,0
2020-04-02,191108.5,205445.47,7.502004751227709,0
2020-04-03,180125.0,193588.58,7.474574947952806,0
2020-04-04,185303.0,178669.7,-3.579702905511517,0
2020-04-05,193969.5,189947.47,-2.073537978909057,0
2020-04-06,192082.0,183390.2,-4.525044967774184,0
2020-04-07,195298.5,194108.62,-0.6092596717332643,0
2020-04-08,199886.0,209943.94,5.031836897031305,0
2020-04-09,196589.5,188690.86,-4.017834434189005,0
2020-04-10,191421.0,191499.33,0.04091929568856845,0
2020-04-11,177472.5,189641.02,6.856564045133751,0
2020-04-12,143240.0,179857.17,25.563510105417485,0
2020-04-13,179083.5,190959.88,6.6317527857116865,0
2020-04-14,196400.5,198398.02,1.0170623929165235,0
2020-04-15,173544.0,179600.58,3.4899380704605187,0
2020-04-16,158625.5,165670.86,4.4415049125140715,0
2020-04-17,158722.0,167368.66,5.447673447915213,0
2020-04-18,162733.5,157290.1,-3.3449819797398805,0
2020-04-19,159333.5,173229.44,8.721290563503592,0
2020-04-20,156286.5,151400.9,-3.1260497547772825,0
2020-04-21,145873.5,147751.61,1.2874918165396654,0
2020-04-22,151453.5,148154.03,-2.178535821225658,0
2020-04-23,152720.0,151907.4,-0.5320807687270834,0
2020-04-24,134046.5,134910.31,0.6444125732488315,0
2020-04-25,143851.0,146514.17,1.8513405363883573,0
2020-04-26,143486.0,149244.4,4.013218188534062,0
2020-04-27,155173.0,157241.78,1.333209546763925,0
2020-04-28,154285.5,151040.39,-2.1033145532146524,0
2020-04-29,158240.5,151204.97,-4.446100239824824,0
2020-04-30,165344.0,164377.69,-0.5844255007741439,0
2020-05-01,152445.0,152488.86,0.02877062219162063,0
2020-05-02,155998.5,157551.02,0.9952118930630638,0
2020-05-03,168555.5,168864.66,0.18341510659694027,0
2020-05-04,190615.5,187144.06,-1.8211727272965716,0
2020-05-05,191415.5,199529.1,4.238733932205063,0
2020-05-06,164246.0,175111.02,6.615086897093381,0
2020-05-07,169537.0,184721.58,8.956498065319085,0
2020-05-08,166616.5,176448.08,5.900722992620788,0
2020-05-09,195092.0,189616.08,-2.806840811001987,0
2020-05-10,212996.0,213365.6,0.17352145110707262,0
2020-05-11,209784.0,211446.7,0.7925786165770443,0
2020-05-12,230606.0,213508.9,-7.413984783570249,0
2020-05-13,221890.5,224328.03,1.0985288915027924,0
2020-05-14,213914.0,223078.08,4.2840011055844895,0
2020-05-15,201115.0,210535.19,4.683980558386991,0
2020-05-16,215970.5,218374.61,1.1131656291021308,0
2020-05-17,225605.5,232092.83,2.8755186043780023,0
2020-05-18,241771.0,233761.3,-3.312929642099338,0
2020-05-19,240018.5,231617.23,-3.5002575322318874,0
2020-05-20,169021.5,166057.62,-1.7535491046997032,0
2020-05-21,110952.5,128774.44,16.062673216015867,0
2020-05-22,167186.5,168044.7,0.5133208273395251,0
2020-05-23,197648.0,195407.83,-1.1334148966850144,0
2020-05-24,194430.0,192880.2,-0.7970976058221502,0
2020-05-25,170381.0,169810.05,-0.335103752765864,0
2020-05-26,166753.5,167561.25,0.48439762883538684,0
2020-05-27,123911.0,141819.1,14.452384170896849,0
2020-05-28,147446.0,157229.19,6.635098612373347,1
2020-05-29,172371.5,174320.58,1.130742683680297,0
2020-05-30,181241.0,190597.45,5.162437376200746,0
2020-05-31,200725.0,222455.61,10.826060219205381,0
2020-06-01,207388.0,223144.66,7.597670188246175,0
2020-06-02,214755.5,223127.86,3.8985541115361455,0
2020-06-03,218751.0,228639.08,4.520243621743436,0
2020-06-04,209750.5,230985.02,10.123702029315783,0
2020-06-05,190572.0,206768.89,8.4990925345801,0
2020-06-06,215324.0,221032.6,2.6511646402630484,0
2020-06-07,233201.5,233770.89,0.24416250538696893,0
2020-06-08,237280.5,235569.31,-0.7211665096794717,0
2020-06-09,245546.5,241400.05,-1.6886630943629855,0
2020-06-10,240111.0,237864.52,-0.9356024401214413,0
2020-06-11,237313.5,237699.42,0.1626211214279749,0
2020-06-12,210604.0,213440.89,1.347025994283113,0
2020-06-13,213456.5,211069.95,-1.1180483494295124,0
2020-06-14,231348.0,236408.78,2.1875189109047843,0
2020-06-15,238713.0,239795.75,0.45357814614201963,0
2020-06-16,237712.5,243279.7,2.341990061523891,0
2020-06-17,223619.5,226178.25,1.144242787413452,0
2020-06-18,212318.5,224168.28,5.581134592604986,0
2020-06-19,204426.0,209769.02,2.613667353956939,0
2020-06-20,221637.0,233556.95,5.378142243849182,0
2020-06-21,227789.5,242389.92,6.4096114504838875,0
2020-06-22,230114.5,240706.27,4.602824083228141,0
2020-06-23,240410.5,243753.44,1.3905122696387995,0
2020-06-24,249504.0,251483.11,0.7932174935071146,0
2020-06-25,242413.5,248189.17,2.382570226080638,0
2020-06-26,217819.5,222282.56,2.0489728881023073,0
2020-06-27,217165.5,219053.33,0.8693038834437283,0
2020-06-28,222233.0,231470.81,4.156814019520061,0
2020-06-29,227238.5,240581.4,5.871763037513444,0
2020-06-30,236853.5,248429.52,4.887415902657133,0
2020-07-01,250706.5,246977.9,-1.48723457509079,0
2020-07-02,252828.0,238637.95,-5.6125298127580825,0
2020-07-03,230651.0,229530.23,-0.48591405413372923,0
2020-07-04,243014.5,242867.3,-0.06057380320927397,0
2020-07-05,241360.0,245491.92,1.7119331600099486,0
2020-07-06,235535.5,242119.17,2.795193028227172,0
2020-07-07,241719.5,246478.38,1.968759243668794,0
2020-07-08,250518.5,251777.31,0.5024828505679313,0
2020-07-09,246373.5,237032.77,-3.7912902057242404,0
2020-07-10,219207.5,217147.67,-0.9396704606366102,0
2020-07-11,220408.0,214273.44,-2.7832757885376203,0
2020-07-12,224515.5,224760.38,0.10906819351002017,0
2020-07-13,231190.5,237752.72,2.8384465408396897,0
2020-07-14,240636.0,239114.31,-0.6323607024717792,0
2020-07-15,243887.0,241132.48,-1.1294228987194899,0
2020-07-16,248876.0,252417.77,1.4231045279577081,0
2020-07-17,236732.0,234718.52,-0.8505332506800967,0
2020-07-18,248500.0,241599.73,-2.776766851106638,0
2020-07-19,245803.0,239399.53,-2.605122293055817,0
2020-07-20,226496.5,230103.16,1.5923673213493306,0
2020-07-21,219959.0,223709.95,1.7052964984383356,0
2020-07-22,225286.5,224789.95,-0.22040684861276416,0
2020-07-23,234199.0,226836.02,-3.143900859952431,1
2020-07-24,220918.5,213073.4,-3.5511257545203345,0
2020-07-25,237330.0,236436.3,-0.376565594320144,0
2020-07-26,261029.0,251251.28,-3.7458361906148374,0
2020-07-27,249399.5,244745.3,-1.8661637753884852,0
2020-07-28,243787.5,252305.64,3.4940842434497243,0
2020-07-29,234816.0,235562.6,0.3179484149291367,0
2020-07-30,231011.5,224867.38,-2.659661964880533,0
2020-07-31,208389.5,209207.42,0.3924966828942944,0
2020-08-01,206007.0,206779.55,0.3750100117957178,0
2020-08-02,219319.0,222620.72,1.5054412750377333,0
2020-08-03,233401.0,234253.81,0.365385109746752,0
2020-08-04,224877.5,248440.9,10.47832986848396,0
2020-08-05,216537.0,241422.84,11.492651948627719,0
2020-08-06,227365.5,253741.61,11.600752697748785,0
2020-08-07,226140.0,236310.03,4.4972279340231625,0
2020-08-08,243170.0,252005.3,3.633382767199911,0
2020-08-09,251186.0,257199.75,2.394142189453241,0
2020-08-10,255581.5,259498.42,1.5325529723395404,0
2020-08-11,255566.5,258450.28,1.1283878168695916,0
2020-08-12,257107.0,261151.14,1.5729406920076183,0
2020-08-13,261233.0,266923.8,2.1784431905616852,0
2020-08-14,247102.5,255425.61,3.368282140002621,0
2020-08-15,221599.0,224779.25,1.4351373426775282,0
2020-08-16,230638.5,235860.66,2.2642170539610706,0
2020-08-17,238654.5,235968.66,-1.1254108973432264,0
2020-08-18,241202.0,243097.88,0.7860113100222943,0
2020-08-19,239514.0,238584.7,-0.3879927165009178,0
2020-08-20,227852.5,221672.03,-2.7124866964373884,0
2020-08-21,208006.0,206675.27,-0.6397576872782529,0
2020-08-22,221701.5,219184.98,-1.135091835192814,0
2020-08-23,235629.0,236619.45,0.42034432306718994,0
2020-08-24,246305.0,249482.98,1.2902638496985475,0
2020-08-25,245552.5,248132.12,1.0505390904185452,0
2020-08-26,236261.5,236458.62,0.08343509204842281,0
2020-08-27,242844.0,239003.72,-1.5813778598606554,0
2020-08-28,228772.5,225554.44,-1.4066649182047697,0
2020-08-29,241825.5,246228.64,1.820792523948045,0
2020-08-30,250693.5,260207.2,3.794954047472321,0
2020-08-31,264955.5,260424.17,-1.7102223297874586,0
2020-09-01,245394.5,248636.67,1.321208044597566,0
2020-09-02,244807.0,253351.11,3.4901409579791487,0
2020-09-03,257121.0,260488.02,1.3095062733110119,0
2020-09-04,247091.0,251645.27,1.8431531804072199,0
2020-09-05,261862.0,264705.94,1.0860443668802677,0
2020-09-06,264633.0,263088.47,-0.5836502817109013,0
2020-09-07,249040.5,257986.34,3.5921240721890513,0
2020-09-08,248047.0,263011.94,6.033105621112123,0
2020-09-09,255788.0,270071.78,5.584226488341915,0
2020-09-10,249602.0,261516.52,4.773405511574436,0
2020-09-11,229894.5,239068.45,3.990505699353397,0
2020-09-12,245169.0,245910.17,0.3023106000350717,0
2020-09-13,257766.0,248435.23,-3.6198589515296864,0
2020-09-14,254257.0,247591.77,-2.621455603975509,0
2020-09-15,253189.0,244651.72,-3.3719005367531807,0
2020-09-16,250684.5,245040.5,-2.2514355694109534,0
2020-09-17,249011.0,242555.27,-2.592549877314654,0
2020-09-18,230172.5,233648.31,1.5100902583931708,0
2020-09-19,253996.5,259320.08,2.095925780473351,0
2020-09-20,263906.0,272582.75,3.2878183898812363,0
2020-09-21,251020.0,255846.64,1.922811180384043,0
2020-09-22,238544.5,228870.55,-4.055408162837537,0
2020-09-23,233589.5,229975.48,-1.5471652728397456,0
2020-09-24,229813.0,224174.27,-2.453618539856317,0
2020-09-25,209186.5,204026.19,-2.4668477650326426,0
2020-09-26,218733.0,212262.55,-2.958151319188229,0
2020-09-27,226811.5,228550.34,0.766647083591443,0
2020-09-28,240123.5,240024.31,-0.04130686917357407,0
2020-09-29,253277.0,244820.23,-3.3389394319263133,0
2020-09-30,260418.0,247134.84,-5.10070588438587,0
2020-10-01,252988.5,244703.03,-3.275037699342065,0
2020-10-02,227967.5,226195.72,-0.7772078256769066,0
2020-10-03,241626.0,241889.06,0.1088717687666163,0
2020-10-04,255027.0,249928.08,-1.999365508357942,0
2020-10-05,252055.0,243521.81,-3.3854466287119855,0
2020-10-06,243245.5,231825.4,-4.694883872466294,0
2020-10-07,242210.5,233063.67,-3.7763962028896314,0
2020-10-08,249008.0,247801.3,-0.48460415930411394,0
2020-10-09,242934.5,240757.69,-0.8960491408177895,0
2020-10-10,253816.0,251007.73,-1.1064178873672281,0
2020-10-11,267066.5,261751.78,-1.9900357214401643,0
2020-10-12,265422.0,260402.33,-1.8912041484880682,0
2020-10-13,264792.5,261888.64,-1.0966546918813824,0
2020-10-14,262805.5,259831.27,-1.1317245548513988,0
2020-10-15,263551.8333333333,264655.2,0.4186478814097949,0
2020-10-16,247882.66666666663,247482.02,-0.16162930916238105,0
2020-10-17,254671.5,251053.22,-1.4207641019902129,0
2020-10-18,259933.0,252746.34,-2.7648110282264993,0
2020-10-19,258435.5,253188.08,-2.030457067624225,0
2020-10-20,260316.5,252203.12,-3.116734820881506,1
2020-10-21,250948.5,236967.22,-5.571374704371612,0
2020-10-22,218524.5,206675.05,-5.422482662127126,0
2020-10-23,172448.0,166609.02,-3.3859391671692385,0
2020-10-24,187330.0,185758.2,-0.8390524075161498,0
2020-10-25,207692.0,215185.52,3.6079943498064537,0
2020-10-26,209091.5,223523.36,6.902174107986214,0
2020-10-27,219967.5,220030.05,0.02843459829293682,0
2020-10-28,224275.0,217893.02,-2.8456066770705557,0
2020-10-29,233328.0,226973.4,-2.7234595719330734,0
2020-10-30,218744.0,216679.34,-0.9438687461141737,0
2020-10-31,218529.5,210181.5,-3.8200792112735305,0
2020-11-01,222592.0,215269.06,-3.289847568645776,0
2020-11-02,225528.0,216876.78,-3.8359843345393885,0
2020-11-03,226271.0,215066.94,-4.95161222604753,0
2020-11-04,211458.0,200638.1,-5.116811021574019,0
2020-11-05,193426.0,194388.52,0.4976143977541758,0
2020-11-06,158600.16666666666,164500.0,3.719941446047237,1
2020-11-07,168995.33333333334,168876.1,-0.07055791481421769,0
2020-11-08,184766.0,186415.55,0.8927762007079121,0
2020-11-09,191677.5,190417.22,-0.6575008803850202,0
2020-11-10,194500.5,192852.61,-0.8472423592741363,0
2020-11-11,192345.5,194286.61,1.009178470512695,0
2020-11-12,195075.5,196086.98,0.5185091797791141,0
2020-11-13,175734.0,177210.48,0.8401813963148763,0
2020-11-14,184122.5,187042.2,1.5857394533530744,0
2020-11-15,190340.0,192402.72,1.083702190816438,0
2020-11-16,189138.5,189886.61,0.3955352162568593,0
2020-11-17,187725.0,186661.39,-0.5665784392062889,0
2020-11-18,183705.5,185163.75,0.7937976816154046,0
2020-11-19,182451.5,180915.84,-0.8416791585709071,0
2020-11-20,165126.5,163272.17,-1.1229742803244736,0
2020-11-21,174633.5,173310.73,-0.7574523931548116,0
2020-11-22,173258.0,176003.72,1.584757269505599,0
2020-11-23,166443.5,167221.53,0.46744465839758664,0
2020-11-24,166845.0,167695.38,0.5096796427822126,0
2020-11-25,168472.0,169687.81,0.7216703665891,0
2020-11-26,168763.5,169948.7,0.7022864096798198,0
2020-11-27,149995.0,153598.98,2.4027363412113756,0
2020-11-28,162816.5,163343.81,0.3238692024456924,0
2020-11-29,171274.5,173686.5,1.4082656787788084,0
2020-11-30,171081.0,172490.72,0.8240066109036048,0
2020-12-01,171058.5,171820.06,0.4452058798598113,0
2020-12-02,168699.5,171874.8,1.8822206793736695,0
2020-12-03,171024.5,170935.2,-0.05221291393923133,0
2020-12-04,153129.0,154651.11,0.9940046464092411,0
2020-12-05,162531.0,162322.48,-0.1282928333671718,0
2020-12-06,170890.0,169835.47,-0.6170818947861201,0
2020-12-07,170213.5,169619.05,-0.3492397048412754,0
2020-12-08,170998.5,168633.08,-1.383299780407432,0
2020-12-09,168971.5,168922.31,-0.02910993865828937,0
2020-12-10,169324.0,168282.84,-0.614889944721364,0
2020-12-11,151778.5,152398.14,0.4082532275651696,0
2020-12-12,158195.0,158066.31,-0.08134738771768957,0
2020-12-13,165298.5,166677.03,0.8339647667704231,0
2020-12-14,168157.5,166631.1,-0.9077241574119488,0
2020-12-15,168164.0,165940.8,-1.3220446260792995,0
2020-12-16,150044.0,149474.02,-0.3798781524086303,0
2020-12-17,154702.0,164964.72,6.633863007588792,0
2020-12-18,147817.0,148996.67,0.7980623845701196,0
2020-12-19,151941.5,153422.73,0.9748714965957195,0
2020-12-20,164829.0,161562.92,-1.9814948370735719,0
2020-12-21,165594.0,163292.56,-1.3898072997813982,0
2020-12-22,166332.0,165130.92,-0.7220968454656918,0
2020-12-23,166238.0,164790.17,-0.8709369247705046,0
2020-12-24,166789.0,165088.1,-1.019795220308295,1
2020-12-25,151018.0,151505.64,0.3229023195910452,0
2020-12-26,155441.5,155797.78,0.2292060035447463,0
2020-12-27,166807.0,164631.84,-1.3039957855485729,0
2020-12-28,166230.0,164580.2,-0.9924784184563551,0
2020-12-29,168038.5,165006.1,-1.8045901683245158,0
2020-12-30,168324.0,164701.56,-2.1520623915781467,0
2020-12-31,168618.5,165164.8,-2.048234994973863,0
2021-01-01,151058.5,151330.62,0.18014544034263835,0
2021-01-02,157116.0,157112.88,-0.0019889762977620684,0
2021-01-03,166106.0,167322.84,0.7325706175574709,0
2021-01-04,166766.5,168735.88,1.1809176303394286,0
2021-01-05,169480.0,169742.69,0.1549961647391962,0
2021-01-06,172461.5,171543.36,-0.532374254543766,0
2021-01-07,175048.0,174039.17,-0.5763151392760846,0
2021-01-08,158243.0,158778.06,0.3381271209468961,0
2021-01-09,167637.5,167127.16,-0.3044329281932767,0
2021-01-10,175189.5,174796.67,-0.2242304047902377,0
2021-01-11,178167.5,177583.86,-0.32757973536138296,0
2021-01-12,178062.0,175726.64,-1.3115428193550605,0
2021-01-13,176144.0,176303.08,0.0903114071441502,0
2021-01-14,178226.0,175460.23,-1.551830611134175,0
2021-01-15,159527.5,158831.22,-0.43646471611478166,0
2021-01-16,168482.0,168036.36,-0.26450340392445426,0
2021-01-17,175879.0,175091.14,-0.44795534145634086,0
2021-01-18,176822.0,177187.69,0.20681108685571825,0
2021-01-19,178531.5,177349.45,-0.662094294284199,0
2021-01-20,180595.5,179953.94,-0.35524833121534094,0
2021-01-21,179944.5,177977.88,-1.0929064239251551,0
2021-01-22,159520.0,162580.27,1.9184212794634004,0
2021-01-23,171587.5,172100.66,0.2990638886865238,0
2021-01-24,176480.5,180012.14,2.001150622873338,0
2021-01-25,177677.5,179186.73,0.8494234638600773,0
2021-01-26,178957.5,179358.22,0.22391838844417755,0
2021-01-27,176938.5,179767.66,1.598948928582522,0
2021-01-28,178773.0,179593.22,0.4588046013659808,0
2021-01-29,161888.5,163999.53,1.3040032182644268,0
2021-01-30,171057.0,171642.52,0.34229270067871465,0
2021-01-31,175315.0,182163.94,3.9066466075350137,0
2021-02-01,174051.5,180660.0,3.796864721073945,0
2021-02-02,176384.0,179789.27,1.9305978008209435,0
2021-02-03,177748.0,179493.58,0.9820521890541611,0
2021-02-04,179180.0,180569.55,0.7755033346355633,0
2021-02-05,161408.0,165285.66,2.4023940882731853,0
2021-02-06,171759.0,174819.36,1.781775263596086,0
2021-02-07,179166.5,179300.58,0.07483437193895881,0
2021-02-08,181556.5,181261.75,-0.16234615670603914,0
2021-02-09,181266.5,181008.69,-0.14222843161864063,0
2021-02-10,183009.5,183549.78,0.29522033009214965,0
2021-02-11,183875.0,185059.61,0.6442471108089709,0
2021-02-12,165533.5,167434.25,1.1482569993384928,0
2021-02-13,176388.0,177271.84,0.5010792967775624,0
2021-02-14,184617.5,186274.8,0.8976921879020106,0
2021-02-15,183499.5,188142.25,2.530115885874351,0
2021-02-16,185925.0,187813.11,1.0155220519026509,0
2021-02-17,186308.0,187984.98,0.9001139913476619,0
2021-02-18,186558.0,192692.11,3.288044133727852,0
2021-02-19,171338.0,174740.17,1.985649345154017,0
2021-02-20,176324.0,181520.73,2.9472643400784815,0
2021-02-21,167857.5,170353.58,1.4870221020806262,0
2021-02-22,182030.5,193462.34,6.280180381859091,0
2021-02-23,189581.5,194959.61,2.8368323781592597,1
2021-02-24,193774.0,196914.14,1.6205170069256036,0
2021-02-25,193714.5,199966.84,3.227607510021202,0
2021-02-26,181695.0,185469.84,2.0775716172706904,0
2021-02-27,199429.5,199491.61,0.03114352440336532,0
2021-02-28,212331.5,211446.1,-0.4169924151621429,0
2021-03-01,217297.0,217841.69,0.2506649884719936,0
2021-03-02,215935.5,219836.88,1.8067316397720523,0
2021-03-03,212711.5,215593.28,1.3547839444505883,0
2021-03-04,208318.5,212141.33,1.8350881582768652,0
2021-03-05,196231.0,195160.31,-0.5456260733523233,0
2021-03-06,207456.5,209089.73,0.7872659449089436,0
2021-03-07,219600.5,220097.2,0.2261848789051113,0
2021-03-08,222938.5,218036.25,-2.1989248155881547,0
2021-03-09,220506.0,220953.36,0.20287854979001985,0
2021-03-10,223143.0,219784.05,-1.5052917299668844,0
2021-03-11,225315.0,228992.17,1.6320137918025779,0
2021-03-12,213544.0,212570.88,-0.45570233769153257,0
2021-03-13,203201.0,215048.1,5.830233980147725,0
2021-03-14,212079.0,227827.44,7.425741115339091,0
2021-03-15,220844.5,228772.78,3.5899835630953003,0
2021-03-16,228103.0,231194.83,1.3554526354322416,0
2021-03-17,223220.0,229364.83,2.752812527999282,0
2021-03-18,229495.0,230394.75,0.3920564718185471,0
2021-03-19,216490.0,217801.39,0.6057511316919895,0
2021-03-20,230725.0,223510.36,-3.126943601690324,0
2021-03-21,248206.5,244056.08,-1.6721648607107342,0
2021-03-22,255476.5,255664.69,0.07366137394242411,0
2021-03-23,258015.5,257415.17,-0.2326713414504189,0
2021-03-24,262480.5,256667.52,-2.214634753819811,0
2021-03-25,261246.0,257760.58,-1.3341532023456781,0
2021-03-26,232547.0,232244.95,-0.12988637780749768,0
2021-03-27,245233.5,238537.38,-2.730509901787481,0
2021-03-28,253833.5,246080.28,-3.0544505551867607,0
2021-03-29,254842.0,252029.56,-1.1036004661711951,0
2021-03-30,224478.0,249868.7,11.310998460873666,0
2021-03-31,248836.0,253384.69,1.8279861032969524,0
2021-04-01,264637.0,256677.06,-3.0078702146714154,0
2021-04-02,251162.0,236884.98,-5.6843852274627515,0
2021-04-03,256809.0,246488.02,-4.018934061890356,0
2021-04-04,227975.4,252402.84,10.714947204829993,0
2021-04-05,205081.0,207622.52,1.2392740551294468,0
2021-04-06,236763.5,211241.33,-10.779605756377142,0
2021-04-07,251569.5,220052.92,-12.527980587869358,0
2021-04-08,256179.5,226543.3,-11.568530317609337,0
2021-04-09,218405.0,207275.3,-5.09590124997138,0
2021-04-10,249316.5,225543.47,-9.535281960881047,0
2021-04-11,270656.5,238972.05,-11.706518456050386,0
2021-04-12,271949.0,255567.88,-6.023601851817806,0
2021-04-13,278809.0,256118.11,-8.138507230756542,0
2021-04-14,270059.0,266858.62,-1.1850651154007075,0
2021-04-15,274478.0,264760.72,-3.540276907438844,0
2021-04-16,259049.0,240941.2,-6.990104912584105,0
2021-04-17,208780.5,233596.17,11.886010367347533,0
2021-04-18,244883.5,245851.1,0.3951241100359937,0
2021-04-19,258522.0,255048.58,-1.3435691643264414,0
2021-04-20,272243.5,265446.38,-2.4967079103817014,0
2021-04-21,270306.5,264194.72,-2.2610559679475006,0
2021-04-22,238230.0,252611.66,6.036878751626573,0
2021-04-23,238386.5,244733.39,2.6624371031916727,0
2021-04-24,249013.5,249083.34,0.028048178110817723,0
2021-04-25,274804.5,274496.2,-0.11219339566855835,0
2021-04-26,285742.0,284432.8,-0.4581711823953061,0
2021-04-27,293635.5,286990.8,-2.262903327424648,0
2021-04-28,291082.0,285152.28,-2.0371300011680527,0
2021-04-29,272571.5,272552.06,-0.007131156412165662,0
2021-04-30,268826.0,263244.03,-2.07642443439251,0
2021-05-01,237171.5,239944.66,1.1692620108233909,0
2021-05-02,260366.5,277878.12,6.725759650339036,0
2021-05-03,248202.5,249132.77,0.3748010696910775,0
2021-05-04,223497.5,214169.66,-4.17357856351861,0
2021-05-05,235719.0,214646.06,-8.939855293803213,0
2021-05-06,243964.5,234103.75,-4.041879043877284,0
2021-05-07,235727.5,217414.77,-7.768603313147593,0
2021-05-08,245143.0,211899.5,-13.560860395769003,0
2021-05-09,243606.0,235221.14,-3.441975721041357,0
2021-05-10,232423.0,237332.92,2.112493976499752,0
2021-05-11,205270.5,204552.4,-0.3498280317921987,0
2021-05-12,202318.5,200156.28,-1.0687202356680192,0
2021-05-13,190023.5,190572.92,0.28913364662792596,0
2021-05-14,186498.5,185989.53,-0.27290769094657774,0
2021-05-15,188252.5,189614.1,0.7232805673231368,0
2021-05-16,208325.0,205665.61,-1.276558562342489,0
2021-05-17,234485.0,228762.31,-2.440534575772435,0
2021-05-18,240186.0,237563.69,-1.0917840756746844,0
2021-05-19,254474.5,258079.86,1.4167861121644698,0
2021-05-20,263594.0,246189.42,-6.602797531430915,0
2021-05-21,250397.5,245051.47,-2.135017821663554,0
2021-05-22,270486.5,264456.4,-2.229351095156318,0
2021-05-23,290745.5,289037.1,-0.5875950788576279,0
2021-05-24,275521.0,274690.25,-0.3015196663775144,0
2021-05-25,236157.5,259579.62,9.918010226226137,0
2021-05-26,230431.0,231895.03,0.635344745281663,0
2021-05-27,235531.5,231791.34,-1.5879643487176853,0
2021-05-28,239513.5,241759.0,0.9375254421984502,0
2021-05-29,264324.5,266521.9,0.8313290103641569,0
2021-05-30,281626.5,274828.06,-2.41399069334739,0
2021-05-31,256625.0,230964.53,-9.999208475401854,0
2021-06-01,233878.5,233272.48,-0.2591155771052067,0
2021-06-02,250772.0,252238.75,0.584893847798007,0
2021-06-03,269986.0,263485.94,-2.4075553917610515,0
2021-06-04,254690.0,252937.56,-0.6880668656013222,0
2021-06-05,244154.0,242490.98,-0.6811338847612536,0
2021-06-06,233400.0,242344.4,3.832222043701794,0
2021-06-07,236668.5,253977.44,7.313578908895768,0
2021-06-08,243794.0,249184.78,2.2112034135376657,0
2021-06-09,257323.5,254059.53,-1.2684301084044058,0
2021-06-10,267632.5,260696.53,-2.5916018233958837,0
2021-06-11,237958.5,231424.67,-2.7457847166627802,0
2021-06-12,248585.5,247554.95,-0.4145643551212719,0
2021-06-13,264325.0,266113.25,0.6765345691856606,0
2021-06-14,268194.5,264918.84,-1.2213733875974353,0
2021-06-15,265724.5,260238.73,-2.0644560908008147,0
2021-06-16,248401.5,254298.8,2.3740987373264577,0
2021-06-17,239399.5,241645.36,0.9381219990016731,0
2021-06-18,212610.5,215795.69,1.498132735683333,0
2021-06-19,212889.5,211221.38,-0.7835637736948065,0
2021-06-20,225123.5,222140.56,-1.3250227097570844,1
2021-06-21,240924.5,236498.78,-1.8369733049150239,0
2021-06-22,245062.5,242553.89,-1.0236610558530979,0
2021-06-23,256778.0,257301.03,0.20369005522280492,0
2021-06-24,261980.0,258974.56,-1.1472011222230738,0
2021-06-25,247534.0,246075.11,-0.5893697936445119,0
2021-06-26,257414.5,256444.62,-0.3767755895646929,0
2021-06-27,269888.0,268895.22,-0.36784934861868734,0
2021-06-28,268306.0,262731.9,-2.077513641141082,0
2021-06-29,245525.0,246201.17,0.27539838102026426,0
2021-06-30,235717.0,235744.17,0.011527329382277074,0
2021-07-01,207690.0,226814.6,9.208240045259753,0
2021-07-02,192732.0,198216.06,2.8454343336861587,0
2021-07-03,221790.0,219692.69,-0.9456298751070791,0
2021-07-04,233485.0,239218.77,2.4557318992654675,0
2021-07-05,245527.0,251275.48,2.3412840033886217,0
2021-07-06,256794.5,244420.34,-4.818699874802612,0
2021-07-07,248123.0,229288.28,-7.590879825731589,0
2021-07-08,247231.0,253846.17,2.675704856996086,0
2021-07-09,243623.5,246761.56,1.2880787362467006,0
2021-07-10,260370.0,262632.2,0.8688356953566068,1
2021-07-11,270101.5,269490.3,-0.22628067596810464,0
2021-07-12,276610.5,273168.78,-1.2442473261137899,0
2021-07-13,270823.0,268208.84,-0.9652637516015972,0
2021-07-14,272388.0,271295.38,-0.40112817011028756,0
2021-07-15,283657.5,279949.66,-1.3071551959669692,0
2021-07-16,271272.0,269584.16,-0.6221960799492776,0
2021-07-17,270280.0,263912.94,-2.3557283187805256,0
2021-07-18,270533.5,263348.78,-2.655759360670673,0
2021-07-19,256515.0,250063.02,-2.515246428084128,0
2021-07-20,221998.0,222032.53,0.01555475725005806,0
2021-07-21,214546.0,214764.22,0.10171187064778042,0
2021-07-22,227059.5,226833.61,-0.0994852120259182,0
2021-07-23,211760.0,212120.88,0.17041698148847484,0
2021-07-24,206273.0,207190.12,0.44461708512504305,0
2021-07-25,221059.0,236858.1,7.147003175622801,0
2021-07-26,231641.0,264723.88,14.28196001571398,0
2021-07-27,222896.0,269794.0,21.04030579283611,0
2021-07-28,209132.0,238814.84,14.193353360556959,0
2021-07-29,189095.0,192482.38,1.7913614849678794,0
2021-07-30,194497.0,191188.73,-1.700934011835653,0
2021-07-31,206121.5,225371.44,9.339121586054834,0
2021-08-01,232406.0,237502.06,2.192741366401907,0
2021-08-02,240825.5,237493.02,-1.3837755449485178,0
2021-08-03,248668.0,244474.67,-1.6863159413354367,0
2021-08-04,251655.5,249566.73,-0.8300099242814052,0
2021-08-05,265762.0,259011.62,-2.5400076007856653,0
2021-08-06,250839.5,243818.8,-2.7988826022217417,0
2021-08-07,250041.0,232523.1,-7.006013513783738,0
2021-08-08,254200.5,246369.8,-3.0805223140788485,0
2021-08-09,260845.0,250847.39,-3.8327778469972595,0
2021-08-10,267490.0,246780.84,-7.742030075890682,0
2021-08-11,270797.5,261763.03,-3.336245257064785,0
2021-08-12,271475.5,254911.66,-6.101413847658444,0
2021-08-13,244555.0,239042.92,-2.2539216638383985,0
2021-08-14,260325.0,251908.44,-3.233098050513783,0
2021-08-15,256947.0,257242.39,0.11496169443503401,0
2021-08-16,270432.0,265290.5,-1.9012173115607656,0
2021-08-17,265704.0,257384.75,-3.131021738475903,0
2021-08-18,259926.0,247925.62,-4.616842870663184,0
2021-08-19,259206.0,244199.25,-5.789507187333632,0
2021-08-20,237851.0,231450.72,-2.6908784280915365,0
2021-08-21,254592.5,251906.78,-1.0549088248868244,0
2021-08-22,275679.5,262642.97,-4.728872204861078,0
2021-08-23,275573.0,261527.23,-5.096930985619053,0
2021-08-24,266336.0,264466.75,-0.7018390303976885,0
2021-08-25,269015.5,264740.78,-1.5890232161343887,0
2021-08-26,260542.0,262804.34,0.8683220939426306,0
2021-08-27,242843.0,239174.05,-1.5108333882384861,0
2021-08-28,259980.0,246706.02,-5.105771357412103,0
2021-08-29,270192.0,255496.73,-5.4388233644963595,0
2021-08-30,267012.0,252232.0,-5.5353317453897155,0
2021-08-31,274910.5,258042.94,-6.135655968033237,0
2021-09-01,277143.0,258420.7,-6.755464462389449,0
2021-09-02,273629.5,260558.56,-4.7768743867163455,0
2021-09-03,256492.0,260416.95,1.5302438770020022,0
2021-09-04,272903.0,275862.66,1.0845085066855331,0
2021-09-05,283289.5,293334.1,3.5456992758291506,0
2021-09-06,275101.0,282151.53,2.5628882664912256,0
2021-09-07,271963.5,274658.56,0.9909647802002874,0
2021-09-08,271332.5,272285.0,0.35104530419318714,0
2021-09-09,277539.0,279490.6,0.703178201982424,0
2021-09-10,262715.5,265795.2,1.172251922707268,0
2021-09-11,272764.0,272049.6,-0.2619136872901162,0
2021-09-12,281734.5,278927.38,-0.9963724712450883,0
2021-09-13,275289.5,272424.2,-1.040836101631193,0
2021-09-14,262280.5,273528.25,4.2884430981334765,0
2021-09-15,269032.5,276887.44,2.919698363580614,0
2021-09-16,269086.0,268594.1,-0.18280633329121887,0
2021-09-17,243904.5,247923.75,1.6478785754260317,0
2021-09-18,252971.0,252042.77,-0.36693311683948515,0
2021-09-19,255707.5,251615.77,-1.6001620503896086,0
2021-09-20,257082.5,250571.45,-2.532668258243953,0
2021-09-21,257219.5,251399.19,-2.262780426833888,0
2021-09-22,258447.5,249987.4,-3.2734283558556343,0
2021-09-23,268117.0,262396.62,-2.1335368514491804,0
2021-09-24,259574.5,255846.64,-1.4361423695316788,0
2021-09-25,271244.5,270921.5,-0.11908075555449038,0
2021-09-26,277159.5,283092.97,2.1408137732966015,0
2021-09-27,272697.5,284748.72,4.419262644505362,0
2021-09-28,261703.5,265602.88,1.4899972679005113,0
2021-09-29,257263.5,263156.7,2.290720409230218,0
2021-09-30,267997.0,264870.56,-1.1665942156068865,0
2021-10-01,255550.0,248585.23,-2.725402318528669,0
2021-10-02,270192.5,262367.84,-2.8959561238746434,0
2021-10-03,259874.5,267428.06,2.906619348954975,0
2021-10-04,249234.0,259289.67,4.034630858951838,0
2021-10-05,254856.5,256641.1,0.7002347399418962,0
2021-10-06,262658.5,261674.19,-0.37474991290973314,0
2021-10-07,271398.5,268143.38,-1.1993894586742382,0
2021-10-08,256322.5,247175.84,-3.5684172282963833,0
2021-10-09,269008.5,256493.06,-4.652431986349869,0
2021-10-10,283230.5,271918.06,-3.9940746141393646,0
2021-10-11,286195.5,278131.3,-2.8177198802916137,0
2021-10-12,287753.5,275784.8,-4.159354273709958,0
2021-10-13,284167.0,276790.53,-2.595821735106474,0
2021-10-14,286705.5,281879.62,-1.6832167502890627,0
2021-10-15,261030.0,265686.25,1.7837987970731328,0
2021-10-16,263267.5,270864.16,2.8855275527742696,0
2021-10-17,268510.0,269942.0,0.5333134706342335,0
2021-10-18,247490.0,242692.7,-1.9383800860640843,0
2021-10-19,228442.0,220917.33,-3.2939091213524674,0
2021-10-20,219795.0,225600.27,2.6412182374485393,0
2021-10-21,232622.0,232090.84,-0.22833448684991264,0
2021-10-22,210091.0,201929.02,-3.8849757367045656,0
2021-10-23,217421.5,209948.72,-3.437001975425613,0
2021-10-24,228429.0,222842.27,-2.4457202785110432,0
2021-10-25,228209.5,223097.64,-2.239985353370477,0
2021-10-26,231911.5,224286.53,-3.28787867354573,0
2021-10-27,233482.5,226402.47,-3.0323605623547856,0
2021-10-28,233671.5,230606.22,-1.311790804612456,0
2021-10-29,217967.5,219028.47,0.4867554796013085,0
2021-10-30,225481.0,223861.92,-0.7180552352526348,0
2021-10-31,219883.5,220220.64,0.15332693221636884,0
2021-11-01,208050.0,206708.55,-0.6447743931747185,0
2021-11-02,202179.0,200957.52,-0.6041598657625213,0
2021-11-03,203832.0,199783.28,-1.986301831900783,0
2021-11-04,201459.0,199886.19,-0.780710963521114,0
2021-11-05,176736.5,178141.77,0.7951190755729476,0
2021-11-06,182764.5,182510.16,-0.13916474479452878,0
2021-11-07,190235.5,190169.33,-0.034784188545256,0
2021-11-08,191501.5,189874.66,-0.8495201081975878,0
2021-11-09,196807.5,191640.0,-2.6256621317785167,0
2021-11-10,199699.5,193589.33,-3.0596831113748446,0
2021-11-11,199775.0,195784.83,-1.997332937054186,0
2021-11-12,182092.5,176482.4,-3.080903249721978,0
2021-11-13,183785.5,183197.92,-0.3197086413237127,0
2021-11-14,182731.0,191027.83,4.54046008887381,0
2021-11-15,184847.5,189178.42,2.342970218693785,0
2021-11-16,187061.0,189598.89,1.356718196203377,0
2021-11-17,185697.5,194267.5,4.615032512554018,0
2021-11-18,187471.5,190022.66,1.3608235118404588,0
2021-11-19,167426.5,168665.89,0.7402595317945515,0
2021-11-20,178482.5,177463.83,-0.5707404787584247,0
2021-11-21,185583.0,186894.73,0.7068181756949787,0
2021-11-22,188860.5,190518.22,0.8777477291439961,0
2021-11-23,192411.5,190268.56,-1.1137263105375772,0
2021-11-24,190261.5,187529.61,-1.4358609729241079,0
2021-11-25,186626.0,184705.73,-1.0289378891472745,0
2021-11-26,165196.5,164691.52,-0.30568709082819945,0
2021-11-27,174746.0,170911.73,-2.1941936439174525,0
2021-11-28,178023.0,179539.28,0.8517333434443941,0
2021-11-29,180789.0,179007.23,-0.9855497983837558,0
2021-11-30,182878.5,179176.14,-2.024491328942435,0
2021-12-01,184606.5,182582.39,-1.0964453445572064,0
2021-12-02,186784.5,185738.53,-0.5599869100487487,0
2021-12-03,164644.0,167311.5,1.6201622895459344,0
2021-12-04,173137.5,174415.67,0.7382409212331131,0
2021-12-05,178999.5,180827.36,1.0211533412104457,0
2021-12-06,167965.0,169187.05,0.7275604292561022,0
2021-12-07,176771.0,178654.53,1.0655205039288074,0
2021-12-08,182531.5,184745.55,1.2129670084341626,0
2021-12-09,183615.5,184024.25,0.22261192546380038,0
2021-12-10,163814.0,165678.3,1.1380571105033654,0
2021-12-11,170868.0,169206.89,-0.9721594300863834,0
2021-12-12,177268.0,176459.03,-0.45635351558093173,0
2021-12-13,176714.0,174326.55,-1.3510265881593986,0
2021-12-14,176268.0,174869.05,-0.7936512157623588,0
2021-12-15,177855.5,174926.08,-1.6470797220215272,0
2021-12-16,156641.5,159288.1,1.689586571885493,0
2021-12-17,150555.0,159208.23,5.747556955929722,0
2021-12-18,164131.5,165429.61,0.7908959431918827,0
2021-12-19,173602.5,175346.98,1.0048728416929498,0
2021-12-20,174851.5,173782.11,-0.6115993428709499,0
2021-12-21,178334.33333333334,174108.23,-2.369761828438355,0
2021-12-22,178902.66666666666,175030.72,-2.164276245183594,0
2021-12-23,178124.5,176315.53,-1.0155642542154508,0
2021-12-24,160469.5,160450.19,-0.012034997304788408,0
2021-12-25,171025.5,168709.95,-1.3539190793185774,0
2021-12-26,175006.0,177379.23,1.3560874341451257,0
2021-12-27,179947.5,177493.11,-1.3639481654371455,0
2021-12-28,181811.5,176554.11,-2.8916711126633854,0
2021-12-29,181411.0,175827.58,-3.0777747077079143,0
2021-12-30,180100.5,177673.98,-1.3473119869184202,0
2021-12-31,161729.0,162048.7,0.1976782920811937,0
2022-01-01,169621.5,167648.05,-1.1634451558322545,0
2022-01-02,175810.0,176850.2,0.5916632301916858,0
2022-01-03,176866.0,177518.52,0.36893220008367145,0
2022-01-04,179849.0,178132.75,-0.9542727510300275,0
2022-01-05,177066.5,178030.33,0.5443311552439267,0
2022-01-06,180850.0,179470.3,-0.7628991567597443,0
2022-01-07,162146.0,164556.5,1.4866231667756136,0
2022-01-08,172051.83333333334,172329.92,0.16163067622063654,0
2022-01-09,184993.66666666663,183436.03,-0.8419939151069866,0
2022-01-10,184217.5,185508.06,0.7005645500563151,0
2022-01-11,188995.0,185936.5,-1.618296780338102,0
2022-01-12,184416.5,184420.94,0.0024062380535427863,0
2022-01-13,184626.5,184426.22,-0.10847914573476336,0
2022-01-14,171271.5,168706.1,-1.4978593928353545,0
2022-01-15,177889.0,175817.17,-1.1646746707216327,0
2022-01-16,186094.5,184577.89,-0.8149673284272185,0
2022-01-17,187060.0,184898.36,-1.1555867769699524,0
2022-01-18,190550.5,187251.0,-1.7315619743847432,0
2022-01-19,192247.5,188761.03,-1.813531385323608,0
2022-01-20,192076.0,190161.52,-0.9967327386034674,0
2022-01-21,172599.5,173150.5,0.3192361507420305,0
2022-01-22,182304.5,183050.69,0.40930832755088353,0
2022-01-23,192718.5,191794.88,-0.47926120221981616,0
2022-01-24,187528.5,191390.88,2.0596202710521316,0
2022-01-25,195485.0,194324.77,-0.5935158068393953,0
2022-01-26,194952.0,192654.64,-1.1784230861955791,0
2022-01-27,193693.5,191803.62,-0.975703882680623,0
2022-01-28,173898.0,173280.98,-0.35481467584446147,0
2022-01-29,184260.0,183601.23,-0.35751960544881944,0
2022-01-30,193916.5,192184.48,-0.8931759932754524,0
2022-01-31,193161.5,194362.58,0.6217999575484745,0
2022-02-01,193479.5,193589.5,0.056853568465919935,0
2022-02-02,194162.0,194069.55,-0.0476164877782459,0
2022-02-03,195081.0,193796.02,-0.658692735325328,0
2022-02-04,148014.0,173421.02,17.16527870674396,0
2022-02-05,162124.5,170215.53,4.99062834426629,0
2022-02-06,178616.5,185479.4,3.8422577141529413,0
2022-02-07,181862.0,187418.97,3.055596413764272,0
2022-02-08,184372.0,187609.94,1.7561980669515975,0
2022-02-09,186703.5,187989.64,0.6888679778365159,0
2022-02-10,187698.0,191246.92,1.8907616889897616,0
2022-02-11,169083.5,173085.28,2.36674852957266,0
2022-02-12,178417.0,179343.0,0.5190088388438374,0
2022-02-13,189913.5,193594.33,1.9381603335202557,0
2022-02-14,191872.5,193581.95,0.8909318036717018,0
2022-02-15,193323.5,194101.77,0.40257166097241726,0
2022-02-16,194469.5,195197.56,0.3743839008173433,0
2022-02-17,196657.5,195447.17,-0.6154497667264169,0
2022-02-18,176472.5,176801.64,0.18651100029749568,0
2022-02-19,187491.0,186416.78,-0.5729441679867331,0
2022-02-20,193418.5,194032.56,0.31747867965059573,0
2022-02-21,173524.5,174171.5,0.37285801140471975,0
2022-02-22,190031.5,197330.17,3.840769490847573,0
2022-02-23,198639.5,201283.39,1.330999436164504,0
2022-02-24,199491.5,202988.83,1.753121373592359,0
2022-02-25,175443.0,179867.66,2.5219907605319003,0
2022-02-26,197960.0,199506.06,0.7809974237219741,0
2022-02-27,204111.0,205830.62,0.8424950149673371,0
2022-02-28,208689.0,209694.6,0.481862364571195,0
2022-03-01,209251.0,208898.19,-0.16860731848354904,0
2022-03-02,210697.5,207461.0,-1.5360884680644005,0
2022-03-03,212792.0,210508.67,-1.0730328795255484,1
2022-03-04,191711.5,191510.47,-0.10486134112976941,1
2022-03-05,208056.0,206117.4,-0.9317653660552927,0
2022-03-06,219297.0,220446.53,0.5241892273948112,0
2022-03-07,224966.5,228549.06,1.5924871036354205,0
2022-03-08,231840.5,231091.22,-0.32318824795495305,0
2022-03-09,235932.0,234639.06,-0.5480127748673347,0
2022-03-10,234718.0,234746.95,0.01233528106068249,0
2022-03-11,213800.5,212209.5,-0.7441516741074072,0
2022-03-12,223616.0,221749.83,-0.8345430894927008,0
2022-03-13,239955.0,239776.97,-0.0741935987997766,0
2022-03-14,245601.0,243602.86,-0.8135718604565967,0
2022-03-15,252230.0,245669.22,-2.6011105935059287,0
2022-03-16,257125.5,252364.11,-1.8517769046632826,0
2022-03-17,258987.0,257248.05,-0.6714441748041367,0
2022-03-18,243066.0,241564.03,-0.6179263039668204,1
2022-03-19,235967.5,248152.27,5.163747391060203,0
2022-03-20,262312.0,260993.05,-0.5028184471164154,0
2022-03-21,268488.0,263390.94,-1.8984321459432074,0
2022-03-22,272278.5,267090.84,-1.905275756256919,0
2022-03-23,282121.0,275940.03,-2.1908928261277993,0
2022-03-24,281545.0,264953.22,-5.893118773197892,0
2022-03-25,261646.5,253482.33,-3.1203061669084042,0
2022-03-26,260776.0,254334.44,-2.4701515860355294,0
2022-03-27,277509.0,257895.56,-7.067676183475136,0
2022-03-28,279868.0,256540.03,-8.335346931410525,0
2022-03-29,274439.5,252239.7,-8.089140548281136,0
2022-03-30,275002.5,256216.56,-6.8311878982918355,0
2022-03-31,279651.5,263034.25,-5.942127969991217,1
2022-04-01,261969.5,253954.17,-3.0596417235594253,0
2022-04-02,274931.5,252623.92,-8.11386768158614,0
2022-04-03,285934.5,273752.72,-4.260339780614086,0
2022-04-04,276606.5,274014.2,-0.9371842310285539,0
2022-04-05,292916.5,288925.47,-1.362515000008535,0
2022-04-06,294587.25,289134.12,-1.8511069301200278,0
2022-04-07,299127.25,301315.0,0.7313776996244803,0
2022-04-08,280430.0,287738.12,2.6060425061512626,0
2022-04-09,287826.5,291048.0,1.119250659685611,0
2022-04-10,283958.5,297271.7,4.688427182141042,0
2022-04-11,276647.0,290592.03,5.040731057990877,0
2022-04-12,290998.5,294567.28,1.2263916308846934,0
2022-04-13,296362.5,300433.25,1.3735712176810466,0
2022-04-14,283805.0,282407.28,-0.49249264459751974,0
2022-04-15,283448.5,284902.75,0.513056163641723,0
2022-04-16,301735.0,284931.28,-5.569032014847464,0
2022-04-17,307149.0,300083.9,-2.300217077053812,0
2022-04-18,308081.0,307095.9,-0.3197515426137887,0
2022-04-19,305853.1666666667,305964.3,0.036339605224511295,0
2022-04-20,213270.3333333333,241692.62,13.326884814421769,0
2022-04-21,238251.5,249464.67,4.706443348730227,0
2022-04-22,229408.5,240891.8,5.005610897155077,0
2022-04-23,252355.0,275059.6,8.997084959679814,0
2022-04-24,297622.0,307505.3,3.3207600580602348,0
2022-04-25,310366.5,310961.6,0.19173904077920412,0
2022-04-26,318241.5,305054.97,-4.143561179167399,0
2022-04-27,303015.0,305035.2,0.6666955431249288,0
2022-04-28,312855.0,306728.56,-1.9582354445350059,0
2022-04-29,291700.6666666667,291549.47,-0.05183324343905893,0
2022-04-30,226440.3333333333,267351.56,18.06711223412791,0
2022-05-01,227807.0,229302.27,0.6563738713033507,0
2022-05-02,207680.0,222038.92,6.9139646932781185,0
2022-05-03,171813.5,176485.11,2.7190001804281883,0
2022-05-04,170690.0,179092.77,4.9228224412678045,0
2022-05-05,199972.5,196584.66,-1.6941548212879298,0
2022-05-06,206661.5,208598.17,0.9371227224229006,0
2022-05-07,233868.0,240508.67,2.8394957304975543,0
2022-05-08,261440.5,271199.4,3.7327446397937614,0
2022-05-09,255284.5,244387.02,-4.26876068660651,0
2022-05-10,238596.5,220910.61,-7.412468592372479,0
2022-05-11,240673.5,239568.53,-0.4591152536527754,0
2022-05-12,252564.0,254446.03,0.7451700361096547,0
2022-05-13,232183.5,229873.73,-0.9948017947011722,0
2022-05-14,254867.0,250415.0,-1.7467934255905981,0
2022-05-15,275371.5,266383.7,-3.263886240950864,0
2022-05-16,287286.0,251830.39,-12.341572292071312,0
2022-05-17,272302.0,252770.69,-7.172665826912761,0
2022-05-18,290476.5,247487.44,-14.799497549715724,0
2022-05-19,277689.0,257303.77,-7.341030568369655,0
2022-05-20,222205.0,233487.02,5.077300522040451,0
2022-05-21,209638.1,229765.22,9.600887791866075,0
2022-05-22,260245.5,253911.78,-2.4337476536577918,0
2022-05-23,280202.0,251266.86,-10.326528941620683,0
2022-05-24,290900.5,261249.05,-10.192988023396321,0
2022-05-25,278958.5,262665.28,-5.8407321339912555,0
2022-05-26,274042.0,258303.69,-5.743029353164841,0
2022-05-27,251802.5,243632.84,-3.2444698722212895,0
2022-05-28,258876.5,254581.97,-1.6589111989693928,0
2022-05-29,267769.0,263022.25,-1.7727033375782852,0
2022-05-30,279553.5,261212.9,-6.560673985480414,0
2022-05-31,284493.5,263972.34,-7.213224994595658,0
2022-06-01,287941.0,265319.84,-7.856177567626698,0
2022-06-02,287038.0,275555.84,-4.000221660546687,0
2022-06-03,260013.0,248965.78,-4.248717852568906,0
2022-06-04,263123.0,251755.22,-4.32032975072495,0
2022-06-05,283936.0,278564.8,-1.8916895004508105,0
2022-06-06,293707.0,283884.3,-3.3443831777928312,0
2022-06-07,290119.0,288633.53,-0.5120204984850996,0
2022-06-08,297040.0,283279.3,-4.632604194721246,0
2022-06-09,268309.0,268093.28,-0.08039937162003241,0
2022-06-10,244316.0,247591.05,1.3404962732690429,0
2022-06-11,279247.0,270621.44,-3.0888648758984005,0
2022-06-12,291846.0,282361.47,-3.2498410977022107,0
2022-06-13,286521.5,290782.5,1.4871484338871532,0
2022-06-14,280029.5,289110.72,3.24295074268961,0
2022-06-15,283966.0,278088.06,-2.069944113027611,0
2022-06-16,277215.5,261231.36,-5.7659620854533795,0
2022-06-17,220461.0,220442.77,-0.008271020724759381,0
2022-06-18,230375.0,230501.56,0.05493760173629347,0
2022-06-19,251175.5,245871.5,-2.1116709233185538,0
2022-06-20,246963.5,248346.16,0.5598625910306687,0
2022-06-21,260778.0,252763.23,-3.0734055882781552,0
2022-06-22,269576.0,260871.11,-3.229104454773424,0
2022-06-23,275870.0,264687.0,-4.053720955522532,0
2022-06-24,260628.0,249698.86,-4.193386982595881,0
2022-06-25,279958.0,270953.3,-3.216442287771737,0
2022-06-26,289173.0,280279.6,-3.0754621800790582,0
2022-06-27,294529.5,286980.97,-2.56291177963498,0
2022-06-28,291860.0,286381.66,-1.877045072980199,0
2022-06-29,285548.0,278218.3,-2.5668845518091565,0
2022-06-30,279650.5,271989.62,-2.7394462015980614,0
2022-07-01,272587.0,258060.66,-5.329066958438955,0
2022-07-02,281290.0,278094.7,-1.1359495538412312,0
2022-07-03,273758.5,286478.62,4.646476730402882,0
2022-07-04,269577.5,285767.25,6.005601357680068,0
2022-07-05,278583.5,292351.6,4.942178467138225,0
2022-07-06,293332.5,292120.25,-0.41326821951198633,0
2022-07-07,292561.5,254349.97,-13.061025203247867,0
2022-07-08,270936.0,249242.53,-8.006860937638404,0
2022-07-09,249037.5,245450.95,-1.440163379009185,0
2022-07-10,237894.5,235405.6,-1.0462226953544485,0
2022-07-11,242545.5,247288.77,1.9556188941868724,0
2022-07-12,249371.5,249494.86,0.049468112835659994,0
2022-07-13,258376.0,265181.22,2.6338432168622417,0
2022-07-14,268406.0,274237.94,2.172804445504206,0
2022-07-15,266915.0,285840.56,7.090482925275832,0
2022-07-16,284960.5,296178.8,3.936795626060463,0
2022-07-17,295548.5,311377.34,5.3557516786584936,0
2022-07-18,296577.0,322591.2,8.771478401899003,0
2022-07-19,272070.0,315398.3,15.925428198625347,1
2022-07-20,277884.0,309840.56,11.499964913417116,1
2022-07-21,274178.0,308492.84,12.515535072106431,1
2022-07-22,275790.0,283347.97,2.740479622176295,1
2022-07-23,273111.5,292427.12,7.0724319554467785,1
2022-07-24,258955.0,289401.47,11.757436137552846,1
2022-07-25,257970.5,281111.28,8.970320734347537,1
2022-07-26,261424.0,288302.3,10.281501507130187,1
2022-07-27,267220.5,294537.2,10.222526901940544,1
2022-07-28,273632.5,296704.06,8.431587073903856,1
2022-07-29,269291.5,279150.38,3.661042030661932,1
2022-07-30,272957.0,290602.0,6.4643881637034495,1
2022-07-31,268496.0,295986.8,10.238816406948326,1
2022-08-01,266817.5,298383.66,11.830616901065326,1
2022-08-02,267639.0,308487.53,15.26254815254877,1
2022-08-03,269880.5,297357.88,10.181311728709552,1
2022-08-04,266018.5,297957.7,12.006378315793832,1
2022-08-05,266622.0,282322.97,5.8888496635686405,1
2022-08-06,266025.5,287695.62,8.145882631552247,1
2022-08-07,264461.5,308397.22,16.61327593997615,1
2022-08-08,274943.5,292896.88,6.529841585634877,1
2022-08-09,268093.0,282853.1,5.505587146997493,1
2022-08-10,260600.0,275500.38,5.717718726016874,1
2022-08-11,261395.5,277966.34,6.339376060414192,1
2022-08-12,257708.0,282221.75,9.512219255902021,1
2022-08-13,266136.0,295890.0,11.179998196410867,1
2022-08-14,262474.5,267524.22,1.923889273053181,1
2022-08-15,267311.0,271194.75,1.452895690787126,1
2022-08-16,281485.5,303094.94,7.676927408338963,1
2022-08-17,280179.0,316513.5,12.968316683263193,1
2022-08-18,277009.5,333862.94,20.524002786908024,1
2022-08-19,268971.0,286684.44,6.585630978804402,1
2022-08-20,278490.5,286987.78,3.0511925002827844,1
2022-08-21,283693.0,297727.88,4.947205253566356,1
2022-08-22,282089.5,306498.16,8.652805669831732,1
2022-08-23,283257.0,297799.16,5.1339088707428315,1
2022-08-24,285299.0,290788.06,1.923968363015649,1
2022-08-25,294962.5,296953.75,0.6750858159935591,1
2022-08-26,292167.5,285872.22,-2.1546822456296466,1
2022-08-27,293060.5,294865.47,0.6159031155682948,1
2022-08-28,290180.0,292162.34,0.6831427906816456,1
2022-08-29,290008.5,298946.47,3.0819678561145647,1
2022-08-30,289926.0,314906.88,8.616293467988378,1
2022-08-31,295168.5,314155.78,6.432692258828432,1
2022-09-01,296337.5,301959.06,1.8970135403045596,1
2022-09-02,279929.5,271977.47,-2.8407264150437928,1
2022-09-03,279021.0,279018.9,-0.0007503915475881584,1
2022-09-04,282463.5,290194.38,2.736946543535712,1
2022-09-05,283631.0,283436.34,-0.06863010390260049,1
2022-09-06,267409.0,280488.66,4.891255062469857,1
2022-09-07,290590.5,286733.94,-1.32714679247945,1
2022-09-08,293899.5,306203.94,4.186613961575292,1
2022-09-09,278244.5,282662.44,1.5877896957531945,1
2022-09-10,283881.0,283179.12,-0.24724268267337646,1
2022-09-11,277717.5,278493.6,0.2794543916029735,1
2022-09-12,262348.0,259123.55,-1.2290747880677522,1
2022-09-13,246263.5,245929.42,-0.13565880652228746,1
2022-09-14,243255.0,248035.12,1.965067521736441,1
2022-09-15,255289.5,258171.67,1.128981754047853,1
2022-09-16,255220.5,243454.45,-4.610149605928992,1
2022-09-17,275210.5,268851.9,-2.3104473666520686,1
2022-09-18,286207.0,285066.34,-0.39854240112925376,1
2022-09-19,287036.5,292177.7,1.7911267382371143,1
2022-09-20,282738.0,288951.94,2.1977723192496246,1
2022-09-21,285503.5,289091.97,1.2568913340817112,1
2022-09-22,287681.0,294081.38,2.2248167240797923,1
2022-09-23,280956.0,274318.22,-2.3625696728313383,1
2022-09-24,279404.0,280269.2,0.309654657771552,1
2022-09-25,279297.5,290031.7,3.843280910140612,1
2022-09-26,274951.5,291074.38,5.86389781470551,1
2022-09-27,279104.0,287686.56,3.0750410241343618,1
2022-09-28,281313.0,288032.47,2.3886093959397448,1
2022-09-29,277353.5,302146.6,8.9391674343392,1
2022-09-30,278704.0,289294.1,3.7997638175268467,1
2022-10-01,277060.0,292838.53,5.6949870966577665,1
2022-10-02,259115.0,274247.88,5.840215734326448,1
2022-10-03,254945.5,271735.84,6.585856094733966,1
2022-10-04,206078.5,279473.25,35.614947701967935,1
2022-10-05,243410.5,280882.2,15.394441694175075,1
2022-10-06,249825.0,282170.34,12.947200540378256,1
2022-10-07,239118.5,266207.7,11.328771090484423,1
2022-10-08,251606.5,276141.7,9.751412423764894,1
2022-10-09,251946.0,283396.88,12.483180919720894,1
2022-10-10,260181.0,280727.12,7.8968583409241955,1
2022-10-11,259038.0,277232.78,7.0239815200858535,1
2022-10-12,256206.5,267534.44,4.421409097739515,1
2022-10-13,258108.5,267763.9,3.7408323437624125,1
2022-10-14,252120.5,251241.2,-0.3487605629054369,1
2022-10-15,254655.0,266039.66,4.470619563723477,1
2022-10-16,254147.0,271539.72,6.84356642022137,1
2022-10-17,252103.5,270878.12,7.447189348819028,1
2022-10-18,252118.0,272445.5,8.062692866038912,1
2022-10-19,250349.5,269261.7,7.5543140689316335,1
2022-10-20,248163.5,271890.56,9.561060550806232,1
2022-10-21,243146.5,254540.72,4.686153718025965,1
2022-10-22,247127.0,265710.28,7.519729228291516,1
2022-10-23,242842.0,245553.5,1.116569621399921,1
2022-10-24,168052.0,175714.27,4.559461134053744,1
2022-10-25,140822.0,179127.27,27.20119414935167,0
2022-10-26,206584.5,214277.94,3.7241116831127297,1
2022-10-27,218916.0,218905.67,-0.004717848398472224,1
2022-10-28,202903.5,201090.94,-0.8933125845537404,0
2022-10-29,213020.0,214384.42,0.6405135081213098,1
2022-10-30,224973.0,231737.64,3.006867768576682,1
2022-10-31,229432.0,241153.39,5.1088734897486,1
2022-11-01,234794.5,247040.34,5.2155581795996,1
2022-11-02,236427.0,245315.47,3.7594981749123457,1
2022-11-03,231838.5,234451.84,1.12722595686221,1
2022-11-04,212355.5,209099.9,-1.5330866165463086,1
2022-11-05,218372.5,222231.67,1.7672426129663688,1
2022-11-06,228617.5,235292.92,2.91990852625017,1
2022-11-07,221553.5,230869.62,4.204909875041474,1
2022-11-08,221416.5,225978.17,2.0602221943712307,1
2022-11-09,219290.5,221176.62,0.8601033788513401,1
2022-11-10,218281.5,217776.06,-0.23155306336084536,1
2022-11-11,200830.0,192632.39,-4.081864947965941,0
2022-11-12,205164.5,201830.25,-1.6251593233722161,1
2022-11-13,208133.0,206302.86,-0.8793130474263999,1
2022-11-14,205071.5,203343.4,-0.8426786511046114,0
2022-11-15,207459.5,203780.2,-1.7735012737425837,1
2022-11-16,207740.5,202579.05,-2.484567585521358,0
2022-11-17,208546.5,202789.16,-2.760700251502668,0
2022-11-18,188721.5,182475.7,-3.3095311742435296,0
2022-11-19,193507.5,188007.92,-2.8420490807849808,0
2022-11-20,204753.0,203390.92,-0.6652298745317475,0
2022-11-21,206068.0,202738.28,-1.6158349428344043,0
2022-11-22,204852.5,198992.44,-2.860625327979893,0
2022-11-23,199696.0,195060.03,-2.3215130748738044,1
2022-11-24,200384.0,194593.5,-2.889701772596609,0
2022-11-25,186173.5,178952.11,-3.8788499034502766,0
2022-11-26,190482.0,188428.67,-1.0779643877111722,1
2022-11-27,198561.5,197961.61,-0.30211829836096493,1
2022-11-28,197443.5,198767.88,0.6707615089886376,1
2022-11-29,199700.0,203404.11,1.854836942914373,1
2022-11-30,204394.0,204757.53,0.17785808291828076,1
2022-12-01,208225.5,205189.73,-1.4579221204895632,1
2022-12-02,186812.5,181390.77,-2.902233188357306,1
2022-12-03,190921.0,184020.9,-3.6141093698440763,1
2022-12-04,194959.5,193227.81,-0.8882293501983773,0
2022-12-05,196748.0,193698.84,-1.5497775072681796,0
2022-12-06,196053.0,194128.44,-0.9816541955491642,0
2022-12-07,195190.0,192642.14,-1.3053226983964383,0
2022-12-08,198244.5,190481.88,-3.9156824022860692,0
2022-12-09,179472.5,173257.86,-3.4627258354343993,0
2022-12-10,184051.0,183020.16,-0.5600859272701597,0
2022-12-11,191098.0,194045.69,1.5425004447979562,0
2022-12-12,190639.0,192162.14,0.7989659120117176,0
2022-12-13,192871.5,191078.66,-0.9295534850924048,0
2022-12-14,194798.0,191310.6,-1.7902679955646317,1
2022-12-15,192208.5,191353.64,-0.4447562802893712,0
2022-12-16,166991.5,168352.2,0.8148337639939829,0
2022-12-17,174175.5,179122.5,2.840238724734534,0
2022-12-18,184620.5,189332.38,2.55219490793277,0
2022-12-19,187185.0,190521.67,1.7825530224109931,0
2022-12-20,190242.5,192480.9,1.1766068307554889,0
2022-12-21,191334.5,191455.69,0.0633380284266627,0
2022-12-22,192947.0,189781.98,-1.640354929073784,0
2022-12-23,176571.0,173652.7,-1.6527611414105414,0
2022-12-24,178019.5,181058.42,1.7070724695890105,0
2022-12-25,185924.5,185279.47,-0.34693181909861703,0
2022-12-26,190406.0,192358.67,1.0255306424167276,0
2022-12-27,187796.5,191427.2,1.933317780150312,0
2022-12-28,191231.5,191237.06,0.002908778104027121,0
2022-12-29,189726.0,191438.16,0.9024362765250871,1
2022-12-30,176424.5,173818.56,-1.477083681688196,0
2022-12-31,180504.0,179857.53,-0.3581464953685276,0
2023-01-01,183693.0,188332.72,2.525800520433541,0
2023-01-02,184068.5,188443.58,2.3768749813248835,0
2023-01-03,187938.0,188844.58,0.48238149017230114,0
2023-01-04,190299.0,189471.83,-0.43466958575715253,0
2023-01-05,191497.0,187810.78,-1.924948563162865,0
2023-01-06,175512.5,173680.69,-1.043693469126128,0
2023-01-07,180197.5,180986.42,0.43780955618140105,0
2023-01-08,190401.5,192951.02,1.3390207666431175,1
2023-01-09,179749.5,193384.69,7.5856608780553,1
2023-01-10,189130.5,194582.19,2.8825004428159495,1
2023-01-11,194660.5,198468.58,1.9562664870376834,1
2023-01-12,193707.0,197830.44,2.1286982401255594,1
2023-01-13,183380.5,182226.33,-0.6293863715062353,0
2023-01-14,186258.5,190374.0,2.2095635903864874,1
2023-01-15,191245.5,199002.12,4.055847065682583,1
2023-01-16,186940.0,202003.34,8.05784944367176,1
2023-01-17,191351.5,202179.89,5.658900309116999,1
2023-01-18,193016.0,203715.48,5.543314738156413,1
2023-01-19,195880.0,203085.06,3.6783043189708042,1
2023-01-20,186070.5,184891.3,-0.6337399668405297,1
2023-01-21,190360.0,194469.2,2.158648416158848,1
2023-01-22,197839.0,205052.2,3.6459965552797957,1
2023-01-23,198320.0,205122.44,3.4300310104881104,1
2023-01-24,202342.5,209038.69,3.3093331850698737,1
2023-01-25,206068.0,211432.2,2.6031228162548325,1
2023-01-26,205636.5,213317.38,3.735171042105856,1
2023-01-27,195130.0,192590.52,-1.301432058115104,1
2023-01-28,199544.5,201988.14,1.2246093603181185,1
2023-01-29,207479.5,210648.89,1.5275680850397322,1
2023-01-30,205195.0,213810.88,4.198871804868531,1
2023-01-31,209266.0,215365.58,2.914748752783547,1
2023-02-01,210047.5,214242.16,1.9970036539354252,1
2023-02-02,208933.5,213727.5,2.294509975662118,1
2023-02-03,193553.0,188253.72,-2.737896725961364,1
2023-02-04,202262.0,196821.22,-2.6899670971314404,1
2023-02-05,206927.5,208045.48,0.5402782979545995,1
2023-02-06,205571.5,210750.12,2.5191356778541785,1
2023-02-07,202618.5,211113.86,4.1927856414888165,1
2023-02-08,209823.0,214555.42,2.2554352358892915,1
2023-02-09,209582.0,215720.36,2.9288580961151167,1
2023-02-10,195355.0,193414.36,-0.993391837936064,1
2023-02-11,199256.0,207937.38,4.356895149957851,1
2023-02-12,208862.5,215470.14,3.1636318750374093,1
2023-02-13,209345.0,221105.97,5.617984069359183,1
2023-02-14,210966.5,213455.78,1.1799414836004773,1
2023-02-15,210094.0,211725.78,0.7766910287775985,1
2023-02-16,212524.0,215234.16,1.2752236218027235,1
2023-02-17,200245.5,197780.64,-1.2309187347530948,1
2023-02-18,207904.5,210082.31,1.0475061867347701,1
2023-02-19,218221.0,220131.4,0.8754456491355089,1
2023-02-20,216956.5,223426.8,2.982301463657455,1
2023-02-21,206093.0,210275.14,2.029249234568864,1
2023-02-22,216329.0,232654.39,7.546556691428341,1
2023-02-23,231301.0,235664.58,1.8865366448912901,1
2023-02-24,219468.5,216152.44,-1.510951457726284,1
2023-02-25,224531.5,225642.64,0.49487070856428783,1
2023-02-26,228378.5,235784.19,3.242725344110764,1
2023-02-27,234968.0,234411.16,-0.23698705781213247,1
2023-02-28,237306.5,236079.19,-0.517184527183201,1
2023-03-01,238395.0,236116.33,-0.955838786467833,1
2023-03-02,240187.5,238482.56,-0.7098360655737657,1
2023-03-03,224525.5,223097.64,-0.6359453046535957,1
2023-03-04,233940.5,237598.58,1.5636788521012912,1
2023-03-05,247148.0,251271.2,1.668313368912555,1
2023-03-06,251549.0,252576.72,0.4085560864881099,1
2023-03-07,247917.5,253313.4,2.1764926840581955,1
2023-03-08,220995.0,243344.66,10.113195434285839,1
2023-03-09,244213.5,245979.83,0.7232721061694036,1
2023-03-10,231913.0,225895.0,-2.5949386192235857,1
2023-03-11,240965.0,240365.84,-0.24864866266884889,1
2023-03-12,256620.5,256609.02,-0.004475236779599712,1
2023-03-13,260640.0,261886.14,0.478107974600972,1
2023-03-14,264031.5,255660.05,-3.170626658182829,1
2023-03-15,253859.5,258150.5,1.6903050703243272,1
2023-03-16,259030.0,242756.61,-6.2824347083349386,1
2023-03-17,221925.5,225396.61,1.5640876668071124,1
2023-03-18,235933.0,237673.36,0.7376498306722601,1
2023-03-19,211114.0,216970.08,2.773893784874515,1
2023-03-20,203356.5,202313.0,-0.5131382571985643,0
2023-03-21,207490.5,207335.4,-0.07474739807364905,0
2023-03-22,222123.5,217031.31,-2.2925028193775066,0
2023-03-23,235723.0,224907.23,-4.588336999359422,1
2023-03-24,226063.0,224771.73,-0.5711972436887036,0
2023-03-25,237515.0,239437.19,0.8092909921478597,1
2023-03-26,233453.0,236444.39,1.2813673951502125,1
2023-03-27,245384.5,259590.78,5.789396335139352,1
2023-03-28,265928.5,270372.0,1.67093786487722,1
2023-03-29,247557.5,255933.02,3.3832607071084597,1
2023-03-30,250695.0,248016.22,-1.0685419533696283,1
2023-03-31,207545.0,215446.94,3.807336963068253,1
2023-04-01,214595.0,208779.31,-2.7100759570353405,0
2023-04-02,232865.0,229742.89,-1.3407379275545916,0
2023-04-03,248967.5,248180.89,-0.31594861779148387,1
2023-04-04,270771.5,264612.78,-2.274507749153809,1
2023-04-05,283458.5,276572.34,-2.429334893820434,1
2023-04-06,287012.0,285113.94,-0.6613181678814861,1
2023-04-07,271848.0,271464.88,-0.14093353638797712,1
2023-04-08,278618.5,285409.38,2.437338152348101,1
2023-04-09,297597.0,302081.5,1.5069036314210082,1
2023-04-10,303529.0,310842.1,2.4093558605602805,1
2023-04-11,311503.5,320158.9,2.77859036896857,1
2023-04-12,312446.5,326143.34,4.383740496372979,1
2023-04-13,312320.5,335684.66,7.4808269870213495,1
2023-04-14,303592.5,326126.53,7.422459793967251,1
2023-04-15,299541.0,340242.66,13.588008402856367,1
2023-04-16,307766.5,357160.72,16.049251218050053,1
2023-04-17,318987.0,353935.1,10.955961763332045,1
2023-04-18,321370.5,352689.4,9.745420394840231,1
2023-04-19,325967.5,334919.78,2.7463723377330496,1
2023-04-20,310031.0,316587.12,2.1146675655015157,1
2023-04-21,262566.5,267280.2,1.7952356831507421,1
2023-04-22,232077.0,231505.25,-0.24636219875300291,1
2023-04-23,213603.5,207460.61,-2.875838001249975,1
2023-04-24,207877.5,213823.31,2.8602482231121718,0
2023-04-25,233473.5,231051.34,-1.037443757000256,1
2023-04-26,255997.5,255473.11,-0.20484208830164885,1
2023-04-27,237788.5,289361.44,21.688575141354605,1
2023-04-28,227431.5,244431.56,7.474805600807266,1
2023-04-29,241628.5,273562.2,13.216026875968678,1
2023-04-30,249208.5,264588.1,6.171376076658697,1
2023-05-01,235288.0,237365.52,0.8829670977695381,1
2023-05-02,268275.5,274826.5,2.4418927557678494,1
2023-05-03,279258.5,274242.66,-1.7961293031366954,1
2023-05-04,264466.0,260786.3,-1.3913709607284108,1
2023-05-05,259435.5,242954.16,-6.352771209028829,1
2023-05-06,284677.5,270422.3,-5.00748654178852,1
2023-05-07,299570.0,302414.7,0.9495902460193051,1
2023-05-08,299164.5,344019.0,14.993256218568707,1
2023-05-09,303035.0,353103.03,16.522194218489616,1
2023-05-10,304069.5,349803.28,15.040568439123291,1
2023-05-11,294873.5,332760.25,12.848475702292683,1
2023-05-12,285985.0,283111.62,-1.0047292690176013,1
2023-05-13,261336.0,311401.4,19.157485478464498,1
2023-05-14,237423.0,310227.0,30.664257464525345,1
2023-05-15,237765.5,319185.5,34.243824272234626,1
2023-05-16,226271.5,312014.1,37.89367805932253,1
2023-05-17,233343.0,259637.31,11.2685242325675,0
2023-05-18,223440.0,253823.42,13.598022679466526,1
2023-05-19,247441.0,246904.66,-0.21675621663346245,1
2023-05-20,257621.0,275813.47,7.061718085870328,1
2023-05-21,268120.0,274353.3,2.3248219081008603,1
2023-05-22,266182.5,272212.8,2.265480450442836,1
2023-05-23,253423.0,265287.22,4.681587207948756,1
2023-05-24,240048.5,258205.16,7.563744930711924,1
2023-05-25,263292.0,266696.84,1.2931816196466217,1
2023-05-26,239361.5,246262.67,2.8831586846673307,1
2023-05-27,259038.0,263690.06,1.7958996363467872,1
2023-05-28,279799.0,284199.88,1.5728701675131074,1
2023-05-29,289864.0,306850.84,5.860280597107614,1
2023-05-30,294965.5,328863.72,11.49226562089465,1
2023-05-31,300748.0,346649.4,15.262414463271568,1
2023-06-01,298066.0,341261.78,14.49201896559822,1
2023-06-02,291767.0,328620.78,12.631236997330063,1
2023-06-03,287575.0,326156.06,13.416000173867682,1
2023-06-04,286550.5,354440.06,23.69200629557442,1
2023-06-05,289686.0,355476.9,22.711110046740266,1
2023-06-06,289690.0,373950.47,29.086426438606793,1
2023-06-07,293728.5,384134.25,30.778678269218005,1
2023-06-08,297805.0,365398.75,22.6973187152667,1
2023-06-09,270691.5,308120.6,13.827214282679723,1
2023-06-10,281400.0,292869.22,4.07577070007108,1
2023-06-11,293199.0,331617.25,13.103131320366025,1
2023-06-12,281755.5,309415.94,9.817177481894767,1
2023-06-13,286173.5,322054.53,12.538208901243486,1
2023-06-14,283416.5,326631.06,15.24772287428573,1
2023-06-15,282436.0,321080.5,13.682568794346327,1
2023-06-16,271811.5,299659.78,10.24543893470291,1
2023-06-17,275090.0,302003.12,9.783389072667138,1
2023-06-18,276869.0,308304.0,11.353744911853614,1
2023-06-19,278549.0,296439.9,6.422893727853984,1
2023-06-20,282931.5,300447.88,6.191030337731918,1
2023-06-21,285294.5,293719.28,2.9530121506022633,1
2023-06-22,283249.0,290596.5,2.5940073927886775,1
2023-06-23,279253.0,276976.16,-0.815333675913954,1
2023-06-24,284980.0,301820.88,5.9094936486771,1
2023-06-25,284430.0,312280.5,9.791688640438778,1
2023-06-26,281944.5,253020.8,-10.258651303714029,1
2023-06-27,247501.5,235425.81,-4.879036086649979,1
2023-06-28,215532.5,218977.3,1.598272592300476,1
2023-06-29,206794.0,206208.62,-0.2830715591361499,0
2023-06-30,213313.5,213856.77,0.25467943894783573,0
2023-07-01,216467.0,219269.25,1.2945391214365332,0
2023-07-02,236659.5,234550.69,-0.8910745184537272,1
2023-07-03,250234.0,256242.94,2.401327357593286,1
2023-07-04,273484.0,308668.53,12.865297878486492,1
2023-07-05,283687.0,314255.25,10.775343953018645,1
2023-07-06,277841.5,301104.12,8.372624319981004,1
2023-07-07,268404.0,275615.75,2.686901089402549,1
2023-07-08,289362.0,297423.1,2.7858162958508625,1
2023-07-09,295982.0,315488.84,6.590550692271835,1
2023-07-10,290896.5,316034.78,8.641658201456526,1
2023-07-11,298893.0,311837.66,4.330866313362969,1
2023-07-12,302522.0,307747.03,1.7271574464005957,1
2023-07-13,296310.5,302034.22,1.9316624790549186,1
2023-07-14,288840.0,282532.53,-2.1837241206204117,1
2023-07-15,296340.5,300383.7,1.364372233967348,1
2023-07-16,300379.0,302597.3,0.7385045226197651,1
2023-07-17,300449.0,308299.0,2.612756241491909,1
2023-07-18,300583.0,316034.5,5.140510275032195,1
2023-07-19,302626.0,326803.7,7.9892961939820095,1
2023-07-20,307890.5,331492.34,7.665661574488336,1
2023-07-21,299992.0,317659.88,5.889448718632506,1
2023-07-22,312092.5,320712.97,2.762151846007188,1
2023-07-23,314312.5,344418.53,9.578375422549223,1
2023-07-24,315707.5,354970.84,12.436620526911767,1
2023-07-25,320389.5,356411.47,11.243180176004518,1
2023-07-26,321761.0,346868.3,7.803093755924428,1
2023-07-27,317163.0,340804.8,7.45415212367142,1
2023-07-28,296773.5,312372.25,5.25611282678542,1
2023-07-29,313815.0,328542.72,4.693121345378648,1
2023-07-30,317873.5,353419.38,11.182396456452025,1
2023-07-31,315420.0,372180.8,17.99531180648024,1
2023-08-01,303410.5,347834.94,14.641694173405329,1
2023-08-02,300570.5,307567.47,2.3278960343746213,1
2023-08-03,304085.0,315600.78,3.787027064800963,1
2023-08-04,282701.5,289347.38,2.350845326254025,1
2023-08-05,296897.0,298372.0,0.4968052893764563,1
2023-08-06,287683.0,287672.84,-0.0035303615437798364,1
2023-08-07,273278.0,279444.22,2.2563904705098947,1
2023-08-08,266795.5,280932.03,5.298639313631592,1
2023-08-09,286906.0,291481.06,1.5946207120101974,1
2023-08-10,293242.0,294074.66,0.2839484964636707,1
2023-08-11,278402.5,272443.94,-2.140269034940423,1
2023-08-12,287572.0,274153.5,-4.666135785125114,1
2023-08-13,282117.0,282816.66,0.24800215867883946,1
2023-08-14,291536.0,299132.16,2.6055637211184868,1
2023-08-15,288013.0,294294.9,2.181118994628717,1
2023-08-16,301313.0,310179.97,2.942776697321392,1
2023-08-17,297444.5,310280.56,4.315447923898419,1
2023-08-18,289220.0,296386.78,2.4779687608049272,1
2023-08-19,294585.0,305872.38,3.8316190573179254,1
2023-08-20,304331.0,321611.9,5.678325983879384,1
2023-08-21,307609.0,321611.9,4.552177033181737,1
2023-08-22,307911.0,317567.16,3.1360218537174633,1
2023-08-23,298798.5,310029.75,3.7588040100603015,1
2023-08-24,297992.5,303573.72,1.8729393357215463,1
2023-08-25,264150.5,280494.28,6.187299001894764,1
2023-08-26,271661.5,282337.78,3.929994220748978,1
2023-08-27,292801.0,292128.06,-0.2298275962172247,1
2023-08-28,298223.5,308582.84,3.4736845855541265,1
2023-08-29,311808.0,322722.9,3.500521554931235,1
2023-08-30,317508.5,330602.34,4.123934871034951,1
2023-08-31,313404.0,327291.2,4.431081766665401,1
2023-09-01,297640.0,312157.56,4.877557619943551,1
2023-09-02,308315.5,322825.72,4.7062890934773005,1
2023-09-03,300946.5,333382.53,10.77800580834134,1
2023-09-04,308654.5,322418.03,4.459203170535342,1
2023-09-05,313224.0,337128.7,7.6318186026613555,1
2023-09-06,302049.0,328863.44,8.87751242348096,1
2023-09-07,298464.5,312564.47,4.724169457339156,1
2023-09-08,275341.5,271626.75,-1.3491427917694976,1
2023-09-09,295010.5,294092.62,-0.3111329935714169,1
2023-09-10,311064.5,321008.25,3.196684288949725,1
2023-09-11,316230.0,320835.9,1.4565051544761731,1
2023-09-12,313346.5,319183.38,1.862754171500236,1
2023-09-13,305872.0,316077.28,3.3364548732803367,1
2023-09-14,305566.0,311689.9,2.004118995568871,1
2023-09-15,291831.0,292397.88,0.19424769815405973,1
2023-09-16,308579.0,310831.44,0.729938686689624,1
2023-09-17,314705.5,338734.9,7.635521543157009,1
2023-09-18,307333.5,306624.44,-0.23071435427638454,1
2023-09-19,294016.0,308464.28,4.914113942778631,1
2023-09-20,283808.5,289781.72,2.1046652055875636,1
2023-09-21,276738.0,284989.97,2.9818704876092283,1
2023-09-22,257140.0,258813.34,0.6507520222446939,1
2023-09-23,268385.0,274796.62,2.3889654786966474,1
2023-09-24,276780.5,287867.12,4.005565782271514,1
2023-09-25,287727.5,297242.47,3.306937553761813,1
2023-09-26,300649.0,306092.72,1.8106558644798376,1
2023-09-27,309532.0,304930.75,-1.4865183567450257,1
2023-09-28,308607.5,319003.84,3.368791669029436,1
2023-09-29,294521.5,290109.12,-1.4981503896999038,1
2023-09-30,286573.0,296120.9,3.331753602049048,1
2023-10-01,298091.0,311171.0,4.387921809111983,1
2023-10-02,296470.0,307375.72,3.6785235436975094,1
2023-10-03,283785.0,292009.12,2.8980125799460854,1
2023-10-04,267319.0,268256.2,0.3505876873697744,1
2023-10-05,250045.5,245234.77,-1.9239435922662085,1
2023-10-06,226011.0,228157.28,0.9496357478175899,0
2023-10-07,265044.0,264895.34,-0.056087385490710684,1
2023-10-08,285758.0,286496.38,0.25839171606745204,1
2023-10-09,290940.5,289920.25,-0.3506730757663501,1
2023-10-10,293558.0,295751.78,0.7473076019049119,1
2023-10-11,294931.5,300349.88,1.8371638838170945,1
2023-10-12,293690.5,296240.1,0.8681226495238947,1
2023-10-13,268861.0,275502.72,2.4703169109688616,1
2023-10-14,276545.0,283886.75,2.654812055904099,1
2023-10-15,284698.5,294418.12,3.4140063962402323,1
2023-10-16,280825.5,291899.72,3.9434519835271464,1
2023-10-17,280137.5,290521.94,3.7069073222970816,1
2023-10-18,280528.5,286389.3,2.0892039489748715,1
2023-10-19,275998.0,279315.5,1.2020014637787124,1
2023-10-20,248568.5,254821.0,2.5154031987158376,1
2023-10-21,261157.0,262299.3,0.43740451146245807,1
2023-10-22,266956.5,271417.78,1.6711641222446394,1
2023-10-23,262837.5,264251.94,0.5381414371997906,1
2023-10-24,242814.5,251646.95,3.637531170914432,1
2023-10-25,249948.5,260833.31,4.354822093351229,1
2023-10-26,260375.5,267434.94,2.7112525948101984,1
2023-10-27,238590.0,238317.72,-0.11412098160022977,1
2023-10-28,239712.5,239901.39,0.07879882150492179,1
2023-10-29,243147.5,242054.52,-0.4495149549141986,0
2023-10-30,244870.5,244251.9,-0.25262077302083963,0
2023-10-31,251472.0,253545.22,0.824433237099953,0
2023-11-01,256465.0,258345.53,0.7332506384886806,1
2023-11-02,259213.5,256992.08,-0.8569854097105312,1
2023-11-03,239199.0,231274.22,-3.3130494901734586,1
2023-11-04,245294.5,240166.5,-2.0905483001045666,1
2023-11-05,249019.5,252400.7,1.3578065673571782,1
2023-11-06,240345.5,243362.53,1.2552892606684907,1
2023-11-07,232888.0,232665.05,-0.09573405456699824,1
2023-11-08,228402.0,226267.34,-0.934604885246193,1
2023-11-09,228352.0,224616.17,-1.6359953602333221,0
2023-11-10,204520.5,202510.08,-0.982992841793362,0
2023-11-11,217611.0,212754.0,-2.23196437680081,0
2023-11-12,228605.0,225700.11,-1.2707030139323283,0
2023-11-13,229111.0,224984.7,-1.801003389186906,0
2023-11-14,231436.0,226853.55,-1.9800087821255086,1
2023-11-15,233409.5,230714.44,-1.154649875005087,1
2023-11-16,229824.0,222160.08,-3.3346917097431095,0
2023-11-17,166008.5,171980.23,3.597246150046529,0
2023-11-18,191413.5,198123.67,3.5055896658281682,0
2023-11-19,216895.0,221183.17,1.9770727195186577,0
2023-11-20,221590.0,222997.45,0.6351609391217927,1
2023-11-21,220997.5,219465.9,-0.6930366859353665,0
2023-11-22,215962.5,217750.94,0.8281240956184543,1
2023-11-23,212728.0,209918.9,-1.3205096414200312,0
2023-11-24,192107.5,191374.64,-0.38148399984383463,0
2023-11-25,197763.5,202353.12,2.3207644484447343,0
2023-11-26,210404.0,214600.23,1.994370057128192,0
2023-11-27,214811.5,215423.9,0.2850900673381007,0
2023-11-28,217568.5,219622.28,0.9439699450977557,1
2023-11-29,216482.5,217875.98,0.6436937743235616,1
2023-11-30,216611.5,217662.69,0.4852870230804829,0
2023-12-01,194565.0,195183.97,0.3181295453961397,0
2023-12-02,203374.5,203600.3,0.1110251653968497,1
2023-12-03,214448.0,217259.75,1.311157017085729,1
2023-12-04,214919.5,216814.94,0.881929047852803,0
2023-12-05,212994.5,213554.52,0.2629249229440189,0
2023-12-06,212148.5,210648.28,-0.70715501170171,0
2023-12-07,201470.5,201910.92,0.2186036541329761,0
2023-12-08,180775.8333333333,181936.66,0.6421339043290342,0
2023-12-09,189612.66666666663,192820.62,1.691848118444983,0
2023-12-10,198584.0,201854.69,1.6470045421584922,0
2023-12-11,197599.5,199232.27,0.8263004840599386,0
2023-12-12,198711.5,200224.28,0.7612952697755304,0
2023-12-13,198283.5,200180.73,0.9568291738848655,0
2023-12-14,197470.0,199523.0,1.039651592646984,0
2023-12-15,175866.0,180295.28,2.5185546097596934,0
2023-12-16,166300.5,173230.42,4.167108261851293,0
2023-12-17,185673.0,198967.02,7.159907808351251,0
2023-12-18,196005.5,199418.0,1.7410225733461626,0
2023-12-19,197446.5,198548.67,0.5582129209684705,0
2023-12-20,199378.0,199084.12,-0.14739590125290025,0
2023-12-21,202379.0,200569.81,-0.8939600946738513,0
2023-12-22,183236.5,185505.4,1.2382392427273015,0
2023-12-23,191815.0,195276.5,1.8046033938951656,0
2023-12-24,202099.0,204746.61,1.3100556534173746,0
2023-12-25,200095.0,202285.6,1.0947768559933957,0
2023-12-26,202516.5,205317.55,1.3831203259981217,0
2023-12-27,206157.0,205518.17,-0.30987457374719307,0
2023-12-28,208210.0,204989.06,-1.5469658037558287,0
2023-12-29,188493.0,186982.98,-0.8010990461184253,0
2023-12-30,197874.0,196540.4,-0.673961081294161,0
2023-12-31,205215.0,204963.27,-0.12266860365958143,0
2024-01-01,200165.0,202697.69,1.2652998776009783,0
2024-01-02,201152.0,202140.19,0.4912640689627823,0
2024-01-03,203015.0,201598.25,-0.6978548383124394,0
2024-01-04,204676.0,202134.4,-1.2417644227950553,0
2024-01-05,190101.0,185046.19,-2.659014155633055,0
2024-01-06,187591.0,193126.1,2.9506179667468047,0
2024-01-07,151144.0,205734.06,36.117915696289636,0
2024-01-08,180815.5,205806.1,13.821046176904073,0
2024-01-09,197602.0,206398.11,4.45142730083703,0
2024-01-10,201276.5,206429.42,2.560120965438095,0
2024-01-11,206907.5,205828.86,-0.5213153824776717,0
2024-01-12,190420.0,189989.14,-0.22626792091167136,0
2024-01-13,197127.0,199325.97,1.1155086568557238,0
2024-01-14,209444.0,211360.4,0.9149969681633285,0
2024-01-15,207673.5,211743.55,1.9598296725388709,0
2024-01-16,211942.0,213888.98,0.9186401822196544,1
2024-01-17,212375.0,215054.44,1.2616539140670957,0
2024-01-18,213494.0,215761.92,1.0622883429979302,1
2024-01-19,197807.66666666663,194812.39,-1.5142365774497901,1
2024-01-20,201173.3333333333,204341.83,1.5750073526975106,1
2024-01-21,209481.0,215952.55,3.0893240317737547,1
2024-01-22,213518.0,216615.48,1.4506900472091244,1
2024-01-23,213740.0,216550.22,1.3147837325722778,1
2024-01-24,214487.0,217959.31,1.6188918209495196,1
2024-01-25,213156.5,217538.6,2.0558105195009224,1
2024-01-26,196551.0,198427.89,0.9549127834506121,1
2024-01-27,201388.0,208102.03,3.3338785081534095,1
2024-01-28,214269.5,217388.03,1.4554247104697549,1
2024-01-29,215580.0,218460.44,1.3361339178031395,1
2024-01-30,216810.0,219847.98,1.4012196739080274,1
2024-01-31,217990.0,222715.44,2.167731317950361,1
2024-02-01,214930.5,223725.53,4.0920349834016045,1
2024-02-02,199704.5,200085.31,0.1906879915074544,1
2024-02-03,205556.0,207360.31,0.8777717507637783,1
2024-02-04,211961.0,219677.61,3.6405798118521737,1
2024-02-05,215232.0,221574.17,2.9466677236656302,1
2024-02-06,215169.5,224022.95,4.114641306040112,1
2024-02-07,217699.5,219622.08,0.8831339185436882,1
2024-02-08,220103.5,221804.19,0.7726762636668605,1
2024-02-09,197685.5,200116.61,1.2297863905041062,1
2024-02-10,208067.5,211840.5,1.81335383949921,1
2024-02-11,217681.0,220240.62,1.1758605482334206,1
2024-02-12,217858.5,223552.56,2.6136517510218837,1
2024-02-13,222247.0,226456.44,1.8940356900205568,1
2024-02-14,223425.0,228505.03,2.2737076200067152,1
2024-02-15,228598.5,230796.33,0.9614359346189927,1
2024-02-16,208229.5,207579.34,-0.31223061573888433,1
2024-02-17,220576.5,213215.89,-3.33698711104764,1
2024-02-18,227498.5,227128.45,-0.16265903951014904,1
2024-02-19,230737.0,227040.52,-1.6020336465326301,1
2024-02-20,230625.5,231344.36,0.31169986623336143,1
2024-02-21,214712.5,215120.9,0.1902107469290426,1
2024-02-22,217558.0,230459.14,5.929977580691137,1
2024-02-23,202156.0,200895.8,-0.6233815098240947,1
2024-02-24,219081.5,214703.6,-1.998300290074695,1
2024-02-25,214917.5,214955.81,0.017826607884430246,0
2024-02-26,190069.0,220044.72,15.770966727872505,0
2024-02-27,222123.5,225364.14,1.4589364137518102,1
2024-02-28,232164.5,228079.83,-1.7593869325413625,1
2024-02-29,236093.5,234355.48,-0.7361556438444938,1
2024-03-01,215782.5,212181.98,-1.668585554899027,1
2024-03-02,224735.0,229025.58,1.9091721916924431,1
2024-03-03,239140.0,243334.9,1.754163356193028,1
2024-03-04,237501.0,236073.11,-0.6012145738333752,1
2024-03-05,243422.5,248946.78,2.2694209656050734,1
2024-03-06,243114.5,246514.56,1.3985436903187543,1
2024-03-07,243313.5,244486.83,0.48222894537295335,1
2024-03-08,222102.0,224581.27,1.1162734351784387,1
2024-03-09,231079.5,231775.0,0.3009786675148618,1
2024-03-10,244495.0,246638.72,0.8767945152252654,1
2024-03-11,249449.0,250632.19,0.4743204021663727,1
2024-03-12,258004.0,262329.1,1.676366936171525,1
2024-03-13,264759.5,265743.25,0.3715636266120814,1
2024-03-14,270257.5,270946.3,0.2548726677335411,1
2024-03-15,254063.5,261001.77,2.7309179102862124,1
2024-03-16,264735.0,270767.56,2.278717396641916,1
2024-03-17,261576.5,279565.47,6.877134891704717,1
2024-03-18,274491.5,281611.72,2.593966935223868,1
2024-03-19,272408.0,275740.62,1.2233946873806856,1
2024-03-20,239685.0,240828.86,0.47723444312326446,1
2024-03-21,229847.5,231947.23,0.9135337016935141,0
2024-03-22,215217.5,216715.69,0.6961271736731556,1
2024-03-23,235978.0,235118.88,-0.36406995567382916,1
2024-03-24,240548.5,254352.89,5.738714074292717,0
2024-03-25,261552.5,262455.44,0.34522227851006004,1
2024-03-26,245906.5,244670.38,-0.5026808970076013,1
2024-03-27,266797.5,275492.22,3.2589206233191836,1
2024-03-28,270878.5,272293.03,0.5222013744169418,1
2024-03-29,271466.0,263754.16,-2.840813858825786,1
2024-03-30,280789.0,277156.62,-1.293631516904148,1
2024-03-31,269623.0,304178.8,12.81634448841531,1
2024-04-01,290362.0,323889.94,11.546943987160851,1
2024-04-02,293825.5,323668.22,10.156612938631948,1
2024-04-03,304216.5,333925.7,9.765804123050525,1
2024-04-04,306782.0,338289.06,10.270179638961864,1
2024-04-05,306004.0,307993.1,0.6500221402334638,1
2024-04-06,311008.5,338394.9,8.805677738711326,1
2024-04-07,298634.5,318582.44,6.6797163422176675,1
2024-04-08,283937.0,295272.97,3.9924239355913382,1
2024-04-09,262983.5,267770.28,1.8201831103472177,1
2024-04-10,256165.0,254367.44,-0.7017205707258944,0
2024-04-11,232716.5,232882.83,0.07147242460245895,0
2024-04-12,240635.0,240580.48,-0.022654902653396203,0
2024-04-13,260787.5,259352.72,-0.5501725542827018,1
2024-04-14,270553.0,272297.44,0.6447673838397616,1
2024-04-15,292606.0,301850.84,3.159485365987025,1
2024-04-16,298039.0,344724.78,15.664319518586488,1
2024-04-17,300847.5,318120.06,5.741301656154696,1
2024-04-18,311058.0,313130.4,0.6662443177799737,1
2024-04-19,306872.0,309773.5,0.9455082249276492,1
2024-04-20,326518.0,328306.84,0.5478545593198492,1
2024-04-21,343753.5,342573.9,-0.3431510515529257,1
2024-04-22,341654.0,339821.78,-0.5362790279054286,1
2024-04-23,342487.0,342035.9,-0.13171120363693056,1
2024-04-24,343551.0,362736.4,5.584441975136145,1
2024-04-25,343819.5,378871.9,10.195002392243602,1
2024-04-26,335340.0,357088.16,6.485404738474387,1
2024-04-27,333300.5,355674.3,6.712804961288676,1
2024-04-28,332630.0,382688.88,15.049416769383406,1
2024-04-29,330063.5,398812.2,20.828927615443703,1
2024-04-30,344161.5,410133.2,19.16881682001037,1
2024-05-01,333736.0,348200.34,4.334067571373779,1
2024-05-02,341867.5,369478.94,8.07664884787236,1
2024-05-03,313751.5,334853.7,6.725764657698852,1
2024-05-04,326212.0,321697.78,-1.3838297640798025,1
2024-05-05,296938.5,303741.94,2.2911941361595023,1
2024-05-06,236985.0,274440.44,15.80498238285124,0
2024-05-07,248501.5,255080.92,2.6476386963458998,0
2024-05-08,250458.5,262786.8,4.922297506373319,1
2024-05-09,273097.5,276121.12,1.1071595309367632,1
2024-05-10,260390.5,254548.22,-2.2436614431018076,1
2024-05-11,266019.5,260718.39,-1.9927521760622846,0
2024-05-12,287123.0,286485.47,-0.22204116354315184,1
2024-05-13,307064.5,298298.0,-2.85493764339414,1
2024-05-14,329542.0,308995.16,-6.23496967002689,1
2024-05-15,338786.0,309538.72,-8.632966312067204,1
2024-05-16,340984.5,317424.56,-6.90938664367442,1
2024-05-17,336776.5,320468.97,-4.8422414420246085,1
2024-05-18,315923.0,307742.38,-2.5894363499966766,1
2024-05-19,313904.0,323049.3,2.913410628727253,1
2024-05-20,297838.5,309014.3,3.7523061995007323,1
2024-05-21,320460.0,318120.06,-0.7301808338014082,1
2024-05-22,320080.5,331394.7,3.5347943720407837,1
2024-05-23,340434.0,351619.75,3.2857323299082974,1
2024-05-24,333499.0,350407.62,5.070067676364842,1
2024-05-25,336354.0,367889.66,9.37573397373006,1
2024-05-26,312727.5,328831.72,5.149601090406186,1
2024-05-27,149378.0,191128.03,27.949250391623927,1
2024-05-28,183541.5,254866.67,38.860514856313145,1
2024-05-29,306329.0,295947.0,-3.389166549690037,1
2024-05-30,310403.0,318366.2,2.5654350956659577,1
2024-05-31,299744.0,291180.7,-2.8568753669798275,1
2024-06-01,323062.5,295988.53,-8.380412071967502,1
2024-06-02,330825.0,316816.66,-4.234366734678452,1
2024-06-03,324015.0,300619.25,-7.220576207891605,1
2024-06-04,322054.0,318281.78,-1.1713000770057214,1
2024-06-05,329087.0,316565.38,-3.804958871058417,1
2024-06-06,321291.5,313927.88,-2.2918829162925203,1
2024-06-07,311110.5,306581.75,-1.455672502213845,1
2024-06-08,317352.5,321499.7,1.3068078871286692,1
2024-06-09,336904.0,329868.53,-2.088271065347991,1
2024-06-10,323553.5,322109.78,-0.4462071187608885,1
2024-06-11,340486.0,328877.5,-3.409391281873553,1
2024-06-12,345611.0,336659.28,-2.5901139575997267,1
2024-06-13,326849.0,328280.88,0.4380845589247562,1
2024-06-14,301981.5,271714.3,-10.022861499793867,1
2024-06-15,298328.5,271834.6,-8.8807828450852,1
2024-06-16,274497.5,266118.84,-3.0523615879926025,0
2024-06-17,265657.5,251017.05,-5.511025709795502,0
2024-06-18,254865.5,253663.45,-0.47163969819374874,1
2024-06-19,231691.5,243505.53,5.0990352473008205,1
2024-06-20,229501.5,247685.77,7.923375500813723,0
2024-06-21,253062.0,258140.89,2.0069748223755512,1
2024-06-22,280845.5,303593.1,8.099682476664217,1
2024-06-23,311955.5,334963.22,7.375320758890291,1
2024-06-24,316974.0,337810.34,6.573518253863098,1
2024-06-25,311394.0,340139.47,9.231221137851087,1
2024-06-26,311287.0,359410.38,15.459487546861904,1
2024-06-27,315221.0,345340.78,9.55513155849388,1
2024-06-28,295625.0,308133.53,4.231215644820296,1
2024-06-29,294397.5,301288.84,2.340829575658754,1
2024-06-30,298940.0,297842.06,-0.36727687830333533,1
2024-07-01,298350.0,297674.5,-0.22641193229429035,1
2024-07-02,295578.5,299353.28,1.2770824840101724,1
2024-07-03,299014.5,309341.0,3.4535114517857846,1
2024-07-04,302437.0,307317.7,1.6137865076032432,1
2024-07-05,281703.5,281481.75,-0.07871751682176908,1
2024-07-06,301893.0,303660.88,0.5855965524208973,1
2024-07-07,321041.5,320906.66,-0.04200196859284189,1
2024-07-08,326147.5,323693.56,-0.7524011375221296,1
2024-07-09,325972.5,325189.25,-0.24028100529952523,1
2024-07-10,311389.5,322896.22,3.6952815525250537,1
2024-07-11,309089.0,316050.16,2.2521526971196026,1
2024-07-12,287340.5,289081.75,0.6059883657194121,1
2024-07-13,310886.0,315430.75,1.4618702675578854,1
2024-07-14,328871.0,338669.66,2.9794832168236196,1
2024-07-15,329701.0,343848.78,4.291094431014764,1
2024-07-16,329367.0,335971.94,2.0053428242659432,1
2024-07-17,325208.5,340884.12,4.820176901895246,1
2024-07-18,331739.5,367429.66,10.7584885881844,1
2024-07-19,312667.5,340823.66,9.005143243221635,1
2024-07-20,302854.0,320997.84,5.990953974522384,1
2024-07-21,289384.0,301649.97,4.238647869267131,1
2024-07-22,278188.0,288680.06,3.771572641522991,1
2024-07-23,282570.0,292213.6,3.412815850939599,1
2024-07-24,311097.5,312220.06,0.36083944744012,1
2024-07-25,324721.0,350808.53,8.033829425876359,1
2024-07-26,318156.0,334105.62,5.013146066709417,1
2024-07-27,326026.5,337791.97,3.608746144868591,1
2024-07-28,335156.5,362618.78,8.193868013897987,1
2024-07-29,331670.5,353423.06,6.558485756194776,1
2024-07-30,327310.0,346440.22,5.84467897406129,1
2024-07-31,324986.0,354071.16,8.949664370157473,1
2024-08-01,292022.5,301107.6,3.1110937513376458,1
2024-08-02,252417.66666666663,253076.3,0.26092872857552685,0
2024-08-03,270440.8333333333,271294.84,0.31578456778902364,1
2024-08-04,284970.0,290130.16,1.8107717479032948,1
2024-08-05,261868.5,279053.78,6.562561457372684,1
2024-08-06,272175.5,280912.7,3.2101300447689107,1
2024-08-07,295115.0,294489.2,-0.2120571641563429,1
2024-08-08,298855.0,296403.75,-0.8202138160646522,1
2024-08-09,281289.5,288530.9,2.574360667568465,1
2024-08-10,295577.0,304336.7,2.963589014030177,1
2024-08-11,306357.0,319340.2,4.237927483295634,1
2024-08-12,309058.0,317434.56,2.7103529111040636,1
2024-08-13,310812.0,322762.62,3.8449689844664903,1
2024-08-14,315536.0,325258.06,3.081126242330501,1
2024-08-15,321901.5,320313.75,-0.49324094482318115,1
2024-08-16,297335.0,301223.03,1.3076264987303965,1
2024-08-17,290904.5,308054.78,5.895502218081883,1
2024-08-18,299174.5,301148.66,0.6598678196169772,1
2024-08-19,288999.0,288388.66,-0.21119233976588658,1
2024-08-20,288815.5,287673.66,-0.395354040901541,1
2024-08-21,283284.0,288630.78,1.8874278992106808,1
2024-08-22,278675.0,283607.25,1.7698932448192428,1
2024-08-23,262469.5,268818.84,2.419078692952903,1
2024-08-24,285306.5,289032.12,1.3058324994348114,1
2024-08-25,285278.5,286205.53,0.32495657751985263,1
2024-08-26,272647.5,277191.53,1.6666322816090373,1
2024-08-27,286641.5,294706.94,2.813771732285808,1
2024-08-28,301932.5,309578.28,2.5322816357960853,1
2024-08-29,309708.0,325912.28,5.232115815542371,1
2024-08-30,300097.5,316407.25,5.434817017802551,1
2024-08-31,314145.5,324131.25,3.178702225561092,1
2024-09-01,315212.0,337622.9,7.10978841224319,1
2024-09-02,312662.0,348883.4,11.584844416654416,1
2024-09-03,304560.0,336738.6,10.565600784738649,1
2024-09-04,307678.0,337924.72,9.830640718543403,1
2024-09-05,304940.5,334352.7,9.645221772772071,1
2024-09-06,295894.0,318751.4,7.7248630421705045,1
2024-09-07,308771.0,339089.47,9.819079107170037,1
2024-09-08,316019.5,351265.16,11.153000447757178,1
2024-09-09,313625.5,347096.97,10.672432168302649,1
2024-09-10,311226.5,346654.7,11.383409671091638,1
2024-09-11,319433.0,343752.7,7.613392323272805,1
2024-09-12,321223.0,362639.53,12.893389094180673,1
2024-09-13,294327.5,327549.72,11.287500743219713,1
2024-09-14,240690.5,257558.58,7.008202702225463,1
2024-09-15,243708.0,243923.2,0.08830367694125929,1
2024-09-16,264629.5,269797.1,1.95276556468571,1
2024-09-17,305755.5,318157.06,4.0560390573513905,1
2024-09-18,326202.5,338798.88,3.8615200680558903,1
2024-09-19,334822.0,352264.84,5.209587108971325,1
2024-09-20,328752.5,344675.47,4.843451760823103,1
2024-09-21,296228.5,322593.38,8.900181785344753,1
2024-09-22,317292.0,363379.0,14.525106211313243,1
2024-09-23,328622.5,359849.06,9.502259431414473,1
2024-09-24,317080.0,333671.62,5.232630566418561,1
2024-09-25,296299.0,285858.84,-3.523520582249684,1
2024-09-26,274682.0,275981.62,0.47313802870228017,1
2024-09-27,261148.5,267007.56,2.243575015747745,1
2024-09-28,291495.0,300684.88,3.1526698571159084,1
2024-09-29,312262.0,314570.72,0.7393530913143431,1
2024-09-30,318966.5,318587.3,-0.1188800391263678,1
2024-10-01,309470.5,322870.06,4.329835153916117,1
2024-10-02,308092.5,316816.06,2.831475125165328,1
2024-10-03,292384.0,291466.6,-0.3137675967221143,1
2024-10-04,255297.0,261967.08,2.612673915087127,0
2024-10-05,260982.0,267271.25,2.4098405254002087,1
2024-10-06,287239.0,296184.44,3.1142837497693643,1
2024-10-07,299255.0,305780.25,2.1804982372892745,1
2024-10-08,302225.0,307418.8,1.718525105467772,1
2024-10-09,293765.5,304403.4,3.621223816275232,1
2024-10-10,286696.0,302405.16,5.479377546251074,1
2024-10-11,278968.5,283518.53,1.631019720864546,1
2024-10-12,289034.5,300519.5,3.973574088906351,1
2024-10-13,292937.5,315656.78,7.755675272029006,1
2024-10-14,298260.0,311857.28,4.558868520753712,1
2024-10-15,296827.5,308171.72,3.8218220178386497,1
2024-10-16,295539.0,313089.5,5.9384717414622035,1
2024-10-17,283124.5,299534.06,5.79588220023346,1
2024-10-18,266582.0,272116.25,2.0760028809146958,1
2024-10-19,277560.0,281610.66,1.4593804042369207,1
2024-10-20,284236.5,300235.88,5.628895303734738,1
2024-10-21,285688.0,301101.84,5.395341683934918,1
2024-10-22,292930.0,303048.7,3.4543022223739506,1
2024-10-23,290913.0,277497.6,-4.611483931622173,1
2024-10-24,252801.5,253534.31,0.2898766423458765,1
2024-10-25,235400.0,230611.5,-2.034197111299918,0
2024-10-26,266313.5,267516.3,0.4516528452369162,1
2024-10-27,282297.0,299681.5,6.158230516087659,1
2024-10-28,285582.5,301470.47,5.563355160067585,1
2024-10-29,284300.0,300659.38,5.754264861062253,1
2024-10-30,281827.0,302381.22,7.293204252963692,1
2024-10-31,275710.5,306625.3,11.21278025320036,1
2024-11-01,270037.0,274219.38,1.5488155326862652,1
2024-11-02,270127.0,274920.88,1.774674504955076,1
2024-11-03,275953.0,284362.28,3.047359967095842,1
2024-11-04,277416.5,279013.88,0.5758038905400387,1
2024-11-05,273978.5,277289.1,1.2083407092162268,1
2024-11-06,248914.0,269121.25,8.118165310107095,1
2024-11-07,256698.0,262488.75,2.255860972816315,0
2024-11-08,231468.5,233857.62,1.0321598835262735,0
2024-11-09,241682.0,243582.64,0.7864220856331983,1
2024-11-10,251742.0,255518.92,1.5003145581587551,1
2024-11-11,253289.5,255320.12,0.8017012154076575,1
2024-11-12,254836.5,254518.84,-0.12465100172071031,1
2024-11-13,251460.0,249447.78,-0.8002142487870789,1
2024-11-14,247085.5,243162.78,-1.5875956905605504,1
2024-11-15,219228.0,215294.12,-1.794421789187517,0
2024-11-16,220068.0,221701.84,0.7424267726339195,0
2024-11-17,223410.5,230117.19,3.00195715957845,0
2024-11-18,218744.5,228283.3,4.360702497662805,0
2024-11-19,220532.5,229009.84,3.8440337591964857,0
2024-11-20,221923.0,227419.1,2.4765768982935477,0
2024-11-21,220366.5,227005.66,3.012779279064648,0
2024-11-22,195966.5,203099.0,3.6396526957413577,0
2024-11-23,207103.5,214877.11,3.7534901027747036,0
2024-11-24,213834.0,222053.52,3.8438768507346843,0
2024-11-25,210737.0,220982.67,4.861828665587908,0
2024-11-26,212790.0,219732.9,3.262797241411719,0
2024-11-27,213121.0,218871.44,2.698203133431254,0
2024-11-28,215314.5,218241.16,1.359247170998712,0
2024-11-29,199417.0,200860.94,0.7240794415721785,0
2024-11-30,210173.5,213560.83,1.61168183667304,0
2024-12-01,218074.0,222633.66,2.0908756889863156,0
2024-12-02,216594.0,219920.11,1.535642434693485,0
2024-12-03,216976.5,218645.92,0.769402158759136,0
2024-12-04,216082.0,218603.8,1.1670555043918451,1
2024-12-05,214673.0,217143.31,1.1507327423569746,0
2024-12-06,192865.0,195319.9,1.2728624944909672,0
2024-12-07,195592.5,201710.75,3.1280596137377437,0
2024-12-08,207872.5,213279.75,2.6012339294519515,0
2024-12-09,206798.0,213785.6,3.3789464840085603,0
2024-12-10,209960.5,212260.31,1.095354840553342,0
2024-12-11,206184.5,212472.36,3.049627578697711,0
2024-12-12,206233.0,210312.45,1.9780797083880808,0
2024-12-13,189642.0,192054.23,1.2719937434745532,0
2024-12-14,199151.5,198072.84,-0.541625973191262,0
2024-12-15,205404.0,209735.61,2.1088242561001724,0
2024-12-16,183651.5,189391.78,3.1256380971568465,0
2024-12-17,200756.5,213337.92,6.267005987352836,0
2024-12-18,210353.0,214799.05,2.113612296948464,0
2024-12-19,212444.5,214905.17,1.1582657470539326,0
2024-12-20,193336.0,195573.02,1.157061087950506,0
2024-12-21,201177.5,203443.11,1.1261743360962306,0
2024-12-22,211997.0,213178.89,0.5575034670301848,0
2024-12-23,210205.5,213244.16,1.445564578472025,0
2024-12-24,211020.5,213223.81,1.0441224904689461,0
2024-12-25,210228.5,209655.61,-0.27250854427444127,0
2024-12-26,212649.5,215401.92,1.2943467419392007,0
2024-12-27,193638.0,196497.89,1.4769263393548782,0
2024-12-28,199911.0,205729.77,2.910678064238592,0
2024-12-29,214038.0,216462.67,1.1328230851531007,0
2024-12-30,216015.0,218109.64,0.9696736916417814,0
2024-12-31,214678.0,218382.53,1.7256222109391706,0
2025-01-01,212910.0,213619.1,0.33304858860552233,0
2025-01-02,214761.5,212612.64,-1.000579421823744,0
2025-01-03,195279.0,196127.94,0.4347305649865074,0
2025-01-04,204101.0,207320.77,1.5775354481359694,1
2025-01-05,215784.5,220347.75,2.1147255711137625,1
2025-01-06,219057.0,221903.02,1.2992123625357843,1
2025-01-07,218883.0,222303.33,1.5626284933046408,1
2025-01-08,218569.5,222353.8,1.7313929322252175,0
2025-01-09,218816.0,222501.42,1.6842561215816065,1
2025-01-10,198140.5,199967.03,0.9218363989189404,1
2025-01-11,208899.5,212013.3,1.4905717222875037,0
2025-01-12,221731.0,225259.72,1.5914413185346143,1
2025-01-13,225756.0,225541.33,-0.09509021908609139,0
2025-01-14,225380.0,225722.72,0.1520626275623327,1
2025-01-15,224029.0,225052.94,0.4570557829566724,1
2025-01-16,227748.0,227647.39,-0.044175744682717344,0
2025-01-17,206521.0,206168.34,-0.17076047956382512,0
2025-01-18,215800.0,216206.02,0.18814440454124615,1
2025-01-19,226700.5,227958.9,0.5550963716445256,1
2025-01-20,226376.5,228584.8,0.975497401452885,1
2025-01-21,226668.0,230408.61,1.6502591345050943,1
2025-01-22,226766.5,231961.4,2.2908614147151285,1
2025-01-23,227583.5,231263.4,1.616947735666252,1
2025-01-24,207024.0,210449.08,1.6544352949416474,1
2025-01-25,218736.5,220876.89,0.9785246746656373,1
2025-01-26,227595.0,232684.78,2.2363326303301845,1
2025-01-27,229973.5,234076.53,1.7841321934918497,1
2025-01-28,231406.5,234358.17,1.2755354214337045,1
2025-01-29,230956.5,234467.05,1.5200034963293918,1
2025-01-30,231681.0,237042.48,2.314166623503877,1
2025-01-31,213545.0,214113.89,0.2664031585848381,1
2025-02-01,223911.0,228737.45,2.155523009142035,1
2025-02-02,232598.0,235043.77,1.0514989918227968,1
2025-02-03,232132.5,238176.62,2.60373924375088,1
2025-02-04,234083.5,237006.1,1.2485261669447079,1
2025-02-05,237184.5,241255.97,1.7165829765435792,1
2025-02-06,238744.0,244671.31,2.4827063716784448,1
2025-02-07,214288.5,217359.4,1.433070953410942,1
2025-02-08,220671.0,222966.4,1.0401938859206705,1
2025-02-09,231351.0,236605.92,2.2714065964702934,1
2025-02-10,233158.5,237584.53,1.8982928994653925,1
2025-02-11,235926.0,239276.27,1.4200493481006715,1
2025-02-12,239326.5,244319.9,2.086441012591589,1
2025-02-13,246249.0,247424.17,0.4772290953465763,1
2025-02-14,219325.5,220409.77,0.4943636854811695,1
2025-02-15,204816.0,227207.97,10.932724372119363,0
2025-02-16,234676.0,242644.12,3.3953727692648483,1
2025-02-17,246588.5,248031.83,0.5853185063374733,1
2025-02-18,252419.5,252941.17,0.20666861118099344,1
2025-02-19,252448.0,252191.61,-0.10156175727278338,1
2025-02-20,252696.16666666663,254723.3,0.8022006170783635,1
2025-02-21,230302.3333333333,231277.77,0.4235442505286624,1
2025-02-22,229871.0,248071.56,7.917728856619588,1
2025-02-23,241365.0,246593.34,2.1661565471381428,1
2025-02-24,248717.5,258451.52,3.9136834460783865,1
2025-02-25,253998.5,256409.4,0.9491812943777322,1
2025-02-26,255123.0,254088.39,-0.4055335563630136,1
2025-02-27,253571.0,256431.42,1.1280556037559508,1
2025-02-28,240859.0,235401.34,-2.265913355946836,1
2025-03-01,261090.0,254000.19,-2.71546688881229,0
2025-03-02,276423.5,275292.9,-0.4090078267585784,1
2025-03-03,279271.5,275115.47,-1.4881687712494873,1
2025-03-04,275416.5,272771.28,-0.9604430925525542,0
2025-03-05,269013.5,270621.2,0.5976233534748188,0
2025-03-06,268214.0,267701.6,-0.191043812030689,1
2025-03-07,244606.5,244276.6,-0.13487223356697386,0
2025-03-08,255400.5,255721.72,0.12577060342482405,1
2025-03-09,276320.5,272470.47,-1.3933208900533955,0
2025-03-10,283785.0,278709.06,-1.7886560248075112,1
2025-03-11,286144.0,286090.12,-0.018827932789089452,1
2025-03-12,291856.5,289318.94,-0.8694555372246282,1
2025-03-13,303163.5,303696.78,0.1759054932404469,1
2025-03-14,298045.5,297812.5,-0.07817598319719288,1
2025-03-15,315847.0,315225.4,-0.19680217003802403,1
2025-03-16,326756.5,331057.3,1.316213296445512,1
2025-03-17,318728.0,322805.1,1.2791765235561359,1
2025-03-18,317319.0,321596.56,1.3480322640623488,1
2025-03-19,319012.5,320629.78,0.5069648524744341,1
2025-03-20,316357.5,318344.94,0.6282251882759216,1
2025-03-21,276318.0,275751.4,-0.2050513357797934,1
2025-03-22,268482.5,272819.9,1.6155266171910654,1
2025-03-23,280328.0,284919.3,1.6378358565680262,0
2025-03-24,286582.0,290577.94,1.3943435037790275,0
2025-03-25,294917.0,295118.7,0.06838788540504126,1
2025-03-26,298678.0,296456.6,-0.7437461915507648,0
2025-03-27,319602.5,320060.0,0.14314656487355304,1
2025-03-28,315129.5,315095.53,-0.010779298669272297,1
2025-03-29,313114.0,313715.7,0.19216243923938503,1
2025-03-30,293740.0,290680.75,-1.041482263225979,1
2025-03-31,266973.5,268101.44,0.42249043444386736,1
2025-04-01,268236.0,266290.47,-0.7253057941514207,0
2025-04-02,277136.0,277660.1,0.1891106712949675,0
2025-04-03,282184.5,288659.7,2.294664483697728,1
2025-04-04,283195.0,284515.28,0.46620923745122056,0
2025-04-05,295512.5,319415.12,8.088532633983325,0
2025-04-06,316646.5,335683.72,6.0121361676190865,1
2025-04-07,291527.0,315883.5,8.354800756019177,1
2025-04-08,329878.0,295878.72,-10.30662282722703,1
2025-04-09,337799.0,329738.94,-2.3860528006299564,1
2025-04-10,322300.0,320332.4,-0.6104851846106096,1
2025-04-11,281554.5,264522.5,-6.04927287612167,1
2025-04-12,317425.5,304329.7,-4.125633416344943,1
2025-04-13,313393.0,285894.84,-8.774336456142928,1
2025-04-14,313920.0,278772.34,-11.196373678007133,1
2025-04-15,306426.0,305334.7,-0.356142265995707,1
2025-04-16,301969.5,290073.72,-3.9393982670435257,1
2025-04-17,262667.0,264564.88,0.7225403267254737,1
2025-04-18,251592.5,253764.86,0.8634436141776947,1
2025-04-19,279972.5,284787.03,1.7196443400691042,1
2025-04-20,320110.5,304323.03,-4.931880944236444,1
2025-04-21,313286.0,308064.47,-1.6666979213881272,1
2025-04-22,328415.0,322652.44,-1.75465873970434,1
2025-04-23,337642.0,329324.16,-2.463509797359331,1
2025-04-24,350484.0,329733.94,-5.920402215222376,1
2025-04-25,335938.0,304716.8,-9.293735004673486,1
2025-04-26,331035.5,318244.78,-3.8638510824367756,1
2025-04-27,341154.0,300590.6,-11.89005734946681,1
2025-04-28,300587.0,278719.97,-7.274776104755032,1
2025-04-29,283024.5,263749.4,-6.810397598087803,1
2025-04-30,301714.0,284445.28,-5.723539096627928,1
2025-05-01,259473.0,266972.7,2.8903537169570725,1
2025-05-02,270101.5,259959.92,-3.7547285464908597,1
2025-05-03,303868.5,293086.06,-3.548389352631154,1
2025-05-04,316976.5,295100.66,-6.901408700644995,1
2025-05-05,324057.5,303729.22,-6.273047607291915,1
2025-05-06,313649.0,305578.22,-2.573188899055956,1
2025-05-07,327772.0,310222.84,-5.354074249783391,1
2025-05-08,349137.5,334145.2,-4.294099745802161,1
2025-05-09,335125.0,323698.47,-3.4096325997762023,1
2025-05-10,352093.5,361518.34,2.676801403604445,1
2025-05-11,353717.5,384298.06,8.64547626283687,1
2025-05-12,323827.5,319817.16,-1.2384197605206482,1
2025-05-13,338721.5,322430.34,-4.809602062461349,1
2025-05-14,344543.5,348067.22,1.022721006200955,1
2025-05-15,329270.5,319528.47,-2.958671138167557,1
2025-05-16,313023.5,300341.84,-4.051343189888302,1
2025-05-17,294815.5,290795.0,-1.3637342677030206,0
2025-05-18,298698.0,298624.22,-0.024700952132250542,1
2025-05-19,311294.5,310052.78,-0.39888875325455597,1
2025-05-20,306092.5,310962.78,1.5911142056731276,1
2025-05-21,306577.5,297250.72,-3.0422262723128757,1
2025-05-22,314782.5,300743.97,-4.459755942595289,1
2025-05-23,308236.5,284728.1,-7.626743182588691,1
2025-05-24,321016.0,298792.28,-6.922931800907117,1
2025-05-25,333713.0,305403.38,-8.483225106603577,1
2025-05-26,330298.5,306487.34,-7.208981042905127,1
2025-05-27,336140.0,323345.8,-3.8062079788183545,1
2025-05-28,343848.0,314481.62,-8.540510632605102,1
2025-05-29,274967.5,265687.5,-3.3749443116004585,1
2025-05-30,230598.0,227851.98,-1.1908236953486195,0
2025-05-31,301805.5,285448.03,-5.41987099307335,1
2025-06-01,307808.0,311316.47,1.1398237700124714,1
2025-06-02,305161.0,320013.62,4.867143901088289,1
2025-06-03,280754.0,303122.97,7.967462173290496,1
2025-06-04,294313.5,266779.25,-9.355415228999009,1
2025-06-05,284773.0,276876.6,-2.7728774322003824,0
2025-06-06,266597.5,266839.06,0.09060943932333032,0
2025-06-07,264225.0,264871.34,0.24461869618697119,0
2025-06-08,282715.5,281204.06,-0.5346143030714678,0
2025-06-09,294774.0,290247.25,-1.5356680032838743,1
2025-06-10,299717.5,300529.8,0.27102604952997655,1
2025-06-11,291665.5,306816.34,5.194595778383104,1
2025-06-12,313405.5,345915.62,10.373182665907276,1
2025-06-13,323982.5,331253.12,2.244141273062583,1
2025-06-14,336309.5,339719.34,1.0139005142584478,1
2025-06-15,342344.0,351460.5,2.6629647372233833,1
2025-06-16,337866.5,339113.72,0.36914543170156744,1
2025-06-17,314798.5,322466.3,2.4357843191755935,1
2025-06-18,307016.5,309057.03,0.6646324383217106,0
2025-06-19,303071.0,305197.84,0.7017641905691985,1
2025-06-20,289354.0,289978.0,0.21565279899362633,1
2025-06-21,319295.0,314684.1,-1.4440897132745545,1
2025-06-22,338634.0,335606.56,-0.8940146293638596,1
2025-06-23,340260.5,330720.28,-2.803798486747655,1
2025-06-24,339708.5,334329.1,-1.5835359580346098,1
2025-06-25,337799.0,336735.1,-0.3149524569344475,1
2025-06-26,337336.5,335930.9,-0.4166740776642919,1
2025-06-27,309823.5,318801.6,2.8978091558580887,1
2025-06-28,319954.5,329252.22,2.9059502991831687,1
2025-06-29,336408.5,335876.16,-0.15824325187978605,1
2025-06-30,336270.0,334051.47,-0.6597470038956832,1
2025-07-01,342736.5,346556.2,1.11446767414618,1
2025-07-02,339978.5,346636.5,1.958359131533327,1
2025-07-03,335376.0,343247.9,2.34718830506655,1
2025-07-04,305276.0,318049.38,4.184205440322852,1
2025-07-05,310723.0,324300.4,4.3696173923398085,1
2025-07-06,315525.5,326124.97,3.3593065378234144,1
2025-07-07,316247.0,307698.62,-2.7030691200232715,1
2025-07-08,296504.0,288787.2,-2.602599796292804,0
2025-07-09,280604.5,284324.3,1.3256424968238312,0
2025-07-10,288651.5,290504.5,0.641950587473139,1
2025-07-11,290830.0,293091.94,0.7777524670769864,0
2025-07-12,332632.5,322834.62,-2.9455555305028858,1
2025-07-13,347313.5,339266.4,-2.3169539191537303,1
2025-07-14,312096.5,313386.12,0.413213541324553,1
2025-07-15,309276.5,304248.72,-1.6256589976930025,0
2025-07-16,320129.5,324753.8,1.4445130798629968,1
2025-07-17,325340.0,329163.38,1.1751936435728805,1
2025-07-18,316102.0,316341.16,0.07565793636230556,1
2025-07-19,336840.5,334638.8,-0.6536290915136411,1
2025-07-20,344274.0,339157.72,-1.4861073592545515,1
2025-07-21,345232.5,359804.75,4.220995995452337,1
2025-07-22,352822.5,360937.84,2.3001208114561855,1
2025-07-23,363013.5,379315.88,4.490845381783326,1
2025-07-24,336805.0,373158.16,10.79353223675421,1
2025-07-25,289284.3333333333,324380.5,12.1320661448425,1
2025-07-26,322284.6666666667,332638.06,3.212500284427633,1
2025-07-27,339115.5,343336.3,1.2446533703118767,1
2025-07-28,325357.5,335834.22,3.2200636991617015,1
2025-07-29,322169.5,328641.75,2.0089580174411203,1
2025-07-30,328364.5,325870.7,-0.7594647107102004,1
2025-07-31,319477.0,318493.44,-0.30786645047999883,1
2025-08-01,293590.0,296050.3,0.8380096392928804,1
2025-08-02,317192.5,316707.6,-0.15287443744729234,1
2025-08-03,326994.5,321478.22,-1.6869645361007546,1
2025-08-04,318563.0,320776.6,0.6948684404654681,0
2025-08-05,282461.5,325039.47,15.07390166447462,0
2025-08-06,310143.5,326898.75,5.402418557861122,1
2025-08-07,322370.0,324577.0,0.6846170549368757,1
2025-08-08,285303.5,287512.66,0.7743179631515273,0
2025-08-09,299535.5,302224.4,0.8976920097951702,1
2025-08-10,328523.5,325930.3,-0.7893461198361762,1
2025-08-11,342018.5,342168.7,0.04391209832217413,1
2025-08-12,349650.0,350037.22,0.11074467324467818,1
2025-08-13,329914.5,329381.3,-0.16161384237430854,1
2025-08-14,325561.0,332140.12,2.0208578423091206,1
2025-08-15,311933.0,311370.8,-0.18022700387583246,1
2025-08-16,333335.5,334453.44,0.33537907003604595,1
2025-08-17,346844.5,352902.4,1.746576996319682,1
2025-08-18,342176.0,348814.88,1.9401930585429827,1
2025-08-19,336126.5,338755.25,0.7820716307699538,1
2025-08-20,327646.0,343076.75,4.7095798514250165,1
2025-08-21,321050.0,337208.4,5.032987463011995,1
2025-08-22,289013.5,300946.28,4.128797184214572,0
2025-08-23,296916.5,299793.28,0.9688856126217393,0
2025-08-24,313035.5,324499.0,3.662044720167512,0
2025-08-25,327762.5,334403.06,2.02602875557758,1
2025-08-26,345145.0,340912.72,-1.2262328151936175,1
2025-08-27,345290.5,344567.7,-0.20933460376117985,1
2025-08-28,338214.5,341323.9,0.9193592379983739,1
2025-08-29,309744.0,323425.72,4.417105335373739,1
2025-08-30,320129.5,337415.9,5.399816714798233,0
2025-08-31,342028.5,359915.62,5.229717698963676,1
2025-09-01,350654.5,369192.56,5.286703150822247,1
2025-09-02,332043.5,366311.47,10.32032512306369,1
2025-09-03,345272.5,366569.38,6.168135313411871,1
2025-09-04,345611.5,358437.22,3.711021985668883,1
2025-09-05,325928.5,336637.75,3.2857666635473626,1
2025-09-06,337612.5,350790.47,3.9032822392535804,1
2025-09-07,350643.5,363471.9,3.658532455328567,1
2025-09-08,349773.5,365503.28,4.49713350210923,1
2025-09-09,341396.0,366816.6,7.446072522818081,1
2025-09-10,346473.5,362838.1,4.723187704110132,1
2025-09-11,346985.5,363180.5,4.667342007086761,1
2025-09-12,319757.5,331597.62,3.7028451248211525,1
2025-09-13,330834.0,332199.97,0.4128864475839933,1
2025-09-14,320938.5,311399.0,-2.972376327551851,1
2025-09-15,308856.0,316128.56,2.3546774224881606,1
2025-09-16,303684.0,307449.3,1.2398784591878487,1
2025-09-17,311737.0,323667.62,3.8271443556587847,1
2025-09-18,322467.0,331688.1,2.8595464807251503,1
2025-09-19,310783.5,314116.25,1.0723703156699127,1
2025-09-20,324179.0,326257.47,0.6411484858673822,1
2025-09-21,344733.0,337811.97,-2.0076497608293997,1
2025-09-22,317653.0,330166.9,3.939489395661311,1
2025-09-23,331257.5,347989.56,5.0510743152985205,1
2025-09-24,341247.5,343840.56,0.7598773617389032,1
2025-09-25,342338.0,351163.3,2.577952929560845,1
2025-09-26,329284.5,337389.88,2.4615112463538313,1
2025-09-27,338649.5,348713.78,2.9718872314886013,1
2025-09-28,340843.5,348999.22,2.392804542260607,1
2025-09-29,346156.5,363213.75,4.927612221639643,1
2025-09-30,352679.0,367419.5,4.179579731143623,1
2025-10-01,297624.0,329539.0,10.723261564927554,1
2025-10-02,286142.0,308891.44,7.9504013741429125,0
2025-10-03,271447.5,294557.44,8.513593788854191,0
2025-10-04,300450.0,311009.94,3.514707106007653,0
2025-10-05,300852.5,318576.38,5.891217457059517,0
2025-10-06,301863.0,312094.16,3.389337629984457,0
2025-10-07,305962.0,318511.38,4.101612291722501,1
2025-10-08,309131.0,325239.78,5.210988626181123,1
2025-10-09,313569.0,322388.22,2.812528901134992,1
2025-10-10,288127.5,299056.8,3.7932208831159775,1
2025-10-11,288081.0,295723.0,2.6527261429944993,1
2025-10-12,302676.5,323136.78,6.759785199709922,1
2025-10-13,307872.5,320225.53,4.012385403048335,1
2025-10-14,308662.0,319012.03,3.353192569866059,1
2025-10-15,305986.0,317679.56,3.8216004980619944,1
2025-10-16,314601.0,322931.94,2.6480963188292517,1
2025-10-17,305899.5,303908.28,-0.6509388704460162,1
2025-10-18,313363.5,323216.62,3.1443116380816427,1
2025-10-19,320718.5,340043.8,6.025630732246512,1
2025-10-20,323434.0,336488.84,4.036323871330771,1
2025-10-21,328232.5,334579.16,1.933585568156726,1
2025-10-22,329399.5,336552.72,2.171593687907847,1
2025-10-23,329077.5,335949.53,2.0882713798421326,1
2025-10-24,305556.0,303787.16,-0.5788934761549402,1
2025-10-25,315256.0,312494.38,-0.8759944299236211,1
2025-10-26,330542.5,327836.3,-0.818710907069442,1
2025-10-27,330761.5,331210.16,0.13564343189882422,1
2025-10-28,328594.5,333274.1,1.424124186497333,1
2025-10-29,320126.0,331492.97,3.5507796149016224,1
2025-10-30,305175.0,325544.84,6.674807487507173,1
2025-10-31,289596.0,291915.88,0.8010728739347162,1
2025-11-01,283588.5,294423.2,3.8205665956130064,1
2025-11-02,284590.0,298110.88,4.751001440669023,0
2025-11-03,275747.0,291953.2,5.877194493503102,1
2025-11-04,278628.0,281363.12,0.9816403950787533,1
2025-11-05,283979.0,269105.06,-5.237689230541697,1
2025-11-06,288158.5,281579.25,-2.2832052498885202,1
2025-11-07,270197.0,263102.5,-2.625676820986167,1
2025-11-08,264786.0,263479.12,-0.49355894949129064,1
2025-11-09,261828.0,261413.03,-0.1584890653406057,1
2025-11-10,255871.5,251456.23,-1.7255792946850312,1
2025-11-11,247896.0,246057.28,-0.7417298988285359,1
2025-11-12,239212.0,242466.0,1.3602996505192033,1
2025-11-13,237346.0,241488.7,1.7454278247790223,0
2025-11-14,212181.0,217379.94,2.4502370617538904,0
2025-11-15,220391.5,227383.97,3.1727488355948408,0
2025-11-16,233063.0,240663.81,3.261269485074858,0
2025-11-17,238117.0,242287.56,1.7514761650785138,0
2025-11-18,238724.5,245132.81,2.6843966580723855,1
2025-11-19,241761.5,245794.34,1.6681083423125687,0
2025-11-20,242613.5,243545.03,0.3839568902802126,1
2025-11-21,213345.0,215949.28,1.220690079448783,0
2025-11-22,221009.0,224218.73,1.4523093516553676,1
2025-11-23,229511.0,234539.95,2.1911599552962624,0
2025-11-24,228592.0,233710.27,2.239039697364742,0
2025-11-25,227820.5,231863.66,1.7747113407265758,0
2025-11-26,227205.0,232406.9,2.289521027266117,0
2025-11-27,229862.0,233935.03,1.7719463199658891,0
2025-11-28,210672.5,212751.58,0.9868768467645284,0
2025-11-29,216117.0,222191.42,2.810709881684459,0
2025-11-30,229869.5,234306.8,1.9303547773845686,0
2025-12-01,228798.0,230410.78,0.7048930716177626,0
2025-12-02,227761.0,229685.28,0.8448686342262368,0
2025-12-03,226252.5,229016.84,1.221795891758104,0
2025-12-04,226362.0,228878.42,1.1116803505005324,0
2025-12-05,205430.0,207452.48,0.984512668548887,1
2025-12-06,209827.5,214856.81,2.3968795796547093,0
2025-12-07,225008.0,226195.72,0.527856231778423,0
2025-12-08,223054.5,226574.4,1.5780476296151758,0
2025-12-09,225768.0,227309.17,0.6826352162396798,0
2025-12-10,226312.0,230400.67,1.8066527073244076,0
2025-12-11,226614.0,229697.31,1.3606010661300738,0
2025-12-12,207292.5,208689.31,0.6738364870894964,0
2025-12-13,213547.5,218590.47,2.361520856015642,0
2025-12-14,227561.5,230941.64,1.4853745580865052,0
2025-12-15,227096.5,231681.72,2.0190618305434116,0
2025-12-16,201618.0,212044.44,5.1713822674562815,0
2025-12-17,216486.0,230201.25,6.3353981319808295,0
2025-12-18,226509.5,228744.19,0.9865756182411811,0
2025-12-19,208466.0,209177.47,0.3412876680130017,0
2025-12-20,219806.5,218183.1,-0.7385615302550219,0
2025-12-21,223999.0,228395.44,1.9627040745717528,0
2025-12-22,223013.0,228237.56,2.34271656809244,0
2025-12-23,223649.5,227508.05,1.7252651470269331,0
2025-12-24,225314.0,226865.86,0.6887540831905792,0
2025-12-25,219755.5,222507.38,1.252243971140654,0
2025-12-26,198475.5,206804.78,4.196629432851906,0
2025-12-27,207548.0,214811.12,3.499491683851441,0
2025-12-28,222728.5,225021.16,1.0293501954173,0
2025-12-29,224926.5,224664.8,-0.11635050783256329,0
2025-12-30,224013.0,225026.97,0.45263835134568,0
2025-12-31,206394.5,225464.55,9.239610006565101,0
2026-01-01,213119.0,227045.72,6.5347147602982325,0
2026-01-02,204421.5,208426.58,1.9592254850884006,0
2026-01-03,211369.0,217896.14,3.088031180068973,0
2026-01-04,222602.5,228185.98,2.5082756819891916,0
2026-01-05,225561.5,229502.88,1.747361584312923,0
2026-01-06,226525.5,228159.88,0.7214971382912827,0
2026-01-07,226239.0,227804.84,0.6921192853575286,0
2026-01-08,230351.5,230336.1,-0.006688148329836441,0
2026-01-09,212073.5,213358.89,0.6061061966723846,0
2026-01-10,217208.5,221433.92,1.9453298904048344,0
2026-01-11,231972.0,235612.9,1.5695455701550287,0
2026-01-12,232929.5,236184.11,1.3972508312600995,0
2026-01-13,234288.0,237165.48,1.2281825680359182,0
2026-01-14,236256.0,238130.08,0.7932404362217316,0
2026-01-15,236770.5,238762.69,0.8414002166654999,0
2026-01-16,216459.0,218024.39,0.7231811220600681,0
2026-01-17,222302.0,227664.08,2.412069223398805,0
2026-01-18,238331.0,243597.52,2.2097484695654313,0
2026-01-19,239945.5,243233.52,1.370317686724687,0
2026-01-20,236716.0,247838.4,4.698628842156838,1
2026-01-21,234152.5,247954.97,5.894649320421519,1
2026-01-22,236771.0,248291.45,4.865652096329365,1
2026-01-23,219845.5,223331.8,1.5857940576450291,1
2026-01-24,228604.5,233470.12,2.128402984193234,1
2026-01-25,237652.0,248636.92,4.6222720090720815,1
2026-01-26,233395.5,249693.88,6.983157344507496,1
2026-01-27,242508.5,248430.0,2.4417700822857658,1
2026-01-28,239768.5,250980.19,4.676046895234354,1
2026-01-29,235926.0,254781.86,7.99227697455982,1
2026-01-30,226700.5,228914.66,0.9766878546805247,1
2026-01-31,233018.0,236563.05,1.5213618153962383,1
2026-02-01,246168.5,250200.14,1.6377565062142496,1
2026-02-02,247535.5,253228.39,2.299827953970235,1
2026-02-03,240753.5,255586.9,6.1612422041631865,1
2026-02-04,218839.0,254855.98,16.458211002152257,0
2026-02-05,243457.5,255472.84,4.935294147849212,0
2026-02-06,229828.5,229228.58,-0.26103023558871064,0
2026-02-07,237922.5,236441.72,-0.6223796614443833,0
2026-02-08,246810.5,250527.05,1.5058301308088495,0
2026-02-09,245224.5,251079.56,2.3876335765798284,1
2026-02-10,231660.0,251511.89,8.569408022533032,0
2026-02-11,206549.5,252771.42,22.378133026223736,0
2026-02-12,168214.5,253383.48,50.631178866863436,0
2026-02-13,190377.0,232103.69,21.91792469678586,0
2026-02-14,228676.0,245847.34,7.509027510538924,0
2026-02-15,245811.0,256708.88,4.43343666475462,1
2026-02-16,252059.0,257397.73,2.1180494943644046,1
2026-02-17,256368.0,261337.27,1.9383330310335234,1
2026-02-18,261999.0,268310.94,2.4091456455940685,1
2026-02-19,260974.5,261828.94,0.3274026772730698,1
2026-02-20,245232.0,245533.34,0.12288108811249199,1
2026-02-21,245456.0,245902.2,0.181785381086641,1
2026-02-22,260986.0,264558.06,1.3686797376104565,0
2026-02-23,266889.0,268383.1,0.5598184076526236,1
2026-02-24,268187.0,267783.06,-0.15061785246861525,0
2026-02-25,272145.0,269500.6,-0.9716901835418623,0
2026-02-26,273164.0,268506.75,-1.7049281750157408,0
2026-02-27,252593.0,251480.7,-0.4403514250196916,0
2026-02-28,261397.0,261551.67,0.05917125100900478,0
2026-03-01,274610.5,276463.16,0.6746487297463188,0
2026-03-02,285156.5,288593.66,1.2053578473575133,0
2026-03-03,282936.5,286029.8,1.093288600092257,0
2026-03-04,282328.0,284274.72,0.6895237985605318,1
2026-03-05,283724.0,289745.8,2.122419146776444,1
2026-03-06,273967.5,275453.34,0.5423430698896725,0
2026-03-07,284286.0,288084.38,1.3361104662206413,1
2026-03-08,298980.0,301514.47,0.8477051140544534,1
